73176.7	3620580		NEW YORK CITY PUBLIC SCHOOLS
51287.5	0622710	CA	LOS ANGELES UNIFIED
31331.0	1709930	IL	CITY OF CHICAGO SD 299
27509.0	1200390	FL	DADE
24958.7	3200060	NV	CLARK COUNTY SCHOOL DISTRICT
20331.3	1200180	FL	BROWARD
17962.2	4823640	TX	HOUSTON ISD
15340.2	1200870	FL	HILLSBOROUGH
14885.7	4218990	PA	PHILADELPHIA CITY SD
14473.7	1500030	HI	HAWAII DEPARTMENT OF EDUCATION
14465.5	4816230	TX	DALLAS ISD
14223.7	1201440	FL	ORANGE
13750.7	1201500	FL	PALM BEACH
13198.7	5101260	VA	FAIRFAX CO PBLC SCHS
12707.8	1302550	GA	GWINNETT COUNTY
12256.2	3704720	NC	WAKE COUNTY SCHOOLS
11799.8	3702970	NC	CHARLOTTE-MECKLENBURG SCHOOLS
10795.0	2400480	MD	MONTGOMERY COUNTY PUBLIC SCHOOLS
10349.7	1200480	FL	DUVAL
10174.0	0634320	CA	SAN DIEGO UNIFIED
9036.7	2400510	MD	PRINCE GEORGE'S COUNTY PUBLIC SCHOOLS
8326.2	1301290	GA	COBB COUNTY
8279.7	2612000	MI	DETROIT CITY SCHOOL DISTRICT
8244.8	4816110	TX	CYPRESS-FAIRBANKS ISD
7989.5	1201590	FL	POLK
7918.8	1301740	GA	DEKALB COUNTY
7835.0	2400120	MD	BALTIMORE COUNTY PUBLIC SCHOOLS
7826.0	1201560	FL	PINELLAS
7743.2	3500060	NM	ALBUQUERQUE PUBLIC SCHOOLS
7648.2	2102990	KY	JEFFERSON COUNTY
7608.7	4833120	TX	NORTHSIDE ISD
7285.0	4808940	TX	AUSTIN ISD
7101.8	4702940	TN	MEMPHIS CITY SCHOOL DISTRICT
7044.3	4819700	TX	FORT WORTH ISD
7029.5	1302280	GA	FULTON COUNTY
6606.8	1201080	FL	LEE
6528.8	0803360	CO	SCHOOL DISTRICT NO. 1 IN THE COUNTY OF DENVER AND STATE OF C
6423.8	4703180	TN	DAVIDSON COUNTY SD
6326.7	0622500	CA	LONG BEACH UNIFIED
6276.0	0804800	CO	JEFFERSON COUNTY SCHOOL DISTRICT NO. R-1
6248.3	2400090	MD	BALTIMORE CITY PUBLIC SCHOOLS
6245.5	5103130	VA	PRINCE WM CO PBLC SCHS
6238.0	5509600	WI	MILWAUKEE SCHOOL DISTRICT
6175.2	4900030	UT	ALPINE DISTRICT
5935.7	4900360	UT	GRANITE DISTRICT
5933.7	0614550	CA	FRESNO UNIFIED
5932.7	0404970	AZ	MESA UNIFIED DISTRICT
5839.7	4900210	UT	DAVIS DISTRICT
5742.2	2400060	MD	ANNE ARUNDEL COUNTY PUBLIC SCHOOLS
5723.2	3701920	NC	GUILFORD COUNTY SCHOOLS
5522.7	4502310	SC	GREENVILLE 01
5422.0	1201530	FL	PASCO
5340.3	5103840	VA	VA BEACH CITY PBLC SCHS
5321.8	4832940	TX	NORTH EAST ISD
5285.0	1200150	FL	BREVARD
5276.5	3904380	OH	COLUMBUS CITY
5258.8	5102250	VA	LOUDOUN CO PBLC SCHS
5162.8	4819650	TX	FORT BEND ISD
5149.3	4807710	TX	ALDINE ISD
5048.8	3200480	NV	WASHOE COUNTY SCHOOL DISTRICT
4991.8	4808700	TX	ARLINGTON ISD
4876.3	4900420	UT	JORDAN DISTRICT
4856.8	0408800	AZ	TUCSON UNIFIED DISTRICT
4749.3	4818300	TX	EL PASO ISD
4733.3	1201710	FL	SEMINOLE
4719.7	1201920	FL	VOLUSIA
4696.0	4825170	TX	KATY ISD
4653.7	0612330	CA	ELK GROVE UNIFIED
4586.8	0102370	AL	MOBILE COUNTY
4513.0	0635310	CA	SANTA ANA UNIFIED
4500.2	4838730	TX	SAN ANTONIO ISD
4415.8	4702220	TN	KNOX COUNTY SCHOOL DISTRICT
4408.5	1300120	GA	ATLANTA PUBLIC SCHOOLS
4379.8	3904378	OH	CLEVELAND MUNICIPAL
4352.8	4820340	TX	GARLAND ISD
4352.8	2502790	MA	BOSTON
4344.2	3701500	NC	FORSYTH COUNTY SCHOOLS
4325.0	0634410	CA	SAN FRANCISCO UNIFIED
4319.8	5100840	VA	CHESTERFIELD CO PBLC SCHS
4207.5	0634170	CA	SAN BERNARDINO CITY UNIFIED
4190.8	4835100	TX	PLANO ISD
4143.0	1201470	FL	OSCEOLA
4105.7	1301230	GA	CLAYTON COUNTY
4100.8	4827300	TX	LEWISVILLE ISD
4067.7	4834320	TX	PASADENA ISD
4034.5	0607440	CA	CAPISTRANO UNIFIED
4022.7	4815000	TX	CONROE ISD
4019.5	3700011	NC	CUMBERLAND COUNTY SCHOOLS
3995.2	5307710	WA	SEATTLE PUBLIC SCHOOLS
3989.8	0628050	CA	OAKLAND UNIFIED
3975.7	4811680	TX	BROWNSVILLE ISD
3955.3	0608610	CA	CHULA VISTA ELEMENTARY
3907.3	0609850	CA	CORONA-NORCO UNIFIED
3876.5	3174820	NE	OMAHA PUBLIC SCHOOLS
3825.2	2012990	KS	WICHITA
3805.0	4807830	TX	ALIEF ISD
3793.5	0633840	CA	SACRAMENTO CITY UNIFIED
3783.0	4110040	OR	PORTLAND SD 1J
3730.2	1201230	FL	MANATEE
3716.5	0200180	AK	ANCHORAGE SCHOOL DISTRICT
3706.2	2400420	MD	HOWARD COUNTY PUBLIC SCHOOLS
3705.8	1804770	IN	INDIANAPOLIS PUBLIC SCHOOLS
3689.5	2733840	MN	ST. PAUL PUBLIC SCHOOL DISTRICT
3634.0	5101890	VA	HENRICO CO PBLC SCHS
3597.7	4838080	TX	ROUND ROCK ISD
3590.0	0614880	CA	GARDEN GROVE UNIFIED
3587.7	4022770	OK	OKLAHOMA CITY
3556.3	2721240	MN	MINNEAPOLIS PUBLIC SCHOOL DIST.
3553.2	2200840	LA	JEFFERSON PARISH
3514.3	2200540	LA	EAST BATON ROUGE PARISH
3513.2	4703810	TN	SHELBY COUNTY SCHOOL DISTRICT
3491.3	0806900	CO	ADAMS 12 FIVE STAR SCHOOLS
3473.8	0401870	AZ	CHANDLER UNIFIED DISTRICT
3429.0	4501440	SC	CHARLESTON 01
3426.5	3411340	NJ	NEWARK
3425.2	0403400	AZ	GILBERT UNIFIED DISTRICT
3419.0	4030240	OK	TULSA
3417.2	4820010	TX	FRISCO ISD
3408.8	4701590	TN	HAMILTON COUNTY SCHOOL DISTRCT
3400.0	1100030	DC	DISTRICT OF COLUMBIA PUBLIC SCHOOLS
3390.0	1200330	FL	COLLIER
3378.5	4825740	TX	KLEIN ISD
3366.0	0634620	CA	SAN JUAN UNIFIED
3314.0	1201770	FL	ST. LUCIE
3310.7	1201050	FL	LAKE
3304.8	0603630	CA	BAKERSFIELD CITY
3297.3	2200300	LA	CADDO PARISH
3294.2	1201260	FL	MARION
3265.5	3704620	NC	UNION COUNTY PUBLIC SCHOOLS
3243.2	1200510	FL	ESCAMBIA
3227.5	4825660	TX	KILLEEN ISD
3219.0	0638010	CA	STOCKTON UNIFIED
3211.0	0407750	AZ	DEER VALLEY UNIFIED DISTRICT
3207.5	4846680	TX	YSLETA ISD
3198.3	3904375	OH	CINCINNATI CITY
3160.3	1301110	GA	CHEROKEE COUNTY
3151.2	4843650	TX	UNITED ISD
3142.8	1201680	FL	SARASOTA
3137.5	1602100	ID	MERIDIAN JOINT DISTRICT
3120.3	4110820	OR	SALEM-KEIZER SD 24J
3105.2	4815270	TX	CORPUS CHRISTI ISD
3082.3	1713710	IL	SD U-46
3080.3	2101860	KY	FAYETTE COUNTY
3072.0	4840710	TX	SOCORRO ISD
3066.7	4101920	OR	BEAVERTON SD 48J
3058.0	0633150	CA	RIVERSIDE UNIFIED
3045.3	0613920	CA	FONTANA UNIFIED
3042.2	1302220	GA	FORSYTH COUNTY
2988.3	1302820	GA	HENRY COUNTY
2972.5	4502490	SC	HORRY 01
2921.0	2400330	MD	FREDERICK COUNTY PUBLIC SCHOOLS
2915.3	3701260	NC	DURHAM PUBLIC SCHOOLS
2911.7	4837020	TX	RICHARDSON ISD
2904.2	3605850	NY	BUFFALO CITY SCHOOL DISTRICT
2902.7	0609030	CA	CLOVIS UNIFIED
2898.5	4830390	TX	MESQUITE ISD
2895.2	1301020	GA	CHATHAM COUNTY
2847.2	2703180	MN	ANOKA-HENNEPIN PUBLIC SCHOOL DIST.
2832.7	4814280	TX	CLEAR CREEK ISD
2826.7	3172840	NE	LINCOLN PUBLIC SCHOOLS
2821.7	2929280	MO	ST. LOUIS CITY
2806.5	5100810	VA	CHESAPEAKE CITY PBLC SCHS
2804.5	0409060	AZ	WASHINGTON ELEMENTARY SCHOOL DISTRICT
2803.5	1201110	FL	LEON
2802.2	2400390	MD	HARFORD COUNTY PUBLIC SCHOOLS
2775.7	4841220	TX	SPRING ISD
2762.5	0406250	AZ	PEORIA UNIFIED SCHOOL DISTRICT
2759.5	0602610	CA	ANAHEIM CITY
2754.7	2201650	LA	ST. TAMMANY PARISH
2721.0	4824420	TX	IRVING ISD
2710.8	4900630	UT	NEBO DISTRICT
2709.7	0625800	CA	MORENO VALLEY UNIFIED
2704.2	0405930	AZ	PARADISE VALLEY UNIFIED DISTRICT
2695.3	3702370	NC	JOHNSTON COUNTY SCHOOLS
2690.0	4841100	TX	SPRING BRANCH ISD
2657.0	4823910	TX	HUMBLE ISD
2647.8	4827030	TX	LEANDER ISD
2647.2	0101920	AL	JEFFERSON COUNTY
2633.0	0634590	CA	SAN JOSE UNIFIED
2612.0	4818180	TX	EDINBURG CISD
2611.8	0626370	CA	MT. DIABLO UNIFIED
2607.7	1200300	FL	CLAY
2604.3	5102670	VA	NORFOLK CITY PBLC SCHS
2593.8	0102430	AL	MONTGOMERY COUNTY
2585.8	0614400	CA	FREMONT UNIFIED
2583.3	0600028	CA	TEMECULA VALLEY UNIFIED
2574.5	4834860	TX	PHARR-SAN JUAN-ALAMO ISD
2571.0	3624750	NY	ROCHESTER CITY SCHOOL DISTRICT
2568.0	4825260	TX	KELLER ISD
2568.0	1803630	IN	FORT WAYNE COMMUNITY SCHOOLS
2567.2	3701620	NC	GASTON COUNTY SCHOOLS
2558.3	4901200	UT	WEBER DISTRICT
2555.8	4703690	TN	RUTHERFORD COUNTY SCHOOL DIST
2549.2	3904490	OH	TOLEDO CITY
2540.8	0631530	CA	POWAY UNIFIED
2524.7	1304380	GA	RICHMOND COUNTY
2514.2	4808130	TX	AMARILLO ISD
2512.7	4900142	UT	CANYONS DISTRICT
2501.2	2200330	LA	CALCASIEU PARISH
2495.8	0628470	CA	ONTARIO-MONTCLAIR ELEMENTARY
2493.2	0632550	CA	WEST CONTRA COSTA UNIFIED
2482.8	2201170	LA	ORLEANS PARISH
2451.2	2801320	MS	DESOTO CO SCHOOL DIST
2442.2	4828920	TX	MANSFIELD ISD
2425.7	1908970	IA	DES MOINES INDEPENDENT COMM SCHOOL DISTRICT
2420.3	1303870	GA	MUSCOGEE COUNTY
2418.5	1301500	GA	COWETA COUNTY
2406.0	0601332	CA	TWIN RIVERS UNIFIED
2394.8	0402690	AZ	DYSART UNIFIED DISTRICT
2394.7	4704530	TN	WILLIAMSON COUNTY SCHOOL DIST
2356.2	4703030	TN	MONTGOMERY COUNTY SCHOOLS
2354.2	0622230	CA	LODI UNIFIED
2335.7	2802190	MS	JACKSON PUBLIC SCHOOL DIST
2334.5	4818000	TX	ECTOR COUNTY ISD
2328.3	1201740	FL	ST. JOHNS
2322.7	4826130	TX	LA JOYA ISD
2322.0	3700530	NC	CABARRUS COUNTY SCHOOLS
2308.2	4501170	SC	BERKELEY 01
2295.8	2200870	LA	LAFAYETTE PARISH
2279.3	3407830	NJ	JERSEY CITY
2275.3	0635130	CA	SAN RAMON VALLEY UNIFIED
2266.0	0625470	CA	MONTEBELLO UNIFIED
2262.2	4828500	TX	LUBBOCK ISD
2255.5	5102640	VA	NEWPORT NEWS CITY PBLC SCHS
2253.5	5308250	WA	SPOKANE SCHOOL DISTRICT
2252.0	5308700	WA	TACOMA SCHOOL DISTRICT
2242.0	0401680	AZ	CARTWRIGHT ELEMENTARY DISTRICT
2241.0	0612880	CA	ESCONDIDO UNION
2235.5	1201380	FL	OKALOOSA
2230.0	0628650	CA	ORANGE UNIFIED
2225.8	0633860	CA	SADDLEBACK VALLEY UNIFIED
2224.7	0609620	CA	COMPTON UNIFIED
2220.8	0629580	CA	PALMDALE ELEMENTARY
2219.7	0608460	CA	CHINO VALLEY UNIFIED
2218.8	1731740	IL	PLAINFIELD SD 202
2206.2	1304020	GA	PAULDING COUNTY
2200.2	4813050	TX	CARROLLTON-FARMERS BRANCH ISD
2192.8	4901140	UT	WASHINGTON DISTRICT
2182.8	0611110	CA	DESERT SANDS UNIFIED
2181.0	4900870	UT	SALT LAKE DISTRICT
2180.7	0641160	CA	VISALIA UNIFIED
2177.7	1741690	IL	INDIAN PRAIRIE CUSD 204
2170.2	0100270	AL	BALDWIN COUNTY
2166.7	2010140	KS	OLATHE
2166.2	4219170	PA	PITTSBURGH SD
2161.0	1734510	IL	ROCKFORD SD 205
2159.8	0636840	CA	SIMI VALLEY UNIFIED
2159.7	2916400	MO	KANSAS CITY 33
2159.7	0802490	CO	BOULDER VALLEY SCHOOL DISTRICT NO. RE2
2156.8	0631320	CA	POMONA UNIFIED
2152.5	1200030	FL	ALACHUA
2151.2	2634470	MI	UTICA COMMUNITY SCHOOLS
2150.2	0509000	AR	LITTLE ROCK SCHOOL DISTRICT
2149.0	0103030	AL	SHELBY COUNTY
2141.2	0805370	CO	ST. VRAIN VALLEY SCHOOL DISTRICT NO. RE1J
2138.0	0684500	CA	IRVINE UNIFIED
2132.7	0610290	CA	CUPERTINO UNION
2130.7	4503360	SC	RICHLAND 01
2126.8	4704020	TN	SUMNER COUNTY SCHOOL DISTRICT
2123.7	2511130	MA	SPRINGFIELD
2104.8	5400600	WV	KANAWHA COUNTY SCHOOLS
2095.8	0404230	AZ	KYRENE ELEMENTARY DISTRICT
2091.5	2011640	KS	SHAWNEE MISSION PUB SCH
2085.0	1600360	ID	BOISE INDEPENDENT DISTRICT
2080.5	3412690	NJ	PATERSON
2078.8	4821420	TX	GRAND PRAIRIE ISD
2075.5	5304230	WA	LAKE WASHINGTON SCHOOL DISTRICT
2070.5	0803990	CO	POUDRE SCHOOL DISTRICT R-1
2063.2	1302610	GA	HALL COUNTY
2040.2	0632370	CA	RIALTO UNIFIED
2036.2	3700450	NC	BUNCOMBE COUNTY SCHOOLS
2035.2	1200090	FL	BAY
2034.5	0407570	AZ	SCOTTSDALE UNIFIED DISTRICT
2022.8	2732390	MN	ROSEMOUNT-APPLE VALLEY-EAGAN
2012.5	1302880	GA	HOUSTON COUNTY
2009.0	1300420	GA	BIBB COUNTY
2007.8	4816740	TX	DENTON ISD
2001.5	0100390	AL	BIRMINGHAM CITY
2000.3	5303960	WA	KENT SCHOOL DISTRICT
1996.0	2513230	MA	WORCESTER
1984.7	3703330	NC	NEW HANOVER COUNTY SCHOOLS
1979.0	4826580	TX	LAMAR CISD
1972.5	4826790	TX	LAREDO ISD
1965.3	3703450	NC	ONSLOW COUNTY SCHOOLS
1963.2	5508520	WI	MADISON METROPOLITAN SCHOOL DISTRICT
1961.5	4829670	TX	MCALLEN ISD
1953.3	4400900	RI	PROVIDENCE
1952.8	2400210	MD	CARROLL COUNTY PUBLIC SCHOOLS
1952.0	3631920	NY	YONKERS CITY SCHOOL DISTRICT
1946.2	2201020	LA	LIVINGSTON PARISH
1933.7	3904348	OH	AKRON CITY
1922.3	4829850	TX	MCKINNEY ISD
1922.3	2928860	MO	SPRINGFIELD R-XII
1915.2	5302700	WA	EVERGREEN SCHOOL DISTRICT (CLARK)
1906.7	4503390	SC	RICHLAND 02
1899.3	1301860	GA	DOUGLAS COUNTY
1893.2	5103660	VA	STAFFORD CO PBLC SCHS
1882.3	1201650	FL	SANTA ROSA
1876.7	3501500	NM	LAS CRUCES PUBLIC SCHOOLS
1875.3	0641190	CA	VISTA UNIFIED
1872.5	0630660	CA	PLACENTIA-YORBA LINDA UNIFIED
1870.5	4500720	SC	AIKEN 01
1862.3	0606810	CA	CAJON VALLEY UNION ELEMENTARY
1856.2	2201290	LA	RAPIDES PARISH
1850.8	0609390	CA	COLTON JOINT UNIFIED
1850.0	3703930	NC	ROBESON COUNTY SCHOOLS
1840.5	5103240	VA	RICHMOND CITY PBLC SCHS
1838.3	0629550	CA	PALM SPRINGS UNIFIED
1818.0	0616740	CA	HAYWARD UNIFIED
1817.5	0615240	CA	GLENDALE UNIFIED
1817.2	3700030	NC	ALAMANCE-BURLINGTON SCHOOLS
1815.7	0640150	CA	TUSTIN UNIFIED
1812.0	0606390	CA	PANAMA-BUENA VISTA UNION
1808.8	0629220	CA	OXNARD ELEMENTARY
1805.3	1803450	IN	EVANSVILLE-VANDERBURGH SCH CORP
1797.3	3700012	NC	PITT COUNTY SCHOOLS
1797.0	2400270	MD	CHARLES COUNTY PUBLIC SCHOOLS
1796.3	1301410	GA	COLUMBIA COUNTY
1776.5	2611600	MI	DEARBORN CITY SCHOOL DISTRICT
1776.2	4830570	TX	MIDLAND ISD
1774.7	0623610	CA	MANTECA UNIFIED
1772.0	4834830	TX	PFLUGERVILLE ISD
1769.8	3702310	NC	IREDELL-STATESVILLE SCHOOLS
1767.2	5103640	VA	SPOTSYLVANIA CO PBLC SCHS
1762.8	4810230	TX	BIRDVILLE ISD
1760.7	0400600	AZ	ALHAMBRA ELEMENTARY DISTRICT
1758.2	0625130	CA	MODESTO CITY ELEMENTARY
1754.2	4502010	SC	DORCHESTER 02
1753.5	2725200	MN	OSSEO PUBLIC SCHOOL DISTRICT
1748.5	1200810	FL	HERNANDO
1746.7	0900450	CT	BRIDGEPORT SCHOOL DISTRICT
1744.7	4502700	SC	LEXINGTON 01
1744.5	4824990	TX	JUDSON ISD
1740.8	0600027	CA	LAKE ELSINORE UNIFIED
1739.3	3173740	NE	MILLARD PUBLIC SCHOOLS
1730.3	5309270	WA	VANCOUVER SCHOOL DISTRICT
1720.5	5100270	VA	ARLINGTON CO PBLC SCHS
1719.8	0804350	CO	MESA COUNTY VALLEY SCHOOL DISTRICT NO. 51
1709.7	4020250	OK	MOORE
1704.5	4824060	TX	HURST-EULESS-BEDFORD ISD
1691.2	0101800	AL	HUNTSVILLE CITY
1684.2	0613360	CA	FAIRFIELD-SUISUN UNIFIED
1681.0	4666270	SD	SIOUX FALLS SCHOOL DISTRICT 49-5
1679.7	2200270	LA	BOSSIER PARISH
1674.2	3628590	NY	SYRACUSE CITY SCHOOL DISTRICT
1671.3	2400660	MD	WASHINGTION COUNTY PUBLIC SCHOOLS
1669.3	0901920	CT	HARTFORD SCHOOL DISTRICT
1669.2	0641040	CA	VICTOR ELEMENTARY
1667.5	3904384	OH	DAYTON CITY
1663.5	2007950	KS	KANSAS CITY
1661.5	3404590	NJ	ELIZABETH
1654.8	1000200	DE	CHRISTINA SCHOOL DISTRICT
1641.7	0628250	CA	OCEANSIDE UNIFIED
1640.2	0605580	CA	SANTA MARIA-BONITA
1636.8	4821150	TX	GOOSE CREEK CISD
1634.8	2012000	KS	BLUE VALLEY
1631.7	5507320	WI	KENOSHA SCHOOL DISTRICT
1629.3	0623340	CA	MADERA UNIFIED
1625.5	0639420	CA	TORRANCE UNIFIED
1623.8	0627240	CA	NEWPORT-MESA UNIFIED
1623.0	0629490	CA	PAJARO VALLEY UNIFIED
1622.2	0634880	CA	SAN MARCOS UNIFIED
1617.8	0616920	CA	HEMET UNIFIED
1615.3	1810290	IN	SOUTH BEND COMMUNITY SCH CORP
1615.2	0600014	CA	HESPERIA UNIFIED
1613.5	4100023	OR	HILLSBORO SD 1J
1611.7	2616440	MI	GRAND RAPIDS PUBLIC SCHOOLS
1606.0	2100510	KY	BOONE CO
1600.3	3904480	OH	SOUTH-WESTERN CITY
1594.5	0629940	CA	PASADENA UNIFIED
1589.3	2926850	MO	ROCKWOOD R-VI
1587.2	5302820	WA	FEDERAL WAY SCHOOL DISTRICT
1586.7	4843470	TX	TYLER ISD
1583.5	0902790	CT	NEW HAVEN SCHOOL DISTRICT
1582.5	0408170	AZ	SUNNYSIDE UNIFIED DISTRICT
1576.7	0403420	AZ	GLENDALE ELEMENTARY DISTRICT
1575.3	0511850	AR	PULASKI CO. SPEC. SCHOOL DIST.
1571.2	1810650	IN	HAMILTON SOUTHEASTERN SCHOOLS
1563.5	0600029	CA	MURRIETA VALLEY UNIFIED
1562.8	0632070	CA	REDLANDS UNIFIED
1561.8	2200090	LA	ASCENSION PARISH
1561.5	3701140	NC	DAVIDSON COUNTY SCHOOLS
1559.8	5101800	VA	HAMPTON CITY PBLC SCHS
1559.8	4010590	OK	EDMOND
1559.3	4820250	TX	GALENA PARK ISD
1558.7	3704050	NC	ROWAN-SALISBURY SCHOOLS
1557.8	3704880	NC	WAYNE COUNTY PUBLIC SCHOOLS
1552.0	0512660	AR	SPRINGDALE SCHOOL DISTRICT
1546.3	1708550	IL	CUSD 300
1543.5	5512360	WI	RACINE SCHOOL DISTRICT
1543.5	4501110	SC	BEAUFORT 01
1533.5	0602430	CA	ALVORD UNIFIED
1531.7	3702010	NC	HARNETT COUNTY SCHOOLS
1527.0	0613140	CA	EVERGREEN ELEMENTARY
1525.3	0609070	CA	COACHELLA VALLEY UNIFIED
1521.3	0611460	CA	DOWNEY UNIFIED
1519.0	0613890	CA	FOLSOM-CORDOVA UNIFIED
1519.0	0407080	AZ	ROOSEVELT ELEMENTARY DISTRICT
1515.5	0619260	CA	JURUPA UNIFIED
1510.2	4834440	TX	PEARLAND ISD
1509.7	4844960	TX	WESLACO ISD
1509.3	2803830	MS	RANKIN CO SCHOOL DIST
1506.5	0616325	CA	HACIENDA LA PUENTE UNIFIED
1504.8	5306960	WA	PUYALLUP SCHOOL DISTRICT
1500.5	2201200	LA	OUACHITA PARISH
1500.2	4809670	TX	BEAUMONT ISD
1499.2	1303930	GA	NEWTON COUNTY
1492.0	1734740	IL	SCHAUMBURG CCSD 54
1489.7	0614730	CA	FULLERTON ELEMENTARY
1489.3	4807890	TX	ALLEN ISD
1489.3	0691135	CA	VAL VERDE UNIFIED
1487.3	2201680	LA	TANGIPAHOA PARISH
1485.3	4205310	PA	CENTRAL BUCKS SD
1485.0	0609640	CA	CONEJO VALLEY UNIFIED
1484.3	0627690	CA	NORWALK-LA MIRADA UNIFIED
1482.0	1710200	IL	CICERO SD 99
1481.2	5505820	WI	GREEN BAY AREA SCHOOL DISTRICT
1478.5	0635970	CA	SAUGUS UNION ELEMENTARY
1477.8	5302400	WA	EDMONDS SCHOOL DISTRICT
1475.7	0602310	CA	ALUM ROCK UNION ELEMENTARY
1473.8	0601620	CA	ABC UNIFIED
1473.2	5302670	WA	EVERETT SCHOOL DISTRICT
1459.7	0408310	AZ	TEMPE SCHOOL DISTRICT
1457.5	0102220	AL	MADISON COUNTY
1457.2	5305910	WA	NORTHSHORE SCHOOL DISTRICT
1449.3	2922800	MO	NORTH KANSAS CITY 74
1445.8	4220040	PA	READING SD
1442.5	3904676	OH	OLENTANGY LOCAL
1436.8	2628560	MI	PLYMOUTH-CANTON COMMUNITY SCHOOLS
1432.7	0406300	AZ	PHOENIX ELEMENTARY DISTRICT
1428.7	3703780	NC	RANDOLPH COUNTY SCHOOLS
1425.3	1001300	DE	RED CLAY CONSOLIDATED SCHOOL DISTRICT
1424.7	4202280	PA	ALLENTOWN CITY SD
1423.2	4025290	OK	PUTNAM CITY
1408.2	4822530	TX	HARLINGEN CISD
1406.0	0904830	CT	WATERBURY SCHOOL DISTRICT
1405.8	5303750	WA	ISSAQUAH SCHOOL DISTRICT
1401.7	0602850	CA	ANTIOCH UNIFIED
1397.8	1302130	GA	FAYETTE COUNTY
1396.5	1730270	IL	OSWEGO CUSD 308
1391.2	2201740	LA	TERREBONNE PARISH
1390.5	4808090	TX	ALVIN ISD
1388.7	4817390	TX	DONNA ISD
1388.5	0640980	CA	VENTURA UNIFIED
1388.3	3703270	NC	NASH-ROCKY MOUNT SCHOOLS
1387.5	0612960	CA	ETIWANDA ELEMENTARY
1382.7	2602820	MI	ANN ARBOR PUBLIC SCHOOLS
1376.3	4900120	UT	CACHE DISTRICT
1375.5	2908370	MO	FT. ZUMWALT R-II
1375.0	4503870	SC	YORK 03
1374.2	1200930	FL	INDIAN RIVER
1372.7	5303540	WA	HIGHLINE SCHOOL DISTRICT
1368.3	0620250	CA	LA MESA-SPRING VALLEY
1362.0	3904611	OH	LAKOTA LOCAL
1361.8	0620880	CA	LANCASTER ELEMENTARY
1357.0	0103390	AL	TUSCALOOSA COUNTY
1353.2	0626640	CA	NAPA VALLEY UNIFIED
1351.2	1740070	IL	VALLEY VIEW CUSD 365U
1350.5	4844280	TX	WACO ISD
1346.0	1730420	IL	PALATINE CCSD 15
1340.2	4814730	TX	COMAL ISD
1335.2	5300390	WA	BELLEVUE SCHOOL DISTRICT
1335.0	4817700	TX	EAGLE MT-SAGINAW ISD
1332.8	1741250	IL	WAUKEGAN CUSD 60
1332.7	5400060	WV	BERKELEY COUNTY SCHOOLS
1331.5	1602340	ID	NAMPA SCHOOL DISTRICT
1330.2	2913830	MO	HAZELWOOD
1327.5	5101830	VA	HANOVER CO PBLC SCHS
1327.5	0404380	AZ	LITCHFIELD ELEMENTARY DISTRICT
1326.5	2901000	MO	COLUMBIA 93
1324.0	1301830	GA	DOUGHERTY COUNTY
1321.5	4807440	TX	ABILENE ISD
1316.0	5300480	WA	BETHEL SCHOOL DISTRICT
1303.8	1201290	FL	MARTIN
1301.3	2918300	MO	LEE'S SUMMIT R-VII
1301.2	1805670	IN	M S D LAWRENCE TOWNSHIP
1296.7	0802580	CO	BRIGHTON SCHOOL DISTRICT NO. 27J
1295.2	4833180	TX	NORTHWEST ISD
1294.2	3605280	NY	BRENTWOOD UNION FREE SCHOOL DISTRICT
1292.2	4811790	TX	BRYAN ISD
1290.5	0200510	AK	MATANUSKA-SUSITNA BOROUGH SCHOOL DISTRICT
1287.7	3700690	NC	CATAWBA COUNTY SCHOOLS
1286.3	2733810	MN	SOUTH WASHINGTON COUNTY SCHOOL DIST
1286.3	2731800	MN	ROCHESTER PUBLIC SCHOOL DISTRICT
1279.7	2928950	MO	FRANCIS HOWELL R-III
1274.5	5306570	WA	PASCO SCHOOL DISTRICT
1274.2	3500010	NM	RIO RANCHO PUBLIC SCHOOLS
1268.8	0627810	CA	OAK GROVE ELEMENTARY
1263.0	0634920	CA	SAN MATEO-FOSTER CITY ELEMENTARY
1261.5	4104740	OR	EUGENE SD 4J
1260.3	2400600	MD	ST. MARY'S COUNTY PUBLIC SCHOOLS
1260.0	4108830	OR	NORTH CLACKAMAS SD 12
1253.5	0635430	CA	SANTA CLARA UNIFIED
1246.0	0618390	CA	INGLEWOOD UNIFIED
1242.8	0640740	CA	VALLEJO CITY UNIFIED
1241.7	4005490	OK	BROKEN ARROW
1240.3	2201560	LA	ST. LANDRY PARISH
1240.2	4831040	TX	MISSION CISD
1239.5	2503090	MA	BROCKTON
1238.3	1801200	IN	CARMEL CLAY SCHOOLS
1237.5	4800010	TX	HAYS CISD
1236.7	1727710	IL	NAPERVILLE CUSD 203
1236.5	4503330	SC	PICKENS 01
1234.5	1720580	IL	JOLIET PSD 86
1229.7	3502370	NM	SANTA FE PUBLIC SCHOOLS
1225.7	1803870	IN	GARY COMMUNITY SCHOOL CORP
1223.7	2923580	MO	PARKWAY C-2
1219.0	3700900	NC	CLEVELAND COUNTY SCHOOLS
1216.8	1812090	IN	VIGO COUNTY SCHOOL CORP
1214.2	0633930	CA	SALINAS CITY ELEMENTARY
1213.8	1812810	IN	M S D WAYNE TOWNSHIP
1213.0	4101980	OR	BEND-LAPINE ADMINISTRATIVE SD 1
1207.5	1908580	IA	DAVENPORT COMM SCHOOL DISTRICT
1207.5	0400680	AZ	AMPHITHEATER UNIFIED DISTRICT
1207.3	4203570	PA	BETHLEHEM AREA SD
1206.7	5303930	WA	KENNEWICK SCHOOL DISTRICT
1203.8	4502130	SC	FLORENCE 01
1201.3	4900810	UT	PROVO DISTRICT
1201.3	2609570	MI	CHIPPEWA VALLEY SCHOOLS
1201.0	4838700	TX	SAN ANGELO ISD
1200.3	0409600	AZ	YUMA ELEMENTARY DISTRICT
1199.8	1906540	IA	CEDAR RAPIDS COMM SCHOOL DISTRICT
1198.8	4502820	SC	LEXINGTON 05
1197.3	4817640	TX	DUNCANVILLE ISD
1196.5	0624600	CA	MERCED CITY ELEMENTARY
1188.5	3904701	OH	HILLIARD CITY
1188.3	5103000	VA	PORTSMOUTH CITY PBLC SCHS
1187.0	3402640	NJ	CAMDEN CITY
1180.0	4901050	UT	TOOELE DISTRICT
1177.7	0904320	CT	STAMFORD SCHOOL DISTRICT
1177.0	0614370	CA	FRANKLIN-MCKINLEY ELEMENTARY
1175.3	2507020	MA	LOWELL
1173.5	0503060	AR	BENTONVILLE SCHOOL DISTRICT
1172.3	0633750	CA	ROWLAND UNIFIED
1169.0	2621150	MI	LANSING PUBLIC SCHOOL DISTRICT
1167.5	0629850	CA	PARAMOUNT UNIFIED
1166.8	3003870	MT	BILLINGS ELEM
1165.5	0603690	CA	BALDWIN PARK UNIFIED
1164.3	1704680	IL	AURORA EAST USD 131
1162.7	3416230	NJ	TOMS RIVER REGIONAL
1162.3	3703310	NC	CRAVEN COUNTY SCHOOLS
1159.8	0600047	CA	TRACY JOINT UNIFIED
1159.0	2400150	MD	CALVERT COUNTY PUBLIC SCHOOLS
1158.5	5310110	WA	YAKIMA SCHOOL DISTRICT
1158.3	0633600	CA	ROSEVILLE CITY ELEMENTARY
1158.2	1304410	GA	ROCKDALE COUNTY
1156.3	2400690	MD	WICOMICO COUNTY PUBLIC SCHOOLS
1155.8	4017250	OK	LAWTON
1155.8	0607970	CA	CENTRAL UNIFIED
1155.3	3404500	NJ	EDISON TOWNSHIP
1155.0	1804320	IN	SCHOOL CITY OF HAMMOND
1149.7	2103090	KY	KENTON COUNTY
1147.8	1737080	IL	SPRINGFIELD SD 186
1147.3	2635190	MI	WARREN CONSOLIDATED SCHOOLS
1147.0	0805400	CO	THOMPSON SCHOOL DISTRICT R-2J
1146.7	0601950	CA	ALISAL UNION
1145.8	0511970	AR	ROGERS SCHOOL DISTRICT
1139.8	5305430	WA	MUKILTEO SCHOOL DISTRICT
1139.2	0200600	AK	FAIRBANKS NORTH STAR BOROUGH SCHOOL DISTRICT
1135.3	0629610	CA	PALO ALTO UNIFIED
1134.0	5307230	WA	RENTON SCHOOL DISTRICT
1133.0	2400240	MD	CECIL COUNTY PUBLIC SCHOOLS
1130.8	4815910	TX	CROWLEY ISD
1121.5	5500390	WI	APPLETON AREA SCHOOL DISTRICT
1121.3	1808820	IN	M S D PERRY TOWNSHIP
1120.8	3904504	OH	WESTERVILLE CITY
1119.8	4225290	PA	WEST CHESTER AREA SD
1117.5	3705020	NC	WILSON COUNTY SCHOOLS
1115.5	4844150	TX	VICTORIA ISD
1113.3	2801770	MS	HARRISON CO SCHOOL DIST
1113.0	1300840	GA	CARROLL COUNTY
1111.0	2012260	KS	TOPEKA PUBLIC SCHOOLS
1111.0	1200270	FL	CITRUS
1110.2	1200240	FL	CHARLOTTE
1102.2	2635160	MI	WALLED LAKE CONSOLIDATED SCHOOLS
1099.3	0600153	CA	ALHAMBRA UNIFIED
1098.8	4822470	TX	HARLANDALE ISD
1097.8	2619950	MI	KALAMAZOO PUBLIC SCHOOL DISTRICT
1096.8	0506330	AR	FORT SMITH SCHOOL DISTRICT
1090.8	0406210	AZ	PENDERGAST ELEMENTARY DISTRICT
1090.2	4019950	OK	MIDWEST CITY-DEL CITY
1089.3	2200720	LA	IBERIA PARISH
1089.0	3904702	OH	DUBLIN CITY
1087.8	0637380	CA	SOUTH BAY UNION ELEMENTARY
1087.5	0642150	CA	WESTMINSTER ELEMENTARY
1086.3	1300330	GA	BARTOW COUNTY
1086.0	2506660	MA	LAWRENCE
1085.7	3304590	NH	MANCHESTER SCHOOL DISTRICT
1084.0	4021720	OK	NORMAN
1083.2	4030600	OK	UNION
1083.0	4817730	TX	EAGLE PASS ISD
1082.5	4845780	TX	WICHITA FALLS ISD
1081.5	5103710	VA	SUFFOLK CITY PBLC SCHS
1079.0	4900720	UT	OGDEN DISTRICT
1077.5	2507110	MA	LYNN
1074.5	0600020	CA	PLEASANTON UNIFIED
1072.5	4704550	TN	WILSON COUNTY SCHOOL DISTRICT
1072.3	3501080	NM	GADSDEN INDEPENDENT SCHOOLS
1072.2	2915480	MO	INDEPENDENCE 30
1070.7	2200900	LA	LAFOURCHE PARISH
1070.3	3625350	NY	SACHEM CENTRAL SCHOOL DISTRICT
1069.8	2629940	MI	ROCHESTER COMMUNITY SCHOOL DISTRICT
1068.2	3702100	NC	HENDERSON COUNTY SCHOOLS
1067.5	5305850	WA	NORTH THURSTON PUBLIC SCHOOLS
1067.5	2102490	KY	HARDIN COUNTY
1066.7	2931650	MO	WENTZVILLE R-IV
1066.0	5301410	WA	CLOVER PARK SCHOOL DISTRICT
1063.5	4659820	SD	RAPID CITY AREA SCHOOL DISTRICT 51-4
1062.0	0600017	CA	APPLE VALLEY UNIFIED
1061.8	4703780	TN	SEVIER COUNTY SCHOOL DISTRICT
1061.5	0643470	CA	YUBA CITY UNIFIED
1060.3	2105730	KY	WARREN COUNTY
1059.7	1728620	IL	MCLEAN COUNTY USD 5
1058.0	1731230	IL	PEORIA SD 150
1056.8	0612090	CA	EL MONTE CITY ELEMENTARY
1056.5	2508430	MA	NEW BEDFORD
1052.5	5601980	WY	LARAMIE COUNTY SCHOOL DISTRICT #1
1051.0	2600015	MI	WAYNE-WESTLAND COMMUNITY SCHOOL DISTRICT
1050.8	4837650	TX	ROCKWALL ISD
1048.5	4703150	TN	MURFREESBORO CITY ELEM SCH DIS
1048.5	1305700	GA	WHITFIELD COUNTY
1048.3	2905310	MO	BLUE SPRINGS R-IV
1047.5	5100120	VA	ALEXANDRIA CITY PBLC SCHS
1047.0	5300300	WA	AUBURN SCHOOL DISTRICT
1046.3	3703990	NC	ROCKINGHAM COUNTY SCHOOLS
1042.8	4846530	TX	WYLIE ISD
1041.5	1926400	IA	SIOUX CITY COMM SCHOOL DISTRICT
1041.5	0608370	CA	CHICO UNIFIED
1034.3	1602640	ID	POCATELLO DISTRICT
1033.7	3700420	NC	BRUNSWICK COUNTY SCHOOLS
1028.7	0639870	CA	TULARE CITY ELEMENTARY
1027.3	5103330	VA	ROANOKE CO PBLC SCHS
1025.0	4209300	PA	ERIE CITY SD
1024.0	2621840	MI	LIVONIA PUBLIC SCHOOLS
1023.7	0638670	CA	SYLVAN UNION ELEMENTARY
1023.5	2614520	MI	FLINT CITY SCHOOL DISTRICT
1021.7	1305390	GA	WALTON COUNTY
1020.3	5103300	VA	ROANOKE CITY PBLC SCHS
1017.5	0624540	CA	MENIFEE UNION ELEMENTARY
1016.3	0628140	CA	OCEAN VIEW
1015.8	4702580	TN	JACKSON-MADISON CONSOLIDATED
1012.3	1300290	GA	BARROW COUNTY
1011.8	0606450	CA	BURBANK UNIFIED
1011.5	3416290	NJ	TRENTON
1008.5	0622110	CA	LIVERMORE VALLEY JOINT UNIFIED
1004.2	1803270	IN	ELKHART COMMUNITY SCHOOLS
1002.7	1301170	GA	CLARKE COUNTY
1002.5	0627180	CA	NEWHALL ELEMENTARY
1002.2	5101470	VA	FREDERICK CO PBLC SCHS
1001.3	3702680	NC	LINCOLN COUNTY SCHOOLS
999.0	3703090	NC	MOORE COUNTY SCHOOLS
998.8	0608130	CA	CERES UNIFIED
998.2	3412540	NJ	PASSAIC CITY
997.5	0404630	AZ	MARANA UNIFIED DISTRICT
996.7	0100007	AL	HOOVER CITY
996.2	0604440	CA	BELLFLOWER UNIFIED
995.5	0623160	CA	LYNWOOD UNIFIED
993.2	5100090	VA	ALBEMARLE CO PBLC SCHS
992.5	1302400	GA	GLYNN COUNTY
991.3	1000230	DE	COLONIAL SCHOOL DISTRICT
991.2	0600158	CA	TURLOCK UNIFIED
990.7	1737170	IL	ST CHARLES CUSD 303
989.7	3700480	NC	BURKE COUNTY SCHOOLS
987.8	1200540	FL	FLAGLER
985.0	4108040	OR	MEDFORD SD 549C
979.2	2711370	MN	ELK RIVER PUBLIC SCHOOL DISTRICT
979.0	4840950	TX	SOUTHWEST ISD
977.7	0611850	CA	EAST WHITTIER CITY ELEMENTARY
977.2	0616050	CA	GREENFIELD UNION
975.8	4818150	TX	EDGEWOOD ISD
972.0	5401620	WV	WOOD COUNTY SCHOOLS
972.0	4112240	OR	TIGARD-TUALATIN SD 23J
971.8	1808910	IN	M S D PIKE TOWNSHIP
971.3	5301110	WA	CENTRAL VALLEY SCHOOL DISTRICT
970.7	2100750	KY	BULLITT CO
967.8	1914700	IA	IOWA CITY COMM SCHOOL DISTRICT
967.0	2731780	MN	ROBBINSDALE PUBLIC SCHOOL DISTRICT
966.7	2508610	MA	NEWTON
965.3	0632130	CA	REDWOOD CITY ELEMENTARY
962.5	1742180	IL	CUSD 200
957.2	0402860	AZ	FLAGSTAFF UNIFIED DISTRICT
954.7	1704710	IL	AURORA WEST USD 129
952.3	4811190	TX	BRAZOSPORT ISD
951.3	4821660	TX	GRAPEVINE-COLLEYVILLE ISD
949.2	4500900	SC	ANDERSON 05
948.8	0626910	CA	NEW HAVEN UNIFIED
948.2	5300380	WA	BATTLE GROUND SCHOOL DISTRICT
947.5	5604510	WY	NATRONA COUNTY SCHOOL DISTRICT #1
946.0	4110520	OR	REYNOLDS SD 7
943.8	4217280	PA	NORTH PENN SD
943.7	5400180	WV	CABELL COUNTY SCHOOLS
941.8	3700580	NC	CALDWELL COUNTY SCHOOLS
941.2	1811340	IN	TIPPECANOE SCHOOL CORP
937.8	0617850	CA	HUENEME ELEMENTARY
937.0	3418120	NJ	WOODBRIDGE TOWNSHIP
935.0	0616680	CA	HAWTHORNE
933.2	1200840	FL	HIGHLANDS
932.7	4224320	PA	UPPER DARBY SD
932.2	1300001	GA	TROUP COUNTY
930.7	5401230	WV	RALEIGH COUNTY SCHOOLS
928.0	1001240	DE	BRANDYWINE SCHOOL DISTRICT
926.7	0600036	CA	NATOMAS UNIFIED
924.7	4838790	TX	SAN BENITO CISD
924.0	1600930	ID	BONNEVILLE JOINT DISTRICT
923.7	4839480	TX	SCHERTZ-CIBOLO-U CITY ISD
923.7	4702760	TN	MAURY COUNTY SCHOOL DISTRICT
921.7	0625530	CA	MONTEREY PENINSULA UNIFIED
917.7	3304980	NH	NASHUA SCHOOL DISTRICT
917.7	0601710	CA	ADELANTO ELEMENTARY
917.3	4207710	PA	DOWNINGTOWN AREA SD
915.2	5515780	WI	WAUKESHA SCHOOL DISTRICT
912.3	1812360	IN	M S D WARREN TOWNSHIP
911.5	4816530	TX	DEER PARK ISD
909.7	2504830	MA	FALL RIVER
907.7	2802790	MS	MADISON CO SCHOOL DIST
907.7	0640590	CA	VACAVILLE UNIFIED
906.2	0642120	CA	WESTSIDE UNION ELEMENTARY
905.0	2918540	MO	LIBERTY 53
904.8	0626190	CA	MOUNTAIN VIEW ELEMENTARY
904.2	5104150	VA	YORK CO PBLC SCHS
903.0	2614610	MI	FOREST HILLS PUBLIC SCHOOLS
901.0	1201620	FL	PUTNAM
900.2	4900090	UT	BOX ELDER DISTRICT
898.7	0604800	CA	BERRYESSA UNION ELEMENTARY
897.5	0600013	CA	ROCKLIN UNIFIED
895.8	2104530	KY	OLDHAM COUNTY
895.7	1711350	IL	CRYSTAL LAKE CCSD 47
894.7	4502580	SC	LANCASTER 01
894.7	0623430	CA	MAGNOLIA ELEMENTARY
893.0	3602460	NY	ALBANY CITY SCHOOL DISTRICT
892.8	3904436	OH	MAUMEE CITY
892.5	4703600	TN	ROBERTSON COUNTY SCHOOL DIST
892.2	0605910	CA	BRENTWOOD UNION ELEMENTARY
891.3	3700720	NC	CHAPEL HILL-CARRBORO SCHOOLS
891.0	4106000	OR	GRESHAM-BARLOW SD 10J
886.2	0403780	AZ	HIGLEY UNIFIED SCHOOL DISTRICT
885.5	2634260	MI	TROY SCHOOL DISTRICT
885.0	0401710	AZ	CASA GRANDE ELEMENTARY DISTRICT
884.2	4828740	TX	MAGNOLIA ISD
883.2	2912300	MO	FOX C-6
881.8	4700300	TN	BLOUNT COUNTY SCHOOL DISTRICT
881.5	2103720	KY	MADISON COUNTY
880.7	0610890	CA	DELANO UNION ELEMENTARY
880.3	2927060	MO	ST. JOSEPH
880.3	0630990	CA	PLEASANT VALLEY
880.2	0607200	CA	CAMPBELL UNION ELEMENTARY
878.5	4704080	TN	TIPTON COUNTY SCHOOL DISTRICT
878.3	5103390	VA	ROCKINGHAM CO PBLC SCHS
878.2	1807410	IN	NEW ALBANY-FLOYD CO CON SCH
875.8	0610050	CA	COVINA-VALLEY UNIFIED
874.5	4814430	TX	CLINT ISD
873.0	4816620	TX	DEL VALLE ISD
872.3	0615180	CA	GILROY UNIFIED
872.0	3904463	OH	PARMA CITY
871.2	2632310	MI	SOUTHFIELD PUBLIC SCHOOL DISTRICT
870.7	2912010	MO	FERGUSON-FLORISSANT R-II
870.2	3620700	NY	NEWBURGH CITY SCHOOL DISTRICT
869.2	4842960	TX	TOMBALL ISD
868.5	3406540	NJ	HAMILTON TOWNSHIP
866.5	4207110	PA	CUMBERLAND VALLEY SD
865.8	0634710	CA	SAN LORENZO UNIFIED
865.5	3629880	NY	WAPPINGERS CENTRAL SCHOOL DISTRICT
862.7	5304860	WA	MARYSVILLE SCHOOL DISTRICT
861.3	2101470	KY	DAVIESS COUNTY
860.8	0607500	CA	CARLSBAD UNIFIED
859.7	4213140	PA	LANCASTER SD
858.8	1812720	IN	M S D WASHINGTON TOWNSHIP
857.8	3500990	NM	FARMINGTON MUNICIPAL SCHOOLS
857.3	4205400	PA	CENTRAL DAUPHIN SD
856.5	0903090	CT	NORWALK SCHOOL DISTRICT
856.0	2008400	KS	LAWRENCE
854.8	1302520	GA	SPALDING COUNTY
854.2	0403960	AZ	ISAAC ELEMENTARY DISTRICT
853.7	0600016	CA	UPLAND UNIFIED
853.7	0101290	AL	ELMORE COUNTY
851.0	3905045	OH	MASON CITY
847.3	0641280	CA	WALNUT VALLEY UNIFIED
845.5	4832400	TX	NEW CANEY ISD
842.5	0635250	CA	SANGER UNIFIED
842.2	2742160	MN	WAYZATA PUBLIC SCHOOL DISTRICT
837.3	0626670	CA	NATIONAL ELEMENTARY
837.0	4206960	PA	COUNCIL ROCK SD
835.3	4223640	PA	TREDYFFRIN-EASTTOWN SD
835.0	5307320	WA	RICHLAND SCHOOL DISTRICT
834.5	2628830	MI	PORT HURON AREA SCHOOL DISTRICT
834.2	1201350	FL	NASSAU
833.7	0600064	CA	PORTERVILLE UNIFIED
832.0	4807350	TX	COLLEGE STATION ISD
831.8	3501110	NM	GALLUP-MCKINLEY CTY SCHOOLS
831.5	1800630	IN	MONROE COUNTY COM SCH CORP
831.2	4503900	SC	YORK 04
830.7	1803940	IN	GREATER CLARK COUNTY SCHOOLS
830.2	0901020	CT	DANBURY SCHOOL DISTRICT
828.8	4103940	OR	DAVID DOUGLAS SD 40
828.7	4218840	PA	PENNSBURY SD
827.8	1301980	GA	EFFINGHAM COUNTY
827.0	4216980	PA	NORRISTOWN AREA SD
826.7	0635700	CA	SANTA MONICA-MALIBU UNIFIED
825.0	1800360	IN	BARTHOLOMEW CON SCHOOL CORP
824.7	5101320	VA	FAUQUIER CO PBLC SCHS
823.8	2705790	MN	BLOOMINGTON PUBLIC SCHOOL DISTRICT
822.3	0630180	CA	PERRIS ELEMENTARY
821.3	2621870	MI	L'ANSE CREUSE PUBLIC SCHOOLS
819.8	3502250	NM	ROSWELL INDEPENDENT SCHOOLS
819.5	2633870	MI	TRAVERSE CITY AREA PUBLIC SCHOOLS
818.5	1200360	FL	COLUMBIA
816.0	4111670	OR	SPRINGFIELD SD 19
814.8	4815210	TX	COPPELL ISD
814.7	4703480	TN	PUTNAM COUNTY SCHOOL DISTRICT
814.2	3612630	NY	GREECE CENTRAL SCHOOL DISTRICT
813.8	2635310	MI	WATERFORD SCHOOL DISTRICT
813.5	3800014	ND	BISMARCK 1
812.0	0402430	AZ	CREIGHTON ELEMENTARY DISTRICT
811.3	1300930	GA	CATOOSA COUNTY
810.8	4820600	TX	GEORGETOWN ISD
809.3	4400240	RI	CRANSTON
809.2	0630600	CA	PITTSBURG UNIFIED
808.5	4840680	TX	SOUTH SAN ANTONIO ISD
808.3	4703990	TN	SULLIVAN COUNTY SCHOOL DISTRCT
808.3	0902670	CT	NEW BRITAIN SCHOOL DISTRICT
808.0	4838900	TX	SAN FELIPE-DEL RIO CISD
805.2	5300420	WA	BELLINGHAM SCHOOL DISTRICT
805.2	4501860	SC	DARLINGTON 01
804.0	0638220	CA	SULPHUR SPRINGS UNION ELEMENTARY
803.7	5301080	WA	CENTRAL KITSAP SCHOOL DISTRICT
802.2	1000080	DE	APPOQUINIMINK SCHOOL DISTRICT
800.8	0103360	AL	TUSCALOOSA CITY
799.8	2614070	MI	FARMINGTON PUBLIC SCHOOL DISTRICT
799.8	1601530	ID	IDAHO FALLS DISTRICT
799.3	4700001	TN	HAMBLEN COUNTY SCHOOL DISTRICT
798.8	3806780	ND	FARGO 1
798.5	4503060	SC	OCONEE 01
796.0	3403000	NJ	CHERRY HILL TOWNSHIP
794.2	0503750	AR	CABOT SCHOOL DISTRICT
793.0	0901530	CT	FAIRFIELD SCHOOL DISTRICT
792.8	0408850	AZ	VAIL UNIFIED DISTRICT
792.7	3404230	NJ	EAST ORANGE
792.0	5400510	WV	HARRISON COUNTY SCHOOLS
792.0	4812180	TX	BURLESON ISD
791.3	5104020	VA	WILLIAMSBURG-JAMES CITY PBLC SCHS
790.7	3620490	NY	NEW ROCHELLE CITY SCHOOL DISTRICT
789.0	2717780	MN	LAKEVILLE PUBLIC SCHOOL DISTRICT
788.8	3904410	OH	HAMILTON CITY
788.3	1600780	ID	COEUR D ALENE DISTRICT
788.0	3704950	NC	WILKES COUNTY SCHOOLS
787.8	5100300	VA	AUGUSTA CO PBLC SCHS
787.7	0629700	CA	PALOS VERDES PENINSULA UNIFIED
786.0	4503630	SC	SPARTANBURG 06
786.0	3904371	OH	CANTON CITY
785.0	0624090	CA	MARYSVILLE JOINT UNIFIED
784.8	0904920	CT	WEST HARTFORD SCHOOL DISTRICT
784.5	4502550	SC	KERSHAW 01
784.3	0612750	CA	ENCINITAS UNION ELEMENTARY
784.0	1930480	IA	WATERLOO COMM SCHOOL DISTRICT
783.5	4837140	TX	RIO GRANDE CITY CISD
782.8	2103210	KY	LAUREL COUNTY
782.7	0643080	CA	WOODLAND JOINT UNIFIED
781.3	0603600	CA	AZUSA UNIFIED
780.0	2711040	MN	DULUTH PUBLIC SCHOOL DISTRICT
779.3	3013040	MT	GREAT FALLS ELEM
779.3	1909480	IA	DUBUQUE COMM SCHOOL DISTRICT
778.8	0634440	CA	SAN JACINTO UNIFIED
778.5	3627060	NY	SMITHTOWN CENTRAL SCHOOL DISTRICT
776.5	3175270	NE	PAPILLION-LA VISTA PUBLIC SCHS
776.2	3416380	NJ	UNION CITY
775.3	2923550	MO	PARK HILL
775.0	3631470	NY	WILLIAMSVILLE CENTRAL SCHOOL DISTRICT
774.8	3626670	NY	SHENENDEHOWA CENTRAL SCHOOL DISTRICT
774.7	2101150	KY	CHRISTIAN COUNTY
774.5	3403300	NJ	CLIFTON
774.0	4817850	TX	EAST CENTRAL ISD
773.2	4211700	PA	HAZLETON AREA SD
772.2	4400840	RI	PAWTUCKET
771.5	2200030	LA	ACADIA PARISH
771.2	3904689	OH	PICKERINGTON LOCAL
769.8	5400930	WV	MONONGALIA COUNTY SCHOOLS
769.3	3702560	NC	LEE COUNTY SCHOOLS
769.2	0621000	CA	LAS VIRGENES UNIFIED
769.0	1302190	GA	FLOYD COUNTY
767.0	3629370	NY	UTICA CITY SCHOOL DISTRICT
766.5	4700330	TN	BRADLEY COUNTY SCHOOL DISTRICT
766.5	0101230	AL	DOTHAN CITY
766.0	3704080	NC	RUTHERFORD COUNTY SCHOOLS
761.5	0642000	CA	WEST COVINA UNIFIED
761.5	0638460	CA	SUNNYVALE
761.2	1808760	IN	PENN-HARRIS-MADISON SCH CORP
760.8	0622410	CA	LOMPOC UNIFIED
759.8	1807650	IN	NOBLESVILLE SCHOOLS
759.7	0623080	CA	LUCIA MAR UNIFIED
759.7	0611490	CA	DRY CREEK JOINT ELEMENTARY
759.2	5100360	VA	BEDFORD CO PBLC SCHS
758.8	0619700	CA	KINGS CANYON JOINT UNIFIED
758.5	5504050	WI	EAU CLAIRE AREA SCHOOL DISTRICT
758.5	1714460	IL	EVANSTON CCSD 65
758.2	0624500	CA	MILPITAS UNIFIED
758.0	3626010	NY	SCHENECTADY CITY SCHOOL DISTRICT
757.0	1303300	GA	LIBERTY COUNTY
756.5	1719830	IL	CONS SD 158
755.7	2201830	LA	VERNON PARISH
754.3	2920670	MO	MEHLVILLE R-IX
753.8	1303390	GA	LOWNDES COUNTY
753.0	4900390	UT	IRON DISTRICT
752.8	1743110	IL	WOODLAND CCSD 50
752.3	4015720	OK	JENKS
752.3	3619200	NY	MIDDLE COUNTRY CENTRAL SCHOOL DISTRICT
751.5	1812390	IN	WARRICK COUNTY SCHOOL CORP
751.2	0601770	CA	ALAMEDA CITY UNIFIED
749.2	1300630	GA	BULLOCH COUNTY
748.3	0612180	CA	EL RANCHO UNIFIED
748.2	2201080	LA	CITY OF MONROE SCHOOL DISTRICT
747.5	3904610	OH	FAIRFIELD CITY
746.3	2733510	MN	ST. CLOUD PUBLIC SCHOOL DISTRICT
745.8	3410110	NJ	MIDDLETOWN TOWNSHIP
745.5	2616350	MI	GRAND BLANC COMMUNITY SCHOOLS
745.0	4828290	TX	LOS FRESNOS CISD
744.8	4502280	SC	GEORGETOWN 01
744.0	0635810	CA	SANTA ROSA ELEMENTARY
743.5	0400960	AZ	AVONDALE ELEMENTARY DISTRICT
743.0	4219500	PA	POCONO MOUNTAIN SD
742.0	0504590	AR	CONWAY SCHOOL DISTRICT
741.8	3701200	NC	DUPLIN COUNTY SCHOOLS
741.7	4503510	SC	SPARTANBURG 02
740.5	0402320	AZ	COOLIDGE UNIFIED DISTRICT
740.2	3406030	NJ	GLOUCESTER TOWNSHIP
739.2	2633540	MI	TAYLOR SCHOOL DISTRICT
739.0	3100016	NE	GRAND ISLAND PUBLIC SCHOOLS
738.3	3904513	OH	WORTHINGTON CITY
738.3	0100240	AL	AUTAUGA COUNTY
736.5	0618030	CA	HUNTINGTON BEACH CITY ELEMENTARY
736.5	0101020	AL	CULLMAN COUNTY
736.3	3904736	OH	NORTHWEST LOCAL
735.0	3702610	NC	LENOIR COUNTY PUBLIC SCHOOLS
735.0	3200120	NV	ELKO COUNTY SCHOOL DISTRICT
734.5	4401110	RI	WARWICK
734.5	0404500	AZ	MADISON ELEMENTARY DISTRICT
733.8	1903690	IA	ANKENY COMM SCHOOL DISTRICT
733.3	5102520	VA	MONTGOMERY CO PBLC SCHS
733.3	1805450	IN	LAKE CENTRAL SCHOOL CORP
733.3	0625860	CA	MORONGO UNIFIED
732.8	2630390	MI	SAGINAW CITY SCHOOL DISTRICT
732.7	2201800	LA	VERMILION PARISH
732.7	0622740	CA	LOS BANOS UNIFIED
731.3	4835400	TX	PORT ARTHUR ISD
730.5	1000680	DE	INDIAN RIVER SCHOOL DISTRICT
729.2	1709420	IL	CHAMPAIGN CUSD 4
729.0	0625830	CA	MORGAN HILL UNIFIED
725.8	5308160	WA	SOUTH KITSAP SCHOOL DISTRICT
725.0	1742210	IL	WHEELING CCSD 21
724.7	2201620	LA	ST. MARY PARISH
723.8	3904426	OH	LORAIN CITY
723.5	0506120	AR	FAYETTEVILLE SCHOOL DISTRICT
722.7	2802160	MS	JACKSON CO SCHOOL DIST
722.5	4817070	TX	DICKINSON ISD
722.5	2628740	MI	PONTIAC CITY SCHOOL DISTRICT
721.2	0101380	AL	ETOWAH COUNTY
721.0	4839930	TX	SHARYLAND ISD
718.7	0642140	CA	WESTERN PLACER UNIFIED
717.7	2618990	MI	HURON VALLEY SCHOOLS
717.0	2707290	MN	BURNSVILLE PUBLIC SCHOOL DISTRICT
716.8	2708190	MN	EASTERN CARVER COUNTY PUBLIC SCHOOL
714.3	1303510	GA	MARIETTA CITY
714.0	0643560	CA	YUCAIPA-CALIMESA JOINT UNIFIED
711.7	1711850	IL	DECATUR SD 61
711.2	1300780	GA	CAMDEN COUNTY
709.5	5401200	WV	PUTNAM COUNTY SCHOOLS
708.3	5513650	WI	SHEBOYGAN AREA SCHOOL DISTRICT
707.8	2722950	MN	MOUNDS VIEW PUBLIC SCHOOL DISTRICT
707.2	4221090	PA	SCRANTON SD
706.3	3417700	NJ	WEST WINDSOR-PLAINSBORO R
705.7	3412930	NJ	PERTH AMBOY
705.0	0100540	AL	CALHOUN COUNTY
702.5	3904635	OH	WEST CLERMONT LOCAL
702.5	3700750	NC	CHATHAM COUNTY SCHOOLS
702.5	0404290	AZ	LAVEEN ELEMENTARY DISTRICT
702.2	1305370	GA	WALKER COUNTY
700.8	3701530	NC	FRANKLIN COUNTY SCHOOLS
700.7	1301380	GA	COLQUITT COUNTY
700.2	4502730	SC	LEXINGTON 02
699.2	4101120	OR	GREATER ALBANY PUBLIC SD 8J
699.0	4842330	TX	TEMPLE ISD
698.5	2714220	MN	EDEN PRAIRIE PUBLIC SCHOOL DISTRICT
697.5	3416800	NJ	VINELAND CITY
697.2	3500570	NM	CLOVIS MUNICIPAL SCHOOLS
696.7	5511190	WI	OSHKOSH AREA SCHOOL DISTRICT
696.7	5400840	WV	MERCER COUNTY SCHOOLS
696.5	3411220	NJ	NEW BRUNSWICK
696.3	5308020	WA	SNOHOMISH SCHOOL DISTRICT
696.3	0101140	AL	DEKALB COUNTY
696.2	2723850	MN	NORTH ST PAUL-MAPLEWOOD SCHOOL DIST
695.7	3103810	NE	BELLEVUE PUBLIC SCHOOLS
695.7	0642450	CA	WHITTIER CITY ELEMENTARY
695.3	4809570	TX	BASTROP ISD
695.3	1713770	IL	COMM CONS SD 59
694.8	0102070	AL	LEE COUNTY
692.5	0635880	CA	SANTEE ELEMENTARY
692.0	2916190	MO	JEFFERSON CITY
692.0	2201440	LA	ST. CHARLES PARISH
692.0	0901710	CT	GREENWICH SCHOOL DISTRICT
691.8	4208850	PA	EASTON AREA SD
691.0	4809860	TX	BELTON ISD
690.7	3616230	NY	KENMORE-TONAWANDA UNION FREE SCHOOL DISTRICT
689.5	3501260	NM	HOBBS MUNICIPAL SCHOOLS
689.3	4828110	TX	LONGVIEW ISD
688.3	3621210	NY	NORTH SYRACUSE CENTRAL SCHOOL DISTRICT
688.2	3613290	NY	HALF HOLLOW HILLS CENTRAL SCHOOL DISTRICT
687.7	0404720	AZ	MARICOPA UNIFIED SCHOOL DISTRICT
687.5	4500780	SC	ANDERSON 01
687.0	5507020	WI	JANESVILLE SCHOOL DISTRICT
687.0	0637530	CA	SOUTH SAN FRANCISCO UNIFIED
686.7	1930930	IA	WEST DES MOINES COMM SCHOOL DISTRICT
686.7	1603240	ID	TWIN FALLS DISTRICT
686.2	3704320	NC	STANLY COUNTY SCHOOLS
686.0	4205550	PA	CHAMBERSBURG AREA SD
685.8	3407560	NJ	HOWELL TOWNSHIP
685.8	2007890	KS	GEARY COUNTY SCHOOLS
685.3	0902400	CT	MERIDEN SCHOOL DISTRICT
685.0	0510680	AR	N. LITTLE ROCK SCHOOL DISTRICT
684.5	2620340	MI	KENTWOOD PUBLIC SCHOOLS
684.2	1803750	IN	FRANKLIN TOWNSHIP COM SCH CORP
684.0	4501500	SC	CHEROKEE 01
683.3	3704140	NC	SAMPSON COUNTY SCHOOLS
681.5	2802400	MS	LAMAR COUNTY SCHOOL DISTRICT
680.8	0604290	CA	BEAUMONT UNIFIED
680.7	3702250	NC	HOKE COUNTY SCHOOLS
680.3	0605610	CA	BONITA UNIFIED
680.2	4813590	TX	CHANNELVIEW ISD
678.0	5400570	WV	JEFFERSON COUNTY SCHOOLS
677.7	2711670	MN	MINNETONKA PUBLIC SCHOOL DISTRICT
677.5	2804470	MS	VICKSBURG WARREN SCHOOL DIST
676.7	0102100	AL	LIMESTONE COUNTY
676.5	4021000	OK	MUSTANG
676.3	4502340	SC	GREENWOOD 50
675.5	4812810	TX	CANYON ISD
674.8	2509870	MA	QUINCY
674.5	1800270	IN	AVON COMMUNITY SCHOOL CORP
673.7	4218510	PA	PARKLAND SD
673.7	3620100	NY	MOUNT VERNON CITY SCHOOL DISTRICT
673.2	3619230	NY	LONGWOOD CENTRAL SCHOOL DISTRICT
673.0	3603270	NY	ARLINGTON CENTRAL SCHOOL DISTRICT
672.3	0614220	CA	FOUNTAIN VALLEY ELEMENTARY
671.7	1802850	IN	EAST ALLEN COUNTY SCHOOLS
670.7	4023280	OK	OWASSO
670.5	5601470	WY	CAMPBELL COUNTY SCHOOL DISTRICT #1
670.5	0602160	CA	ALTA LOMA ELEMENTARY
670.0	0806480	CO	SCHOOL DISTRICT NO. 3 IN THE COUNTY OF EL PASO AND STATE OF
669.5	2105260	KY	SCOTT COUNTY
669.2	2711250	MN	EDINA PUBLIC SCHOOL DISTRICT
669.2	1908220	IA	COUNCIL BLUFFS COMM SCHOOL DISTRICT
669.2	0402400	AZ	CRANE ELEMENTARY DISTRICT
668.8	3618690	NY	WILLIAM FLOYD UNION FREE SCHOOL DISTRICT
668.5	3409270	NJ	OLD BRIDGE TOWNSHIP
668.0	0621690	CA	LINCOLN UNIFIED
666.8	3407740	NJ	JACKSON TOWNSHIP
666.0	1600600	ID	VALLIVUE SCHOOL DISTRICT
664.8	5102940	VA	PITTSYLVANIA CO PBLC SCHS
664.8	2504980	MA	FRAMINGHAM
664.0	0612030	CA	EL CENTRO ELEMENTARY
663.5	3904516	OH	YOUNGSTOWN CITY SCHOOLS
663.3	3402220	NJ	BRICK TOWNSHIP
663.3	2738190	MN	STILLWATER AREA PUBLIC SCHOOL DIST.
662.8	2802280	MS	JONES CO SCHOOL DIST
662.7	0606900	CA	CALEXICO UNIFIED
662.3	0634680	CA	SAN LEANDRO UNIFIED
662.2	0618870	CA	JEFFERSON ELEMENTARY
661.0	4816860	TX	DESOTO ISD
660.7	0200390	AK	KENAI PENINSULA BOROUGH SCHOOL DISTRICT
659.8	0604740	CA	BERKELEY UNIFIED
658.8	0103062	AL	ST CLAIR COUNTY
658.7	5304920	WA	MEAD SCHOOL DISTRICT
658.7	0600032	CA	REDONDO BEACH UNIFIED
658.3	4828550	TX	LUFKIN ISD
658.0	4113170	OR	WEST LINN-WILSONVILLE SD 3J
657.3	4701020	TN	DICKSON COUNTY SCHOOL DISTRICT
657.3	3402280	NJ	BRIDGEWATER-RARITAN REGIO
656.7	5306180	WA	OLYMPIA SCHOOL DISTRICT
656.7	2604260	MI	BAY CITY SCHOOL DISTRICT
656.2	4503720	SC	SUMTER 02
654.8	4226820	PA	YORK CITY SD
654.5	4828890	TX	MANOR ISD
652.8	4704380	TN	WASHINGTON COUNTY SCHOOL DIST
652.8	0608070	CA	CENTRALIA ELEMENTARY
651.2	1800150	IN	ANDERSON COMMUNITY SCHOOL CORP
651.2	0621210	CA	LAWNDALE ELEMENTARY
650.3	0622590	CA	LOS ALAMITOS UNIFIED
650.2	0402920	AZ	FLORENCE UNIFIED SCHOOL DISTRICT
649.3	3704410	NC	SURRY COUNTY SCHOOLS
648.3	3401260	NJ	BAYONNE
648.2	3501680	NM	LOS LUNAS PUBLIC SCHOOLS
648.0	2926070	MO	RAYTOWN C-2
647.7	5307920	WA	SHORELINE SCHOOL DISTRICT
646.0	3701800	NC	GRANVILLE COUNTY SCHOOLS
645.8	4208550	PA	EAST PENN SD
645.0	1705050	IL	BARRINGTON CUSD 220
643.8	3700630	NC	CARTERET COUNTY PUBLIC SCHOOLS
643.8	0100420	AL	BLOUNT COUNTY
641.8	5102340	VA	LYNCHBURG CITY PBLC SCHS
641.8	4813230	TX	CEDAR HILL ISD
641.8	3200300	NV	LYON COUNTY SCHOOL DISTRICT
641.2	2635910	MI	WEST OTTAWA PUBLIC SCHOOL DISTRICT
640.8	3415210	NJ	SOUTH BRUNSWICK TOWNSHIP
640.0	2511520	MA	TAUNTON
639.7	2628950	MI	PORTAGE PUBLIC SCHOOLS
639.3	4819560	TX	FORNEY ISD
638.8	0400295	AZ	KINGMAN UNIFIED SCHOOL DISTRICT
638.7	2400030	MD	ALLEGANY COUNTY PUBLIC SCHOOLS
638.3	0607800	CA	CASTRO VALLEY UNIFIED
637.2	4503690	SC	SUMTER 17
635.2	0102010	AL	LAUDERDALE COUNTY
634.8	0635360	CA	SANTA BARBARA ELEMENTARY
634.8	0627060	CA	NEWARK UNIFIED
634.3	0602970	CA	ARCADIA UNIFIED
633.3	4216410	PA	NESHAMINY SD
633.0	0806150	CO	PUEBLO COUNTY SCHOOL DISTRICT 70
632.7	0616470	CA	HANFORD ELEMENTARY
632.5	0100008	AL	MADISON CITY
632.2	3630360	NY	WEBSTER CENTRAL SCHOOL DISTRICT
632.2	2509720	MA	PLYMOUTH
631.5	1305310	GA	VALDOSTA CITY
630.8	3904481	OH	SPRINGFIELD CITY
630.2	4700180	TN	BEDFORD COUNTY SCHOOL DISTRICT
630.2	3704650	NC	VANCE COUNTY SCHOOLS
629.2	0503690	AR	BRYANT SCHOOL DISTRICT
628.0	4819830	TX	FRENSHIP ISD
627.5	2505970	MA	HAVERHILL
627.3	2605850	MI	BIRMINGHAM CITY SCHOOL DISTRICT
626.7	5305220	WA	MOSES LAKE SCHOOL DISTRICT
626.3	0613500	CA	FALLBROOK UNION ELEMENTARY
625.8	3620340	NY	CLARKSTOWN CENTRAL SCHOOL DISTRICT
625.0	4222560	PA	SPRING-FORD AREA SD
625.0	0403060	AZ	FOWLER ELEMENTARY DISTRICT
624.7	0610740	CA	DEL MAR UNION ELEMENTARY
623.7	1713970	IL	ELMHURST SD 205
622.2	2104950	KY	PULASKI COUNTY
621.7	3703570	NC	PENDER COUNTY SCHOOLS
621.3	2201590	LA	ST. MARTIN PARISH
619.5	1729250	IL	OAK PARK ESD 97
618.5	1201320	FL	MONROE
618.3	0617340	CA	HOLLISTER
618.2	4217010	PA	NORTH ALLEGHENY SD
618.0	4205860	PA	CHESTER-UPLAND SD
617.8	5304200	WA	LAKE STEVENS SCHOOL DISTRICT
617.0	0610620	CA	DAVIS JOINT UNIFIED
616.3	2507170	MA	MALDEN
615.7	4836660	TX	RED OAK ISD
615.5	3407680	NJ	IRVINGTON TOWNSHIP
615.5	1302310	GA	GAINESVILLE CITY
614.2	1201980	FL	WALTON
614.0	0404440	AZ	LITTLETON ELEMENTARY DISTRICT
612.8	3413140	NJ	PLAINFIELD
612.8	0614940	CA	GARVEY ELEMENTARY
612.5	4832370	TX	NEW BRAUNFELS ISD
611.5	5306690	WA	PENINSULA SCHOOL DISTRICT
610.3	4109330	OR	OREGON CITY SD 62
610.0	3627810	NY	EAST RAMAPO CENTRAL SCHOOL DISTRICT (SPRING VALLEY)
609.8	1301350	GA	COFFEE COUNTY
609.5	3409720	NJ	MARLBORO TOWNSHIP
608.0	0627720	CA	NOVATO UNIFIED
607.3	0801950	CO	SCHOOL DISTRICT N. 14 IN THE COUNTY OF ADAMS & STATE OF COLO
606.8	0103450	AL	WALKER COUNTY
606.8	0100660	AL	CHILTON COUNTY
606.5	1705790	IL	BELVIDERE CUSD 100
606.0	2742360	MN	WHITE BEAR LAKE SCHOOL DISTRICT
606.0	1807320	IN	MUNCIE COMMUNITY SCHOOLS
605.2	0900510	CT	BRISTOL SCHOOL DISTRICT
605.0	1728140	IL	NEW LENOX SD 122
604.0	1809150	IN	PORTAGE TOWNSHIP SCHOOLS
603.8	3417280	NJ	WAYNE TOWNSHIP
603.5	4202340	PA	ALTOONA AREA SD
603.3	5101050	VA	CULPEPER CO PBLC SCHS
603.2	3405490	NJ	FRANKLIN TOWNSHIP
601.2	4901080	UT	UINTAH DISTRICT
601.2	1000190	DE	CAPITAL SCHOOL DISTRICT
600.5	1201800	FL	SUMTER
600.0	2916350	MO	JOPLIN R-VIII
599.3	5100600	VA	CAMPBELL CO PBLC SCHS
598.7	4702130	TN	JOHNSON CITY SCHOOL DISTRICT
598.7	1304980	GA	TIFT COUNTY
598.3	5308610	WA	SUMNER SCHOOL DISTRICT
598.2	2733000	MN	SHAKOPEE PUBLIC SCHOOL DISTRICT
598.0	3622470	NY	PATCHOGUE-MEDFORD UNION FREE SCHOOL DISTRICT
597.8	2712270	MN	FOREST LAKE PUBLIC SCHOOL DISTRICT
597.3	3819410	ND	WEST FARGO 6
596.3	0102480	AL	MORGAN COUNTY
595.5	4839990	TX	SHELDON ISD
594.8	4225830	PA	WEST SHORE SD
594.8	1930510	IA	WAUKEE COMM SCHOOL DISTRICT
592.5	3417070	NJ	WASHINGTON TOWNSHIP
592.3	3904373	OH	CENTERVILLE CITY
592.2	3200390	NV	CARSON CITY SCHOOL DISTRICT
591.5	1725110	IL	MAYWOOD-MELROSE PARK-BROADVIEW 89
591.3	0606360	CA	BUENA PARK ELEMENTARY
591.0	3700330	NC	BEAUFORT COUNTY SCHOOLS
591.0	1301620	GA	DALTON CITY
590.2	5516260	WI	WEST ALLIS SCHOOL DISTRICT
590.0	1801020	IN	BROWNSBURG COMMUNITY SCH CORP
588.7	4503660	SC	SPARTANBURG 07
588.5	2618720	MI	HOWELL PUBLIC SCHOOLS
588.5	1303840	GA	MURRAY COUNTY
588.3	5400720	WV	MARION COUNTY SCHOOLS
587.7	2623820	MI	MIDLAND PUBLIC SCHOOLS
587.5	3404110	NJ	EAST BRUNSWICK TOWNSHIP
586.8	0636970	CA	SNOWLINE JOINT UNIFIED
586.3	1304200	GA	POLK COUNTY
586.3	0403870	AZ	HUMBOLDT UNIFIED DISTRICT
586.2	3904510	OH	WILLOUGHBY-EASTLAKE CITY
586.0	2511880	MA	WACHUSETT
585.3	3904438	OH	MEDINA CITY
585.0	1300570	GA	BRYAN COUNTY
584.8	1805400	IN	LAFAYETTE SCHOOL CORPORATION
583.5	0641580	CA	WASHINGTON UNIFIED
582.7	2718780	MN	MANKATO PUBLIC SCHOOL DISTRICT
582.5	3904734	OH	FOREST HILLS LOCAL
582.3	1704140	IL	ARLINGTON HEIGHTS SD 25
582.2	0103180	AL	TALLADEGA COUNTY
581.5	3614010	NY	HAVERSTRAW-STONY POINT CSD (NORTH ROCKLAND)
581.5	0401380	AZ	BUCKEYE ELEMENTARY DISTRICT
581.0	4844800	TX	WEATHERFORD ISD
580.3	0620190	CA	LA HABRA CITY ELEMENTARY
579.0	0621420	CA	LENNOX ELEMENTARY
578.7	2730060	MN	PRIOR LAKE-SAVAGE AREA SCHOOLS
578.3	4826190	TX	LA PORTE ISD
578.2	2103030	KY	JESSAMINE COUNTY
577.3	4817760	TX	EANES ISD
576.8	1801440	IN	CENTER GROVE COM SCH CORP
576.0	4844730	TX	WAXAHACHIE ISD
575.7	5309660	WA	WENATCHEE SCHOOL DISTRICT
575.5	3702040	NC	HAYWOOD COUNTY SCHOOLS
575.0	0626280	CA	MOUNTAIN VIEW WHISMAN
574.8	1734990	IL	ROUND LAKE CUSD 116
573.8	3703870	NC	RICHMOND COUNTY SCHOOLS
573.3	4833060	TX	NORTH FOREST ISD
573.3	4503600	SC	SPARTANBURG 05
573.2	5308760	WA	TAHOMA SCHOOL DISTRICT
573.2	4206240	PA	COATESVILLE AREA SD
572.7	3904549	OH	MENTOR EXEMPTED VILLAGE
572.0	3409390	NJ	MANALAPAN-ENGLISHTOWN REG
571.0	4838970	TX	SAN MARCOS CISD
571.0	2625740	MI	GROSSE POINTE PUBLIC SCHOOLS
570.7	0406810	AZ	QUEEN CREEK UNIFIED DISTRICT
570.5	2507740	MA	METHUEN
570.5	0600019	CA	DUBLIN UNIFIED
570.2	0633480	CA	ROSEDALE UNION ELEMENTARY
570.0	5515900	WI	WAUSAU SCHOOL DISTRICT
569.7	1713320	IL	EAST ST LOUIS SD 189
568.8	4815240	TX	COPPERAS COVE ISD
568.7	0403240	AZ	GADSDEN ELEMENTARY DISTRICT
568.2	1302940	GA	JACKSON COUNTY
567.2	3614130	NY	HEMPSTEAD UNION FREE SCHOOL DISTRICT
566.8	3904418	OH	KETTERING CITY
566.7	3703480	NC	ORANGE COUNTY SCHOOLS
566.5	4218750	PA	PENNRIDGE SD
566.0	3904737	OH	OAK HILLS LOCAL
565.5	3618630	NY	MASSAPEQUA UNION FREE SCHOOL DISTRICT
565.3	4214160	PA	LOWER MERION SD
565.0	4702100	TN	JEFFERSON COUNTY SCHOOL DIST
564.5	4501560	SC	CHESTERFIELD 01
564.0	3701320	NC	EDGECOMBE COUNTY SCHOOLS
564.0	0606270	CA	BUCKEYE UNION ELEMENTARY
563.8	4033480	OK	YUKON
563.5	2102710	KY	HENDERSON COUNTY
563.5	0635220	CA	SAN YSIDRO ELEMENTARY
563.3	2400540	MD	QUEEN ANNE'S COUNTY PUBLIC SCHOOLS
563.2	2804320	MS	TUPELO PUBLIC SCHOOL DIST
563.2	0615510	CA	GOLETA UNION ELEMENTARY
562.7	3904440	OH	MIDDLETOWN CITY
562.2	0101170	AL	DECATUR CITY
562.0	2503150	MA	BROOKLINE
561.3	1201410	FL	OKEECHOBEE
561.0	3631260	NY	WHITE PLAINS CITY SCHOOL DISTRICT
561.0	1302580	GA	HABERSHAM COUNTY
560.2	4226300	PA	WILKES-BARRE AREA SD
559.8	0640320	CA	UNION ELEMENTARY
559.7	3000005	MT	HELENA ELEM
559.5	3404560	NJ	EGG HARBOR TOWNSHIP
559.3	2630030	MI	ROCKFORD PUBLIC SCHOOLS
559.2	2632250	MI	SOUTH LYON COMMUNITY SCHOOLS
558.7	3904724	OH	BEAVERCREEK CITY
558.2	2634560	MI	VAN BUREN PUBLIC SCHOOLS
558.0	1200780	FL	HENDRY
557.8	4222440	PA	SENECA VALLEY SD
557.8	4215330	PA	MILLCREEK TOWNSHIP SD
557.8	3904394	OH	ELYRIA CITY SCHOOLS
557.7	3904487	OH	SYLVANIA CITY
557.2	0102700	AL	PHENIX CITY
556.7	2104800	KY	PIKE COUNTY
556.2	2619620	MI	JACKSON PUBLIC SCHOOLS
556.0	1730220	IL	ORLAND SD 135
555.8	4839690	TX	SEGUIN ISD
555.7	4202040	PA	ABINGTON  SD
555.7	2609900	MI	CLARKSTON COMMUNITY SCHOOL DISTRICT
555.0	4826470	TX	LAKE TRAVIS ISD
555.0	4701740	TN	HAWKINS COUNTY SCHOOL DISTRICT
554.8	0634800	CA	SAN LUIS COASTAL UNIFIED
554.7	4211580	PA	HARRISBURG CITY SD
554.7	2802550	MS	LEE COUNTY SCHOOL DISTRICT
554.3	3813030	ND	MINOT 1
553.0	1000180	DE	CAESAR RODNEY SCHOOL DISTRICT
552.7	4900510	UT	LOGAN DISTRICT
552.5	2620730	MI	LAKE ORION COMMUNITY SCHOOLS
552.5	0622650	CA	LOS ALTOS ELEMENTARY
551.8	0610440	CA	CYPRESS ELEMENTARY
551.7	0625770	CA	MORELAND ELEMENTARY
550.8	3904366	OH	BRUNSWICK CITY
550.5	5101920	VA	HENRY CO PBLC SCHS
550.5	1802490	IN	CROWN POINT COMMUNITY SCH CORP
549.5	4830600	TX	MIDLOTHIAN ISD
549.2	4840080	TX	SHERMAN ISD
549.2	4010920	OK	ENID
548.8	1712540	IL	DOWNERS GROVE GSD 58
548.3	2803480	MS	PASCAGOULA SCHOOL DIST
547.8	4204590	PA	BUTLER AREA SD
547.8	1812420	IN	WARSAW COMMUNITY SCHOOLS
547.3	4208670	PA	EAST STROUDSBURG AREA SD
546.5	5101440	VA	FRANKLIN CO PBLC SCHS
546.0	4700900	TN	CUMBERLAND COUNTY SCHOOL DIST
545.7	3018570	MT	MISSOULA ELEM
545.5	2711820	MN	FARMINGTON PUBLIC SCHOOL DISTRICT
544.7	4813020	TX	CARROLL ISD
544.0	3617520	NY	LIVERPOOL CENTRAL SCHOOL DISTRICT
543.0	2103960	KY	MCCRACKEN COUNTY
542.5	2006390	KS	GARDEN CITY
542.5	1726400	IL	MOLINE USD 40
542.3	5103900	VA	WASHINGTON CO PBLC SCHS
541.8	5302940	WA	FRANKLIN PIERCE SCHOOL DISTRICT
541.5	2005490	KS	DE SOTO
540.2	4203330	PA	BENSALEM TOWNSHIP SD
540.0	4830640	TX	MIDWAY ISD
538.7	3904696	OH	GAHANNA-JEFFERSON CITY
537.5	2011370	KS	SALINA
537.2	3411460	NJ	NORTH BERGEN
537.0	4703590	TN	ROANE COUNTY SCHOOL DISTRICT
537.0	3904445	OH	NEWARK CITY
536.5	1716920	IL	GLENVIEW CCSD 34
535.8	2201140	LA	NATCHITOCHES PARISH
535.8	2105320	KY	SHELBY COUNTY
535.2	4222770	PA	STATE COLLEGE AREA SD
535.2	1713530	IL	EDWARDSVILLE CUSD 7
535.2	1200960	FL	JACKSON
534.0	3608130	NY	COMMACK UNION FREE SCHOOL DISTRICT
533.8	3904697	OH	GROVEPORT MADISON LOCAL
533.8	3416500	NJ	UNION TOWNSHIP
533.8	2714260	MN	HOPKINS PUBLIC SCHOOL DISTRICT
533.0	3609840	NY	EAST MEADOW UNION FREE SCHOOL DISTRICT
532.8	4831260	TX	MONTGOMERY ISD
532.8	4203960	PA	BOYERTOWN AREA SD
532.7	1802880	IN	SCHOOL CITY OF EAST CHICAGO
532.3	3410560	NJ	MONTCLAIR
532.0	2600005	MI	BATTLE CREEK PUBLIC SCHOOLS
531.5	2625980	MI	NORTHVILLE PUBLIC SCHOOLS
531.3	5401500	WV	WAYNE COUNTY SCHOOLS
530.8	3610620	NY	ELMONT UNION FREE SCHOOL DISTRICT
530.8	2102860	KY	HOPKINS COUNTY
530.7	4845900	TX	WILLIS ISD
530.5	3617160	NY	LEVITTOWN UNION FREE SCHOOL DISTRICT
530.3	5504680	WI	FOND DU LAC SCHOOL DISTRICT
530.3	2914340	MO	HICKMAN MILLS C-1
530.2	3619650	NY	MONROE-WOODBURY CENTRAL SCHOOL DISTRICT
529.7	4701470	TN	GREENE COUNTY SCHOOL DISTRICT
529.5	4823250	TX	HIGHLAND PARK ISD
529.5	0803540	CO	EAGLE COUNTY SCHOOL DISTRICT NO. RE 50
528.8	2926670	MO	RIVERVIEW GARDENS
528.8	2503660	MA	CHICOPEE
528.0	5102360	VA	MANASSAS CITY PBLC SCHS
527.2	4110350	OR	REDMOND SD 2J
526.2	4814310	TX	CLEBURNE ISD
525.3	1803930	IN	GOSHEN COMMUNITY SCHOOLS
525.3	0901260	CT	EAST HARTFORD SCHOOL DISTRICT
525.2	4202790	PA	AVON GROVE SD
524.8	3417760	NJ	WESTFIELD
524.3	5501050	WI	BELOIT SCHOOL DISTRICT
524.3	3413050	NJ	PISCATAWAY TOWNSHIP
524.0	2005460	KS	DERBY
523.8	3412480	NJ	PARSIPPANY-TROY HILLS TOW
523.3	1917220	IA	LINN-MAR COMM SCHOOL DISTRICT
522.0	4503210	SC	ORANGEBURG 05
521.8	2802430	MS	LAUDERDALE CO SCHOOL DIST
521.2	3407230	NJ	HILLSBOROUGH TOWNSHIP
520.7	2630210	MI	ROSEVILLE COMMUNITY SCHOOLS
520.3	2505010	MA	FRANKLIN
520.0	2309930	ME	PORTLAND PUBLIC SCHOOLS
520.0	0401460	AZ	SIERRA VISTA UNIFIED DISTRICT
519.8	1725290	IL	MCHENRY CCSD 15
519.5	3610560	NY	ELMIRA CITY SCHOOL DISTRICT
518.7	4820280	TX	GALVESTON ISD
518.7	4211790	PA	HEMPFIELD  SD
518.5	3415330	NJ	SOUTH ORANGE-MAPLEWOOD
517.7	2510050	MA	REVERE
517.5	5514640	WI	SUN PRAIRIE AREA SCHOOL DISTRICT
517.5	3606870	NY	CENTRAL ISLIP UNION FREE SCHOOL DISTRICT
517.0	1302430	GA	GORDON COUNTY
516.8	4702190	TN	KINGSPORT CITY SCHOOL DISTRICT
516.2	0904230	CT	SOUTHINGTON SCHOOL DISTRICT
516.0	4221870	PA	SOUDERTON AREA SD
515.7	4827720	TX	LITTLE ELM ISD
515.7	0603420	CA	ATWATER ELEMENTARY
515.5	1200600	FL	GADSDEN
515.5	0400001	AZ	CAVE CREEK UNIFIED DISTRICT
514.7	3620820	NY	NIAGARA FALLS CITY SCHOOL DISTRICT
514.7	1813080	IN	WESTFIELD-WASHINGTON SCHOOLS
514.5	4704350	TN	WARREN COUNTY SCHOOL DISTRICT
513.7	0100210	AL	AUBURN CITY
513.5	1805370	IN	KOKOMO-CENTER TWP CON SCH CORP
513.5	0632760	CA	RIO ELEMENTARY
513.3	4832090	TX	NACOGDOCHES ISD
513.0	2200150	LA	AVOYELLES PARISH
512.5	0902310	CT	MANCHESTER SCHOOL DISTRICT
512.3	1800030	IN	M S D SOUTHWEST ALLEN COUNTY
511.5	0904440	CT	STRATFORD SCHOOL DISTRICT
510.5	2802910	MS	MERIDIAN PUBLIC SCHOOL DIST
510.3	5304470	WA	LONGVIEW SCHOOL DISTRICT
509.8	3628200	NY	THREE VILLAGE CENTRAL SCHOOL DISTRICT
509.8	2201890	LA	WEBSTER PARISH
509.5	1718240	IL	HARLEM UD 122
509.2	5308670	WA	SUNNYSIDE SCHOOL DISTRICT
509.2	1802640	IN	M S D DECATUR TOWNSHIP
509.0	5516290	WI	WEST BEND SCHOOL DISTRICT
508.2	5308040	WA	SNOQUALMIE VALLEY SCHOOL DISTRICT
508.2	3808130	ND	GRAND FORKS 1
507.8	2512840	MA	WEYMOUTH
507.8	1712120	IL	CCSD 62
507.7	1808250	IN	NORTHWEST ALLEN COUNTY SCHOOLS
507.5	3616290	NY	KINGSTON CITY SCHOOL DISTRICT
507.2	0103430	AL	VESTAVIA HILLS CITY
507.0	0636270	CA	SELMA UNIFIED
506.7	0621930	CA	LITTLE LAKE CITY ELEMENTARY
506.3	4702340	TN	LAWRENCE COUNTY SCHOOL DISTRCT
506.2	2503270	MA	CAMBRIDGE
505.8	0902520	CT	MILFORD SCHOOL DISTRICT
505.7	5514490	WI	STEVENS POINT AREA SCHOOL DISTRICT
505.5	2617910	MI	HARTLAND CONSOLIDATED SCHOOLS
504.8	0904620	CT	TRUMBULL SCHOOL DISTRICT
504.7	0615270	CA	GLENDORA UNIFIED
504.3	3700960	NC	COLUMBUS COUNTY SCHOOLS
504.0	5515990	WI	WAUWATOSA SCHOOL DISTRICT
503.2	1301890	GA	LAURENS COUNTY
503.0	0620790	CA	LAKESIDE UNION ELEMENTARY
502.0	0904950	CT	WEST HAVEN SCHOOL DISTRICT
500.8	3417580	NJ	WEST NEW YORK
500.2	0607950	CA	CENTRAL ELEMENTARY
499.5	3904550	OH	MILFORD EXEMPTED VILLAGE
499.2	3701170	NC	DAVIE COUNTY SCHOOLS
499.0	4700570	TN	CHEATHAM COUNTY SCHOOL DISTRCT
498.8	2635820	MI	WEST BLOOMFIELD SCHOOL DISTRICT
498.8	1809690	IN	MERRILLVILLE COMMUNITY SCHOOL
498.8	1733000	IL	QUINCY SD 172
498.2	0403010	AZ	FLOWING WELLS UNIFIED DISTRICT
498.0	0608760	CA	CLAREMONT UNIFIED
497.8	2732430	MN	ROSEVILLE PUBLIC SCHOOL DISTRICT
496.8	4204230	PA	BRISTOL TOWNSHIP SD
496.8	3904823	OH	WASHINGTON LOCAL
496.8	1734410	IL	ROCK ISLAND SD 41
496.5	0628080	CA	OAKLEY UNION ELEMENTARY
496.3	4108010	OR	MCMINNVILLE SD 40
496.3	2005580	KS	DODGE CITY
495.8	3704380	NC	STOKES COUNTY SCHOOLS
494.8	4821390	TX	GRANBURY ISD
493.8	2616380	MI	GRAND HAVEN AREA PUBLIC SCHOOLS
493.7	1717280	IL	GRANITE CITY CUSD 9
493.3	2201530	LA	ST. JOHN THE BAPTIST PARISH
493.0	2733790	MN	ST. MICHAEL-ALBERTVILLE SCHOOL DIST
492.8	3625770	NY	SARATOGA SPRINGS CITY SCHOOL DISTRICT
492.8	0101770	AL	HOUSTON COUNTY
492.7	5400300	WV	FAYETTE COUNTY SCHOOLS
492.5	0600048	CA	PASO ROBLES JOINT UNIFIED
492.3	2706090	MN	BRAINERD PUBLIC SCHOOL DISTRICT
492.0	0625690	CA	MOORPARK UNIFIED
491.8	3904395	OH	EUCLID CITY
491.8	0610260	CA	CULVER CITY UNIFIED
491.7	4503840	SC	YORK 02
491.2	4102800	OR	CENTENNIAL SD 28J
491.0	2501950	MA	ANDOVER
490.3	4842480	TX	TEXARKANA ISD
490.2	3619320	NY	MIDDLETOWN CITY SCHOOL DISTRICT
490.2	1600510	ID	CALDWELL DISTRICT
490.0	3702940	NC	MCDOWELL COUNTY SCHOOLS
489.3	4845540	TX	WHITE SETTLEMENT ISD
488.8	1300210	GA	BALDWIN COUNTY
488.7	2922890	MO	NORTHWEST R-I
488.5	2101950	KY	FLOYD COUNTY
488.2	5305130	WA	MONROE SCHOOL DISTRICT
487.8	3630780	NY	WEST SENECA CENTRAL SCHOOL DISTRICT
487.0	1303960	GA	OCONEE COUNTY
486.7	5305400	WA	MOUNT VERNON SCHOOL DISTRICT
486.7	0635090	CA	SAN RAFAEL CITY ELEMENTARY
485.5	0628710	CA	ORCUTT UNION ELEMENTARY
485.3	2506840	MA	LEXINGTON
485.2	2801860	MS	HINDS CO SCHOOL DIST
485.2	1806570	IN	MICHIGAN CITY AREA SCHOOLS
483.7	3904700	OH	REYNOLDSBURG CITY
483.5	1915450	IA	JOHNSTON COMM SCHOOL DISTRICT
483.3	1801890	IN	CLARK-PLEASANT COM SCHOOL CORP
483.3	0604020	CA	BARSTOW UNIFIED
482.8	5103810	VA	TAZEWELL CO PBLC SCHS
482.8	0600025	CA	MANHATTAN BEACH UNIFIED
482.2	4810710	TX	BOERNE ISD
481.7	1711790	IL	DANVILLE CCSD 118
481.3	4900600	UT	MURRAY DISTRICT
481.2	1805580	IN	LAPORTE COMMUNITY SCHOOL CORP
480.5	4020970	OK	MUSKOGEE
479.8	3904420	OH	LANCASTER CITY
479.7	2801620	MS	GREENVILLE PUBLIC SCHOOLS
479.5	4824030	TX	HUNTSVILLE ISD
479.0	1201830	FL	SUWANNEE
478.3	1700119	IL	NORTH SHORE SD 112
478.2	1926820	IA	SOUTHEAST POLK COMM SCHOOL DISTRICT
477.8	3500030	NM	ALAMOGORDO PUBLIC SCHOOLS
477.7	1304440	GA	ROME CITY
477.3	3608160	NY	CONNETQUOT CENTRAL SCHOOL DISTRICT
477.2	0630780	CA	PLACERVILLE UNION ELEMENTARY
476.8	5501770	WI	ELMBROOK SCHOOL DISTRICT
476.3	1739510	IL	TROY CCSD 30C
475.8	3703540	NC	PASQUOTANK COUNTY SCHOOLS
475.8	3628560	NY	SYOSSET CENTRAL SCHOOL DISTRICT
475.7	0901620	CT	GLASTONBURY SCHOOL DISTRICT
475.3	1712000	IL	DEKALB CUSD 428
474.8	2602790	MI	ANCHOR BAY SCHOOL DISTRICT
474.7	4501830	SC	COLLETON 01
474.7	0640300	CA	UKIAH UNIFIED
474.3	5103090	VA	PRINCE GEORGE CO PBLC SCHS
474.3	3904360	OH	BEREA CITY
474.0	1802800	IN	DUNELAND SCHOOL CORPORATION
473.7	2503540	MA	CHELSEA
473.5	3704200	NC	SCOTLAND COUNTY SCHOOLS
473.5	2926640	MO	RITENOUR
473.3	3170110	NE	ELKHORN PUBLIC SCHOOLS
473.2	0904740	CT	WALLINGFORD SCHOOL DISTRICT
472.8	3500300	NM	CARLSBAD MUNICIPAL SCHOOLS
472.8	1730840	IL	PARK RIDGE CCSD 64
472.5	5305760	WA	NORTH KITSAP SCHOOL DISTRICT
472.3	5104080	VA	WISE CO PBLC SCHS
472.3	4107020	OR	KLAMATH COUNTY SD
472.2	2009140	KS	MAIZE
472.2	1710650	IL	COLLINSVILLE CUSD 10
472.2	1703150	IL	ADDISON SD 4
472.0	1705220	IL	BATAVIA USD 101
471.3	2506270	MA	HOLYOKE
471.2	4826670	TX	LANCASTER ISD
471.2	2510770	MA	SHREWSBURY
470.3	3905042	OH	SPRINGBORO COMMUNITY CITY
470.2	1743330	IL	WOODSTOCK CUSD 200
469.8	5507530	WI	LA CROSSE SCHOOL DISTRICT
469.8	3629280	NY	UNIONDALE UNION FREE SCHOOL DISTRICT
469.7	3417610	NJ	WEST ORANGE
469.3	4701290	TN	FRANKLIN COUNTY SCHOOL DISTRCT
468.8	3400960	NJ	ATLANTIC CITY
468.7	4107230	OR	LAKE OSWEGO SD 7J
468.5	2636485	MI	WOODHAVEN-BROWNSTOWN SCHOOL DISTRICT
468.3	2931440	MO	WAYNESVILLE R-VI
468.3	2009180	KS	MANHATTAN-OGDEN
468.0	4103480	OR	CORVALLIS SD 509J
467.8	2801710	MS	GULFPORT SCHOOL DIST
467.5	3621270	NY	NORTHPORT-EAST NORTHPORT UNION FREE SCHOOL DISTRICT
467.2	4700090	TN	ANDERSON COUNTY SCHOOL DISTRCT
466.5	4110710	OR	DOUGLAS COUNTY SD 4
466.0	2200630	LA	EVANGELINE PARISH
465.3	2930450	MO	TROY R-III
464.7	4808310	TX	ANGLETON ISD
464.3	2618840	MI	HUDSONVILLE PUBLIC SCHOOL DISTRICT
464.0	1303270	GA	LEE COUNTY
463.7	5101110	VA	DANVILLE CITY PBLC SCHS
463.7	2003360	KS	ANDOVER
463.3	1001620	DE	SMYRNA SCHOOL DISTRICT
463.3	0404280	AZ	LAKE HAVASU UNIFIED DISTRICT
462.8	5400690	WV	LOGAN COUNTY SCHOOLS
462.5	4207230	PA	DALLASTOWN AREA SD
462.5	0101320	AL	ENTERPRISE CITY
462.2	2708100	MN	CENTENNIAL PUBLIC SCHOOL DISTRICT
461.8	1811970	IN	VALPARAISO COMMUNITY SCHOOLS
461.7	2400720	MD	WORCESTER COUNTY PUBLIC SCHOOLS
461.5	4901110	UT	WASATCH DISTRICT
461.2	4842510	TX	TEXAS CITY ISD
461.0	3904875	OH	HUBER HEIGHTS CITY
461.0	1305430	GA	WARE COUNTY
460.3	4829160	TX	MARSHALL ISD
460.3	0508040	AR	WEST MEMPHIS SCHOOL DISTRICT
460.0	4837740	TX	ROMA ISD
460.0	1602670	ID	POST FALLS DISTRICT
459.8	3610890	NY	FAIRPORT CENTRAL SCHOOL DISTRICT
459.7	4815330	TX	CORSICANA ISD
459.7	2626130	MI	NOVI COMMUNITY SCHOOL DISTRICT
459.3	4211760	PA	HEMPFIELD AREA SD
459.0	3200090	NV	DOUGLAS COUNTY SCHOOL DISTRICT
459.0	2506780	MA	LEOMINSTER
458.8	5510320	WI	NEENAH SCHOOL DISTRICT
458.8	2102010	KY	FRANKLIN COUNTY
458.5	4105160	OR	FOREST GROVE SD 15
458.5	1703600	IL	ALTON CUSD 11
458.5	0405670	AZ	OSBORN ELEMENTARY DISTRICT
458.3	5309450	WA	WALLA WALLA SCHOOL DISTRICT
458.3	2502670	MA	BILLERICA
457.8	1741550	IL	WEST CHICAGO ESD 33
457.2	3500390	NM	CENTRAL CONSOLIDATED SCHOOLS
457.0	5103510	VA	SHENANDOAH CO PBLC SCHS
457.0	4401200	RI	WOONSOCKET
456.7	3627300	NY	SOUTH HUNTINGTON UNION FREE SCHOOL DISTRICT
456.7	0805790	CO	MONTROSE COUNTY SCHOOL DISTRICT RE-1J
456.5	3611550	NY	FREEPORT UNION FREE SCHOOL DISTRICT
456.5	3604870	NY	BINGHAMTON CITY SCHOOL DISTRICT
456.2	3617380	NY	LINDENHURST UNION FREE SCHOOL DISTRICT
455.5	4113530	OR	WOODBURN SD 103
455.0	4218930	PA	PERKIOMEN VALLEY SD
454.7	2510890	MA	SOMERVILLE
452.7	4205490	PA	CENTRAL YORK SD
452.2	0600065	CA	DINUBA UNIFIED
451.8	3410500	NJ	MONROE TOWNSHIP
451.5	0513410	AR	VAN BUREN SCHOOL DISTRICT
450.8	3178660	NE	WESTSIDE COMMUNITY SCHOOLS
449.3	3411490	NJ	NORTH BRUNSWICK TOWNSHIP
449.2	0901860	CT	HAMDEN SCHOOL DISTRICT
448.5	4835070	TX	PLAINVIEW ISD
448.5	2200180	LA	BEAUREGARD PARISH
448.3	4102040	OR	BETHEL SD 52
447.8	4824100	TX	HUTTO ISD
447.7	3413830	NJ	RIDGEWOOD VILLAGE
447.7	1201140	FL	LEVY
447.2	0405530	AZ	NOGALES UNIFIED DISTRICT
447.0	3703630	NC	PERSON COUNTY SCHOOLS
446.7	3410950	NJ	MOUNT LAUREL TOWNSHIP
446.7	3408220	NJ	LAKEWOOD TOWNSHIP
446.3	2200990	LA	LINCOLN PARISH
446.2	0404320	AZ	LIBERTY ELEMENTARY DISTRICT
445.8	2923730	MO	RAYMORE-PECULIAR R-II
445.3	4830250	TX	MERCEDES ISD
445.2	3405640	NJ	FREEHOLD TOWNSHIP
445.2	1720760	IL	KANKAKEE SD 111
445.0	4503030	SC	NEWBERRY 01
444.8	4214580	PA	MANHEIM TOWNSHIP SD
444.8	3904493	OH	UPPER ARLINGTON CITY
444.7	3610980	NY	FARMINGDALE UNION FREE SCHOOL DISTRICT
444.2	5509510	WI	MIDDLETON-CROSS PLAINS SCHOOL DISTRICT
444.2	0632640	CA	RINCON VALLEY UNION ELEMENTARY
443.3	3904499	OH	WARREN CITY
443.3	2502940	MA	BRAINTREE
443.0	3904421	OH	LEBANON CITY
442.8	0407300	AZ	SAHUARITA UNIFIED DISTRICT
442.7	4700510	TN	CARTER COUNTY SCHOOL DISTRICT
442.7	0403990	AZ	J O COMBS UNIFIED SCHOOL DISTRICT
442.5	2707200	MN	BUFFALO PUBLIC SCHOOL DISTRICT
442.5	0625320	CA	MONROVIA UNIFIED
442.3	0508280	AR	JONESBORO SCHOOL DISTRICT
442.2	4028680	OK	STILLWATER
442.2	2621180	MI	LAPEER COMMUNITY SCHOOLS
442.0	4700420	TN	CAMPBELL COUNTY SCHOOL DISTRCT
442.0	3410470	NJ	MONROE TOWNSHIP
441.8	3904439	OH	MIAMISBURG CITY
441.2	0609940	CA	COTATI-ROHNERT PARK UNIFIED
441.0	2509630	MA	PITTSFIELD
440.5	2509360	MA	PEABODY
439.8	0632310	CA	RESCUE UNION ELEMENTARY
439.5	2624150	MI	MONROE PUBLIC SCHOOLS
439.3	0905040	CT	WESTPORT SCHOOL DISTRICT
439.0	3904484	OH	STRONGSVILLE CITY
439.0	3703120	NC	MOORESVILLE CITY SCHOOLS
438.2	0621330	CA	LEMON GROVE
437.8	4818540	TX	ENNIS ISD
437.8	3408820	NJ	LIVINGSTON TOWNSHIP
437.8	0804260	CO	ROARING FORK SCHOOL DISTRICT NO. RE-1
437.7	1719290	IL	HINSDALE CCSD 181
437.7	1717520	IL	GRAYSLAKE CCSD 46
437.5	5300810	WA	CAMAS SCHOOL DISTRICT
437.5	0101830	AL	JACKSON COUNTY
437.2	4226580	PA	WILSON  SD
437.2	3616620	NY	LAKELAND CENTRAL SCHOOL DISTRICT
437.0	2503030	MA	BRIDGEWATER-RAYNHAM
436.8	1601770	ID	KUNA JOINT DISTRICT
436.7	0630030	CA	PATTERSON JOINT UNIFIED
436.2	4702520	TN	LOUDON COUNTY SCHOOL DISTRICT
436.2	3702430	NC	KANNAPOLIS CITY SCHOOLS
436.0	3616680	NY	LANCASTER CENTRAL SCHOOL DISTRICT
435.8	0636800	CA	SIERRA SANDS UNIFIED
435.3	3623160	NY	PITTSFORD CENTRAL SCHOOL DISTRICT
435.3	2508370	MA	NEEDHAM
435.2	1743960	IL	YORKVILLE CUSD 115
435.0	0632040	CA	REDDING ELEMENTARY
434.8	5305940	WA	OAK HARBOR SCHOOL DISTRICT
434.5	2617520	MI	HAMTRAMCK PUBLIC SCHOOLS
434.3	3904699	OH	NEW ALBANY-PLAIN LOCAL
434.2	1802830	IN	ZIONSVILLE COMMUNITY SCHOOLS
434.2	0614790	CA	GALT JOINT UNION ELEMENTARY
433.8	2003200	KS	AUBURN WASHBURN
433.3	4211670	PA	HAVERFORD TOWNSHIP SD
433.3	4205190	PA	CENTENNIAL SD
432.8	4812780	TX	CANUTILLO ISD
432.7	1726310	IL	MINOOKA CCSD 201
432.5	0606570	CA	BURTON ELEMENTARY
432.2	2922530	MO	NIXA R-II
431.3	2504770	MA	EVERETT
431.2	5605302	WY	SWEETWATER COUNTY SCHOOL DISTRICT #1
430.8	5309100	WA	TUMWATER SCHOOL DISTRICT
430.8	4819380	TX	FLOUR BLUFF ISD
430.8	0100006	AL	MARSHALL COUNTY
430.3	1716380	IL	GENEVA CUSD 304
429.8	4809200	TX	AZLE ISD
429.8	4220100	PA	RED LION AREA SD
429.0	3705040	NC	YADKIN COUNTY SCHOOLS
429.0	2502190	MA	ATTLEBORO
428.7	3904993	OH	PLAIN LOCAL
428.7	3004560	MT	BOZEMAN ELEM
428.2	1718570	IL	HAWTHORN CCSD 73
427.8	1804710	IN	HUNTINGTON CO COM SCH CORP
427.5	3904379	OH	CLEVELAND HEIGHTS-UNIVERSITY HEIGHTS CITY
427.3	0101620	AL	GADSDEN CITY
426.7	5101620	VA	GLOUCESTER CO PBLC SCHS
426.3	1200750	FL	HARDEE
425.7	0612810	CA	ENTERPRISE ELEMENTARY
425.5	2624840	MI	MUSKEGON CITY SCHOOL DISTRICT
425.5	0631860	CA	RAVENSWOOD CITY ELEMENTARY
425.3	2200810	LA	JEFFERSON DAVIS PARISH
425.2	2600016	MI	CRESTWOOD SCHOOL DISTRICT
425.0	3904387	OH	DELAWARE CITY
425.0	2636660	MI	ZEELAND PUBLIC SCHOOLS
425.0	1706480	IL	BLOOMINGTON SD 87
424.7	2636630	MI	SCHOOL DISTRICT OF YPSILANTI
423.8	4105910	OR	GRANTS PASS SD 7
423.7	3414670	NJ	SCOTCH PLAINS-FANWOOD
423.7	2606870	MI	BRIGHTON AREA SCHOOLS
423.3	1721900	IL	LAKE ZURICH CUSD 95
423.0	5506690	WI	HUDSON SCHOOL DISTRICT
422.8	3172390	NE	KEARNEY PUBLIC SCHOOLS
422.7	4217370	PA	NORTHAMPTON AREA SD
422.7	3401830	NJ	BLOOMFIELD TOWNSHIP
422.5	5510830	WI	OAK CREEK-FRANKLIN SCHOOL DISTRICT
422.5	4003630	OK	BARTLESVILLE
422.5	2721420	MN	MOORHEAD PUBLIC SCHOOL DISTRICT
422.3	3904985	OH	JACKSON LOCAL
421.5	3700090	NC	ALEXANDER COUNTY SCHOOLS
420.8	0635730	CA	SANTA PAULA ELEMENTARY
419.7	3624690	NY	RIVERHEAD CENTRAL SCHOOL DISTRICT
419.5	2918690	MO	LINDBERGH R-VIII
419.0	1301710	GA	DECATUR COUNTY
418.2	3414640	NJ	SAYREVILLE
417.8	2923430	MO	OZARK R-VI
417.7	4700690	TN	CLEVELAND CITY SCHOOL DISTRICT
417.7	4202590	PA	ARMSTRONG SD
417.0	0631710	CA	RAMONA CITY UNIFIED
416.8	0605790	CA	BRAWLEY ELEMENTARY
416.3	4821720	TX	GREENVILLE ISD
416.3	4226460	PA	WILLIAMSPORT AREA SD
416.3	2803360	MS	OCEAN SPRINGS SCHOOL DIST
416.2	3904419	OH	LAKEWOOD CITY
416.2	0636990	CA	SOLANA BEACH ELEMENTARY
415.8	2501980	MA	ARLINGTON
415.2	3612510	NY	GREAT NECK UNION FREE SCHOOL DISTRICT
415.0	4219890	PA	QUAKERTOWN COMMUNITY SD
414.8	4502610	SC	LAURENS 55
414.7	2616470	MI	GRANDVILLE PUBLIC SCHOOLS
414.5	3621570	NY	OCEANSIDE UNION FREE SCHOOL DISTRICT
414.3	3500690	NM	DEMING PUBLIC SCHOOLS
414.3	2611430	MI	DAVISON COMMUNITY SCHOOLS
414.3	1600660	ID	CASSIA COUNTY JOINT DISTRICT
414.3	0903120	CT	NORWICH SCHOOL DISTRICT
414.2	0902490	CT	MIDDLETOWN SCHOOL DISTRICT
414.0	5101770	VA	HALIFAX CO PBLC SCHS
414.0	4818060	TX	EDCOUCH-ELSA ISD
414.0	4215270	PA	MIDLAND BOROUGH SD
413.8	0901470	CT	ENFIELD SCHOOL DISTRICT
413.7	3418060	NJ	WINSLOW TOWNSHIP
413.7	1305550	GA	WAYNE COUNTY
413.5	4844430	TX	WALLER ISD
413.0	5513170	WI	D C EVEREST AREA SCHOOL DISTRICT
412.8	3604080	NY	BAY SHORE UNION FREE SCHOOL DISTRICT
412.7	3402250	NJ	BRIDGETON
412.7	2201410	LA	ST. BERNARD PARISH
412.5	3407890	NJ	KEARNY
412.3	1303150	GA	JONES COUNTY
412.2	2100081	KY	MUHLENBERG COUNTY
412.2	0624570	CA	MENLO PARK CITY ELEMENTARY
411.7	2923700	MO	PATTONVILLE R-III
411.5	3404890	NJ	EVESHAM TOWNSHIP
411.0	2512630	MA	WESTFIELD
411.0	1200420	FL	DESOTO
411.0	0402530	AZ	DOUGLAS UNIFIED DISTRICT
410.8	3904547	OH	MARYSVILLE EXEMPTED VILLAGE
410.7	0627450	CA	NORRIS ELEMENTARY
410.5	4702820	TN	MCMINN COUNTY SCHOOL DISTRICT
410.3	4007620	OK	CHOCTAW/NICOMA PARK
410.2	4501530	SC	CHESTER 01
410.2	2512270	MA	WELLESLEY
410.2	0406730	AZ	PRESCOTT UNIFIED DISTRICT
410.0	2925450	MO	POPLAR BLUFF R-I
409.3	4106300	OR	HERMISTON SD 8
409.3	1809510	IN	RICHMOND COMMUNITY SCHOOLS
409.3	0605880	CA	BREA-OLINDA UNIFIED
409.2	2618480	MI	HOLT PUBLIC SCHOOLS
409.0	4215290	PA	MIFFLIN COUNTY SD
408.8	3401650	NJ	BERNARDS TOWNSHIP
408.8	0400790	AZ	APACHE JUNCTION UNIFIED DISTRICT
408.5	1742600	IL	WILMETTE SD 39
408.5	1710470	IL	CCSD 93
408.2	3603870	NY	BALDWINSVILLE CENTRAL SCHOOL DISTRICT
407.2	4701260	TN	FRANKLIN CITY ELEMENTARY S/D
407.2	3625170	NY	RUSH-HENRIETTA CENTRAL SCHOOL DISTRICT
407.0	1706090	IL	BERWYN SOUTH SD 100
406.7	4819950	TX	FRIENDSWOOD ISD
406.5	2502310	MA	BARNSTABLE
406.2	4818810	TX	EVERMAN ISD
405.7	4702670	TN	MARSHALL COUNTY SCHOOL DISTRCT
405.5	1806510	IN	M S D MARTINSVILLE SCHOOLS
405.3	2400180	MD	CAROLINE COUNTY PUBLIC SCHOOLS
405.3	0401500	AZ	BULLHEAD CITY SCHOOL DISTRICT
405.2	3904467	OH	PRINCETON CITY
404.8	4807800	TX	ALICE ISD
404.8	2504890	MA	FITCHBURG
404.8	1200060	FL	BAKER
404.2	2636570	MI	WYOMING PUBLIC SCHOOLS
404.0	0500026	AR	PINE BLUFF SCHOOL DISTRICT
403.7	2503510	MA	CHELMSFORD
403.2	3408610	NJ	LINDEN
403.2	2632340	MI	SOUTHGATE COMMUNITY SCHOOL DISTRICT
403.0	4226390	PA	WILLIAM PENN SD
402.3	1806840	IN	SCHOOL CITY OF MISHAWAKA
402.2	3200360	NV	NYE COUNTY SCHOOL DISTRICT
402.2	2800630	MS	BILOXI PUBLIC SCHOOL DIST
402.2	2512660	MA	WESTFORD
401.8	5302310	WA	EASTMONT SCHOOL DISTRICT
401.7	4840920	TX	SOUTHSIDE ISD
401.5	4400330	RI	EAST PROVIDENCE
401.5	2704440	MN	BEMIDJI PUBLIC SCHOOL DISTRICT
401.5	2508340	MA	NATICK
401.5	0634425	CA	SAN GABRIEL UNIFIED
401.2	2101200	KY	CLARK COUNTY
401.0	3618240	NY	MAMARONECK UNION FREE SCHOOL DISTRICT
400.3	1719500	IL	HOMER CCSD 33C
399.7	3904872	OH	NORTHMONT CITY
399.0	3904475	OH	SHAKER HEIGHTS CITY
399.0	3623010	NY	PINE BUSH CENTRAL SCHOOL DISTRICT
398.5	1601920	ID	MADISON DISTRICT
398.3	5103870	VA	WARREN CO PBLC SCHS
398.2	3904483	OH	STOW-MUNROE FALLS CITY
397.7	5506630	WI	HOWARD-SUAMICO SCHOOL DISTRICT
397.5	0512060	AR	RUSSELLVILLE SCHOOL DISTRICT
397.2	1807860	IN	NORTH LAWRENCE COM SCHOOLS
396.5	4220370	PA	RIDLEY SD
395.7	2006420	KS	GARDNER EDGERTON
395.3	2201860	LA	WASHINGTON PARISH
394.7	3413650	NJ	RANDOLPH TOWNSHIP
393.8	4703000	TN	MONROE COUNTY SCHOOL DISTRICT
393.5	5102010	VA	ISLE OF WIGHT CO PBLC SCHS
393.5	2733330	MN	SPRING LAKE PARK PUBLIC SCHOOLS
393.3	2006540	KS	GODDARD
393.2	1721270	IL	KIRBY SD 140
393.0	5310140	WA	YELM SCHOOL DISTRICT
393.0	0639630	CA	TRAVIS UNIFIED
392.7	5300240	WA	ARLINGTON SCHOOL DISTRICT
392.7	4218270	PA	OWEN J ROBERTS SD
392.7	4216110	PA	MT LEBANON SD
392.7	3910000	OH	FINDLAY CITY
392.7	1920130	IA	MUSCATINE COMM SCHOOL DISTRICT
392.7	0608190	CA	CHARTER OAK UNIFIED
392.5	4108720	OR	NEWBERG SD 29J
392.3	5100060	VA	ACCOMACK CO PBLC SCHS
392.3	3404320	NJ	EAST WINDSOR REGIONAL
392.2	5300660	WA	BREMERTON SCHOOL DISTRICT
391.3	2612450	MI	EAST DETROIT PUBLIC SCHOOLS
391.2	2630090	MI	ROMEO COMMUNITY SCHOOLS
391.0	0904050	CT	SHELTON SCHOOL DISTRICT
390.7	3624900	NY	ROME CITY SCHOOL DISTRICT
390.5	0903810	CT	RIDGEFIELD SCHOOL DISTRICT
390.3	2618420	MI	HOLLAND CITY SCHOOL DISTRICT
390.2	2307320	ME	LEWISTON SCHOOL DEPARTMENT
390.0	4400270	RI	CUMBERLAND
390.0	3500900	NM	ESPANOLA PUBLIC SCHOOLS
389.7	1716800	IL	GLEN ELLYN SD 41
389.5	3405190	NJ	FLEMINGTON-RARITAN REGION
389.5	1705610	IL	BELLEVILLE SD 118
389.3	2607620	MI	CALEDONIA COMMUNITY SCHOOLS
389.2	4900750	UT	PARK CITY DISTRICT
388.0	3600971	NY	NORTH COLONIE CSD
387.8	2904620	MO	BELTON 124
387.8	0806240	CO	GARFIELD SCHOOL DISTRICT NO. RE-2
387.7	0630230	CA	PETALUMA CITY ELEMENTARY
387.5	4222860	PA	STROUDSBURG AREA SD
387.3	3615630	NY	JAMESTOWN CITY SCHOOL DISTRICT
387.3	3302610	NH	DERRY SCHOOL DISTRICT
387.3	1201950	FL	WAKULLA
387.2	3623580	NY	PORT WASHINGTON UNION FREE SCHOOL DISTRICT
386.5	1000170	DE	CAPE HENLOPEN SCHOOL DISTRICT
386.3	4111290	OR	SHERWOOD SD 88J
386.3	3621900	NY	ORCHARD PARK CENTRAL SCHOOL DISTRICT
386.2	4824590	TX	JACKSONVILLE ISD
386.2	4702370	TN	LEBANON CITY ELEMENTARY S/D
386.2	4219290	PA	PLEASANT VALLEY SD
386.0	3614340	NY	HICKSVILLE UNION FREE SCHOOL DISTRICT
385.7	1706510	IL	COOK COUNTY SD 130
385.7	0603270	CA	ARVIN UNION ELEMENTARY
385.5	0600034	CA	WINDSOR UNIFIED
385.3	2008730	KS	LIBERAL
385.2	0604530	CA	BELMONT-REDWOOD SHORES ELEMENTARY
385.0	4503810	SC	YORK 01
385.0	3615570	NY	ITHACA CITY SCHOOL DISTRICT
384.8	2201230	LA	PLAQUEMINES PARISH
384.3	4217940	PA	NORWIN SD
384.3	0641250	CA	WALNUT CREEK ELEMENTARY
384.2	4702700	TN	MARYVILLE CITY SCHOOL DISTRICT
384.0	3700390	NC	BLADEN COUNTY SCHOOLS
384.0	0901050	CT	DARIEN SCHOOL DISTRICT
383.8	5101860	VA	HARRISONBURG CITY PBLC SCHS
383.8	0637560	CA	SOUTH WHITTIER ELEMENTARY
383.7	2507320	MA	MARLBOROUGH
383.5	5309180	WA	UNIVERSITY PLACE SCHOOL DISTRICT
383.5	0902910	CT	NEWTOWN SCHOOL DISTRICT
382.8	2604830	MI	BENTON HARBOR AREA SCHOOLS
382.8	1713140	IL	EAST MAINE SD 63
382.7	4836000	TX	PROSPER ISD
382.7	4004500	OK	BIXBY
381.8	4204890	PA	CANON-MCMILLAN SD
381.2	1600270	ID	BLACKFOOT DISTRICT
380.8	4205010	PA	CARLISLE AREA SD
380.8	3701110	NC	DARE COUNTY SCHOOLS
380.7	3910014	OH	RIVERSIDE LOCAL
380.5	2802730	MS	LOWNDES CO SCHOOL DIST
380.2	4214250	PA	METHACTON SD
380.2	3904486	OH	SYCAMORE COMMUNITY CITY
379.8	2707410	MN	CAMBRIDGE-ISANTI PUBLIC SCHOOL DIST
379.7	4225950	PA	WYOMING VALLEY WEST SD
379.7	0638980	CA	TEMPLE CITY UNIFIED
379.2	2630300	MI	SCHOOL DISTRICT OF THE CITY OF ROYAL OAK
379.2	2201110	LA	MOREHOUSE PARISH
378.8	3410320	NJ	MILLVILLE
378.5	3623220	NY	PLAINVIEW-OLD BETHPAGE CENTRAL SCHOOL DISTRICT
378.3	5401050	WV	OHIO COUNTY SCHOOLS
378.3	4400210	RI	COVENTRY
378.3	3700240	NC	ASHEBORO CITY SCHOOLS
378.3	2916770	MO	KIRKWOOD R-VII
378.3	1304620	GA	SUMTER COUNTY
378.0	5515330	WI	VERONA AREA SCHOOL DISTRICT
378.0	1803690	IN	FRANKLIN COMMUNITY SCHOOL CORP
377.3	3410810	NJ	MORRIS SCHOOL DISTRICT
377.2	3904829	OH	AUSTINTOWN LOCAL
377.2	3904422	OH	LIMA CITY
376.7	1907860	IA	COLLEGE COMM SCHOOL DISTRICT
375.8	5309720	WA	WEST VALLEY SCHOOL DISTRICT (YAKIMA)
375.8	1738220	IL	SUMMIT HILL SD 161
375.8	0619490	CA	KERMAN UNIFIED
375.7	2200039	LA	ZACHARY COMMUNITY SCHOOL DISTRICT
375.5	3405760	NJ	GARFIELD
375.3	5102820	VA	ORANGE CO PBLC SCHS
375.0	0607140	CA	CAMBRIAN
375.0	0600062	CA	OAKDALE JOINT UNIFIED
374.7	4218630	PA	PENN MANOR SD
374.7	3412270	NJ	CITY OF ORANGE TOWNSHIP
374.7	3410200	NJ	MILLBURN TOWNSHIP
374.5	0621450	CA	RICHLAND UNION ELEMENTARY
374.3	2733540	MN	ST. FRANCIS PUBLIC SCHOOL DISTRICT
374.3	2508730	MA	NORTH ATTLEBOROUGH
374.2	5308460	WA	STEILACOOM HIST. SCHOOL DISTRICT
374.0	3625950	NY	SCARSDALE UNION FREE SCHOOL DISTRICT
373.7	0607740	CA	CASTAIC UNION ELEMENTARY
373.5	5400390	WV	GREENBRIER COUNTY SCHOOLS
373.3	4831760	TX	MOUNT PLEASANT ISD
373.0	4815750	TX	CROSBY ISD
372.8	1724480	IL	KANELAND CUSD 302
372.7	0635590	CA	SANTA CRUZ CITY ELEMENTARY
372.3	4210590	PA	GARNET VALLEY SD
372.2	5300003	WA	KELSO SCHOOL DISTRICT
372.2	4838220	TX	ROYSE CITY ISD
372.2	2614820	MI	FRASER PUBLIC SCHOOLS
371.8	3608400	NY	CORNING CITY SCHOOL DISTRICT
371.7	2604470	MI	BEDFORD PUBLIC SCHOOLS
371.7	1808970	IN	PLAINFIELD COMMUNITY SCH CORP
371.7	1601570	ID	JEFFERSON COUNTY JT DISTRICT
371.2	0641400	CA	WASCO UNION ELEMENTARY
371.0	2912290	MO	FORT OSAGE R-I
370.8	3405730	NJ	GALLOWAY TOWNSHIP
370.8	2007620	KS	HUTCHINSON PUBLIC SCHOOLS
370.8	1802400	IN	CONCORD COMMUNITY SCHOOLS
370.7	2103150	KY	KNOX COUNTY
370.5	2630660	MI	SALINE AREA SCHOOLS
369.8	2103810	KY	MARSHALL COUNTY
369.5	3702190	NC	HICKORY CITY SCHOOLS
369.5	2926220	MO	REPUBLIC R-III
369.3	2508700	MA	NORTH ANDOVER
369.3	1729760	IL	O FALLON CCSD 90
369.2	3904383	OH	CUYAHOGA FALLS CITY
369.0	2104050	KY	MEADE COUNTY
369.0	1304890	GA	THOMAS COUNTY
368.8	4224820	PA	WARREN COUNTY SD
368.8	4206660	PA	CONNELLSVILLE AREA SD
368.7	4503480	SC	SPARTANBURG 01
368.7	3904429	OH	MANSFIELD CITY
368.7	2510380	MA	SALEM
368.5	1918720	IA	MARSHALLTOWN COMM SCHOOL DISTRICT
368.3	2927830	MO	SEDALIA 200
368.3	2616410	MI	GRAND LEDGE PUBLIC SCHOOLS
368.3	0620310	CA	LAFAYETTE ELEMENTARY
368.2	3904820	OH	ANTHONY WAYNE LOCAL
367.8	1731080	IL	PEKIN PSD 108
367.7	3630690	NY	WEST ISLIP UNION FREE SCHOOL DISTRICT
367.5	2928920	MO	ST. CHARLES R-VI
367.3	0803480	CO	DURANGO SCHOOL DISTRICT NO. 9-R
367.2	0100330	AL	BESSEMER CITY
366.8	4211610	PA	HATBORO-HORSHAM SD
366.8	3613080	NY	GUILDERLAND CENTRAL SCHOOL DISTRICT
366.7	3904433	OH	MARION CITY
366.7	0904590	CT	TORRINGTON SCHOOL DISTRICT
366.5	3904558	OH	PERRYSBURG EXEMPTED VILLAGE
366.3	4900240	UT	DUCHESNE DISTRICT
366.3	2513200	MA	WOBURN
366.3	0901770	CT	GROTON SCHOOL DISTRICT
366.2	0102040	AL	LAWRENCE COUNTY
365.5	2200750	LA	IBERVILLE PARISH
365.3	4900930	UT	SEVIER DISTRICT
365.3	3904515	OH	XENIA COMMUNITY CITY
365.3	3611670	NY	FRONTIER CENTRAL SCHOOL DISTRICT
365.3	0200001	AK	LOWER KUSKOKWIM SCHOOL DISTRICT
365.2	2507560	MA	MEDFORD
365.2	1906510	IA	CEDAR FALLS COMM SCHOOL DISTRICT
365.2	0101350	AL	ESCAMBIA COUNTY
365.0	0803330	CO	DELTA COUNTY JOINT DISTRICT NO. 50
364.8	4824930	TX	JOSHUA ISD
364.7	5100420	VA	BOTETOURT CO PBLC SCHS
364.7	4832280	TX	NEDERLAND ISD
364.3	0401050	AZ	BALSZ ELEMENTARY DISTRICT
364.2	4503780	SC	WILLIAMSBURG 01
364.2	1740350	IL	SD 45 DUPAGE COUNTY
363.8	0634290	CA	SAN CARLOS ELEMENTARY
363.8	0611910	CA	EASTSIDE UNION ELEMENTARY
363.7	5510890	WI	OCONOMOWOC AREA SCHOOL DISTRICT
363.7	3623760	NY	POUGHKEEPSIE CITY SCHOOL DISTRICT
363.7	2512000	MA	WALTHAM
363.3	2104250	KY	MONTGOMERY COUNTY
363.3	0637200	CA	SONOMA VALLEY UNIFIED
363.2	5508610	WI	MANITOWOC SCHOOL DISTRICT
363.2	1303480	GA	MADISON COUNTY
363.2	0637050	CA	SOLEDAD UNIFIED
362.7	3607590	NY	CLARENCE CENTRAL SCHOOL DISTRICT
362.7	2501680	MA	ACTON
362.5	1706060	IL	BERWYN NORTH SD 98
362.2	4207530	PA	DELAWARE VALLEY SD
361.7	1805190	IN	JENNINGS COUNTY SCHOOLS
361.5	2102540	KY	HARLAN COUNTY
361.3	1302460	GA	GRADY COUNTY
361.3	0502960	AR	BENTON SCHOOL DISTRICT
361.2	4825590	TX	KERRVILLE ISD
361.0	2513110	MA	WINCHESTER
360.7	4024690	OK	PONCA CITY
360.0	2801200	MS	COLUMBUS MUNICIPAL SCHOOL DIST
359.8	5517070	WI	WISCONSIN RAPIDS SCHOOL DISTRICT
359.5	3617670	NY	LOCKPORT CITY SCHOOL DISTRICT
359.3	2627240	MI	OXFORD COMMUNITY SCHOOLS
359.2	4844160	TX	VIDOR ISD
359.0	4834980	TX	PINE TREE ISD
358.8	4702310	TN	LAUDERDALE COUNTY SCHOOL DIST
358.8	4216500	PA	WOODLAND HILLS SD
358.8	2621600	MI	LINCOLN PARK PUBLIC SCHOOLS
358.7	5400540	WV	JACKSON COUNTY SCHOOLS
358.7	2200510	LA	DESOTO PARISH
358.2	2606090	MI	BLOOMFIELD HILLS SCHOOL DISTRICT
358.0	4816410	TX	DAYTON ISD
358.0	2804050	MS	SOUTH PANOLA SCHOOL DISTRICT
357.3	2703450	MN	AUSTIN PUBLIC SCHOOL DISTRICT
356.8	4827870	TX	LOCKHART ISD
356.8	1300870	GA	CARROLLTON CITY
356.7	4700630	TN	CLAIBORNE COUNTY SCHOOL DIST
355.8	3412810	NJ	PEMBERTON TOWNSHIP
355.7	2100300	KY	BARREN CO
355.5	5102280	VA	LOUISA CO PBLC SCHS
355.3	4800008	TX	DRIPPING SPRINGS ISD
355.3	4219050	PA	PHOENIXVILLE AREA SD
355.3	1601860	ID	LEWISTON INDEPENDENT DISTRICT
355.2	4815180	TX	LUBBOCK-COOPER ISD
355.2	2731750	MN	RICHFIELD PUBLIC SCHOOL DISTRICT
355.0	3603840	NY	BALDWIN UNION FREE SCHOOL DISTRICT
355.0	0607900	CA	CENTER JOINT UNIFIED
354.8	3904427	OH	LOVELAND CITY
354.8	2801090	MS	CLINTON PUBLIC SCHOOL DIST
354.7	2618450	MI	HOLLY AREA SCHOOL DISTRICT
354.5	0621360	CA	LEMOORE UNION ELEMENTARY
354.5	0603840	CA	BANNING UNIFIED
354.3	3608310	NY	COPIAGUE UNION FREE SCHOOL DISTRICT
354.0	3604710	NY	BETHLEHEM CENTRAL SCHOOL DISTRICT
353.8	4817610	TX	DUMAS ISD
353.8	1302700	GA	HARRIS COUNTY
353.8	0200210	AK	JUNEAU BOROUGH SCHOOL DISTRICT
353.7	5502550	WI	CHIPPEWA FALLS AREA SCHOOL DISTRICT
353.7	2728050	MN	OWATONNA PUBLIC SCHOOL DISTRICT
353.5	3408940	NJ	LONG BRANCH
353.3	3904660	OH	SOLON CITY
353.2	4213440	PA	LEBANON SD
353.2	4107500	OR	LINCOLN COUNTY SD
353.0	1711250	IL	CRETE MONEE CUSD 201U
352.5	5302850	WA	FERNDALE SCHOOL DISTRICT
352.5	2101020	KY	CARTER COUNTY
352.3	3500180	NM	BELEN CONSOLIDATED SCHOOLS
352.3	0505680	AR	EL DORADO SCHOOL DISTRICT
352.0	0401760	AZ	CATALINA FOOTHILLS UNIFIED DISTRICT
351.8	5507470	WI	KIMBERLY AREA SCHOOL DISTRICT
351.7	0900750	CT	CHESHIRE SCHOOL DISTRICT
351.5	0807350	CO	WELD COUNTY REORGANIZED SCHOOL DISTRICT NO. RE-4
351.3	3904992	OH	PERRY LOCAL
351.3	3904492	OH	TROY CITY
351.2	0513110	AR	TEXARKANA SCHOOL DISTRICT
351.0	4843800	TX	VALLEY VIEW ISD
351.0	2506090	MA	HINGHAM
351.0	0613080	CA	EUREKA UNION
350.8	4106900	OR	THREE RIVERS/JOSEPHINE COUNTY SD
350.8	3627210	NY	SOUTH COLONIE CENTRAL SCHOOL DISTRICT
350.8	1736810	IL	BURBANK SD 111
350.7	3630630	NY	WEST GENESEE CENTRAL SCHOOL DISTRICT
350.7	2907460	MO	CARTHAGE R-IX
350.7	1711980	IL	DEERFIELD SD 109
350.2	2804140	MS	STARKVILLE SCHOOL DISTRICT
349.8	2801800	MS	HATTIESBURG PUBLIC SCHOOL DIST
349.8	0604110	CA	BASSETT UNIFIED
349.7	0603300	CA	ATASCADERO UNIFIED
349.2	1721030	IL	KILDEER COUNTRYSIDE CCSD 96
349.2	1304110	GA	PICKENS COUNTY
349.0	5102460	VA	MECKLENBURG CO PBLC SCHS
348.8	2105880	KY	WHITLEY COUNTY
348.8	0609120	CA	COALINGA-HURON JOINT UNIFIED
348.7	3406270	NJ	HACKENSACK
348.5	4811280	TX	BRENHAM ISD
348.5	3410590	NJ	MONTGOMERY TOWNSHIP
348.3	2507350	MA	MARSHFIELD
348.2	1809370	IN	WEST CLARK COMMUNITY SCHOOLS
348.0	5103520	VA	SMYTH CO PBLC SCHS
348.0	4835430	TX	PORT NECHES-GROVES ISD
348.0	4807590	TX	ALAMO HEIGHTS ISD
348.0	1807140	IN	MOORESVILLE CON SCHOOL CORP
347.8	4102640	OR	CANBY SD 86
347.8	1709960	IL	CHICAGO HEIGHTS SD 170
347.7	0102490	AL	MOUNTAIN BROOK CITY
347.5	0100005	AL	ALBERTVILLE CITY
347.3	2742270	MN	WEST ST. PAUL-MENDOTA HTS.-EAGAN
347.2	3170710	NE	FREMONT PUBLIC SCHOOLS
347.2	0614700	CA	FRUITVALE ELEMENTARY
347.0	5510060	WI	MUKWONAGO SCHOOL DISTRICT
346.7	2509990	MA	READING
346.7	1806390	IN	MARION COMMUNITY SCHOOLS
346.5	2507230	MA	MANSFIELD
346.5	1716080	IL	GALESBURG CUSD 205
346.5	0624870	CA	MILL VALLEY ELEMENTARY
346.3	4219470	PA	COLONIAL SD
346.3	0620460	CA	PACIFICA
346.2	4202850	PA	PINE-RICHLAND SD
346.2	0616080	CA	GREENFIELD UNION ELEMENTARY
346.0	4704290	TN	UNION COUNTY SCHOOL DISTRICT
346.0	3410980	NJ	MOUNT OLIVE TOWNSHIP
345.7	2100900	KY	CAMPBELL CO
345.5	5400900	WV	MINGO COUNTY SCHOOLS
345.5	4703240	TN	OAK RIDGE CITY SCHOOL DISTRICT
344.8	4810200	TX	BIG SPRING ISD
344.8	3904396	OH	FAIRBORN CITY
344.5	3615090	NY	HUNTINGTON UNION FREE SCHOOL DISTRICT
344.2	0635790	CA	SANTA RITA UNION ELEMENTARY
343.8	3618120	NY	MAHOPAC CENTRAL SCHOOL DISTRICT
343.5	2400300	MD	DORCHESTER COUNTY PUBLIC SCHOOLS
343.0	3905044	OH	LITTLE MIAMI LOCAL
343.0	3620910	NY	NORTH BABYLON UNION FREE SCHOOL DISTRICT
343.0	3301740	NH	BEDFORD SCHOOL DISTRICT
342.8	2803990	MS	SIMPSON CO SCHOOL DIST
342.7	3623460	NY	PORT CHESTER-RYE UNION FREE SCHOOL DISTRICT
342.5	2104590	KY	OWENSBORO INDEPENDENT
342.5	0902850	CT	NEW MILFORD SCHOOL DISTRICT
342.3	5102910	VA	PETERSBURG CITY PBLC SCHS
342.2	3412870	NJ	PENNSAUKEN TOWNSHIP
342.2	2605010	MI	BERKLEY SCHOOL DISTRICT
342.0	5103150	VA	PULASKI CO PBLC SCHS
342.0	0637950	CA	STANISLAUS UNION ELEMENTARY
342.0	0627590	CA	NORTH MONTEREY COUNTY UNIFIED
341.8	3700270	NC	ASHEVILLE CITY SCHOOLS
341.8	1806600	IN	MIDDLEBURY COMMUNITY SCHOOLS
341.7	4704470	TN	WEAKLEY COUNTY SCHOOL DISTRICT
341.3	5510170	WI	MUSKEGO-NORWAY SCHOOL DISTRICT
341.3	2620280	MI	KENOWA HILLS PUBLIC SCHOOLS
341.2	2915600	MO	JACKSON R-II
339.8	4221200	PA	SHALER AREA SD
339.8	2922650	MO	NORMANDY
339.7	3622020	NY	OSSINING UNION FREE SCHOOL DISTRICT
339.7	2511340	MA	SUDBURY
339.7	1300660	GA	BURKE COUNTY
339.5	5302280	WA	EAST VALLEY SCHOOL DISTRICT (SPOKANE)
339.5	3910029	OH	WADSWORTH CITY
339.5	3615300	NY	INDIAN RIVER CENTRAL SCHOOL DISTRICT
339.3	3630960	NY	WESTBURY UNION FREE SCHOOL DISTRICT
339.2	5308340	WA	STANWOOD-CAMANO SCHOOL DISTRICT
339.2	3302460	NH	CONCORD SCHOOL DISTRICT
339.2	2801740	MS	HANCOCK CO SCHOOL DIST
338.7	3904401	OH	FREMONT CITY
338.7	3619680	NY	VALLEY CENTRAL SCHOOL DISTRICT (MONTGOMERY)
338.7	3600008	NY	SOUTH COUNTRY CENTRAL SCHOOL DISTRICT
338.7	0610350	CA	CUTLER-OROSI JOINT UNIFIED
338.7	0604620	CA	BENICIA UNIFIED
338.0	1810080	IN	SEYMOUR COMMUNITY SCHOOLS
338.0	1700110	IL	NORTH CHICAGO SD 187
337.8	4026880	OK	SAND SPRINGS
337.7	4700750	TN	COCKE COUNTY SCHOOL DISTRICT
337.5	2918270	MO	LEBANON R-III
337.5	2007050	KS	HAYSVILLE
337.3	1725020	IL	MATTESON ESD 162
337.2	0622830	CA	LOS GATOS UNION ELEMENTARY
337.0	4702640	TN	MARION COUNTY SCHOOL DISTRICT
337.0	4206840	PA	CORNWALL-LEBANON SD
337.0	3904822	OH	SPRINGFIELD LOCAL
336.8	5101170	VA	DINWIDDIE CO PBLC SCHS
336.8	3904811	OH	AVON LOCAL
336.5	3416830	NJ	VOORHEES TOWNSHIP
336.3	5100660	VA	CAROLINE CO PBLC SCHS
336.3	4807780	TX	ALEDO ISD
336.3	4216380	PA	NAZARETH AREA SD
336.3	2502640	MA	BEVERLY
336.2	3304410	NH	LONDONDERRY SCHOOL DISTRICT
335.8	1721870	IL	LAKE VILLA CCSD 41
335.7	5400090	WV	BOONE COUNTY  SCHOOLS
335.7	3620850	NY	NIAGARA-WHEATFIELD CENTRAL SCHOOL DISTRICT
335.5	2512930	MA	WHITMAN-HANSON
335.3	1300900	GA	CARTERSVILLE CITY
335.2	2632280	MI	SOUTH REDFORD SCHOOL DISTRICT
335.0	0902640	CT	NAUGATUCK SCHOOL DISTRICT
334.8	2733780	MN	ST. LOUIS PARK PUBLIC SCHOOL DIST.
334.7	0905130	CT	WILTON SCHOOL DISTRICT
334.5	3628320	NY	RAMAPO CENTRAL SCHOOL DISTRICT (SUFFERN)
334.5	0612690	CA	EMPIRE UNION ELEMENTARY
334.3	4845600	TX	WHITEHOUSE ISD
334.3	3100022	NE	NORTH PLATTE PUBLIC SCHOOLS
334.3	1305280	GA	THOMASTON-UPSON COUNTY
334.2	1723460	IL	LOMBARD SD 44
334.2	0904110	CT	SIMSBURY SCHOOL DISTRICT
334.2	0623010	CA	LOWELL JOINT
334.2	0621870	CA	LINDSAY UNIFIED
334.0	4212725	PA	KEYSTONE CENTRAL SD
334.0	0636030	CA	SAVANNA ELEMENTARY
333.7	4822170	TX	HALLSVILLE ISD
333.7	2801680	MS	GRENADA SCHOOL DIST
333.3	1741190	IL	WAUCONDA CUSD 118
333.2	4205760	PA	CHELTENHAM TOWNSHIP SD
333.0	0102970	AL	SELMA CITY
332.8	4212690	PA	KENNETT CONSOLIDATED SD
332.7	3622710	NY	PENFIELD CENTRAL SCHOOL DISTRICT
332.7	1704920	IL	BALL CHATHAM CUSD 5
332.5	2101350	KY	COVINGTON INDEPENDENT
332.2	1721600	IL	LA GRANGE SD 102
332.2	1703840	IL	ANTIOCH CCSD 34
332.0	5514670	WI	SUPERIOR SCHOOL DISTRICT
332.0	5400750	WV	MARSHALL COUNTY SCHOOLS
332.0	3614460	NY	HILTON CENTRAL SCHOOL DISTRICT
331.8	3606570	NY	CARMEL CENTRAL SCHOOL DISTRICT
331.8	0101530	AL	FLORENCE CITY
331.2	0633390	CA	ROMOLAND ELEMENTARY
331.0	2921810	MO	NEOSHO R-V
331.0	2621570	MI	LINCOLN CONSOLIDATED SCHOOL DISTRICT
330.7	5104110	VA	WYTHE CO PBLC SCHS
330.5	2931530	MO	WEBSTER GROVES
330.3	4839270	TX	SANTA FE ISD
330.3	2801560	MS	GEORGE CO SCHOOL DIST
330.0	1712420	IL	DOLTON SD 149
329.8	1708040	IL	CAHOKIA CUSD 187
329.7	4702880	TN	MCNAIRY COUNTY SCHOOL DISTRICT
329.7	2630120	MI	ROMULUS COMMUNITY SCHOOLS
329.5	4202400	PA	WISSAHICKON SD
329.3	1800840	IN	CLAY COMMUNITY SCHOOLS
329.0	4225110	PA	WAYNESBORO AREA SD
328.7	5401170	WV	PRESTON COUNTY SCHOOLS
328.7	4107380	OR	LEBANON COMMUNITY SD 9
328.5	5510470	WI	NEW BERLIN SCHOOL DISTRICT
328.5	4809450	TX	BARBERS HILL ISD
328.5	3629640	NY	VICTOR CENTRAL SCHOOL DISTRICT
328.3	4224960	PA	WARWICK SD
328.2	3904830	OH	BOARDMAN LOCAL
328.0	4218960	PA	PETERS TOWNSHIP SD
327.8	3619950	NY	BEDFORD CENTRAL SCHOOL DISTRICT
327.8	0638770	CA	TAHOE-TRUCKEE JOINT UNIFIED
327.5	3905002	OH	HUDSON CITY
327.3	1303570	GA	MCDUFFIE COUNTY
327.3	0611520	CA	DUARTE UNIFIED
327.2	2630450	MI	SAGINAW TOWNSHIP COMMUNITY SCHOOLS
327.2	0507890	AR	HOT SPRINGS SCHOOL DISTRICT
327.0	4102940	OR	CENTRAL POINT SD 6
326.8	5401260	WV	RANDOLPH COUNTY SCHOOLS
326.8	3628950	NY	TROY CITY SCHOOL DISTRICT
326.3	0638880	CA	TEHACHAPI UNIFIED
326.2	1810440	IN	SOUTH MADISON COM SCH CORP
326.0	2507980	MA	MILTON
325.8	3401350	NJ	BELLEVILLE
325.7	3406510	NJ	HAMILTON TOWNSHIP
325.2	0903537	CT	REGIONAL SCHOOL DISTRICT 15
324.7	5103030	VA	POWHATAN CO PBLC SCHS
324.7	3904450	OH	NORTH CANTON CITY
324.5	3702760	NC	MACON COUNTY SCHOOLS
324.3	1739960	IL	URBANA SD 116
324.2	4210860	PA	GOVERNOR MIFFLIN SD
324.2	0606480	CA	BURLINGAME ELEMENTARY
324.0	2626280	MI	OKEMOS PUBLIC SCHOOLS
324.0	0902700	CT	NEW CANAAN SCHOOL DISTRICT
324.0	0637890	CA	STANDARD ELEMENTARY
324.0	0500015	AR	SHERIDAN SCHOOL DISTRICT
323.8	3409870	NJ	MEDFORD TOWNSHIP
323.7	5506030	WI	HAMILTON SCHOOL DISTRICT
323.7	0512210	AR	SEARCY SCHOOL DISTRICT
323.5	3701950	NC	HALIFAX COUNTY SCHOOLS
323.5	2102300	KY	GRAYSON COUNTY
323.5	0637500	CA	SOUTH PASADENA UNIFIED
323.3	3415900	NJ	SUMMIT CITY
323.3	2629460	MI	REDFORD UNION SCHOOL DISTRICT
323.0	2932010	MO	WILLARD R-II
322.7	3703060	NC	MONTGOMERY COUNTY SCHOOLS
322.5	3403900	NJ	DEPTFORD TOWNSHIP
322.5	0633240	CA	ROBLA ELEMENTARY
322.3	2102280	KY	GRAVES COUNTY
322.3	1601800	ID	LAKELAND DISTRICT
322.2	3630120	NY	WATERTOWN CITY SCHOOL DISTRICT
322.2	1602250	ID	MOUNTAIN HOME DISTRICT
322.0	4900150	UT	CARBON DISTRICT
321.8	1302040	GA	EMANUEL COUNTY
321.7	4210070	PA	FOX CHAPEL AREA SD
321.5	4816710	TX	DENISON ISD
321.5	4502190	SC	FLORENCE 03
321.5	2931500	MO	WEBB CITY R-VII
321.5	2713530	MN	HASTINGS PUBLIC SCHOOL DISTRICT
321.3	3400004	NJ	SCH DIST OF THE CHATHAMS
321.2	1804050	IN	GREENFIELD-CENTRAL COM SCHOOLS
321.2	0633570	CA	ROSEMEAD ELEMENTARY
321.0	3404980	NJ	FAIR LAWN
320.8	4821780	TX	GREGORY-PORTLAND ISD
320.8	4203510	PA	BETHEL PARK SD
320.7	2612420	MI	EAST CHINA SCHOOL DISTRICT
320.5	4503750	SC	UNION 01
320.5	3704830	NC	WATAUGA COUNTY SCHOOLS
320.5	2005940	KS	EMPORIA
320.5	1729190	IL	OAK LAWN-HOMETOWN SD 123
320.2	5100690	VA	CARROLL CO PBLC SCHS
320.2	2104410	KY	NELSON COUNTY
319.8	0904170	CT	SOUTH WINDSOR SCHOOL DISTRICT
319.7	1905790	IA	BURLINGTON COMM SCHOOL DISTRICT
319.5	5104050	VA	WINCHESTER CITY PBLC SCHS
319.3	2400630	MD	TALBOT COUNTY PUBLIC SCHOOLS
319.2	3905007	OH	TWINSBURG CITY
319.2	2502490	MA	BELMONT
319.2	0629820	CA	PARADISE UNIFIED
319.0	4502970	SC	MARLBORO 01
319.0	4209270	PA	EPHRATA AREA SD
319.0	2104770	KY	PERRY COUNTY
318.8	1301560	GA	CRISP COUNTY
318.5	3005280	MT	BUTTE ELEM
318.3	4209480	PA	EXETER TOWNSHIP SD
318.3	3611760	NY	GARDEN CITY UNION FREE SCHOOL DISTRICT
318.3	3418000	NJ	WILLINGBORO TOWNSHIP
318.3	1001080	DE	MILFORD SCHOOL DISTRICT
318.2	2507860	MA	MILFORD
318.0	4210870	PA	GREAT VALLEY SD
318.0	2619830	MI	JENISON PUBLIC SCHOOLS
318.0	0620850	CA	LAMONT ELEMENTARY
317.7	2721390	MN	MONTICELLO PUBLIC SCHOOL DISTRICT
317.7	2201380	LA	SABINE PARISH
317.7	2200060	LA	ALLEN PARISH
317.2	2511580	MA	TEWKSBURY
317.0	3904441	OH	MT HEALTHY CITY
316.8	3904454	OH	NORTH ROYALTON CITY
316.7	2201350	LA	RICHLAND PARISH
316.7	1806030	IN	LOGANSPORT COMMUNITY SCH CORP
316.5	1904860	IA	BETTENDORF COMM SCHOOL DISTRICT
316.3	1707170	IL	INDIAN SPRINGS SD 109
315.8	1922110	IA	OTTUMWA COMM SCHOOL DISTRICT
315.3	4009570	OK	DEER CREEK
315.2	3630030	NY	WASHINGTONVILLE CENTRAL SCHOOL DISTRICT
315.0	4602070	SD	ABERDEEN SCHOOL DISTRICT 06-1
314.8	4222400	PA	SOUTHEAST DELCO SD
314.7	5101980	VA	HOPEWELL CITY PBLC SCHS
314.7	2504360	MA	DUDLEY-CHARLTON REG
314.5	2103480	KY	LINCOLN COUNTY
314.2	0408490	AZ	TOLLESON ELEMENTARY DISTRICT
314.0	1000790	DE	LAKE FOREST SCHOOL DISTRICT
313.8	0102650	AL	PELL CITY
313.7	2715030	MN	INVER GROVE HEIGHTS SCHOOLS
313.7	1001530	DE	SEAFORD SCHOOL DISTRICT
313.5	4842450	TX	TERRELL ISD
313.3	5304980	WA	MERCER ISLAND SCHOOL DISTRICT
313.2	2913140	MO	GRANDVIEW C-4
313.2	1304050	GA	PEACH COUNTY
313.0	0100013	AL	TRUSSVILLE CITY
312.8	3603480	NY	AUBURN CITY SCHOOL DISTRICT
312.8	3415690	NJ	STAFFORD TOWNSHIP
312.5	3614850	NY	HORSEHEADS CENTRAL SCHOOL DISTRICT
312.5	2504320	MA	DRACUT
312.5	0902880	CT	NEWINGTON SCHOOL DISTRICT
312.3	2511970	MA	WALPOLE
312.2	2803030	MS	NATCHEZ-ADAMS SCHOOL DIST
312.0	3408100	NJ	LACEY TOWNSHIP
312.0	2913080	MO	GRAIN VALLEY R-V
312.0	2711760	MN	FARIBAULT PUBLIC SCHOOL DISTRICT
312.0	0100630	AL	CHEROKEE COUNTY
311.8	2803520	MS	PEARL PUBLIC SCHOOL DIST
311.7	4501920	SC	DILLON 02
311.7	2907120	MO	CAPE GIRARDEAU 63
311.7	2803900	MS	SCOTT CO SCHOOL DIST
311.7	2607890	MI	CARMAN-AINSWORTH COMMUNITY SCHOOLS
311.5	1717040	IL	WOODRIDGE SD 68
311.3	3905001	OH	GREEN LOCAL
311.2	5400450	WV	HANCOCK COUNTY SCHOOLS
311.2	4843720	TX	UVALDE CISD
311.2	2504950	MA	FOXBOROUGH
311.0	2905760	MO	BRANSON R-IV
311.0	0102635	AL	OXFORD CITY
310.8	4104500	OR	EAGLE POINT SD 9
310.7	5102100	VA	KING GEO CO PBLC SCHS
310.7	3910012	OH	MOUNT VERNON CITY
310.7	3609630	NY	EAST GREENBUSH CENTRAL SCHOOL DISTRICT
310.7	1903540	IA	AMES COMM SCHOOL DISTRICT
310.7	0102580	AL	OPELIKA CITY
310.2	4206480	PA	CONESTOGA VALLEY SD
310.2	3619560	NY	MINISINK VALLEY CENTRAL SCHOOL DISTRICT
309.8	4222470	PA	SOUTH WESTERN SD
309.7	5400780	WV	MASON COUNTY SCHOOLS
309.5	3904453	OH	NORTH RIDGEVILLE CITY
309.5	3611880	NY	GATES-CHILI CENTRAL SCHOOL DISTRICT
309.3	4704500	TN	WHITE COUNTY SCHOOL DISTRICT
309.3	3609720	NY	EAST ISLIP UNION FREE SCHOOL DISTRICT
309.2	4809720	TX	BEEVILLE ISD
309.2	2742720	MN	WILLMAR PUBLIC SCHOOL DISTRICT
308.8	4814370	TX	CLEVELAND ISD
308.8	0407890	AZ	SOMERTON ELEMENTARY DISTRICT
308.7	4701410	TN	GILES COUNTY SCHOOL DISTRICT
308.7	0634230	CA	SAN BRUNO PARK ELEMENTARY
308.3	3305940	NH	ROCHESTER SCHOOL DISTRICT
308.0	4207830	PA	DUBOIS AREA SD
308.0	3606900	NY	CENTRAL SQUARE CENTRAL SCHOOL DISTRICT
307.8	3904435	OH	MASSILLON CITY
307.8	3618330	NY	FAYETTEVILLE-MANLIUS CENTRAL SCHOOL DISTRICT
307.7	0610770	CA	DEL NORTE COUNTY UNIFIED
307.5	5307740	WA	SEDRO-WOOLLEY SCHOOL DISTRICT
307.5	3606990	NY	CHAPPAQUA CENTRAL SCHOOL DISTRICT
307.3	4841820	TX	SULPHUR SPRINGS ISD
307.3	1304560	GA	STEPHENS COUNTY
307.3	0508610	AR	LAKE HAMILTON SCHOOL DISTRICT
307.2	4202970	PA	BALDWIN-WHITEHALL SD
307.0	5100780	VA	CHARLOTTESVILLE CTY PBLC SCHS
307.0	4818360	TX	ELGIN ISD
306.8	0512450	AR	SILOAM SPRINGS SCHOOL DISTRICT
306.7	5504830	WI	FRANKLIN PUBLIC SCHOOL DISTRICT
306.7	4217520	PA	NORTHEASTERN YORK SD
306.5	3603930	NY	BALLSTON SPA CENTRAL SCHOOL DISTRICT
306.5	1728890	IL	NORTH PALOS SD 117
306.3	3630540	NY	WEST BABYLON UNION FREE SCHOOL DISTRICT
306.3	2906990	MO	CAMDENTON R-III
306.2	4701650	TN	HARDEMAN COUNTY SCHOOL DISTRCT
306.2	3304740	NH	MERRIMACK SCHOOL DISTRICT
306.2	2104500	KY	OHIO COUNTY
306.2	0500043	AR	MOUNTAIN HOME SCHOOL DISTRICT
305.7	0200130	AK	GALENA CITY SCHOOL DISTRICT
305.5	3702880	NC	MARTIN COUNTY SCHOOLS
305.3	5100210	VA	AMHERST CO PBLC SCHS
305.3	4825620	TX	KILGORE ISD
305.3	0509390	AR	MARION SCHOOL DISTRICT
305.2	3620940	NY	NORTH BELLMORE UNION FREE SCHOOL DISTRICT
305.0	1706000	IL	BERKELEY SD 87
304.7	5306480	WA	OTHELLO SCHOOL DISTRICT
304.7	1807260	IN	MT VERNON COMMUNITY SCH CORP
304.7	1708730	IL	CARY CCSD 26
304.3	4812480	TX	CALHOUN COUNTY ISD
304.2	2803530	MS	PETAL SCHOOL DIST
304.2	0626220	CA	MOUNTAIN VIEW ELEMENTARY
303.8	3702340	NC	JACKSON COUNTY SCHOOLS
303.8	2917820	MO	LADUE
303.5	4700780	TN	COFFEE COUNTY SCHOOL DISTRICT
303.5	4207080	PA	CRAWFORD CENTRAL SD
303.5	3410650	NJ	MONTVILLE TOWNSHIP
303.2	4827780	TX	LIVINGSTON ISD
303.2	4226250	PA	WHITEHALL-COPLAY SD
303.2	3608880	NY	DEER PARK UNION FREE SCHOOL DISTRICT
303.0	1810140	IN	SHELBYVILLE CENTRAL SCHOOLS
302.8	4224480	PA	UPPER MERION AREA SD
302.7	4823010	TX	HEREFORD ISD
302.7	2614550	MI	FLUSHING COMMUNITY SCHOOLS
302.7	1305670	GA	WHITE COUNTY
302.7	1303420	GA	LUMPKIN COUNTY
302.7	0632610	CA	RIM OF THE WORLD UNIFIED
302.5	0401940	AZ	CHINLE UNIFIED DISTRICT
302.2	4701170	TN	FAYETTE COUNTY SCHOOL DISTRICT
302.2	4210980	PA	GREATER LATROBE SD
302.2	4106510	OR	HOOD RIVER COUNTY SD
302.0	4224210	PA	UNIONVILLE-CHADDS FORD SD
301.8	3904351	OH	ASHTABULA AREA CITY
301.7	4218660	PA	PENN-TRAFFORD SD
301.3	1715900	IL	FREEPORT SD 145
301.2	5103420	VA	RUSSELL CO PBLC SCHS
301.0	4224390	PA	UPPER DUBLIN SD
301.0	3910003	OH	SIDNEY CITY
301.0	3015450	MT	KALISPELL ELEM
301.0	1724720	IL	PRAIRIE-HILLS ESD 144
301.0	0600069	CA	VALLEY CENTER-PAUMA UNIFIED
300.8	4825680	TX	KINGSVILLE ISD
300.7	3629430	NY	VALLEY STREAM 13 UNION FREE SCHOOL DISTRICT
300.7	0619440	CA	KEPPEL UNION ELEMENTARY
300.5	0613800	CA	FILLMORE UNIFIED
300.2	3904800	OH	LICKING HEIGHTS LOCAL
300.2	1724780	IL	MARQUARDT SD 15
299.5	4813530	TX	LUMBERTON ISD
299.3	5301230	WA	CHENEY SCHOOL DISTRICT
299.3	4222590	PA	SPRING GROVE AREA SD
299.2	4829010	TX	MARBLE FALLS ISD
299.0	3607530	NY	CHURCHVILLE-CHILI CENTRAL SCHOOL DISTRICT
298.8	4813170	TX	CASTLEBERRY ISD
298.8	3905043	OH	KINGS LOCAL
298.8	1923110	IA	PLEASANT VALLEY COMM SCHOOL DISTRICT
298.7	2100570	KY	BOWLING GREEN IND
298.5	2628140	MI	PINCKNEY COMMUNITY SCHOOLS
298.3	3306060	NH	SALEM SCHOOL DISTRICT
298.2	2106000	KY	WOODFORD COUNTY
297.8	5401650	WV	WYOMING COUNTY SCHOOLS
297.8	2103060	KY	JOHNSON COUNTY
297.8	1811190	IN	SUNMAN-DEARBORN COM SCH CORP
297.7	4209120	PA	ELIZABETHTOWN AREA SD
297.7	3904424	OH	LOGAN-HOCKING LOCAL
297.7	1724600	IL	MARION CUSD 2
297.5	2636540	MI	WYANDOTTE CITY SCHOOL DISTRICT
297.2	4007740	OK	CLAREMORE
297.0	4826430	TX	LAKE DALLAS ISD
296.8	2931110	MO	WASHINGTON
296.8	2400360	MD	GARRETT COUNTY PUBLIC SCHOOLS
296.5	3620880	NY	NISKAYUNA CENTRAL SCHOOL DISTRICT
296.3	4224570	PA	UPPER SAINT CLAIR SD
296.3	0901560	CT	FARMINGTON SCHOOL DISTRICT
296.2	2504860	MA	FALMOUTH
296.2	1803510	IN	FAYETTE COUNTY SCHOOL CORP
296.2	1602190	ID	MINIDOKA COUNTY JOINT DISTRICT
296.0	4217220	PA	NORTH HILLS SD
295.8	2723880	MN	NORTHFIELD PUBLIC SCHOOL DISTRICT
295.8	2311790	ME	MSAD 06
295.7	3904505	OH	WEST CARROLLTON CITY
295.7	3610710	NY	UNION-ENDICOTT CENTRAL SCHOOL DISTRICT
295.5	3402460	NJ	BURLINGTON TOWNSHIP
295.5	2615540	MI	GARDEN CITY SCHOOL DISTRICT
295.3	3408400	NJ	LAWRENCE TOWNSHIP
295.3	0408820	AZ	UNION ELEMENTARY DISTRICT
295.0	3906190	OH	ADAMS COUNTY/OHIO VALLEY LOCAL
294.8	2504020	MA	DARTMOUTH
294.8	2012360	KS	TURNER-KANSAS CITY
294.8	1804110	IN	GREENWOOD COMMUNITY SCH CORP
294.7	5400870	WV	MINERAL COUNTY SCHOOLS
294.5	2504620	MA	EASTON
294.5	0633900	CA	SALIDA UNION ELEMENTARY
294.3	4700360	TN	BRISTOL CITY SCHOOL DISTRICT
294.2	0100600	AL	CHAMBERS COUNTY
294.0	0602450	CA	AMADOR COUNTY UNIFIED
293.8	3410710	NJ	MOORESTOWN TOWNSHIP
293.7	4400750	RI	NORTH KINGSTOWN
293.7	0628170	CA	OCEAN VIEW ELEMENTARY
293.5	4401020	RI	SOUTH KINGSTOWN
293.5	3622050	NY	OSWEGO CITY SCHOOL DISTRICT
293.5	1712700	IL	DUNLAP CUSD 323
293.3	2602730	MI	ALPENA PUBLIC SCHOOLS
293.2	3701080	NC	CURRITUCK COUNTY SCHOOLS
293.2	3200030	NV	CHURCHILL COUNTY SCHOOL DISTRICT
293.0	2803450	MS	OXFORD SCHOOL DISTRICT
292.8	4400120	RI	CENTRAL FALLS
292.3	0616300	CA	CUCAMONGA ELEMENTARY
292.2	4010290	OK	DUNCAN
292.2	1801590	IN	DEKALB CO CTL UNITED SCH DIST
291.8	2501800	MA	AGAWAM
291.2	3700180	NC	ANSON COUNTY SCHOOLS
291.2	1601590	ID	JEROME JOINT DISTRICT
291.2	1303720	GA	MONROE COUNTY
291.0	4838850	TX	SAN ELIZARIO ISD
291.0	4703510	TN	RHEA COUNTY SCHOOL DISTRICT
291.0	3624990	NY	ROOSEVELT UNION FREE SCHOOL DISTRICT
290.8	5300001	WA	ENUMCLAW SCHOOL DISTRICT
290.8	2633420	MI	SWARTZ CREEK COMMUNITY SCHOOLS
290.5	3904804	OH	SOUTHWEST LICKING LOCAL
290.5	2624750	MI	MT. PLEASANT CITY SCHOOL DISTRICT
290.3	3174430	NE	NORFOLK PUBLIC SCHOOLS
290.3	2102250	KY	GRANT COUNTY
290.3	1705760	IL	BELLWOOD SD 88
290.2	3405310	NJ	FORT LEE
290.0	4218300	PA	OXFORD AREA SD
290.0	3302640	NH	DOVER SCHOOL DISTRICT
289.5	4214940	PA	MCKEESPORT AREA SD
289.5	1738460	IL	SYCAMORE CUSD 427
289.3	4502070	SC	EDGEFIELD 01
289.2	3904657	OH	OLMSTED FALLS CITY
289.2	3306720	NH	TIMBERLANE REGIONAL SCHOOL DISTRICT
289.0	5600730	WY	ALBANY COUNTY SCHOOL DISTRICT #1
289.0	5103460	VA	SALEM CITY PBLC SCHS
288.8	2926890	MO	ROLLA 31
288.8	0618210	CA	IMPERIAL UNIFIED
288.5	0641880	CA	WEAVER UNION
288.3	2513050	MA	WILMINGTON
288.0	5300780	WA	BURLINGTON-EDISON SCHOOL DISTRICT
288.0	3303930	NH	HUDSON SCHOOL DISTRICT
287.7	3613980	NY	HAUPPAUGE UNION FREE SCHOOL DISTRICT
287.5	3416890	NJ	WALL TOWNSHIP
287.3	1918780	IA	MASON CITY COMM SCHOOL DISTRICT
287.3	0626400	CA	MT. PLEASANT ELEMENTARY
286.8	4207680	PA	DOVER AREA SD
286.7	5308970	WA	TOPPENISH SCHOOL DISTRICT
286.7	3904430	OH	MAPLE HEIGHTS CITY
286.5	4218590	PA	PENN HILLS SD
286.3	2620850	MI	LAKEVIEW SCH. DISTRICT (CALHOUN)
286.2	4219350	PA	PLUM BOROUGH SD
286.2	0629910	CA	PARLIER UNIFIED
286.0	3904609	OH	EDGEWOOD CITY
286.0	3704530	NC	TRANSYLVANIA COUNTY SCHOOLS
286.0	2703060	MN	ALEXANDRIA PUBLIC SCHOOL DISTRICT
285.8	3904452	OH	NORTH OLMSTED CITY
285.8	2723430	MN	NEW PRAGUE AREA SCHOOLS
285.8	2623250	MI	MATTAWAN CONSOLIDATED SCHOOL
285.7	3613740	NY	HARRISON CENTRAL SCHOOL DISTRICT
285.7	0101760	AL	HOMEWOOD CITY
285.5	3904364	OH	BRECKSVILLE-BROADVIEW HEIGHTS CITY
285.5	2732820	MN	SARTELL-ST. STEPHEN SCHOOL DISTRICT
285.5	1302250	GA	FRANKLIN COUNTY
285.3	0629100	CA	OROVILLE CITY ELEMENTARY
285.0	3403570	NJ	CRANFORD TOWNSHIP
284.8	5507290	WI	KAUKAUNA AREA SCHOOL DISTRICT
284.8	5401470	WV	UPSHUR COUNTY SCHOOLS
284.8	4825200	TX	KAUFMAN ISD
284.7	3904812	OH	AVON LAKE CITY
284.7	3413200	NJ	PLEASANTVILLE
284.5	4206550	PA	CONEWAGO VALLEY SD
284.5	2511250	MA	STOUGHTON
284.3	2925230	MO	PLATTE CO. R-III
284.3	1802970	IN	EAST NOBLE SCHOOL CORP
284.3	1302340	GA	GILMER COUNTY
284.2	4702490	TN	LINCOLN COUNTY SCHOOL DISTRICT
284.2	4032370	OK	WESTERN HEIGHTS
284.0	4676620	SD	WATERTOWN SCHOOL DISTRICT 14-4
284.0	2200480	LA	CONCORDIA PARISH
284.0	0620640	CA	LAKE TAHOE UNIFIED
284.0	0600063	CA	WATERFORD UNIFIED
283.7	3904519	OH	AMHERST EXEMPTED VILLAGE
283.5	5101380	VA	FLUVANNA CO PBLC SCHS
283.5	0624030	CA	MARTINEZ UNIFIED
283.5	0619680	CA	KING CITY UNION
283.3	4002850	OK	ALTUS
283.3	3412420	NJ	PARAMUS
283.2	5303150	WA	GRANDVIEW SCHOOL DISTRICT
283.2	3904460	OH	OREGON CITY
283.2	0901800	CT	GUILFORD SCHOOL DISTRICT
283.0	4701400	TN	GIBSON SPECIAL DISTRICT
283.0	2911910	MO	FARMINGTON R-VII
282.8	5509060	WI	MENOMONEE FALLS SCHOOL DISTRICT
282.8	4221810	PA	SOLANCO SD
282.8	4214100	PA	LOWER DAUPHIN SD
282.8	2803660	MS	PONTOTOC CO SCHOOL DIST
282.7	2508790	MA	NORTH MIDDLESEX
282.7	0622170	CA	LIVINGSTON UNION ELEMENTARY
282.3	3904353	OH	BARBERTON CITY
282.2	2503240	MA	BURLINGTON
282.0	4703270	TN	OBION COUNTY SCHOOL DISTRICT
282.0	2629540	MI	REETHS-PUFFER SCHOOLS
281.7	4503180	SC	ORANGEBURG 04
281.5	4827510	TX	LINDALE ISD
281.3	2920610	MO	MCDONALD CO. R-I
281.3	0802790	CO	FREMONT RE-1
281.2	3616260	NY	KINGS PARK CENTRAL SCHOOL DISTRICT
281.0	2732880	MN	SAUK RAPIDS PUBLIC SCHOOL DISTRICT
281.0	0402370	AZ	COTTONWOOD-OAK CREEK ELEMENTARY DISTRICT
280.5	5515810	WI	WAUNAKEE COMMUNITY SCHOOL DISTRICT
280.5	4212840	PA	KISKI AREA SD
280.5	3606630	NY	CARTHAGE CENTRAL SCHOOL DISTRICT
280.4	2314784	ME	RSU 23
280.3	3904870	OH	MAD RIVER LOCAL
280.3	3409750	NJ	MATAWAN-ABERDEEN REGIONAL
280.2	3600125	NY	EASTPORT-SOUTH MANOR CSD
280.2	2512510	MA	WEST SPRINGFIELD
280.2	1804590	IN	SCHOOL CITY OF HOBART
280.0	1807440	IN	NEW CASTLE COMMUNITY SCH CORP
280.0	1724330	IL	MANNHEIM SD 83
279.8	3613350	NY	HAMBURG CENTRAL SCHOOL DISTRICT
279.7	4215830	PA	MOON AREA SD
279.7	2201500	LA	ST. JAMES PARISH
279.7	2011490	KS	SEAMAN
279.5	3904506	OH	WESTLAKE CITY
279.3	2100120	KY	ANDERSON CO
279.2	5401020	WV	NICHOLAS COUNTY SCHOOLS
279.2	4701050	TN	DYER COUNTY SCHOOL DISTRICT
279.0	4812420	TX	CALALLEN ISD
278.8	4222600	PA	SPRINGFIELD SD
278.8	3615780	NY	BROOKHAVEN-COMSEWOGUE UNION FREE SCHOOL DISTRICT
278.8	2709510	MN	COLUMBIA HEIGHTS PUBLIC SCHOOL DIST
278.7	3904479	OH	SOUTH EUCLID-LYNDHURST CITY
278.5	4500810	SC	ANDERSON 02
278.5	0611280	CA	DIXON UNIFIED
277.7	3176860	NE	SO SIOUX CITY COMMUNITY SCHS
277.5	5103480	VA	SCOTT CO PBLC SCHS
277.5	4027570	OK	SHAWNEE
277.3	1928680	IA	URBANDALE COMM SCHOOL DISTRICT
277.3	0624230	CA	MCFARLAND UNIFIED
277.2	4702550	TN	MACON COUNTY SCHOOL DISTRICT
277.2	2625560	MI	NILES COMMUNITY SCHOOL DISTRICT
277.2	2617160	MI	GREENVILLE PUBLIC SCHOOLS
277.0	4818280	TX	EL CAMPO ISD
276.8	3904909	OH	TEAYS VALLEY LOCAL
276.8	3611700	NY	FULTON CITY SCHOOL DISTRICT
276.8	0601860	CA	ALBANY CITY UNIFIED
276.7	5400660	WV	LINCOLN COUNTY SCHOOLS
276.5	3411880	NJ	NUTLEY
276.3	4840740	TX	SOMERSET ISD
276.3	1706750	IL	BOURBONNAIS SD 53
276.2	4834290	TX	PARIS ISD
276.2	3417520	NJ	WEST MILFORD TOWNSHIP
276.0	3417130	NJ	WASHINGTON TOWNSHIP
276.0	2614460	MI	FITZGERALD PUBLIC SCHOOLS
275.8	3904694	OH	CANAL WINCHESTER LOCAL
275.8	3904517	OH	ZANESVILLE CITY
275.7	5503210	WI	DE PERE SCHOOL DISTRICT
275.5	2507620	MA	MELROSE
275.5	1600002	ID	LAKE PEND OREILLE DISTRICT
275.3	3500120	NM	ARTESIA PUBLIC SCHOOLS
275.3	2622050	MI	LOWELL AREA SCHOOLS
275.3	1907710	IA	CLINTON COMM SCHOOL DISTRICT
275.2	3416080	NJ	TEANECK
275.2	2801050	MS	CLARKSDALE MUNICIPAL SCHOOL DIST
275.2	0905070	CT	WETHERSFIELD SCHOOL DISTRICT
275.0	4809630	TX	BAY CITY ISD
275.0	3171580	NE	HASTINGS PUBLIC SCHOOLS
274.8	3407530	NJ	HOPEWELL VALLEY REGIONAL
274.8	2607560	MI	BYRON CENTER PUBLIC SCHOOLS
274.5	2713170	MN	GRAND RAPIDS PUBLIC SCHOOL DISTRICT
274.3	3614280	NY	HERRICKS UNION FREE SCHOOL DISTRICT
274.2	5505160	WI	GERMANTOWN SCHOOL DISTRICT
274.2	2201920	LA	WEST BATON ROUGE PARISH
274.2	1300690	GA	BUTTS COUNTY
274.0	1720280	IL	JACKSONVILLE SD 117
273.8	0506990	AR	GREENWOOD SCHOOL DISTRICT
273.7	4026910	OK	SAPULPA
273.7	2101230	KY	CLAY COUNTY
273.5	3105340	NE	COLUMBUS PUBLIC SCHOOLS
273.5	0600052	CA	EUREKA CITY UNIFIED
273.2	5307900	WA	SHELTON SCHOOL DISTRICT
273.2	2602520	MI	ALLEN PARK PUBLIC SCHOOLS
273.2	0804830	CO	WELD COUNTY SCHOOL DISTRICT NO. RE-5J
273.0	5506540	WI	HOLMEN SCHOOL DISTRICT
273.0	4819350	TX	FLORESVILLE ISD
273.0	2800390	MS	ALCORN SCHOOL DIST
272.8	2302820	ME	BANGOR SCHOOL DEPARTMENT
272.7	4811700	TX	BROWNWOOD ISD
272.7	2503990	MA	DANVERS
272.5	3611460	NY	FRANKLIN SQUARE UNION FREE SCHOOL DISTRICT
272.3	4207290	PA	DANIEL BOONE AREA SD
272.2	3411160	NJ	NEPTUNE TOWNSHIP
272.0	1715700	IL	FRANKFORT CCSD 157C
271.8	4843350	TX	TULOSO-MIDWAY ISD
271.8	4215030	PA	MECHANICSBURG AREA SD
271.7	1722800	IL	LIBERTYVILLE SD 70
271.7	0513080	AR	GREENE CO. TECH SCHOOL DIST.
271.5	5503510	WI	KETTLE MORAINE SCHOOL DISTRICT
271.5	2913650	MO	HANNIBAL 60
271.5	1805790	IN	LEBANON COMMUNITY SCHOOL CORP
271.3	5102850	VA	PAGE CO PBLC SCHS
271.3	3904464	OH	PIQUA CITY
271.3	3616080	NY	KATONAH-LEWISBORO UNION FREE SCHOOL DISTRICT
271.3	3402820	NJ	CARTERET BOROUGH
271.3	1743860	IL	ZION ESD 6
271.3	0629640	CA	PALO VERDE UNIFIED
271.0	4224000	PA	TWIN VALLEY SD
271.0	1304140	GA	PIERCE COUNTY
271.0	0102400	AL	MONROE COUNTY
270.8	3606330	NY	CANANDAIGUA CITY SCHOOL DISTRICT
270.8	2928260	MO	SIKESTON R-6
270.7	3905004	OH	NORDONIA HILLS CITY
270.5	5508820	WI	MARSHFIELD SCHOOL DISTRICT
270.3	5002820	VT	BURLINGTON SCHOOL DISTRICT
270.3	3412060	NJ	OCEAN TOWNSHIP
270.3	3171220	NE	GRETNA PUBLIC SCHOOLS
270.3	1300720	GA	CALHOUN CITY
270.3	0900120	CT	AVON SCHOOL DISTRICT
270.2	4701680	TN	HARDIN COUNTY SCHOOL DISTRICT
270.0	3629970	NY	WARWICK VALLEY CENTRAL SCHOOL DISTRICT
269.8	5306820	WA	PORT ANGELES SCHOOL DISTRICT
269.8	3904404	OH	GARFIELD HEIGHTS CITY
269.7	5300330	WA	BAINBRIDGE ISLAND SCHOOL DISTRICT
269.7	3904390	OH	EAST CLEVELAND CITY SCHOOL DISTRICT
269.7	3700780	NC	CHEROKEE COUNTY SCHOOLS
269.7	3615180	NY	HYDE PARK CENTRAL SCHOOL DISTRICT
269.7	2615870	MI	GIBRALTAR SCHOOL DISTRICT
269.7	0102310	AL	MARION COUNTY
269.5	3904437	OH	MAYFIELD CITY
269.5	2617760	MI	CITY OF HARPER WOODS SCHOOLS
269.3	2705460	MN	BIG LAKE PUBLIC SCHOOL DISTRICT
269.3	1302730	GA	HART COUNTY
269.2	4202100	PA	ALBERT GALLATIN AREA SD
269.2	1300600	GA	BUFORD CITY
269.0	2507770	MA	MIDDLEBOROUGH
268.8	4841520	TX	STEPHENVILLE
268.8	4207590	PA	DERRY TOWNSHIP SD
268.8	2302610	ME	AUBURN SCHOOL DEPARTMENT
268.7	4701860	TN	HICKMAN COUNTY SCHOOL DISTRICT
268.3	5509030	WI	MENASHA SCHOOL DISTRICT
268.3	3602970	NY	AMSTERDAM CITY SCHOOL DISTRICT
268.3	1302670	GA	HARALSON COUNTY
268.2	2803630	MS	PICAYUNE SCHOOL DIST
268.2	1809060	IN	PLYMOUTH COMMUNITY SCHOOL CORP
268.0	4401140	RI	WEST WARWICK
268.0	4220550	PA	ROSE TREE MEDIA SD
268.0	3416110	NJ	TENAFLY
268.0	1600300	ID	BLAINE COUNTY DISTRICT
268.0	0628860	CA	ORINDA UNION ELEMENTARY
267.8	4703330	TN	OVERTON COUNTY SCHOOL DISTRICT
267.8	4219920	PA	RADNOR TOWNSHIP SD
267.8	3627780	NY	SPENCERPORT CENTRAL SCHOOL DISTRICT
267.8	1304770	GA	TATTNALL COUNTY
267.5	3415510	NJ	SPARTA TOWNSHIP
267.5	1713170	IL	EAST MOLINE SD 37
267.5	0620130	CA	LA CANADA UNIFIED
267.3	0622560	CA	LOOMIS UNION ELEMENTARY
267.2	3621240	NY	NORTH TONAWANDA CITY SCHOOL DISTRICT
267.0	4828380	TX	LOVEJOY ISD
267.0	3624780	NY	ROCKVILLE CENTRE UNION FREE SCHOOL DISTRICT
266.8	0618840	CA	JEFFERSON ELEMENTARY
266.8	0102880	AL	RUSSELL COUNTY
266.5	4834170	TX	PAMPA ISD
266.3	3416710	NJ	VERNON TOWNSHIP
266.2	2511910	MA	WAKEFIELD
266.0	3605580	NY	BROCKPORT CENTRAL SCHOOL DISTRICT
266.0	1911820	IA	FORT DODGE COMM SCHOOL DISTRICT
265.8	2512600	MA	WESTBOROUGH
265.7	4826040	TX	LA FERIA ISD
265.7	1802280	IN	WHITLEY CO CONS SCHOOLS
265.3	2804530	MS	WAYNE CO SCHOOL DIST
265.3	2008430	KS	LEAVENWORTH
265.0	5511100	WI	OREGON SCHOOL DISTRICT
264.8	3631980	NY	YORKTOWN CENTRAL SCHOOL DISTRICT
264.7	2509420	MA	PEMBROKE
264.7	1807350	IN	SCHOOL TOWN OF MUNSTER
264.7	1202010	FL	WASHINGTON
264.5	5309480	WA	WAPATO SCHOOL DISTRICT
264.5	2506330	MA	HOPKINTON
264.3	4834050	TX	PALESTINE ISD
264.3	3615390	NY	WEST IRONDEQUOIT CENTRAL SCHOOL DISTRICT
264.2	2802100	MS	ITAWAMBA CO SCHOOL DIST
264.2	2510560	MA	SCITUATE
263.8	4846710	TX	ZAPATA COUNTY ISD
263.8	4808280	TX	ANDREWS ISD
263.8	3414340	NJ	ROXBURY TOWNSHIP
263.8	3200210	NV	HUMBOLDT COUNTY SCHOOL DISTRICT
263.8	2802850	MS	MARSHALL CO SCHOOL DIST
263.8	1805280	IN	KANKAKEE VALLEY SCHOOL CORP
263.8	1707290	IL	LEMONT-BROMBEREK CSD 113A
263.7	4502520	SC	JASPER 01
263.7	3910032	OH	WOOSTER CITY
263.7	1301650	GA	DAWSON COUNTY
263.5	5512330	WI	PULASKI COMMUNITY SCHOOL DISTRICT
263.5	4210230	PA	FRANKLIN REGIONAL SD
263.5	1723850	IL	LYONS SD 103
263.3	2503300	MA	CANTON
263.3	0407520	AZ	SANTA CRUZ VALLEY UNIFIED DISTRICT
263.2	4830060	TX	MEDINA VALLEY ISD
262.8	4841070	TX	SPLENDORA ISD
262.8	2624690	MI	MT. CLEMENS COMMUNITY SCHOOL DISTRICT
262.8	2624120	MI	MONA SHORES PUBLIC SCHOOL DISTRICT
262.8	2507260	MA	MARBLEHEAD
262.7	4210620	PA	GATEWAY SD
262.5	5309780	WA	WHITE RIVER SCHOOL DISTRICT
262.3	4109480	OR	PARKROSE SD 3
262.2	2608520	MI	CEDAR SPRINGS PUBLIC SCHOOLS
262.0	1803660	IN	COMMUNITY SCHOOLS OF FRANKFORT
262.0	0904680	CT	VERNON SCHOOL DISTRICT
261.3	0600006	CA	ROSS VALLEY ELEMENTARY
261.2	4400030	RI	BARRINGTON
261.2	3904986	OH	LAKE LOCAL
261.0	3904606	OH	WESTERN BROWN LOCAL
261.0	2200120	LA	ASSUMPTION PARISH
260.8	4841280	TX	SPRINGTOWN ISD
260.8	3414130	NJ	ROCKAWAY TOWNSHIP
260.7	5302880	WA	FIFE SCHOOL DISTRICT
260.7	3401560	NJ	BERKELEY TOWNSHIP
260.7	1737350	IL	TRIAD CUSD 2
260.5	5500960	WI	BEAVER DAM SCHOOL DISTRICT
260.5	3904738	OH	SOUTHWEST LOCAL
260.5	3501740	NM	LOVINGTON MUNICIPAL SCHOOLS
260.3	2103540	KY	LOGAN COUNTY
260.2	2802520	MS	LEAKE CO SCHOOL DIST
260.2	2603690	MI	AVONDALE SCHOOL DISTRICT
260.2	1200900	FL	HOLMES
260.0	3904474	OH	SANDUSKY CITY
259.8	4826160	TX	LA MARQUE ISD
259.8	3910015	OH	PAINESVILLE CITY LOCAL
259.8	3904408	OH	WINTON WOODS CITY
259.8	2635520	MI	WAVERLY COMMUNITY SCHOOLS
259.8	1724940	IL	MASCOUTAH CUD 19
259.8	0100360	AL	BIBB COUNTY
259.7	4835190	TX	PLEASANTON ISD
259.7	4607950	SD	BRANDON VALLEY SCHOOL DISTRICT 49-2
259.7	1707830	IL	CENTRAL CUSD 301
259.5	4701440	TN	GRAINGER COUNTY SCHOOL DISTRCT
259.5	2508310	MA	NASHOBA
259.2	3415360	NJ	SOUTH PLAINFIELD
259.0	4701770	TN	HAYWOOD COUNTY SCHOOL DISTRICT
259.0	4218390	PA	PALMYRA AREA SD
259.0	0609690	CA	CORCORAN JOINT UNIFIED
258.8	5400810	WV	MCDOWELL COUNTY SCHOOLS
258.8	1811460	IN	TRI-CREEK SCHOOL CORPORATION
258.8	0619800	CA	KINGSBURG ELEMENTARY CHARTER
258.7	4812120	TX	BURKBURNETT ISD
258.5	3629610	NY	VESTAL CENTRAL SCHOOL DISTRICT
258.3	3702640	NC	LEXINGTON CITY SCHOOLS
258.2	4830950	TX	MINERAL WELLS ISD
258.2	2103360	KY	LETCHER COUNTY
258.2	1804980	IN	JAY SCHOOL CORP
258.2	1700010	IL	BEACH PARK CCSD 3
258.2	0628320	CA	OLD ADOBE UNION ELEMENTARY
258.0	5307770	WA	SELAH SCHOOL DISTRICT
258.0	3625260	NY	RYE CITY SCHOOL DISTRICT
258.0	3605460	NY	BRIGHTON CENTRAL SCHOOL DISTRICT
257.8	3910017	OH	BEDFORD CITY
257.8	2916450	MO	KEARNEY R-I
257.8	2612030	MI	DEXTER COMMUNITY SCHOOL DISTRICT
257.7	0101110	AL	DALLAS COUNTY
257.5	3700930	NC	CLINTON CITY SCHOOLS
257.5	3500150	NM	AZTEC MUNICIPAL SCHOOLS
257.5	1300480	GA	BRANTLEY COUNTY
257.2	1718450	IL	HARVEY SD 152
257.0	4826490	TX	LAKE WORTH ISD
257.0	3613620	NY	HARBORFIELDS CENTRAL SCHOOL DISTRICT
257.0	1301680	GA	DECATUR CITY
257.0	0905190	CT	WINDHAM SCHOOL DISTRICT
256.8	4846500	TX	WYLIE ISD
256.8	0604830	CA	BEVERLY HILLS UNIFIED
256.5	3624030	NY	QUEENSBURY UNION FREE SCHOOL DISTRICT
256.5	2733270	MN	SOUTH ST. PAUL PUBLIC SCHOOL DIST.
256.5	1300060	GA	APPLING COUNTY
256.3	3413530	NJ	RAHWAY
256.3	0606870	CA	CALAVERAS UNIFIED
256.2	5304560	WA	RIVERVIEW SCHOOL DISTRICT
255.7	4808870	TX	ATHENS ISD
255.7	2012180	KS	SHAWNEE HEIGHTS
255.7	0806810	CO	SUMMIT SCHOOL DISTRICT NO. RE 1
255.5	4701800	TN	HENDERSON COUNTY SCHOOL DIST
255.5	2741460	MN	WACONIA PUBLIC SCHOOL DISTRICT
255.2	4205910	PA	CHICHESTER SD
255.2	2914430	MO	HILLSBORO R-III
255.0	1304170	GA	PIKE COUNTY
254.8	3624840	NY	ROCKY POINT UNION FREE SCHOOL DISTRICT
254.8	1712450	IL	DOLTON SD 148
254.8	0631980	CA	RED BLUFF UNION ELEMENTARY
254.7	4010350	OK	DURANT
254.7	2907350	MO	CARL JUNCTION R-I
254.5	4219680	PA	POTTSTOWN SD
254.5	3407800	NJ	JEFFERSON TOWNSHIP
254.5	1914640	IA	INDIANOLA COMM SCHOOL DISTRICT
254.5	0502250	AR	ALMA SCHOOL DISTRICT
254.2	4111720	OR	ST HELENS SD 502
254.0	5102190	VA	LEE CO PBLC SCHS
254.0	3617730	NY	LONG BEACH CITY SCHOOL DISTRICT
254.0	2800900	MS	CANTON PUBLIC SCHOOL DIST
254.0	2633090	MI	STURGIS PUBLIC SCHOOLS
253.8	4221570	PA	SHIPPENSBURG AREA SD
253.8	3904511	OH	WILMINGTON CITY
253.8	0905220	CT	WINDSOR SCHOOL DISTRICT
253.8	0902550	CT	MONROE SCHOOL DISTRICT
253.8	0606780	CA	CABRILLO UNIFIED
253.7	4224540	PA	UPPER PERKIOMEN SD
253.7	3608430	NY	CORNWALL CENTRAL SCHOOL DISTRICT
253.5	2510470	MA	SANDWICH
253.5	2103780	KY	MARION COUNTY
253.2	2931020	MO	WARRENSBURG R-VI
253.2	2310770	ME	MSAD 17
253.0	5509570	WI	MILTON SCHOOL DISTRICT
253.0	3627450	NY	SOUTH ORANGETOWN CENTRAL SCHOOL DISTRICT
253.0	0903030	CT	NORTH HAVEN SCHOOL DISTRICT
252.8	4822970	TX	HENDERSON ISD
252.8	0407240	AZ	SAFFORD UNIFIED DISTRICT
252.7	3702160	NC	HERTFORD COUNTY SCHOOLS
252.7	2803060	MS	NESHOBA COUNTY SCHOOL DISTRICT
252.5	3502520	NM	TAOS MUNICIPAL SCHOOLS
252.3	0627850	CA	OAK PARK UNIFIED
252.2	4400065	RI	BRISTOL WARREN
252.2	4205700	PA	CHARTIERS VALLEY SD
252.2	2626760	MI	ORCHARD VIEW SCHOOLS
252.0	2200690	LA	GRANT PARISH
252.0	1722020	IL	LANSING SD 158
252.0	0101590	AL	FRANKLIN COUNTY
251.7	4800011	TX	ALVARADO ISD
251.7	3501170	NM	GRANTS-CIBOLA COUNTY SCHOOLS
251.5	4211940	PA	HOLLIDAYSBURG AREA SD
251.5	2200660	LA	FRANKLIN PARISH
251.5	1200120	FL	BRADFORD
251.3	5400420	WV	HAMPSHIRE COUNTY SCHOOLS
251.2	2730030	MN	PRINCETON PUBLIC SCHOOL DISTRICT
251.0	2626190	MI	OAK PARK CITY SCHOOL DISTRICT
251.0	2610110	MI	CLIO AREA SCHOOL DISTRICT
251.0	2512810	MA	WESTWOOD
250.8	0100510	AL	BUTLER COUNTY
250.7	4103660	OR	COOS BAY SD 9
250.7	2505370	MA	GRAFTON
250.7	2504140	MA	DENNIS-YARMOUTH
250.5	3404920	NJ	EWING TOWNSHIP
250.5	2100620	KY	BOYD CO
250.5	0604380	CA	BELLEVUE UNION ELEMENTARY
250.3	3418360	NJ	WYCKOFF TOWNSHIP
250.3	2614280	MI	FERNDALE PUBLIC SCHOOLS
250.3	2509060	MA	NORWOOD
250.2	4224790	PA	WALLINGFORD-SWARTHMORE SD
249.8	4502790	SC	LEXINGTON 04
249.8	2723820	MN	NORTH BRANCH PUBLIC SCHOOLS
249.7	4218580	PA	PENN-DELCO SD
249.6	2314793	ME	RSU 14
249.5	5515750	WI	WATERTOWN SCHOOL DISTRICT
249.5	2923460	MO	MERAMEC VALLEY R-III
249.5	2802460	MS	LAUREL SCHOOL DISTRICT
249.3	2312330	ME	SOUTH PORTLAND SCHOOL DEPARTMENT
249.2	4109510	OR	PENDLETON SD 16
249.0	0902820	CT	NEW LONDON SCHOOL DISTRICT
248.7	4703870	TN	SMITH COUNTY SCHOOL DISTRICT
248.5	1812240	IN	WA-NEE COMMUNITY SCHOOLS
248.3	3904625	OH	NORTHEASTERN LOCAL
248.3	3501650	NM	LOS ALAMOS PUBLIC SCHOOLS
248.2	4202010	PA	ABINGTON HEIGHTS SD
247.8	1300360	GA	BEN HILL COUNTY
247.7	3701830	NC	GREENE COUNTY SCHOOLS
247.5	4219200	PA	PITTSTON AREA SD
247.5	1725050	IL	MATTOON CUSD 2
247.3	3631320	NY	WHITESBORO CENTRAL SCHOOL DISTRICT
247.3	0613290	CA	FAIRFAX ELEMENTARY
247.2	2702970	MN	ALBERT LEA PUBLIC SCHOOL DISTRICT
247.2	1742310	IL	STERLING CUSD 5
247.0	2744070	MN	WINONA AREA PUBLIC SCHOOL DISTRICT
246.7	5605695	WY	SHERIDAN COUNTY SCHOOL DISTRICT #2
246.7	0101560	AL	FORT PAYNE CITY
246.3	0510440	AR	NETTLETON SCHOOL DISTRICT
246.2	4827690	TX	LITTLE CYPRESS-MAURICEVILLE CISD
246.2	0100120	AL	ATHENS CITY
246.0	0502880	AR	BEEBE SCHOOL DISTRICT
245.8	5503180	WI	DE FOREST AREA SCHOOL DISTRICT
245.8	5103930	VA	WAYNESBORO CITY PBLC SCHS
245.8	4222380	PA	SOUTHERN YORK COUNTY SD
245.8	4108820	OR	NORTH BEND SD 13
245.8	0103480	AL	WASHINGTON COUNTY
245.5	4812220	TX	BURNET CISD
245.5	4216620	PA	NEW CASTLE AREA SD
245.5	1301770	GA	DODGE COUNTY
245.3	3704920	NC	WHITEVILLE CITY SCHOOLS
245.3	3501890	NM	MORIARTY MUNICIPAL SCHOOLS
245.0	3904350	OH	ASHLAND CITY
245.0	2623850	MI	MILAN AREA SCHOOLS
245.0	2616110	MI	GODWIN HEIGHTS PUBLIC SCHOOLS
244.8	3625050	NY	ROSLYN UNION FREE SCHOOL DISTRICT
244.7	2930660	MO	UNIVERSITY CITY
244.7	1303780	GA	MORGAN COUNTY
244.5	4500690	SC	ABBEVILLE 60
244.3	4013560	OK	GUTHRIE
244.2	5301140	WA	CENTRALIA SCHOOL DISTRICT
244.2	3500240	NM	BLOOMFIELD SCHOOLS
244.0	4837440	TX	ROBSTOWN ISD
243.8	3628500	NY	SWEET HOME CENTRAL SCHOOL DISTRICT
243.8	0642990	CA	WISEBURN ELEMENTARY
243.7	4826640	TX	LAMPASAS ISD
243.7	2314670	ME	MSAD 57
243.7	1806120	IN	MADISON CONSOLIDATED SCHOOLS
243.7	1301470	GA	COOK COUNTY
243.5	3610080	NY	EASTCHESTER UNION FREE SCHOOL DISTRICT
243.5	3500210	NM	BERNALILLO PUBLIC SCHOOLS
243.5	2612600	MI	EAST LANSING SCHOOL DISTRICT
243.5	1715420	IL	FLOSSMOOR SD 161
243.5	1305850	GA	WORTH COUNTY
243.3	2105100	KY	ROWAN COUNTY
243.2	4400780	RI	NORTH PROVIDENCE
243.2	4210950	PA	GREATER JOHNSTOWN SD
243.2	2509450	MA	PENTUCKET
243.0	5506600	WI	HORTONVILLE SCHOOL DISTRICT
243.0	4900960	UT	SOUTH SANPETE DISTRICT
243.0	3411640	NJ	NORTH PLAINFIELD BOROUGH
242.8	3700210	NC	ASHE COUNTY SCHOOLS
242.8	3623190	NY	PLAINEDGE UNION FREE SCHOOL DISTRICT
242.8	2801980	MS	HOLMES CO SCHOOL DIST
242.7	4223760	PA	TRINITY AREA SD
242.7	0901290	CT	EAST HAVEN SCHOOL DISTRICT
242.5	4225200	PA	WEST ALLEGHENY SD
242.5	3629850	NY	WANTAGH UNION FREE SCHOOL DISTRICT
242.3	4214790	PA	MARS AREA SD
242.3	1602130	ID	MIDDLETON DISTRICT
242.3	0100030	AL	ALEXANDER CITY
242.2	4814670	TX	COLUMBIA-BRAZORIA ISD
242.0	3618270	NY	MANHASSET UNION FREE SCHOOL DISTRICT
242.0	3413410	NJ	PRINCETON REGIONAL
242.0	2804260	MS	TISHOMINGO CO SP MUN SCH DIST
241.8	4608520	SD	BROOKINGS SCHOOL DISTRICT 05-1
241.8	4210710	PA	GETTYSBURG AREA SD
241.8	3904817	OH	MIDVIEW LOCAL
241.8	2601950	MI	ADRIAN CITY SCHOOL DISTRICT
241.8	1811100	IN	M S D STEUBEN COUNTY
241.8	1805550	IN	WAWASEE COMMUNITY SCHOOL CORP
241.5	2610620	MI	COMSTOCK PARK PUBLIC SCHOOLS
241.5	2504410	MA	DUXBURY
241.5	2103990	KY	MCCREARY COUNTY
241.5	0506900	AR	GREENBRIER SCHOOL DISTRICT
241.3	4219650	PA	POTTSGROVE SD
241.3	4029380	OK	TAHLEQUAH
241.0	3703900	NC	ROANOKE RAPIDS CITY SCHOOLS
240.8	5509130	WI	MEQUON-THIENSVILLE SCHOOL DISTRICT
240.7	2714970	MN	HUTCHINSON PUBLIC SCHOOL DISTRICT
240.5	2700017	MN	CHISAGO LAKES SCHOOL DISTRICT
240.3	5101710	VA	GREENE CO PBLC SCHS
240.2	0506270	AR	FORREST CITY SCHOOL DISTRICT
240.0	2009960	KS	NEWTON
239.7	4703090	TN	MORGAN COUNTY SCHOOL DISTRICT
239.7	4216200	PA	MUHLENBERG SD
239.5	4213320	PA	LAUREL HIGHLANDS SD
239.5	4212170	PA	INTERBORO SD
239.5	3904624	OH	TECUMSEH LOCAL
239.5	2804230	MS	TATE CO SCHOOL DIST
239.3	4107080	OR	KLAMATH FALLS CITY SCHOOLS
239.3	1300390	GA	BERRIEN COUNTY
239.2	5505940	WI	GREENFIELD SCHOOL DISTRICT
239.0	3904495	OH	VANDALIA-BUTLER CITY
239.0	2510620	MA	SHARON
239.0	2505280	MA	GLOUCESTER
238.7	5102390	VA	MANASSAS PARK CITY PBLC SCHS
238.7	3625920	NY	SAYVILLE UNION FREE SCHOOL DISTRICT
238.7	3619740	NY	MONTICELLO CENTRAL SCHOOL DISTRICT
238.7	2310530	ME	SCARBOROUGH SCHOOL DEPARTMENT
238.7	1201860	FL	TAYLOR
238.5	4828680	TX	MABANK ISD
238.5	1302100	GA	FANNIN COUNTY
238.3	3904498	OH	WAPAKONETA CITY
238.2	2803540	MS	PEARL RIVER CO SCHOOL DIST
238.2	1804560	IN	SCHOOL TOWN OF HIGHLAND
238.2	1304950	GA	THOMASVILLE CITY
238.0	4835850	TX	PRINCETON ISD
238.0	2905430	MO	NORTH ST. FRANCOIS CO. R-I
238.0	2614250	MI	FENTON AREA PUBLIC SCHOOLS
237.8	5400150	WV	BROOKE COUNTY SCHOOLS
237.8	5101510	VA	FREDERICKSBURG CITY PBLC SCHS
237.8	2511740	MA	TRITON
237.8	0605670	CA	BONSALL UNION ELEMENTARY
237.7	4704200	TN	TULLAHOMA CITY SCHOOL DISTRICT
237.5	2930570	MO	UNION R-XI
237.5	1733690	IL	RIDGELAND SD 122
237.3	5504290	WI	ELKHORN AREA SCHOOL DISTRICT
237.2	3409330	NJ	MAHWAH TOWNSHIP
237.2	2932100	MO	WINDSOR C-1
237.2	2618030	MI	HAZEL PARK CITY SCHOOL DISTRICT
237.0	1739030	IL	TINLEY PARK CCSD 146
237.0	0615780	CA	GRASS VALLEY ELEMENTARY
237.0	0513530	AR	VILONIA SCHOOL DISTRICT
236.8	3904887	OH	TRI-VALLEY LOCAL
236.8	3604140	NY	BEACON CITY SCHOOL DISTRICT
236.8	2611550	MI	DEWITT PUBLIC SCHOOLS
236.7	4008850	OK	COWETA
236.7	0500017	AR	PARAGOULD SCHOOL DISTRICT
236.5	3904507	OH	WHITEHALL CITY
236.5	3176470	NE	SCOTTSBLUFF PUBLIC SCHOOLS
236.5	0101730	AL	HARTSELLE CITY
236.3	4824630	TX	JASPER ISD
236.3	4813650	TX	CHAPEL HILL ISD
236.3	2505730	MA	HAMPDEN-WILBRAHAM
236.3	1303630	GA	MERIWETHER COUNTY
236.2	2634680	MI	VAN DYKE PUBLIC SCHOOLS
236.2	1916680	IA	LEWIS CENTRAL COMM SCHOOL DISTRICT
236.0	0500019	AR	BATESVILLE SCHOOL DISTRICT
235.8	4206270	PA	COCALICO SD
235.8	3502100	NM	PORTALES MUNICIPAL SCHOOLS
235.8	2801290	MS	COVINGTON CO SCHOOLS
235.8	2610140	MI	COLDWATER COMMUNITY SCHOOLS
235.7	0902280	CT	MADISON SCHOOL DISTRICT
235.7	0405400	AZ	MURPHY ELEMENTARY DISTRICT
235.5	1302010	GA	ELBERT COUNTY
235.3	2801490	MS	FORREST COUNTY SCHOOL DISTRICT
235.3	2800750	MS	CLEVELAND SCHOOL DIST
235.3	2509930	MA	RANDOLPH
235.3	0503320	AR	BLYTHEVILLE SCHOOL DISTRICT
235.2	4106740	OR	JEFFERSON COUNTY SD 509J
235.2	0614950	CA	GATEWAY UNIFIED
235.0	4823820	TX	HUFFMAN ISD
235.0	2802640	MS	LINCOLN CO SCHOOL DIST
234.8	2801650	MS	GREENWOOD PUBLIC SCHOOL DISTRICT
234.8	0900420	CT	BRANFORD SCHOOL DISTRICT
234.7	5305370	WA	EAST VALLEY SCHOOL DISTRICT (YAKIMA)
234.7	4208820	PA	EASTERN LANCASTER COUNTY SD
234.7	3003290	MT	BELGRADE ELEM
234.3	5309690	WA	WEST VALLEY SCHOOL DISTRICT (SPOKANE)
234.3	4842280	TX	TAYLOR ISD
234.3	3904788	OH	MADISON LOCAL
234.3	3619110	NY	MERRICK UNION FREE SCHOOL DISTRICT
234.3	2621120	MI	LAMPHERE PUBLIC SCHOOLS
234.3	1305490	GA	WASHINGTON COUNTY
234.2	4203000	PA	BANGOR AREA SD
234.2	3622650	NY	PEEKSKILL CITY SCHOOL DISTRICT
234.2	3612180	NY	GLEN COVE CITY SCHOOL DISTRICT
234.0	3609990	NY	EAST SYRACUSE-MINOA CENTRAL SCHOOL DISTRICT
233.8	4631350	SD	HARRISBURG SCHOOL DISTRICT 41-2
233.8	4217760	PA	NORTHERN YORK COUNTY SD
233.8	2314700	ME	MSAD 60
233.8	0608520	CA	CHOWCHILLA ELEMENTARY
233.7	4218740	PA	PENNCREST SD
233.7	4212600	PA	JUNIATA COUNTY SD
233.5	3904363	OH	BOWLING GREEN CITY
233.3	5300030	WA	ABERDEEN SCHOOL DISTRICT
233.3	3904448	OH	NEW PHILADELPHIA CITY
233.3	2627210	MI	OWOSSO PUBLIC SCHOOLS
233.2	3615540	NY	ISLIP UNION FREE SCHOOL DISTRICT
233.0	3904849	OH	HIGHLAND LOCAL
233.0	3627240	NY	SOUTH GLENS FALLS CENTRAL SCHOOL DISTRICT
232.8	5309540	WA	WASHOUGAL SCHOOL DISTRICT
232.8	4214760	PA	MARPLE NEWTOWN SD
232.8	3904400	OH	FRANKLIN CITY
232.8	3609690	NY	EAST IRONDEQUOIT CENTRAL SCHOOL DISTRICT
232.7	4703720	TN	SCOTT COUNTY SCHOOL DISTRICT
232.7	2504200	MA	DIGHTON-REHOBOTH
232.5	4224750	PA	WALLENPAUPACK AREA SD
232.5	3811820	ND	MANDAN 1
232.5	3415990	NJ	SWEDESBORO-WOOLWICH
232.5	2100150	KY	ASHLAND IND
232.5	0101050	AL	DALE COUNTY
232.3	3904489	OH	TIFFIN CITY
232.3	2620880	MI	LAKEVIEW PUBLIC SCHOOLS (MACOMB)
232.3	0637620	CA	SOUTHERN KERN UNIFIED
232.2	2632670	MI	LAKE SHORE PUBLIC SCHOOLS (MACOMB)
232.2	1303000	GA	JEFF DAVIS COUNTY
232.0	3629790	NY	WALLKILL CENTRAL SCHOOL DISTRICT
231.8	4202440	PA	AMBRIDGE AREA SD
231.8	2100870	KY	CALLOWAY CO
231.7	3620400	NY	NEW HYDE PARK-GARDEN CITY PARK UNION FREE SCHOOL DISTRICT
231.5	4503150	SC	ORANGEBURG 03
231.2	3602920	NY	AMHERST CENTRAL SCHOOL DISTRICT
231.2	0620070	CA	KONOCTI UNIFIED
231.0	5100510	VA	BUCHANAN CO PBLC SCHS
231.0	3703360	NC	NEWTON CONOVER CITY SCHOOLS
231.0	2512060	MA	WAREHAM
231.0	2100390	KY	BELL CO
230.8	4843200	TX	TRINITY ISD
230.8	4823100	TX	HIDALGO ISD
230.8	2503840	MA	CONCORD
230.8	2102580	KY	HARRISON COUNTY
230.7	3904349	OH	ALLIANCE CITY
230.7	0100720	AL	CLARKE COUNTY
230.5	2635220	MI	WARREN WOODS PUBLIC SCHOOLS
230.3	3904674	OH	BIG WALNUT LOCAL
230.3	2912030	MO	FESTUS R-VI
230.3	0624900	CA	MILLBRAE ELEMENTARY
230.2	4816500	TX	DECATUR ISD
230.2	2800840	MS	BROOKHAVEN SCHOOL DIST
230.0	2105070	KY	ROCKCASTLE COUNTY
229.8	4003180	OK	ARDMORE
229.8	2201770	LA	UNION PARISH
229.8	0100990	AL	CULLMAN CITY
229.5	2102400	KY	GREENUP COUNTY
229.3	1305040	GA	TOOMBS COUNTY
229.2	5302460	WA	ELLENSBURG SCHOOL DISTRICT
229.2	4217310	PA	NORTH POCONO SD
229.2	3605310	NY	BREWSTER CENTRAL SCHOOL DISTRICT
229.0	3904998	OH	COPLEY-FAIRLAWN CITY
229.0	3904945	OH	MADISON LOCAL
229.0	1810710	IN	SOUTHERN HANCOCK CO COM SCH CORP
228.8	3502430	NM	SILVER CONSOLIDATED SCHOOLS
228.8	3416470	NJ	BARNEGAT TOWNSHIP
228.8	2627930	MI	PUBLIC SCHOOLS OF PETOSKEY
228.8	2010710	KS	PITTSBURG
228.8	1727210	IL	MOUNT PROSPECT SD 57
228.7	2931050	MO	WARREN CO. R-III
228.7	0900210	CT	BERLIN SCHOOL DISTRICT
228.5	0632880	CA	RIPON UNIFIED
228.3	4103860	OR	DALLAS SD 2
228.3	1810360	IN	SOUTH HARRISON COM SCHOOLS
228.2	4207650	PA	DONEGAL SD
228.2	3904416	OH	KENT CITY
228.2	2804620	MS	WEST POINT SCHOOL DIST
228.2	0600061	CA	RIVERBANK UNIFIED
228.0	4400540	RI	JOHNSTON
228.0	0405190	AZ	MOHAVE VALLEY ELEMENTARY DISTRICT
227.8	4841350	TX	STAFFORD MSD
227.8	3407410	NJ	HOLMDEL TOWNSHIP
227.8	3407290	NJ	HILLSIDE TOWNSHIP
227.7	4400570	RI	LINCOLN
227.7	3605940	NY	BURNT HILLS-BALLSTON LAKE CENTRAL SCHOOL DISTRICT
227.3	3904695	OH	HAMILTON LOCAL
227.2	3413680	NJ	HAZLET TOWNSHIP
227.2	3307170	NH	WINDHAM SCHOOL DISTRICT
227.2	1920610	IA	NEWTON COMM SCHOOL DISTRICT
227.2	1715930	IL	FREMONT SD 79
227.0	4213110	PA	LAMPETER-STRASBURG SD
227.0	3612270	NY	GLOVERSVILLE CITY SCHOOL DISTRICT
227.0	3600016	NY	AVERILL PARK CENTRAL SCHOOL DISTRICT
227.0	2607590	MI	CADILLAC AREA PUBLIC SCHOOLS
226.8	4700990	TN	DEKALB COUNTY SCHOOL DISTRICT
226.8	4501770	SC	CLARENDON 02
226.8	2801220	MS	COPIAH CO SCHOOL DIST
226.8	2633810	MI	THORNAPPLE KELLOGG SCHOOL DISTRICT
226.7	2509030	MA	NORWELL
226.5	1813110	IN	WESTVIEW SCHOOL CORPORATION
226.3	4222350	PA	SOUTHERN LEHIGH SD
226.3	4203480	PA	BERWICK AREA SD
226.3	2920430	MO	MARSHFIELD R-I
226.2	4103720	OR	CROOK COUNTY SD
226.2	3904987	OH	LOUISVILLE CITY
226.0	4701980	TN	HUMPHREYS COUNTY SCHOOL DIST
226.0	1300240	GA	BANKS COUNTY
225.8	3904456	OH	NORWALK CITY
225.8	2105160	KY	RUSSELL COUNTY
225.7	4225980	PA	WEST YORK AREA SD
225.7	4224150	PA	UNIONTOWN AREA SD
225.7	3904831	OH	CANFIELD LOCAL
225.5	5509090	WI	MENOMONIE AREA SCHOOL DISTRICT
225.3	4825500	TX	KENNEDALE ISD
225.3	4502640	SC	LAURENS 56
225.3	3700660	NC	CASWELL COUNTY SCHOOLS
225.3	3416980	NJ	WARREN TOWNSHIP
225.2	5513050	WI	RIVER FALLS SCHOOL DISTRICT
225.2	4820500	TX	GATESVILLE ISD
225.2	4808550	TX	ARANSAS COUNTY ISD
225.2	2510500	MA	SAUGUS
225.0	2505070	MA	FREETOWN-LAKEVILLE
224.8	2201260	LA	POINTE COUPEE PARISH
224.7	2614730	MI	FOWLERVILLE COMMUNITY SCHOOLS
224.5	4021630	OK	NOBLE
224.5	1803960	IN	GREATER JASPER CON SCHS
224.3	4502100	SC	FAIRFIELD 01
224.3	3904615	OH	TALAWANDA CITY
224.3	2104650	KY	PADUCAH INDEPENDENT
224.2	2619800	MI	JEFFERSON SCHOOLS (MONROE)
224.2	1303030	GA	JEFFERSON CITY
224.2	0635910	CA	SARATOGA UNION ELEMENTARY
224.0	5510620	WI	NEW RICHMOND SCHOOL DISTRICT
223.8	4820220	TX	GAINESVILLE ISD
223.8	4100048	OR	NORTH WASCO COUNTY SD 21
223.8	3417430	NJ	WEST DEPTFORD TOWNSHIP
223.8	3408850	NJ	LODI
223.8	0100930	AL	COVINGTON COUNTY
223.7	4211010	PA	GREENCASTLE-ANTRIM SD
223.7	2100070	KY	ALLEN CO
223.7	0508670	AR	LAKESIDE SCHOOL DISTRICT
223.5	4832190	TX	NAVASOTA ISD
223.5	3904719	OH	KENSTON LOCAL
223.3	5514550	WI	STOUGHTON AREA SCHOOL DISTRICT
223.3	5306220	WA	OMAK SCHOOL DISTRICT
223.2	0904560	CT	TOLLAND SCHOOL DISTRICT
223.0	5602760	WY	UINTA COUNTY SCHOOL DISTRICT #1
223.0	5509810	WI	MONONA GROVE SCHOOL DISTRICT
223.0	3621480	NY	NYACK UNION FREE SCHOOL DISTRICT
223.0	2600013	MI	MARQUETTE AREA PUBLIC SCHOOLS
223.0	2400570	MD	SOMERSET COUNTY PUBLIC SCHOOLS
222.7	4701080	TN	DYERSBURG CITY SCHOOL DISTRICT
222.7	1920940	IA	NORTH SCOTT COMM SCHOOL DISTRICT
222.5	3622680	NY	PELHAM UNION FREE SCHOOL DISTRICT
222.5	3417100	NJ	WASHINGTON TOWNSHIP
222.5	0603480	CA	AUBURN UNION ELEMENTARY
222.5	0514140	AR	WHITE HALL SCHOOL DISTRICT
222.3	0904890	CT	WATERTOWN SCHOOL DISTRICT
222.2	3904869	OH	TROTWOOD-MADISON CITY
222.2	2804110	MS	SOUTH TIPPAH SCHOOL DIST
222.2	0102730	AL	PICKENS COUNTY
222.0	1730300	IL	OTTAWA ESD 141
221.7	4222170	PA	SOUTH EASTERN SD
221.5	4826310	TX	LA VERNIA ISD
221.3	0407700	AZ	SHOW LOW UNIFIED DISTRICT
221.2	4205460	PA	CRESTWOOD SD
221.2	3401500	NJ	BERGENFIELD
221.2	2804020	MS	SMITH CO SCHOOL DIST
221.0	4815510	TX	CRANDALL ISD
221.0	0611760	CA	EARLIMART ELEMENTARY
220.8	2802670	MS	LONG BEACH SCHOOL DIST
220.8	2621690	MI	LINDEN COMMUNITY SCHOOLS
220.8	2310500	ME	SANFORD SCHOOL DEPARTMENT
220.7	2804350	MS	UNION CO SCHOOL DIST
220.7	2105400	KY	SIMPSON COUNTY
220.5	5308130	WA	TUKWILA SCHOOL DISTRICT
220.5	1303060	GA	JEFFERSON COUNTY
220.5	0620370	CA	LAGUNA BEACH UNIFIED
220.3	3904718	OH	CHARDON LOCAL
220.3	2619250	MI	IONIA PUBLIC SCHOOLS
220.2	4226850	PA	YORK SUBURBAN SD
220.2	3910019	OH	MARIETTA CITY
220.2	2802880	MS	MCCOMB SCHOOL DISTRICT
220.2	2506390	MA	HUDSON
220.2	0634860	CA	SAN MARINO UNIFIED
220.0	4813110	TX	CARTHAGE ISD
219.8	4023970	OK	PIEDMONT
219.8	2804170	MS	STONE CO SCHOOL DIST
219.7	3612330	NY	GOSHEN CENTRAL SCHOOL DISTRICT
219.7	2916290	MO	JENNINGS
219.7	0900840	CT	COLCHESTER SCHOOL DISTRICT
219.7	0638700	CA	TAFT CITY
219.5	4833010	TX	NORTH LAMAR ISD
219.5	4203240	PA	BELLEFONTE AREA SD
219.5	2620820	MI	LAKESHORE SCHOOL DISTRICT (BERRIEN)
219.5	2615730	MI	GAYLORD COMMUNITY SCHOOLS
219.5	0632270	CA	REEF-SUNSET UNIFIED
219.3	5501890	WI	BURLINGTON AREA SCHOOL DISTRICT
219.3	4400150	RI	CHARIHO
219.3	0622890	CA	LOS NIETOS
219.0	3409150	NJ	LOWER TOWNSHIP
218.8	2007020	KS	HAYS
218.7	2504050	MA	DEDHAM
218.7	1809480	IN	RICHLAND-BEAN BLOSSOM C S C
218.7	0609780	CA	CORNING UNION ELEMENTARY
218.5	3619410	NY	MILLER PLACE UNION FREE SCHOOL DISTRICT
218.5	2910500	MO	DESOTO 73
218.5	0627200	CA	NEWMAN-CROWS LANDING UNIFIED
218.3	4221540	PA	SHIKELLAMY SD
218.2	4224510	PA	UPPER MORELAND TOWNSHIP SD
218.0	2314779	ME	RSU 18
217.7	4826280	TX	LA VEGA ISD
217.7	3403780	NJ	DELRAN TOWNSHIP
217.5	4827240	TX	LEVELLAND ISD
217.5	2104110	KY	MERCER COUNTY
217.2	2615390	MI	FRUITPORT COMMUNITY SCHOOLS
217.2	1303360	GA	LONG COUNTY
217.0	5508910	WI	MCFARLAND SCHOOL DISTRICT
217.0	0633510	CA	ROSELAND ELEMENTARY
216.8	3607020	NY	GRAND ISLAND CENTRAL SCHOOL DISTRICT
216.8	2508820	MA	NORTH READING
216.7	3905016	OH	HOWLAND LOCAL
216.7	3406900	NJ	HARRISON TOWNSHIP
216.5	3627180	NY	SOMERS CENTRAL SCHOOL DISTRICT
216.3	4211400	PA	HAMPTON TOWNSHIP SD
216.2	4900900	UT	SAN JUAN DISTRICT
216.2	2606570	MI	BRANDON SCHOOL DISTRICT
216.2	0600022	CA	MENDOTA UNIFIED
216.2	0101660	AL	GENEVA COUNTY
216.0	3611160	NY	FLORAL PARK-BELLEROSE UNION FREE SCHOOL DISTRICT
216.0	1717800	IL	GURNEE SD 56
215.8	0507380	AR	HARRISON SCHOOL DISTRICT
215.7	3417820	NJ	WESTWOOD REGIONAL SCHOOL
215.5	1800240	IN	SOUTH DEARBORN COM SCHOOL CORP
215.3	4900540	UT	MILLARD DISTRICT
215.3	4208580	PA	EAST PENNSBORO AREA SD
215.3	1703900	IL	APTAKISIC-TRIPP CCSD 102
215.2	3904374	OH	CHILLICOTHE CITY
215.2	2718750	MN	MAHTOMEDI PUBLIC SCHOOL DISTRICT
215.0	4210920	PA	GREENSBURG SALEM SD
215.0	2612480	MI	EAST GRAND RAPIDS PUBLIC SCHOOLS
214.8	5103600	VA	SOUTHAMPTON CO PBLC SCHS
214.8	4701230	TN	FENTRESS COUNTY SCHOOL DISTRCT
214.8	1721750	IL	LAKE FOREST SD 67
214.7	3175900	NE	RALSTON PUBLIC SCHOOLS
214.5	4109270	OR	ONTARIO SD 8C
214.5	2006660	KS	GREAT BEND
214.5	0103210	AL	TALLAPOOSA COUNTY
214.3	4219710	PA	POTTSVILLE AREA SD
214.2	4500870	SC	ANDERSON 04
214.0	4401170	RI	WESTERLY
214.0	3604740	NY	BETHPAGE UNION FREE SCHOOL DISTRICT
214.0	2006330	KS	FT LEAVENWORTH
214.0	1304260	GA	PUTNAM COUNTY
213.8	0514430	AR	WYNNE SCHOOL DISTRICT
213.7	2506240	MA	HOLLISTON
213.7	0643200	CA	WRIGHT ELEMENTARY
213.5	4502850	SC	MARION 01
213.3	3403930	NJ	DOVER TOWN
213.3	2626010	MI	NORTHWEST COMMUNITY SCHOOLS
213.3	1718990	IL	HIGHLAND CUSD 5
213.0	2505790	MA	HANOVER
212.8	3413290	NJ	POINT PLEASANT BOROUGH
212.8	2102040	KY	FORT THOMAS INDEPENDENT
212.5	5514040	WI	SOUTH MILWAUKEE SCHOOL DISTRICT
212.5	2620070	MI	KEARSLEY COMMUNITY SCHOOLS
212.5	2612990	MI	EDWARDSBURG PUBLIC SCHOOLS
212.5	1724060	IL	MAHOMET-SEYMOUR CUSD 3
212.5	0803090	CO	MONTEZUMA-CORTEZ SCHOOL DISTRICT NO. RE-1
212.3	5500540	WI	ASHWAUBENON SCHOOL DISTRICT
212.3	2802700	MS	LOUISVILLE MUNICIPAL SCHOOL DIST
212.3	2105490	KY	SPENCER COUNTY
212.2	5103690	VA	STAUNTON CITY PBLC SCHS
212.2	4203870	PA	BLUE MOUNTAIN SD
212.2	3626370	NY	NORTH SHORE CENTRAL SCHOOL DISTRICT
212.0	3609090	NY	JAMESVILLE-DEWITT CENTRAL SCHOOL DISTRICT
212.0	2802580	MS	LEFLORE CO SCHOOL DIST
212.0	1732970	IL	QUEEN BEE SD 16
212.0	0504380	AR	CLARKSVILLE SCHOOL DISTRICT
211.8	4013590	OK	GUYMON
211.7	5605762	WY	SWEETWATER COUNTY SCHOOL DISTRICT #2
211.7	3172810	NE	LEXINGTON PUBLIC SCHOOLS
211.5	4220400	PA	RINGGOLD SD
211.5	3904468	OH	RAVENNA CITY
211.5	3904352	OH	ATHENS CITY
211.5	2103870	KY	MASON COUNTY
211.3	3409450	NJ	MANCHESTER TOWNSHIP
211.3	0513930	AR	WATSON CHAPEL SCHOOL DISTRICT
211.2	5514910	WI	TOMAH AREA SCHOOL DISTRICT
211.0	2507050	MA	LUDLOW
210.5	2633720	MI	TECUMSEH PUBLIC SCHOOLS
210.5	0607980	CA	CENTRAL UNION ELEMENTARY
210.3	2710230	MN	DETROIT LAKES PUBLIC SCHOOL DIST.
210.3	1810950	IN	SPENCER-OWEN COMMUNITY SCHOOLS
210.2	4700600	TN	CHESTER COUNTY SCHOOL DISTRICT
210.2	0102940	AL	SCOTTSBORO CITY
210.0	5516620	WI	WHITEFISH BAY SCHOOL DISTRICT
210.0	2623460	MI	MELVINDALE-NORTH ALLEN PARK SCHOOLS
209.8	3413710	NJ	READINGTON TOWNSHIP
209.8	1721180	IL	KINNIKINNICK CCSD 131
209.7	4503540	SC	SPARTANBURG 03
209.7	2703870	MN	BECKER PUBLIC SCHOOL DISTRICT
209.7	1803700	IN	FRANKLIN COUNTY COM SCH CORP
209.7	0901440	CT	ELLINGTON SCHOOL DISTRICT
209.7	0621990	CA	LIVE OAK ELEMENTARY
209.5	5516320	WI	WEST DE PERE SCHOOL DISTRICT
209.5	5100960	VA	COLONIAL HEIGHTS CITY PBLC SCHS
209.5	2911650	MO	EXCELSIOR SPRINGS 40
209.2	5507620	WI	LAKE GENEVA J1 SCHOOL DISTRICT
209.2	3625800	NY	SAUGERTIES CENTRAL SCHOOL DISTRICT
209.2	2804770	MS	YAZOO CITY MUNICIPAL SCHOOL DIST
209.0	3623520	NY	PORT JERVIS CITY SCHOOL DISTRICT
209.0	2617970	MI	HASTINGS AREA SCHOOL DISTRICT
209.0	2506990	MA	LONGMEADOW
208.8	4214550	PA	MANHEIM CENTRAL SD
208.8	2507530	MA	MEDFIELD
208.7	5306900	WA	PROSSER SCHOOL DISTRICT
208.7	3617910	NY	LYNBROOK UNION FREE SCHOOL DISTRICT
208.7	2100720	KY	BRECKINRIDGE CO
208.7	0101410	AL	EUFAULA CITY
208.5	4108310	OR	MOLALLA RIVER SD 35
208.3	4111580	OR	SOUTH LANE SD 45J3
208.2	4225590	PA	WEST JEFFERSON HILLS SD
208.2	3904391	OH	EAST LIVERPOOL CITY
208.2	2633840	MI	THREE RIVERS COMMUNITY SCHOOLS
208.2	0600039	CA	DELHI UNIFIED
208.0	4503570	SC	SPARTANBURG 04
208.0	2504500	MA	EAST LONGMEADOW
207.8	5511010	WI	ONALASKA SCHOOL DISTRICT
207.8	4224970	PA	WAYNE HIGHLANDS SD
207.8	0500044	AR	MAGNOLIA SCHOOL DISTRICT
207.7	4840230	TX	SILSBEE ISD
207.7	1301080	GA	CHATTOOGA COUNTY
207.5	3703420	NC	NORTHAMPTON COUNTY SCHOOLS
207.3	2623070	MI	MASON PUBLIC SCHOOLS (INGHAM)
207.2	5102610	VA	NEW KENT CO PBLC SCHS
207.2	3608460	NY	CORTLAND CITY SCHOOL DISTRICT
206.8	3904634	OH	GOSHEN LOCAL
206.8	2509000	MA	NORTON
206.8	0612840	CA	ESCALON UNIFIED
206.5	3904358	OH	BELLEFONTAINE CITY
206.5	0900270	CT	BETHEL SCHOOL DISTRICT
206.3	2507680	MA	MENDON-UPTON
206.3	0102520	AL	MUSCLE SHOALS CITY
206.2	1807560	IN	NEW PRAIRIE UNITED SCHOOL CORP
206.0	5502460	WI	CEDARBURG SCHOOL DISTRICT
206.0	4221120	PA	SELINSGROVE AREA SD
206.0	4212150	PA	INDIANA AREA SD
206.0	3800038	ND	DICKINSON 1
206.0	2730480	MN	RED WING PUBLIC SCHOOL DISTRICT
206.0	0636820	CA	SILVER VALLEY UNIFIED
206.0	0609870	CA	CORONADO UNIFIED
205.8	4840650	TX	SNYDER ISD
205.8	1810020	IN	SCOTT COUNTY SCHOOL DISTRICT 2
205.5	4033180	OK	WOODWARD
205.5	3904449	OH	NILES CITY
205.5	0101740	AL	HENRY COUNTY
205.3	3616440	NY	LACKAWANNA CITY SCHOOL DISTRICT
205.2	5500810	WI	BARABOO SCHOOL DISTRICT
205.2	3413590	NJ	RAMSEY
205.2	2508880	MA	NORTHBOROUGH
205.2	0903520	CT	REGIONAL SCHOOL DISTRICT 10
205.2	0625230	CA	MOJAVE UNIFIED
205.0	4220580	PA	SOUTH FAYETTE TOWNSHIP SD
205.0	4019440	OK	MCALESTER
205.0	3700360	NC	BERTIE COUNTY SCHOOLS
204.8	2101320	KY	CORBIN INDEPENDENT
204.8	0407820	AZ	SNOWFLAKE UNIFIED DISTRICT
204.7	2635550	MI	WAYLAND UNION SCHOOLS
204.7	2632820	MI	ST. JOHNS PUBLIC SCHOOLS
204.5	3904917	OH	AURORA CITY
204.5	3904409	OH	GREENVILLE CITY
204.5	3602940	NY	AMITYVILLE UNION FREE SCHOOL DISTRICT
204.5	1709600	IL	CHARLESTON CUSD 1
204.2	1740500	IL	CCSD 89
204.2	0100840	AL	COLBERT COUNTY
204.0	5605830	WY	TETON COUNTY SCHOOL DISTRICT #1
204.0	4102840	OR	CENTRAL SD 13J
204.0	0602100	CA	ALPINE UNION ELEMENTARY
204.0	0507680	AR	HELENA/ W.HELENA SCHOOL DIST.
203.8	5101740	VA	GREENSVILLE CO PBLC SCHS
203.8	0642960	CA	WINTON ELEMENTARY
203.5	4207200	PA	DALLAS SD
203.5	3904614	OH	ROSS LOCAL
203.0	2512210	MA	WAYLAND
203.0	2508580	MA	NEWBURYPORT
203.0	1700112	IL	STREATOR ESD 44
203.0	0904860	CT	WATERFORD SCHOOL DISTRICT
202.8	2625950	MI	NORTHVIEW PUBLIC SCHOOL DISTRICT
202.8	2003450	KS	ARKANSAS CITY
202.5	4839630	TX	SEALY ISD
202.5	3414280	NJ	ROSELLE BOROUGH
202.5	2617250	MI	GULL LAKE COMMUNITY SCHOOLS
202.5	2508940	MA	NORTHBRIDGE
202.3	4827420	TX	LIBERTY HILL ISD
202.2	4619410	SD	DOUGLAS SCHOOL DISTRICT 51-1
202.2	4209780	PA	FLEETWOOD AREA SD
202.2	3631710	NY	HEWLETT-WOODMERE UNION FREE SCHOOL DISTRICT
202.2	2608770	MI	CHARLOTTE PUBLIC SCHOOLS
202.2	1705910	IL	BENSENVILLE SD 2
202.0	4832310	TX	NEEDVILLE ISD
202.0	4819840	TX	FREDERICKSBURG ISD
202.0	2623040	MI	MARYSVILLE PUBLIC SCHOOLS
201.8	4821060	TX	GONZALES ISD
201.8	4223010	PA	SUSQUEHANNA TOWNSHIP SD
201.8	2630990	MI	SAULT STE. MARIE AREA SCHOOLS
201.7	4811640	TX	BROWNSBORO ISD
201.7	3904389	OH	DOVER CITY
201.7	2200960	LA	LASALLE PARISH
201.7	0101890	AL	JASPER CITY
201.5	5504740	WI	FORT ATKINSON SCHOOL DISTRICT
201.5	4669930	SD	MEADE SCHOOL DISTRICT 46-1
201.5	1305250	GA	UNION COUNTY
201.3	4701500	TN	GREENEVILLE CITY SCHOOL DIST
201.3	4109630	OR	PHOENIX-TALENT SD 4
201.3	3629490	NY	VALLEY STREAM 30 UNION FREE SCHOOL DISTRICT
201.2	3615900	NY	JOHNSON CITY CENTRAL SCHOOL DISTRICT
201.2	0613200	CA	EXETER UNION ELEMENTARY
201.0	4215720	PA	MONTOUR SD
201.0	2502100	MA	ASHLAND
201.0	0619140	CA	JULIAN UNION ELEMENTARY
200.8	2611610	MI	DEARBORN HEIGHTS SCHOOL DISTRICT #7
200.7	4823790	TX	HUDSON ISD
200.7	3904412	OH	HILLSBORO CITY
200.7	0628270	CA	OJAI UNIFIED
200.5	4212480	PA	JERSEY SHORE AREA SD
200.5	3904848	OH	CLOVERLEAF LOCAL
200.5	2314590	ME	MSAD 54
200.5	1812120	IN	VINCENNES COMMUNITY SCH CORP
200.3	0405820	AZ	PAGE UNIFIED DISTRICT
200.2	5304620	WA	LYNDEN SCHOOL DISTRICT
200.2	4223850	PA	TUNKHANNOCK AREA SD
200.2	3619500	NY	MINEOLA UNION FREE SCHOOL DISTRICT
200.0	5513950	WI	SLINGER SCHOOL DISTRICT
200.0	4704230	TN	UNICOI SCHOOL DISTRICT
200.0	1305340	GA	VIDALIA CITY
199.8	5605220	WY	FREMONT COUNTY SCHOOL DISTRICT #25
199.8	1741070	IL	WATERLOO CUSD 5
199.8	0901320	CT	EAST LYME SCHOOL DISTRICT
199.7	3403870	NJ	DENVILLE TOWNSHIP
199.7	2105520	KY	TAYLOR COUNTY
199.7	1931350	IA	WESTERN DUBUQUE COMM SCHOOL DISTRICT
199.5	3404740	NJ	ENGLEWOOD CITY
199.5	3304050	NH	KEENE SCHOOL DISTRICT
199.3	2102160	KY	GARRARD COUNTY
199.3	1725920	IL	MIDLOTHIAN SD 143
199.3	0101710	AL	HALE COUNTY
199.2	3905005	OH	REVERE LOCAL
199.2	3616830	NY	LAWRENCE UNION FREE SCHOOL DISTRICT
199.2	3304830	NH	MILFORD SCHOOL DISTRICT
199.2	2725080	MN	ORONO PUBLIC SCHOOL DISTRICT
199.0	4111040	OR	SCIO SD 95
199.0	0100780	AL	CLEBURNE COUNTY
198.8	1742840	IL	WINNETKA SD 36
198.7	0628680	CA	ORCHARD ELEMENTARY
198.5	4810890	TX	BORGER ISD
198.5	4208790	PA	EASTERN YORK SD
198.5	3622560	NY	PEARL RIVER UNION FREE SCHOOL DISTRICT
198.5	2712420	MN	FRIDLEY PUBLIC SCHOOL DISTRICT
198.3	1812900	IN	WEST NOBLE SCHOOL CORPORATION
198.2	2612690	MI	EATON RAPIDS PUBLIC SCHOOLS
198.0	4501080	SC	BARNWELL 45
197.8	2314768	ME	MSAD 75
197.8	1812880	IN	FRANKTON-LAPEL COMMUNITY SCHS
197.8	0612210	CA	EL SEGUNDO UNIFIED
197.7	5604060	WY	LINCOLN COUNTY SCHOOL DISTRICT #2
197.7	3600004	NY	ROTTERDAM-MOHONASEN CENTRAL SCHOOL DISTRICT
197.7	2101740	KY	ERLANGER-ELSMERE INDEPENDENT
197.6	2314773	ME	RSU 21
197.5	1802550	IN	DANVILLE COMMUNITY SCHOOL CORP
197.5	1602220	ID	MOSCOW DISTRICT
197.5	0507840	AR	HOPE SCHOOL DISTRICT
197.3	3702820	NC	MADISON COUNTY SCHOOLS
197.3	0624000	CA	MARK WEST UNION ELEMENTARY
197.3	0600035	CA	FARMERSVILLE UNIFIED
197.2	2629910	MI	RIVERVIEW COMMUNITY SCHOOL DISTRICT
197.2	1714100	IL	ELMWOOD PARK CUSD 401
197.2	1712330	IL	DIXON USD 170
197.0	5306930	WA	PULLMAN SCHOOL DISTRICT
196.8	5509210	WI	MERRILL AREA SCHOOL DISTRICT
196.8	5307080	WA	QUINCY SCHOOL DISTRICT
196.7	1706120	IL	BETHALTO CUSD 8
196.7	1600960	ID	PRESTON JOINT DISTRICT
196.7	0611220	CA	DIXIE ELEMENTARY
196.5	4813320	TX	CENTER ISD
196.5	2628530	MI	PLAINWELL COMMUNITY SCHOOLS
196.5	1708280	IL	CANTON UNION SD 66
196.5	0900060	CT	ANSONIA SCHOOL DISTRICT
196.3	4811310	TX	BRIDGE CITY ISD
196.3	3606060	NY	BYRAM HILLS CENTRAL SCHOOL DISTRICT
196.3	2012510	KS	VALLEY CENTER PUB SCH
196.2	3904470	OH	ROCKY RIVER CITY
196.2	0103150	AL	TALLADEGA CITY
196.0	2744160	MN	WORTHINGTON PUBLIC SCHOOL DISTRICT
195.8	3904579	OH	SHAWNEE LOCAL
195.8	2101760	KY	ESTILL COUNTY
195.8	1730600	IL	PALOS CCSD 118
195.7	2802340	MS	KOSCIUSKO SCHOOL DISTRICT
195.5	4839750	TX	SEMINOLE ISD
195.5	4211880	PA	HIGHLANDS SD
195.5	4206780	PA	CONRAD WEISER AREA SD
195.5	3628650	NY	UNION FREE SCHOOL DISTRICT OF THE TARRYTOWNS
195.5	3405430	NJ	FRANKLIN TOWNSHIP
195.3	2100540	KY	BOURBON CO
195.3	0637290	CA	SOQUEL UNION ELEMENTARY
195.2	4203660	PA	BIG SPRING SD
195.2	2635970	MI	WESTWOOD HEIGHTS SCHOOLS
195.2	2602220	MI	ALLEGAN PUBLIC SCHOOLS
195.0	3904455	OH	NORTON CITY
195.0	3407350	NJ	HOBOKEN
195.0	3402580	NJ	CALDWELL-WEST CALDWELL
195.0	1804470	IN	WESTERN SCHOOL CORP
195.0	0620820	CA	LAMMERSVILLE ELEMENTARY
194.8	1718420	IL	HARVARD CUSD 50
194.7	4002430	OK	ADA
194.7	3408700	NJ	LITTLE EGG HARBOR TOWNSHI
194.7	2905370	MO	BOLIVAR R-I
194.7	1802660	IN	DELAWARE COMMUNITY SCHOOL CORP
194.7	1800450	IN	BEECH GROVE CITY SCHOOLS
194.7	1301870	GA	DUBLIN CITY
194.5	4839180	TX	SANGER ISD
194.5	4808340	TX	ANNA ISD
194.5	3904561	OH	TIPP CITY EXEMPTED VILLAGE
194.5	2604530	MI	BELDING AREA SCHOOL DISTRICT
194.5	0903840	CT	ROCKY HILL SCHOOL DISTRICT
194.5	0604230	CA	BEAR VALLEY UNIFIED
194.3	1601020	ID	EMMETT INDEPENDENT DIST
194.3	0103580	AL	WINSTON COUNTY
194.2	2502430	MA	BELCHERTOWN
194.2	2202010	LA	WINN PARISH
194.2	0902580	CT	MONTVILLE SCHOOL DISTRICT
194.0	3626840	NY	SHOREHAM-WADING RIVER CENTRAL SCHOOL DISTRICT
194.0	3618660	NY	MASSENA CENTRAL SCHOOL DISTRICT
194.0	1713560	IL	EFFINGHAM CUSD 40
194.0	1303690	GA	MITCHELL COUNTY
194.0	0900540	CT	BROOKFIELD SCHOOL DISTRICT
194.0	0625740	CA	MORAGA ELEMENTARY
193.8	5307830	WA	SEQUIM SCHOOL DISTRICT
193.8	4703450	TN	POLK COUNTY SCHOOL DISTRICT
193.7	4820190	TX	FORT STOCKTON ISD
193.7	3628050	NY	STARPOINT CENTRAL SCHOOL DISTRICT
193.7	3626310	NY	SCOTIA-GLENVILLE CENTRAL SCHOOL DISTRICT
193.5	2500001	MA	QUABBIN
193.5	0902730	CT	NEW FAIRFIELD SCHOOL DISTRICT
193.5	0500049	AR	DEQUEEN SCHOOL DISTRICT
193.3	1303210	GA	LAMAR COUNTY
193.2	3704500	NC	THOMASVILLE CITY SCHOOLS
193.0	2618330	MI	HIGHLAND PARK CITY SCHOOLS
193.0	1723730	IL	WILL COUNTY SD 92
193.0	0630330	CA	PIEDMONT CITY UNIFIED
192.8	4500840	SC	ANDERSON 03
192.7	2617940	MI	HASLETT PUBLIC SCHOOLS
192.7	2617400	MI	HAMILTON COMMUNITY SCHOOLS
192.7	1719530	IL	HOMEWOOD SD 153
192.5	2505500	MA	GROTON-DUNSTABLE
192.3	4900660	UT	NORTH SANPETE DISTRICT
192.3	2803240	MS	NORTH PIKE SCHOOL DIST
192.3	2103240	KY	LAWRENCE COUNTY
192.3	0604260	CA	BEARDSLEY ELEMENTARY
192.2	4225680	PA	WEST MIFFLIN AREA SD
192.2	0513380	AR	VALLEY VIEW SCHOOL DISTRICT
192.0	5300150	WA	ANACORTES SCHOOL DISTRICT
192.0	4008370	OK	COLLINSVILLE
192.0	0902070	CT	KILLINGLY SCHOOL DISTRICT
191.8	2608580	MI	CENTER LINE PUBLIC SCHOOLS
191.8	2303150	ME	BIDDEFORD SCHOOL DEPARTMENT
191.7	3910030	OH	CELINA CITY
191.7	2004050	KS	BONNER SPRINGS
191.5	4703360	TN	PARIS CITY SPECIAL SCHOOL DIST
191.5	2507590	MA	MEDWAY
191.5	1201200	FL	MADISON
191.3	1726370	IL	MOKENA SD 159
191.2	5401560	WV	WETZEL COUNTY SCHOOLS
191.2	4222740	PA	TUSCARORA SD
191.2	3620040	NY	MOUNT SINAI UNION FREE SCHOOL DISTRICT
191.2	2000015	KS	OTTAWA
191.2	1716350	IL	GENESEO CUSD 228
191.0	4900570	UT	MORGAN DISTRICT
191.0	4400090	RI	BURRILLVILLE
191.0	4203210	PA	BELLE VERNON AREA SD
191.0	3304760	NH	MERRIMACK VALLEY SCHOOL DISTRICT
191.0	0903270	CT	PLAINFIELD SCHOOL DISTRICT
190.8	5103370	VA	ROCKBRIDGE CO PBLC SCHS
190.8	3904577	OH	ELIDA LOCAL
190.8	2508850	MA	NORTHAMPTON
190.7	1809750	IN	RUSH COUNTY SCHOOLS
190.7	1704050	IL	SUMMIT SD 104
190.6	2314790	ME	RSU 24
190.5	5513410	WI	SAUK PRAIRIE SCHOOL DISTRICT
190.5	5101590	VA	GILES CO PBLC SCHS
190.5	2802370	MS	LAFAYETTE CO SCHOOL DIST
190.3	4680430	SD	YANKTON SCHOOL DISTRICT 63-3
190.3	2512180	MA	WATERTOWN
190.3	1812450	IN	WASHINGTON COM SCHOOLS
190.2	4821360	TX	GRAHAM ISD
190.2	3405970	NJ	GLEN ROCK
190.2	2635940	MI	WESTERN SCHOOL DISTRICT
190.0	2100630	KY	BOYLE CO
189.8	2803000	MS	MOSS POINT SEPARATE SCHOOL DIST
189.7	5301170	WA	CHEHALIS SCHOOL DISTRICT
189.7	0903539	CT	REGIONAL SCHOOL DISTRICT 17
189.5	3904354	OH	BAY VILLAGE CITY
189.5	0600043	CA	SCOTTS VALLEY UNIFIED
189.3	4218030	PA	OCTORARA AREA SD
189.3	3621120	NY	NORTH MERRICK UNION FREE SCHOOL DISTRICT
189.3	1811580	IN	TWIN LAKES SCHOOL CORP
189.3	1706270	IL	BIG HOLLOW SD 38
189.2	5102880	VA	PATRICK CO PBLC SCHS
189.2	3620370	NY	NEW HARTFORD CENTRAL SCHOOL DISTRICT
189.2	3403990	NJ	DUMONT
189.2	2104740	KY	PENDLETON COUNTY
189.0	4225740	PA	WEST PERRY SD
189.0	2800870	MS	CALHOUN CO SCHOOL DIST
188.8	1736300	IL	ESD 159
188.8	0804020	CO	WELD COUNTY REORGANIZED SCHOOL DISTRICT NO. RE-8
188.7	4836240	TX	QUINLAN ISD
188.7	3904386	OH	DEFIANCE CITY
188.5	4827390	TX	LIBERTY-EYLAU ISD
188.5	3904405	OH	GENEVA AREA CITY
188.5	0634740	CA	SAN LORENZO VALLEY UNIFIED
188.3	5503060	WI	CUDAHY SCHOOL DISTRICT
188.3	4208460	PA	EASTERN LEBANON COUNTY SD
188.3	3904727	OH	SUGARCREEK LOCAL SCHOOL DISTRICT
188.2	5305010	WA	MERIDIAN SCHOOL DISTRICT
188.2	3819880	ND	WILLISTON 1
188.2	1726800	IL	MORTON CUSD 709
188.0	2632370	MI	SPARTA AREA SCHOOLS
188.0	2104890	KY	POWELL COUNTY
187.8	3910027	OH	PORTSMOUTH CITY
187.7	2803750	MS	PRENTISS CO SCHOOL DIST
187.7	2801260	MS	CORINTH SCHOOL DIST
187.7	2632850	MI	ST. JOSEPH PUBLIC SCHOOLS
187.5	5301320	WA	CLARKSTON SCHOOL DISTRICT
187.5	2306060	ME	GORHAM SCHOOL DEPARTMENT
187.5	0102910	AL	RUSSELLVILLE CITY
187.3	2921840	MO	NEVADA R-V
187.3	2505130	MA	GARDNER
187.2	1921240	IA	NORWALK COMM SCHOOL DISTRICT
187.0	5511640	WI	PEWAUKEE SCHOOL DISTRICT
187.0	4224650	PA	VALLEY VIEW SD
187.0	2633900	MI	TRENTON PUBLIC SCHOOLS
186.8	3402160	NJ	BRANCHBURG TOWNSHIP
186.8	2510860	MA	SOMERSET
186.8	2003630	KS	AUGUSTA
186.7	4502430	SC	HAMPTON 01
186.7	3904539	OH	GRANVILLE EXEMPTED VILLAGE
186.7	3904415	OH	JACKSON CITY
186.7	2634950	MI	VICKSBURG COMMUNITY SCHOOLS
186.7	2502460	MA	BELLINGHAM
186.7	1732370	IL	POSEN-ROBBINS ESD 143-5
186.5	4502670	SC	LEE 01
186.5	1730810	IL	PARK FOREST SD 163
186.3	1200630	FL	GILCHRIST
186.3	0905010	CT	WESTON SCHOOL DISTRICT
186.3	0101950	AL	LAMAR COUNTY
186.2	3904769	OH	WEST HOLMES LOCAL
186.2	3904555	OH	NEW RICHMOND EXEMPTED VILLAGE
186.0	3900094	OH	MONROE LOCAL
186.0	1714550	IL	EVERGREEN PARK ESD 124
186.0	0200480	AK	KODIAK ISLAND BOROUGH SCHOOL DISTRICT
185.8	3704740	NC	WARREN COUNTY SCHOOLS
185.8	3604110	NY	BAYPORT-BLUE POINT UNION FREE SCHOOL DISTRICT
185.8	2511010	MA	SOUTHBRIDGE
185.8	1809000	IN	EAST PORTER COUNTY SCHOOL CORP
185.7	4814970	TX	CONNALLY ISD
185.7	3904943	OH	LEXINGTON LOCAL
185.7	2511220	MA	STONEHAM
185.3	5302070	WA	DEER PARK SCHOOL DISTRICT
185.3	4900270	UT	EMERY DISTRICT
185.3	4835250	TX	POINT ISABEL ISD
185.3	2103120	KY	KNOTT COUNTY
185.3	0905280	CT	WOLCOTT SCHOOL DISTRICT
185.2	5514160	WI	SPARTA AREA SCHOOL DISTRICT
185.2	4203688	PA	BLACKHAWK SD
185.2	3910010	OH	MIAMI TRACE LOCAL
185.2	1713240	IL	EAST PEORIA SD 86
185.0	3610680	NY	ELWOOD UNION FREE SCHOOL DISTRICT
184.8	3705070	NC	YANCEY COUNTY SCHOOLS
184.8	3412960	NJ	PHILLIPSBURG
184.7	4027750	OK	SKIATOOK
184.7	1728980	IL	NORTHBROOK SD 28
184.7	0506060	AR	CAMDEN FAIRVIEW SCHOOL DIST.
184.7	0406070	AZ	PAYSON UNIFIED DISTRICT
184.5	4400870	RI	PORTSMOUTH
184.5	4213500	PA	LEHIGHTON AREA SD
184.5	4100020	OR	NORTH SANTIAM SD 29J
184.5	3411910	NJ	OAKLAND
184.3	4835010	TX	PITTSBURG ISD
184.3	2916740	MO	KIRKSVILLE R-III
184.2	3414460	NJ	RUTHERFORD
184.2	0606750	CA	BYRON UNION ELEMENTARY
184.0	4845950	TX	WILLS POINT ISD
184.0	3614190	NY	HENDRICK HUDSON CENTRAL SCHOOL DISTRICT
184.0	3406570	NJ	HAMMONTON TOWN
183.8	4012720	OK	GLENPOOL
183.8	3603990	NY	BATAVIA CITY SCHOOL DISTRICT
183.8	3408640	NJ	LINDENWOLD BOROUGH
183.7	2607080	MI	FLAT ROCK COMMUNITY SCHOOLS
183.5	5400630	WV	LEWIS COUNTY SCHOOLS
183.5	2100270	KY	BARDSTOWN IND
183.2	3615810	NY	JERICHO UNION FREE SCHOOL DISTRICT
183.2	3409600	NJ	MANTUA TOWNSHIP
183.2	3406390	NJ	HADDONFIELD BOROUGH
183.2	2613500	MI	ESCANABA AREA PUBLIC SCHOOLS
183.2	2100030	KY	ADAIR CO
183.0	5400990	WV	MORGAN COUNTY SCHOOLS
183.0	4648390	SD	MITCHELL SCHOOL DISTRICT 17-2
182.8	4701830	TN	HENRY COUNTY SCHOOL DISTRICT
182.7	4207320	PA	DANVILLE AREA SD
182.7	3616560	NY	EVANS-BRANT CENTRAL SCHOOL DISTRICT (LAKE SHORE)
182.7	2925500	MO	POTOSI R-III
182.7	2103180	KY	LARUE COUNTY
182.7	1601110	ID	FREMONT COUNTY JOINT DISTRICT
182.7	0102640	AL	OZARK CITY
182.5	5100152	VA	ALLEGHANY CO PBLC SCHS
182.5	1727540	IL	MUNDELEIN ESD 75
182.3	5509990	WI	MOUNT HOREB AREA SCHOOL DISTRICT
182.3	3615510	NY	ISLAND TREES UNION FREE SCHOOL DISTRICT
182.3	0409160	AZ	WHITERIVER UNIFIED DISTRICT
182.2	5513530	WI	SEYMOUR COMMUNITY SCHOOL DISTRICT
182.2	4010740	OK	ELK CITY
182.2	2200780	LA	JACKSON PARISH
181.8	4820700	TX	GILMER ISD
181.8	3904675	OH	BUCKEYE VALLEY LOCAL
181.8	3626400	NY	SEAFORD UNION FREE SCHOOL DISTRICT
181.7	5512660	WI	REEDSBURG SCHOOL DISTRICT
181.7	5309360	WA	WAHLUKE SCHOOL DISTRICT
181.7	5103060	VA	PRINCE EDWARD CO PBLC SCHS
181.7	2313560	ME	WESTBROOK SCHOOL DEPARTMENT
181.5	3904919	OH	FIELD LOCAL
181.5	0614250	CA	FOWLER UNIFIED
181.5	0100090	AL	ANNISTON CITY
181.4	2314795	ME	RSU 10
181.3	5401320	WV	ROANE COUNTY SCHOOLS
181.3	4703750	TN	SEQUATCHIE COUNTY SCHOOL DIST
181.0	4031350	OK	WAGONER
180.8	5512060	WI	PORTAGE COMMUNITY SCHOOL DISTRICT
180.8	5101650	VA	GOOCHLAND CO PBLC SCHS
180.8	1921870	IA	OSKALOOSA COMM SCHOOL DISTRICT
180.8	0805730	CO	MOFFAT COUNTY SCHOOL DISTRICT RE: NO. 1
180.7	5512000	WI	PORT WASHINGTON-SAUKVILLE SCHOOL DISTRICT
180.7	4204020	PA	BRADFORD AREA SD
180.7	2504440	MA	EAST BRIDGEWATER
180.7	1808220	IN	NORTHERN WELLS COM SCHOOLS
180.7	1802460	IN	CRAWFORDSVILLE COM SCHOOLS
180.5	3608970	NY	YORKSHIRE-PIONEER CENTRAL SCHOOL DISTRICT
180.5	1800690	IN	NORTH HARRISON COM SCHOOL CORP
180.3	1738700	IL	TAYLORVILLE CUSD 3
180.3	1726100	IL	MILLBURN CCSD 24
180.2	5102120	VA	KING WILLIAM CO PBLC SCHS
180.2	4019860	OK	MIAMI
180.2	2101050	KY	CASEY COUNTY
180.2	1201890	FL	UNION
180.2	0103120	AL	SYLACAUGA CITY
180.0	4400630	RI	MIDDLETOWN
180.0	2913760	MO	HARRISONVILLE R-IX
180.0	1734260	IL	ROCHELLE CCSD 231
179.8	1806870	IN	MISSISSINEWA COMMUNITY SCHOOL CORP
179.8	0806660	CO	STEAMBOAT SPRINGS SCHOOL DISTRICT NO. RE 2
179.7	2101920	KY	FLEMING COUNTY
179.7	1804170	IN	GRIFFITH PUBLIC SCHOOLS
179.7	1304500	GA	SCREVEN COUNTY
179.7	0903210	CT	ORANGE SCHOOL DISTRICT
179.5	2802820	MS	MARION CO SCHOOL DIST
179.2	1300540	GA	BROOKS COUNTY
179.0	4818900	TX	FABENS ISD
179.0	2803690	MS	PONTOTOC CITY SCHOOLS
179.0	2622970	MI	MARSHALL PUBLIC SCHOOLS
179.0	1727390	IL	MT ZION CUSD 3
179.0	0101470	AL	FAYETTE COUNTY
178.8	2920410	MO	MARSHALL
178.8	2610830	MI	COOPERSVILLE AREA PUBLIC SCHOOL DISTRICT
178.8	2507140	MA	LYNNFIELD
178.8	0903538	CT	REGIONAL SCHOOL DISTRICT 16
178.7	2601980	MI	AIRPORT COMMUNITY SCHOOL DISTRICT
178.7	2502220	MA	AUBURN
178.5	3910011	OH	WASHINGTON COURT HOUSE CITY
178.5	2612150	MI	DOWAGIAC UNION SCHOOL DISTRICT
178.5	1001850	DE	WOODBRIDGE SCHOOL DISTRICT
178.5	0400003	AZ	CHINO VALLEY UNIFIED DISTRICT
178.3	3703720	NC	POLK COUNTY SCHOOLS
178.2	3904865	OH	SWITZERLAND OF OHIO LOCAL
178.0	2200240	LA	CITY OF BOGALUSA SCHOOL DISTRICT
178.0	1736480	IL	SKOKIE SD 69
178.0	1718810	IL	HERRIN CUSD 4
177.8	4217640	PA	NORTHERN LEBANON SD
177.8	2103390	KY	LEWIS COUNTY
177.8	1733990	IL	RIVERSIDE SD 96
177.7	4025200	OK	PRYOR
177.7	3305820	NH	PORTSMOUTH SCHOOL DISTRICT
177.7	2502400	MA	BEDFORD
177.7	2501860	MA	AMESBURY
177.6	4200824	PA	CENTRAL VALLEY SD
177.5	4400990	RI	SMITHFIELD
177.5	4226730	PA	WYOMING AREA SD
177.5	3910018	OH	WARREN LOCAL
177.5	3618150	NY	MAINE-ENDWELL CENTRAL SCHOOL DISTRICT
177.5	2617730	MI	HARPER CREEK COMMUNITY SCHOOLS
177.3	4834470	TX	PEARSALL ISD
177.3	1736450	IL	SKOKIE SD 68
177.2	4655260	SD	PIERRE SCHOOL DISTRICT 32-2
177.2	2105130	KY	RUSSELL INDEPENDENT
177.2	1721450	IL	DARIEN SD 61
177.2	1720430	IL	JERSEY CUSD 100
177.2	0903990	CT	SEYMOUR SCHOOL DISTRICT
177.2	0101200	AL	DEMOPOLIS CITY
176.8	4400300	RI	EAST GREENWICH
176.8	4222790	PA	STEEL VALLEY SD
176.8	3904768	OH	EAST HOLMES LOCAL
176.7	4900450	UT	JUAB DISTRICT
176.7	4211730	PA	SAUCON VALLEY SD
176.7	1804260	IN	HAMILTON HEIGHTS SCHOOL CORP
176.7	1000810	DE	LAUREL SCHOOL DISTRICT
176.7	0100960	AL	CRENSHAW COUNTY
176.5	4215210	PA	MIDD-WEST SD
176.5	3616740	NY	LANSINGBURGH CENTRAL SCHOOL DISTRICT
176.5	3614970	NY	HUDSON FALLS CENTRAL SCHOOL DISTRICT
176.5	2909720	MO	CLAYTON
176.5	1720880	IL	KEENEYVILLE SD 20
176.4	2105790	KY	WAYNE COUNTY
176.3	4221930	PA	SOUTH BUTLER COUNTY SD
176.2	5506090	WI	HARTFORD J1 SCHOOL DISTRICT
176.2	5401380	WV	TAYLOR COUNTY SCHOOLS
176.2	4819170	TX	FERRIS ISD
176.2	4704440	TN	WAYNE COUNTY SCHOOL DISTRICT
176.0	2804290	MS	TUNICA COUNTY SCHOOL DISTRICT
176.0	2709420	MN	CLOQUET PUBLIC SCHOOL DISTRICT
176.0	1804080	IN	GREENSBURG COMMUNITY SCHOOLS
176.0	0100100	AL	ARAB CITY
175.8	2502820	MA	BOURNE
175.7	5100450	VA	BRISTOL CITY PBLC SCHS
175.7	3410020	NJ	MIDDLE TOWNSHIP
175.5	4844110	TX	VERNON ISD
175.5	4834650	TX	PERRYTON ISD
175.5	3904482	OH	STEUBENVILLE CITY
175.5	2602550	MI	ALLENDALE PUBLIC SCHOOL DISTRICT
175.3	4845090	TX	WEST ORANGE-COVE CISD
175.3	3904988	OH	MARLINGTON LOCAL
175.3	3904488	OH	TALLMADGE CITY
175.3	3409240	NJ	MADISON
175.3	2804440	MS	WALTHALL CO SCHOOL DIST
175.3	0903300	CT	PLAINVILLE SCHOOL DISTRICT
175.2	4007560	OK	CHICKASHA
175.2	3631800	NY	WYANDANCH UNION FREE SCHOOL DISTRICT
175.2	2902910	MO	AFFTON 101
175.2	1734320	IL	ROCHESTER CUSD 3A
175.2	0626820	CA	NEVADA CITY ELEMENTARY
175.2	0617190	CA	HILLSBOROUGH CITY ELEMENTARY
175.2	0600046	CA	GONZALES UNIFIED
175.0	5515660	WI	WATERFORD GRADED J1 SCHOOL DISTRICT
175.0	3906568	OH	GALLIA COUNTY LOCAL
175.0	2510170	MA	ROCKLAND
175.0	1602910	ID	SHELLEY JOINT DISTRICT
174.8	5304260	WA	LAKEWOOD SCHOOL DISTRICT
174.8	4813960	TX	CHINA SPRING ISD
174.8	4221240	PA	SHAMOKIN AREA SD
174.8	3621720	NY	OLEAN CITY SCHOOL DISTRICT
174.8	0406580	AZ	BLUE RIDGE UNIFIED DISTRICT
174.7	5503640	WI	DELAVAN-DARIEN SCHOOL DISTRICT
174.7	5101140	VA	DICKENSON CO PBLC SCHS
174.7	3402030	NJ	BORDENTOWN REGIONAL SCHOO
174.7	0904470	CT	SUFFIELD SCHOOL DISTRICT
174.7	0630450	CA	PINER-OLIVET UNION ELEMENTARY
174.5	4672090	SD	TODD COUNTY SCHOOL DISTRICT 66-1
174.5	4216290	PA	GREATER NANTICOKE AREA SD
174.5	3700840	NC	EDENTON/CHOWAN SCHOOLS
174.5	1731770	IL	PLANO CUSD 88
174.3	4809360	TX	BANDERA ISD
174.3	4013530	OK	GROVE
174.3	3411310	NJ	NEW PROVIDENCE
174.3	3104100	NE	BLAIR COMMUNITY SCHOOLS
174.2	3904393	OH	EATON COMMUNITY CITY
174.2	3302970	NH	EXETER SCHOOL DISTRICT
174.2	2928410	MO	SMITHVILLE R-II
174.2	0807380	CO	WOODLAND PARK SCHOOL DISTRICT NO. RE-2
174.0	3904369	OH	CAMBRIDGE CITY
174.0	0627780	CA	NUVIEW UNION
173.8	4812990	TX	CARRIZO SPRINGS CISD
173.8	4211340	PA	HAMBURG AREA SD
173.8	2921100	MO	MOBERLY
173.8	2633930	MI	TRI COUNTY AREA SCHOOLS
173.8	2314791	ME	RSU 20
173.8	0607560	CA	CARPINTERIA UNIFIED
173.7	4842030	TX	SWEETWATER ISD
173.7	2927570	MO	SAVANNAH R-III
173.7	2920810	MO	MEXICO 59
173.7	2718240	MN	LITTLE FALLS PUBLIC SCHOOL DISTRICT
173.7	2008340	KS	LANSING
173.5	4226550	PA	WILSON AREA SD
173.5	3404660	NJ	ELMWOOD PARK
173.3	4024870	OK	POTEAU
173.3	3502310	NM	RUIDOSO MUNICIPAL SCHOOLS
173.2	3415390	NJ	SOUTH RIVER
173.2	2908250	MO	CENTER 58
173.2	0100012	AL	BOAZ CITY
172.8	2101650	KY	ELIZABETHTOWN INDEPENDENT
172.8	0804920	CO	WELD COUNTY REORGANIZED SCHOOL DISTRICT NO. RE-3
172.7	1303990	GA	OGLETHORPE COUNTY
172.5	3614700	NY	HONEOYE FALLS-LIMA CENTRAL SCHOOL DISTRICT
172.5	3303330	NH	GOVERNOR WENTWORTH REG SCHOOL DISTRICT
172.5	2921120	MO	MONETT R-I
172.5	1301590	GA	DADE COUNTY
172.3	4704050	TN	SWEETWATER CITY SCHOOL DIST
172.3	3910020	OH	CLYDE-GREEN SPRINGS EXEMPTED VILLAGE
172.3	3904847	OH	BUCKEYE LOCAL
172.3	2924530	MO	PERRY CO. 32
172.3	2618930	MI	HURON SCHOOL DISTRICT
172.2	4110980	OR	SCAPPOOSE SD 1J
172.2	1908520	IA	DALLAS CENTER-GRIMES COMM SCHOOL DISTRICT
172.2	0512520	AR	SO. CONWAY CO. SCHOOL DISTRICT
172.0	3904619	OH	GRAHAM LOCAL
172.0	1304320	GA	RABUN COUNTY
171.8	3409180	NJ	LUMBERTON TOWNSHIP
171.8	2632550	MI	SPRING LAKE PUBLIC SCHOOLS
171.8	2009390	KS	MCPHERSON
171.8	1723090	IL	LINCOLNSHIRE-PRAIRIEVIEW SD 103
171.8	0617220	CA	HILMAR UNIFIED
171.7	5306450	WA	ORTING SCHOOL DISTRICT
171.7	3406990	NJ	HAWTHORNE
171.5	3904826	OH	JONATHAN ALDER LOCAL
171.5	2803120	MS	NEW ALBANY PUBLIC SCHOOLS
171.5	2506540	MA	KINGSTON
171.3	3703210	NC	MOUNT AIRY CITY SCHOOLS
171.3	2713980	MN	HIBBING PUBLIC SCHOOL DISTRICT
171.3	2605780	MI	BIG RAPIDS PUBLIC SCHOOLS
171.3	1808850	IN	PERU COMMUNITY SCHOOLS
171.3	1302490	GA	GREENE COUNTY
171.3	0621810	CA	LINDEN UNIFIED
171.2	2100810	KY	BUTLER CO
171.2	1715480	IL	FOREST RIDGE SD 142
171.0	4824180	TX	INGLESIDE ISD
171.0	3416200	NJ	TINTON FALLS
171.0	1300440	GA	BLECKLEY COUNTY
170.8	4836540	TX	RAYMONDVILLE ISD
170.8	4226010	PA	MIFFLINBURG AREA SD
170.8	4008070	OK	CLINTON
170.8	3305550	NH	PELHAM SCHOOL DISTRICT
170.8	0643020	CA	WOODLAKE UNION ELEMENTARY
170.7	2501650	MA	ABINGTON
170.7	2200210	LA	BIENVILLE PARISH
170.7	1301920	GA	EARLY COUNTY
170.5	3416740	NJ	VERONA
170.5	2004200	KS	BUHLER
170.5	0904380	CT	STONINGTON SCHOOL DISTRICT
170.5	0600033	CA	DOS PALOS ORO LOMA JOINT UNIFIED
170.3	5500360	WI	ANTIGO SCHOOL DISTRICT
170.3	4111970	OR	SWEET HOME SD 55
170.3	4107200	OR	LA GRANDE SD 1
170.3	2710060	MN	DASSEL-COKATO PUBLIC SCHOOL DIST.
170.3	1725000	IL	MASSAC UD 1
170.3	0903240	CT	OXFORD SCHOOL DISTRICT
170.3	0102790	AL	PIKE COUNTY
170.2	4217850	PA	NORTHWESTERN LEHIGH SD
170.2	4215480	PA	MILTON AREA SD
170.2	4206590	PA	CONNEAUT SD
170.2	3412840	NJ	PENNS GROVE-CARNEYS POINT
170.2	2608940	MI	CHELSEA SCHOOL DISTRICT
170.2	2102940	KY	JACKSON COUNTY
170.0	4215240	PA	MIDDLETOWN AREA SD
170.0	2912550	MO	FULTON 58
169.8	2722920	MN	WESTONKA PUBLIC SCHOOL DISTRICT
169.8	2311370	ME	MSAD 35
169.8	1806090	IN	MACONAQUAH SCHOOL CORP
169.7	3904884	OH	FRANKLIN LOCAL
169.5	0408280	AZ	TANQUE VERDE UNIFIED DISTRICT
169.3	2512750	MA	WESTON
169.3	1922470	IA	PELLA COMM SCHOOL DISTRICT
169.2	4700120	TN	ATHENS CITY ELEMENTARY SCH DIS
169.2	3905039	OH	VINTON COUNTY LOCAL
169.2	3409210	NJ	LYNDHURST TOWNSHIP
168.8	5307470	WA	ROCHESTER SCHOOL DISTRICT
168.8	5307350	WA	RIDGEFIELD SCHOOL DISTRICT
168.8	5102400	VA	MARTINSVILLE CITY PBLC SCHS
168.8	4845380	TX	WHARTON ISD
168.8	3904953	OH	UNION-SCIOTO LOCAL
168.8	3904540	OH	GREENFIELD EXEMPTED VILLAGE
168.8	3615360	NY	IROQUOIS CENTRAL SCHOOL DISTRICT
168.8	2802490	MS	LAWRENCE CO SCHOOL DIST
168.7	5400030	WV	BARBOUR COUNTY SCHOOLS
168.7	4843920	TX	VAN ISD
168.7	2619100	MI	IMLAY CITY COMMUNITY SCHOOLS
168.7	2502040	MA	ASHBURNHAM-WESTMINSTER
168.5	4202670	PA	ATHENS AREA SD
168.5	4102780	OR	CASCADE SD 5
168.5	3904457	OH	NORWOOD CITY
168.5	3630330	NY	WAYNE CENTRAL SCHOOL DISTRICT
168.5	2802940	MS	MONROE CO SCHOOL DIST
168.5	0508130	AR	HUNTSVILLE SCHOOL DISTRICT
168.5	0506090	AR	FARMINGTON SCHOOL DISTRICT
168.3	4101560	OR	ASHLAND SD 5
168.3	3904885	OH	MAYSVILLE LOCAL
168.3	3620190	NY	NANUET UNION FREE SCHOOL DISTRICT
168.3	2919170	MO	LOGAN-ROGERSVILLE R-VIII
168.2	2314330	ME	MSAD 49
168.2	0902160	CT	LEDYARD SCHOOL DISTRICT
168.0	5102790	VA	NOTTOWAY CO PBLC SCHS
167.7	4823430	TX	HONDO ISD
167.7	2105820	KY	WEBSTER COUNTY
167.7	1807230	IN	MT PLEASANT TWP COM SCH CORP
167.5	3409990	NJ	METUCHEN
167.5	2602640	MI	ALMA PUBLIC SCHOOLS
167.5	2501890	MA	AMHERST
167.5	1703480	IL	ALSIP-HAZLGRN-OAKLWN SD 126
167.3	4834550	TX	PECOS-BARSTOW-TOYAH ISD
167.3	4700240	TN	BENTON COUNTY SCHOOL DISTRICT
167.3	4221840	PA	SOMERSET AREA SD
167.3	3904403	OH	GALLIPOLIS CITY
167.3	3700300	NC	AVERY COUNTY SCHOOLS
167.3	1718270	IL	HARRISBURG CUSD 3
167.3	1302970	GA	JASPER COUNTY
167.2	4811340	TX	BRIDGEPORT ISD
167.0	4212540	PA	JIM THORPE AREA SD
167.0	2102760	KY	HENRY COUNTY
166.8	3400930	NJ	ASBURY PARK
166.8	1735370	IL	SANDWICH CUSD 430
166.7	1741820	IL	WESTERN SPRINGS SD 101
166.5	5509840	WI	MONROE SCHOOL DISTRICT
166.5	5505910	WI	GREENDALE SCHOOL DISTRICT
166.5	4221330	PA	SHARON CITY SD
166.5	4209090	PA	ELIZABETH FORWARD SD
166.5	2627060	MI	OTSEGO PUBLIC SCHOOLS
166.3	3904527	OH	CARROLLTON EXEMPTED VILLAGE
166.2	3005140	MT	BROWNING ELEM
166.2	2201950	LA	WEST CARROLL PARISH
166.2	2105640	KY	UNION COUNTY
166.0	4837170	TX	RIO HONDO ISD
166.0	3904425	OH	LONDON CITY
166.0	3413890	NJ	RIVER EDGE
166.0	2103840	KY	MARTIN COUNTY
166.0	2102640	KY	HART COUNTY
165.8	5513620	WI	SHAWANO SCHOOL DISTRICT
165.7	2710170	MN	DELANO PUBLIC SCHOOL DISTRICT
165.7	1200210	FL	CALHOUN
165.5	4845120	TX	WEST OSO ISD
165.5	4835910	TX	PROGRESO ISD
165.5	4500002	SC	DORCHESTER 04
165.5	4222620	PA	SPRINGFIELD TOWNSHIP SD
165.5	3904838	OH	WEST BRANCH LOCAL
165.3	3704440	NC	SWAIN COUNTY SCHOOLS
165.2	3904681	OH	PERKINS LOCAL
165.0	5400480	WV	HARDY COUNTY SCHOOLS
165.0	4840350	TX	SINTON ISD
165.0	4827450	TX	LIBERTY ISD
165.0	2716980	MN	KASSON-MANTORVILLE SCHOOL DIST.
165.0	0200003	AK	LOWER YUKON SCHOOL DISTRICT
165.0	0102190	AL	MACON COUNTY
164.8	0103330	AL	TROY CITY
164.7	4702160	TN	JOHNSON COUNTY SCHOOL DISTRICT
164.7	3617700	NY	LOCUST VALLEY CENTRAL SCHOOL DISTRICT
164.7	2007650	KS	INDEPENDENCE
164.5	4700450	TN	CANNON COUNTY SCHOOL DISTRICT
164.5	4503460	SC	SALUDA 01
164.5	2910770	MO	DEXTER R-XI
164.5	2625680	MI	NORTH BRANCH AREA SCHOOLS
164.3	3606240	NY	CAMDEN CENTRAL SCHOOL DISTRICT
164.3	2801590	MS	GREENE COUNTY SCHOOL DISTRICT
164.3	2603900	MI	BANGOR TOWNSHIP SCHOOLS
164.3	2013050	KS	WINFIELD
164.3	1802610	IN	DECATUR COUNTY COM SCHOOLS
164.2	4838360	TX	RUSK ISD
164.2	3905006	OH	SPRINGFIELD LOCAL
164.2	3302480	NH	CONTOOCOOK VALLEY SCHOOL DISTRICT
164.2	1734540	IL	ROCKTON SD 140
164.0	4703960	TN	STEWART COUNTY SCHOOL DISTRICT
164.0	3904494	OH	URBANA CITY
163.8	4221150	PA	YOUGH SD
163.7	3600013	NY	ONEIDA CITY SCHOOL DISTRICT
163.7	3403360	NJ	CLINTON TOWNSHIP
163.7	1805520	IN	LAKELAND SCHOOL CORPORATION
163.5	3401530	NJ	BERKELEY HEIGHTS
163.3	3303870	NH	HOOKSETT SCHOOL DISTRICT
163.3	2200600	LA	EAST FELICIANA PARISH
163.3	0633110	CA	RIVER DELTA JOINT UNIFIED
163.3	0607530	CA	CARMEL UNIFIED
163.2	2201980	LA	WEST FELICIANA PARISH
163.2	0902970	CT	NORTH BRANFORD SCHOOL DISTRIC
163.0	5100240	VA	APPOMATTOX CO PBLC SCHS
162.8	3904923	OH	STREETSBORO CITY
162.8	2511430	MA	SWAMPSCOTT
162.8	1927390	IA	STORM LAKE COMM SCHOOL DISTRICT
162.8	0626490	CA	MUROC JOINT UNIFIED
162.7	4220640	PA	SAINT MARYS AREA SD
162.7	4203180	PA	BEDFORD AREA SD
162.7	3904883	OH	EAST MUSKINGUM LOCAL
162.7	3904376	OH	CIRCLEVILLE CITY
162.7	3611970	NY	GENEVA CITY SCHOOL DISTRICT
162.7	1804350	IN	HANOVER COMMUNITY SCHOOL CORP
162.5	4701530	TN	GRUNDY COUNTY SCHOOL DISTRICT
162.5	3620460	NY	NEW PALTZ CENTRAL SCHOOL DISTRICT
162.5	0100185	AL	SARALAND CITY
162.3	4702970	TN	MILAN CITY SPECIAL SCHOOL DIST
162.3	3904630	OH	BATAVIA LOCAL
162.3	3618180	NY	MALONE CENTRAL SCHOOL DISTRICT
162.3	3412900	NJ	PEQUANNOCK TOWNSHIP
162.3	3406690	NJ	HANOVER TOWNSHIP
162.3	2632300	MI	SOUTH HAVEN PUBLIC SCHOOLS
162.3	1803480	IN	FAIRFIELD COMMUNITY SCHOOLS
162.3	0629370	CA	PACIFIC GROVE UNIFIED
162.2	4218090	PA	OIL CITY AREA SD
162.2	3904844	OH	RIVER VALLEY LOCAL
162.0	5302610	WA	EPHRATA SCHOOL DISTRICT
162.0	0639180	CA	THERMALITO UNION ELEMENTARY
162.0	0403500	AZ	GLOBE UNIFIED DISTRICT
161.8	4219800	PA	PUNXSUTAWNEY AREA SD
161.7	3904780	OH	INDIAN CREEK LOCAL
161.7	3303240	NH	GOFFSTOWN SCHOOL DISTRICT
161.7	2929100	MO	ST. CLAIR R-XIII
161.3	2104290	KY	MORGAN COUNTY
161.3	0630900	CA	PLEASANT GROVE JOINT UNION
161.2	4010650	OK	EL RENO
161.2	2916500	MO	KENNETT 39
161.0	4206150	PA	CLEARFIELD AREA SD
161.0	1737680	IL	STEGER SD 194
161.0	1733210	IL	RANTOUL CITY SD 137
161.0	1710530	IL	COAL CITY CUSD 1
160.8	5310050	WA	WOODLAND SCHOOL DISTRICT
160.8	5305730	WA	NORTH FRANKLIN SCHOOL DISTRICT
160.8	3904905	OH	NORTHERN LOCAL
160.8	1300810	GA	CANDLER COUNTY
160.8	0630930	CA	PLEASANT RIDGE UNION ELEMENTARY
160.5	3703000	NC	MITCHELL COUNTY SCHOOLS
160.5	2510980	MA	SOUTHBOROUGH
160.5	1812180	IN	M S D WABASH COUNTY SCHOOLS
160.3	5602070	WY	PARK COUNTY SCHOOL DISTRICT # 6
160.3	4212030	PA	HOPEWELL AREA SD
160.2	2610860	MI	CORUNNA PUBLIC SCHOOL DISTRICT
160.2	0403040	AZ	FOUNTAIN HILLS UNIFIED DISTRICT
160.0	5300570	WA	BLAINE SCHOOL DISTRICT
160.0	4831170	TX	MONAHANS-WICKETT-PYOTE ISD
160.0	2802070	MS	INDIANOLA SCHOOL DIST
159.8	2611140	MI	CROSWELL-LEXINGTON COMMUNITY SCHOOLS
159.7	4828710	TX	MADISONVILLE CISD
159.7	3904377	OH	CLAYMONT CITY
159.7	2632220	MI	SOUTH LAKE SCHOOLS
159.5	5007470	VT	SOUTH BURLINGTON SCHOOL DISTRICT
159.3	4222050	PA	SOUTH MIDDLETON SD
159.3	3607230	NY	CHEEKTOWAGA CENTRAL SCHOOL DISTRICT
159.3	1708640	IL	CARTERVILLE CUSD 5
159.2	5510590	WI	NEW LONDON SCHOOL DISTRICT
159.2	3904990	OH	NORTHWEST LOCAL
159.2	3604410	NY	BELLMORE UNION FREE SCHOOL DISTRICT
159.2	2929760	MO	SULLIVAN
159.0	2627660	MI	PAW PAW PUBLIC SCHOOL DISTRICT
159.0	2310710	ME	MSAD 15
159.0	2302640	ME	AUGUSTA PUBLIC SCHOOLS
159.0	1812870	IN	WEST LAFAYETTE COM SCHOOL CORP
158.8	5308550	WA	SULTAN SCHOOL DISTRICT
158.8	2904020	MO	AURORA R-VIII
158.7	3910006	OH	SALEM CITY
158.5	4837410	TX	ROBINSON ISD
158.5	4212090	PA	HUNTINGDON AREA SD
158.3	3403270	NJ	CLIFFSIDE PARK
158.3	0502430	AR	ARKADELPHIA SCHOOL DISTRICT
158.2	4221660	PA	SLIPPERY ROCK AREA SD
158.2	2513290	MA	WRENTHAM
158.2	2105550	KY	TODD COUNTY
158.2	0900990	CT	CROMWELL SCHOOL DISTRICT
158.0	5101350	VA	FLOYD CO PBLC SCHS
158.0	4211220	PA	GROVE CITY AREA SD
158.0	1706930	IL	BRADLEY SD 61
157.8	5515840	WI	WAUPACA SCHOOL DISTRICT
157.8	3904458	OH	OAKWOOD CITY
157.8	2510590	MA	SEEKONK
157.8	2314240	ME	MSAD 51
157.8	1805340	IN	KNOX COMMUNITY SCHOOL CORP
157.8	1300510	GA	BREMEN CITY
157.7	4223220	PA	TAMAQUA AREA SD
157.7	4216740	PA	NEW KENSINGTON-ARNOLD SD
157.7	3904628	OH	CLARK-SHAWNEE LOCAL
157.5	2706240	MN	BROOKLYN CENTER SCHOOL DISTRICT
157.5	1713290	IL	EAST RICHLAND CUSD 1
157.5	1200450	FL	DIXIE
157.5	0409430	AZ	WINDOW ROCK UNIFIED DISTRICT
157.4	2314776	ME	RSU 02
157.3	3904834	OH	POLAND LOCAL
157.2	4108520	OR	MORROW SD 1
157.0	4209990	PA	FORT LEBOEUF SD
157.0	3620640	NY	NEWARK CENTRAL SCHOOL DISTRICT
157.0	0503150	AR	BERRYVILLE SCHOOL DISTRICT
156.8	3620160	NY	MOUNT PLEASANT CENTRAL SCHOOL DISTRICT
156.8	3502460	NM	SOCORRO CONSOLIDATED SCHOOLS
156.8	3414850	NJ	SECAUCUS
156.8	2804200	MS	SUNFLOWER CO SCHOOL DIST
156.8	2804080	MS	SOUTH PIKE SCHOOL DIST
156.8	2509270	MA	OXFORD
156.7	4108160	OR	MILTON-FREEWATER UNIFIED SD 7
156.7	3100098	NE	GERING PUBLIC SCHOOLS
156.7	0600045	CA	ORLAND JOINT UNIFIED
156.5	2929170	MO	CENTRAL R-III
156.5	0900810	CT	CLINTON SCHOOL DISTRICT
156.4	0504930	AR	DARDANELLE SCHOOL DISTRICT
156.3	1735460	IL	CCSD 168
156.3	0901680	CT	GRANBY SCHOOL DISTRICT
156.2	3904402	OH	GALION CITY
156.2	1805460	IN	LAKE RIDGE SCHOOLS
156.2	1733810	IL	RIVER FOREST SD 90
156.0	3904362	OH	BEXLEY CITY
156.0	2610080	MI	CLINTONDALE COMMUNITY SCHOOLS
156.0	1807290	IN	M S D MOUNT VERNON
156.0	0632160	CA	REED UNION ELEMENTARY
155.8	2609560	MI	CHIPPEWA HILLS SCHOOL DISTRICT
155.8	1736750	IL	SOUTH HOLLAND SD 151
155.8	1720490	IL	JOHNSBURG CUSD 12
155.7	5400120	WV	BRAXTON COUNTY SCHOOLS
155.7	2100330	KY	BATH CO
155.6	2314785	ME	RSU 19
155.5	4808910	TX	AUBREY ISD
155.5	3304140	NH	LACONIA SCHOOL DISTRICT
155.5	3007110	MT	COLUMBIA FALLS ELEM
155.5	2104440	KY	NEWPORT INDEPENDENT
155.5	0642810	CA	WILSONA ELEMENTARY
155.5	0620910	CA	LARKSPUR
155.4	3100088	NE	NORRIS SCHOOL DIST 160
155.3	4812060	TX	BULLARD ISD
155.3	4211820	PA	HERMITAGE SD
155.3	2303780	ME	BRUNSWICK SCHOOL DEPARTMENT
155.2	4210650	PA	GENERAL MCLANE SD
155.2	0903535	CT	REGIONAL SCHOOL DISTRICT 13
155.2	0642330	CA	WHEATLAND ELEMENTARY
155.2	0509240	AR	MALVERN SCHOOL DISTRICT
155.0	4013890	OK	HARRAH
155.0	3904648	OH	RIVER VIEW LOCAL
155.0	3614640	NY	HOMER CENTRAL SCHOOL DISTRICT
155.0	2310590	ME	MSAD 11
155.0	0200150	AK	KETCHIKAN GATEWAY BOROUGH SCHOOL DISTRICT
154.8	4809810	TX	BELLVILLE ISD
154.8	3904908	OH	LOGAN ELM LOCAL
154.8	3904472	OH	ST MARYS CITY
154.8	3409660	NJ	MAPLE SHADE TOWNSHIP
154.8	1809810	IN	SALEM COMMUNITY SCHOOLS
154.8	1807770	IN	NORTH GIBSON SCHOOL CORP
154.7	4211490	PA	HARBOR CREEK SD
154.7	3403150	NJ	CLARK TOWNSHIP
154.7	2400450	MD	KENT COUNTY PUBLIC SCHOOLS
154.7	0622380	CA	LAS LOMITAS ELEMENTARY
154.5	5301630	WA	COLVILLE SCHOOL DISTRICT
154.5	4203450	PA	BERMUDIAN SPRINGS SD
154.5	2003780	KS	BASEHOR-LINWOOD
154.3	4211420	PA	HANOVER AREA SD
154.3	2511460	MA	SWANSEA
154.3	0617040	CA	HERMOSA BEACH CITY ELEMENTARY
154.2	3415630	NJ	SPRINGFIELD
154.2	2723490	MN	NEW ULM PUBLIC SCHOOL DISTRICT
154.2	0500042	AR	HAMBURG SCHOOL DISTRICT
154.2	0101690	AL	GUNTERSVILLE CITY
154.0	5101290	VA	FALLS CHURCH CITY PBLC SCHS
154.0	1709540	IL	CHANNAHON SD 17
153.8	3607470	NY	CHITTENANGO CENTRAL SCHOOL DISTRICT
153.8	2314772	ME	RSU 01 - LOWER KENNEBEC REGION SCHOOL UNIT
153.7	4838190	TX	ROYAL ISD
153.5	4006870	OK	CATOOSA
153.5	3910016	OH	ORANGE CITY
153.5	1732850	IL	PROSPECT HEIGHTS SD 23
153.5	1727340	IL	MOUNT VERNON SD 80
153.5	1719970	IL	IL VALLEY CENTRAL USD 321
153.5	0639000	CA	TEMPLETON UNIFIED
153.5	0628950	CA	ORO GRANDE ELEMENTARY
153.5	0509840	AR	MONTICELLO SCHOOL DISTRICT
153.4	2314789	ME	RSU 05
153.3	5007050	VT	RUTLAND CITY SCHOOL DISTRICT
153.3	4029610	OK	TECUMSEH
153.3	1803990	IN	GREENCASTLE COMMUNITY SCH CORP
153.3	1302070	GA	EVANS COUNTY
153.2	4226070	PA	WESTERN WAYNE SD
153.2	3624960	NY	RONDOUT VALLEY CENTRAL SCHOOL DISTRICT
153.2	2925330	MO	PLEASANT HILL R-III
153.0	4701110	TN	ELIZABETHTON CITY SCHOOL DIST
153.0	3904359	OH	BELLEVUE CITY
153.0	3501530	NM	LAS VEGAS CITY PUBLIC SCHOOLS
152.8	2713920	MN	HERMANTOWN PUBLIC SCHOOL DISTRICT
152.8	2310950	ME	MSAD 22
152.8	1800390	IN	BATESVILLE COMMUNITY SCH CORP
152.7	3905028	OH	INDIAN VALLEY LOCAL
152.7	2620160	MI	KELLOGGSVILLE PUBLIC SCHOOLS
152.7	1200720	FL	HAMILTON
152.3	3904399	OH	FOSTORIA CITY
152.3	2636300	MI	WHITEHALL DISTRICT SCHOOLS
152.2	4217730	PA	NORTHERN TIOGA SD
152.2	3407260	NJ	HILLSDALE
152.2	2105580	KY	TRIGG COUNTY
152.2	1710440	IL	CLINTON CUSD 15
152.0	3904877	OH	MORGAN LOCAL
152.0	3904682	OH	VERMILION LOCAL
152.0	2636600	MI	YALE PUBLIC SCHOOLS
152.0	2619140	MI	SCHOOL DISTRICT OF THE CITY OF INKSTER
151.8	2311880	ME	MSAD 09
151.7	4214190	PA	LOWER MORELAND TOWNSHIP SD
151.7	3305520	NH	OYSTER RIVER COOP SCHOOL DISTRICT
151.7	2923100	MO	ODESSA R-VII
151.7	0804470	CO	GUNNISON WATERSHED SCHOOL DISTRICT RE1J
151.5	4666930	SD	SPEARFISH SCHOOL DISTRICT 40-2
151.5	3904500	OH	WARRENSVILLE HEIGHTS CITY
151.3	1916530	IA	LE MARS COMM SCHOOL DISTRICT
151.2	4207560	PA	DERRY AREA SD
151.0	3306080	NH	SANBORN REGIONAL SCHOOL DISTRICT
151.0	2502715	MA	BLACKSTONE-MILLVILLE
151.0	1810590	IN	SOUTH VERMILLION COM SCH CORP
151.0	0409460	AZ	WINSLOW UNIFIED DISTRICT
150.8	3619170	NY	MEXICO CENTRAL SCHOOL DISTRICT
150.7	3609420	NY	DUNKIRK CITY SCHOOL DISTRICT
150.5	2804680	MS	WESTERN LINE SCHOOL DISTRICT
150.5	2718940	MN	MARSHALL PUBLIC SCHOOL DISTRICT
150.5	2610590	MI	COMSTOCK PUBLIC SCHOOLS
150.5	2513170	MA	WINTHROP
150.3	5102980	VA	POQUOSON CITY PBLC SCHS
150.3	3629460	NY	VALLEY STREAM 24 UNION FREE SCHOOL DISTRICT
150.3	2635850	MI	WEST BRANCH-ROSE CITY AREA SCHOOLS
150.3	1919890	IA	MOUNT PLEASANT COMM SCHOOL DISTRICT
150.3	0103510	AL	WILCOX COUNTY
150.3	0102820	AL	RANDOLPH COUNTY
150.2	5003240	VT	COLCHESTER SCHOOL DISTRICT
150.2	4812750	TX	CANTON ISD
150.2	4635480	SD	HURON SCHOOL DISTRICT 02-2
150.2	4502760	SC	LEXINGTON 03
150.2	4216170	PA	MOUNT PLEASANT AREA SD
150.2	3617190	NY	LEWISTON-PORTER CENTRAL SCHOOL DISTRICT
150.2	2506480	MA	IPSWICH
150.2	1811370	IN	TIPPECANOE VALLEY SCHOOL CORP
150.2	0403820	AZ	HOLBROOK UNIFIED DISTRICT
150.0	4213020	PA	LAKE-LEHMAN SD
150.0	3622170	NY	OWEGO-APALACHIN CENTRAL SCHOOL DISTRICT
150.0	3618600	NY	CHEEKTOWAGA-MARYVALE UNION FREE SCHOOL DISTRICT
150.0	2931680	MO	WEST PLAINS R-VII
150.0	0200625	AK	NORTHWEST ARCTIC BOROUGH SCHOOL DISTRICT
149.8	5102580	VA	NELSON CO PBLC SCHS
149.8	3411580	NJ	NORTH HANOVER TOWNSHIP
149.8	2803930	MS	SENATOBIA MUNICIPAL SCHOOL DIST
149.8	0103240	AL	TALLASSEE CITY
149.7	5512720	WI	RHINELANDER SCHOOL DISTRICT
149.7	4213980	PA	LITTLESTOWN AREA SD
149.7	3602520	NY	ALBION CENTRAL SCHOOL DISTRICT
149.5	4222060	PA	SOUTH PARK SD
149.5	3410050	NJ	MIDDLESEX BOROUGH
149.5	3405580	NJ	FREEHOLD BOROUGH
149.5	2711880	MN	FERGUS FALLS PUBLIC SCHOOL DISTRICT
149.5	1800960	IN	BROWN COUNTY SCHOOL CORPORATION
149.3	5601030	WY	CARBON COUNTY SCHOOL DISTRICT #1
149.3	5508700	WI	MARINETTE SCHOOL DISTRICT
149.3	3103600	NE	BEATRICE PUBLIC SCHOOLS
149.3	2636450	MI	WILLOW RUN COMMUNITY SCHOOLS
149.3	2010500	KS	PAOLA
149.2	1911850	IA	FORT MADISON COMM SCHOOL DISTRICT
149.2	1300150	GA	BACON COUNTY
149.2	0100750	AL	CLAY COUNTY
149.0	5500510	WI	ASHLAND SCHOOL DISTRICT
149.0	5302130	WA	DIERINGER SCHOOL DISTRICT
149.0	3402400	NJ	BUENA REGIONAL
149.0	2629120	MI	PORTLAND PUBLIC SCHOOL DISTRICT
149.0	1807900	IN	NORTH MONTGOMERY COM SCH CORP
149.0	0600060	CA	HUGHSON UNIFIED
148.8	3411280	NJ	NEW MILFORD
148.8	2200040	LA	CITY OF BAKER SCHOOL DISTRICT
148.7	5512810	WI	RICE LAKE AREA SCHOOL DISTRICT
148.7	4203120	PA	BEAVER AREA SD
148.7	3904642	OH	BEAVER LOCAL
148.7	3904639	OH	CLINTON-MASSIE LOCAL
148.7	3613530	NY	HAMPTON BAYS UNION FREE SCHOOL DISTRICT
148.7	2803720	MS	POPLARVILLE SEPARATE SCHOOL DIST
148.7	2622200	MI	LUDINGTON AREA SCHOOL DISTRICT
148.7	1710740	IL	COLUMBIA CUSD 4
148.7	0620730	CA	LAKESIDE UNION
148.5	4822410	TX	HARDIN-JEFFERSON ISD
148.5	1727610	IL	MURPHYSBORO CUSD 186
148.5	0625980	CA	MOTHER LODE UNION ELEMENTARY
148.3	4826610	TX	LAMESA ISD
148.3	3904914	OH	WAVERLY CITY
148.3	3904528	OH	CHAGRIN FALLS EXEMPTED VILLAGE
148.3	2624720	MI	MT. MORRIS CONSOLIDATED SCHOOLS
148.3	2011850	KS	SPRING HILL
148.3	1700222	IL	NIPPERSINK SD 2
148.3	0600051	CA	GRIDLEY UNIFIED
148.2	4808580	TX	ARANSAS PASS ISD
148.2	3622920	NY	PHOENIX CENTRAL SCHOOL DISTRICT
148.2	3603180	NY	ARDSLEY UNION FREE SCHOOL DISTRICT
148.2	2926160	MO	REEDS SPRING R-IV
148.2	2627810	MI	PENNFIELD SCHOOLS
148.2	2607320	MI	BULLOCK CREEK SCHOOL DISTRICT
148.2	2314787	ME	RSU 13
148.0	4205430	PA	CENTRAL GREENE SD
148.0	3624240	NY	RED HOOK CENTRAL SCHOOL DISTRICT
148.0	3416620	NJ	UPPER SADDLE RIVER
148.0	2511760	MA	TYNGSBOROUGH
148.0	1800570	IN	BLACKFORD COUNTY SCHOOLS
147.8	4205370	PA	CENTRAL COLUMBIA SD
147.8	0607680	CA	CASCADE UNION ELEMENTARY
147.7	4820760	TX	GLADEWATER ISD
147.7	4210440	PA	FREEPORT AREA SD
147.7	4210200	PA	FRANKLIN AREA SD
147.7	2738160	MN	STEWARTVILLE PUBLIC SCHOOL DISTRICT
147.7	2511850	MA	UXBRIDGE
147.7	1808900	IN	PIKE COUNTY SCHOOL CORP
147.7	1805700	IN	LAWRENCEBURG COM SCHOOL CORP
147.7	0405980	AZ	PARKER UNIFIED SCHOOL DISTRICT
147.5	4206860	PA	CORRY AREA SD
147.5	4108880	OR	NORTH MARION SD 15
147.5	3415960	NJ	SUSSEX-WANTAGE REGIONAL
147.5	3405880	NJ	GLASSBORO
147.3	3607980	NY	COHOES CITY SCHOOL DISTRICT
147.3	3013560	MT	HAVRE ELEM
147.3	1800420	IN	BAUGO COMMUNITY SCHOOLS
147.3	1718480	IL	W HARVEY-DIXMOOR PSD 147
147.2	2100990	KY	CARROLL COUNTY
147.0	4215750	PA	MONTOURSVILLE AREA SD
147.0	4213590	PA	LEWISBURG AREA SD
147.0	3409120	NJ	PENNSVILLE TOWNSHIP
146.8	4844010	TX	VENUS ISD
146.8	4823280	TX	HILLSBORO ISD
146.8	4218360	PA	PALMERTON AREA SD
146.8	3904999	OH	COVENTRY LOCAL
146.8	2100690	KY	BREATHITT CO
146.7	3013310	MT	HARDIN ELEM
146.7	2102220	KY	GLASGOW INDEPENDENT
146.7	1703930	IL	ARBOR PARK SD 145
146.7	1302790	GA	HEARD COUNTY
146.5	3904874	OH	VALLEY VIEW LOCAL
146.5	3610200	NY	EDGEMONT UNION FREE SCHOOL DISTRICT
146.5	3413950	NJ	RIVER VALE
146.5	2803780	MS	QUITMAN SCHOOL DIST
146.5	2803150	MS	NEWTON COUNTY SCHOOL DISTRICT
146.5	2500002	MA	SPENCER-E BROOKFIELD
146.3	5304950	WA	MEDICAL LAKE SCHOOL DISTRICT
146.3	4830420	TX	MEXIA ISD
146.2	3904367	OH	BRYAN CITY
145.8	5305790	WA	NORTH MASON SCHOOL DISTRICT
145.8	4813290	TX	CELINA ISD
145.8	4003000	OK	ANADARKO
145.8	3405370	NJ	FRANKLIN LAKES
145.7	5506000	WI	WHITNALL SCHOOL DISTRICT
145.7	3800021	ND	JAMESTOWN 1
145.7	3612990	NY	SPRINGVILLE-GRIFFITH INSTITUTE CENTRAL SCHOOL DISTRICT
145.7	3404140	NJ	EAST GREENWICH TOWNSHIP
145.7	2616320	MI	GOODRICH AREA SCHOOLS
145.7	2510920	MA	SOUTH HADLEY
145.5	5305310	WA	MOUNT BAKER SCHOOL DISTRICT
145.5	4815930	TX	CRYSTAL CITY ISD
145.5	4219860	PA	QUAKER VALLEY SD
145.5	4210110	PA	NORTH SCHUYLKILL SD
145.5	3904997	OH	WOODRIDGE LOCAL
145.5	2512240	MA	WEBSTER
145.3	4841190	TX	SPRING HILL ISD
145.3	3013860	MT	HELLGATE ELEM
145.3	0629540	CA	PALERMO UNION ELEMENTARY
145.3	0100810	AL	COFFEE COUNTY
145.2	4209240	PA	ELLWOOD CITY AREA SD
145.2	3904983	OH	CANTON LOCAL
145.2	3700600	NC	CAMDEN COUNTY SCHOOLS
145.2	3604290	NY	BEEKMANTOWN CENTRAL SCHOOL DISTRICT
145.2	2927630	MO	SCHOOL OF THE OSAGE
145.2	2103750	KY	MAGOFFIN COUNTY
145.0	3630660	NY	WEST HEMPSTEAD UNION FREE SCHOOL DISTRICT
145.0	3622830	NY	PERU CENTRAL SCHOOL DISTRICT
145.0	3621330	NY	NORWICH CITY SCHOOL DISTRICT
145.0	3618570	NY	MARLBORO CENTRAL SCHOOL DISTRICT
145.0	1908910	IA	DENISON COMM SCHOOL DISTRICT
144.8	4827810	TX	LLANO ISD
144.8	4212750	PA	KEYSTONE OAKS SD
144.8	3910025	OH	KENTON CITY
144.8	2503750	MA	CLINTON
144.8	1918690	IA	MARION INDEPENDENT SCHOOL DISTRICT
144.8	1912690	IA	GLENWOOD COMM SCHOOL DISTRICT
144.7	5100480	VA	BRUNSWICK CO PBLC SCHS
144.7	4840020	TX	SHEPHERD ISD
144.7	4700270	TN	BLEDSOE COUNTY SCHOOL DISTRICT
144.7	3904799	OH	LAKEWOOD LOCAL
144.7	3416650	NJ	UPPER TOWNSHIP
144.5	4222530	PA	SPRING COVE SD
144.5	4026790	OK	SALLISAW
144.5	1808010	IN	NORTH SPENCER COUNTY SCH CORP
144.5	0902010	CT	HEBRON SCHOOL DISTRICT
144.3	4223490	PA	TITUSVILLE AREA SD
144.3	3904880	OH	HIGHLAND LOCAL
144.3	3904801	OH	LICKING VALLEY LOCAL
144.3	2616500	MI	GRANT PUBLIC SCHOOL DISTRICT
144.3	2314160	ME	MSAD 52
144.3	1708340	IL	CARBONDALE ESD 95
144.3	0401600	AZ	CAMP VERDE UNIFIED DISTRICT
144.2	1809630	IN	ROCHESTER COMMUNITY SCH CORP
144.0	5303210	WA	GRANITE FALLS SCHOOL DISTRICT
144.0	1716860	IL	GLENCOE SD 35
144.0	1711010	IL	COUNTRY CLUB HILLS SD 160
143.8	5508940	WI	MEDFORD AREA SCHOOL DISTRICT
143.8	4810800	TX	BONHAM ISD
143.8	3904447	OH	NEW LEXINGTON CITY
143.8	3609030	NY	DEPEW UNION FREE SCHOOL DISTRICT
143.8	3608010	NY	COLD SPRING HARBOR CENTRAL SCHOOL DISTRICT
143.8	3301470	NH	AMHERST SCHOOL DISTRICT
143.8	1810860	IN	SOUTHWEST SCHOOL CORP
143.7	4207540	PA	DEER LAKES SD
143.7	2103330	KY	LESLIE COUNTY
143.5	4218450	PA	PANTHER VALLEY SD
143.5	2912540	MO	FREDERICKTOWN R-I
143.5	1721630	IL	LA GRANGE SD 105 SOUTH
143.5	0901230	CT	EAST HAMPTON SCHOOL DISTRICT
143.5	0803600	CO	WELD COUNTY SCHOOL DISTRICT NO. RE-2
143.3	3910009	OH	SHELBY CITY
143.3	3904722	OH	WEST GEAUGA LOCAL
143.3	2911340	MO	ELDON R-I
143.3	0510380	AR	NASHVILLE SCHOOL DISTRICT
143.2	5516680	WI	WHITEWATER SCHOOL DISTRICT
143.2	5511940	WI	PLYMOUTH SCHOOL DISTRICT
143.2	5100870	VA	CLARKE CO PBLC SCHS
143.2	4222370	PA	SOUTHERN TIOGA SD
143.2	3904778	OH	BUCKEYE LOCAL
143.2	0511010	AR	OZARK SCHOOL DISTRICT
143.0	3904443	OH	NAPOLEON AREA CITY
143.0	3612240	NY	GLENS FALLS CITY SCHOOL DISTRICT
143.0	2733870	MN	ST. PETER PUBLIC SCHOOL DISTRICT
143.0	2004980	KS	COFFEYVILLE
143.0	0101440	AL	FAIRFIELD CITY
142.8	3904631	OH	BETHEL-TATE LOCAL
142.8	3904542	OH	HUBBARD EXEMPTED VILLAGE
142.8	2314210	ME	MSAD 61
142.7	4817040	TX	DIBOLL ISD
142.7	4816950	TX	DEVINE ISD
142.7	4222410	PA	SOUTHMORELAND SD
142.7	3624150	NY	RAVENA-COEYMANS-SELKIRK CENTRAL SCHOOL DISTRICT
142.7	3406360	NJ	HADDON TOWNSHIP
142.7	2802040	MS	HUMPHREYS CO SCHOOL DIST
142.5	3016200	MT	LAUREL ELEM
142.5	2609840	MI	CLARENCEVILLE SCHOOL DISTRICT
142.5	1723920	IL	MACOMB CUSD 185
142.5	1700005	IL	PRAIRIE CENTRAL CUSD 8
142.3	3905059	OH	TRIWAY LOCAL
142.3	3904795	OH	SOUTH POINT LOCAL
142.3	2620670	MI	LAKE FENTON COMMUNITY SCHOOLS
142.3	2101440	KY	DANVILLE INDEPENDENT
142.3	0614070	CA	FORT BRAGG UNIFIED
142.2	3614940	NY	HUDSON CITY SCHOOL DISTRICT
142.0	5100540	VA	BUCKINGHAM CO PBLC SCHS
142.0	4829400	TX	MATHIS ISD
142.0	3904739	OH	THREE RIVERS LOCAL
141.8	5505610	WI	GRAFTON SCHOOL DISTRICT
141.8	1742300	IL	WHITESIDE SD 115
141.8	0509750	AR	MENA SCHOOL DISTRICT
141.7	3625980	NY	SCHALMONT CENTRAL SCHOOL DISTRICT
141.7	3600010	NY	COBLESKILL-RICHMONDVILLE CENTRAL SCHOOL DISTRICT
141.7	2800570	MS	BAY ST LOUIS WAVELAND SCHOOL DIST
141.7	2620980	MI	LAKEWOOD PUBLIC SCHOOLS
141.5	5504440	WI	EVANSVILLE COMMUNITY SCHOOL DISTRICT
141.5	2923010	MO	OAK GROVE R-VI
141.5	2801170	MS	COLUMBIA SCHOOL DISTRICT
141.5	2707350	MN	BYRON PUBLIC SCHOOL DISTRICT
141.3	4841970	TX	SWEENY ISD
141.3	4401050	RI	TIVERTON
141.3	2505490	MA	GREENFIELD
141.3	0102670	AL	PERRY COUNTY
141.2	4112320	OR	TILLAMOOK SD 9
141.2	3403120	NJ	CINNAMINSON TOWNSHIP
141.2	3302340	NH	CLAREMONT SCHOOL DISTRICT
141.2	2802010	MS	HOUSTON  SCHOOL DIST
141.2	2101620	KY	EDMONSON COUNTY
141.2	1733870	IL	RIVER TRAILS SD 26
141.0	4825980	TX	KRUM ISD
141.0	4220970	PA	SCHUYLKILL VALLEY SD
141.0	3904514	OH	WYOMING CITY
141.0	3904485	OH	STRUTHERS CITY
141.0	3406870	NJ	HARRISON
141.0	1716410	IL	GENOA KINGSTON CUSD 424
141.0	1303240	GA	LANIER COUNTY
140.8	4702430	TN	LEWIS COUNTY SCHOOL DISTRICT
140.8	3904989	OH	MINERVA LOCAL
140.8	2626220	MI	OAKRIDGE PUBLIC SCHOOLS
140.8	2611640	MI	WESTWOOD COMMUNITY SCHOOLS
140.8	2505670	MA	HAMILTON-WENHAM
140.7	4219020	PA	PHILIPSBURG-OSCEOLA AREA SD
140.7	3904576	OH	BATH LOCAL
140.7	1930540	IA	WAVERLY-SHELL ROCK COMM SCHOOL DISTRICT
140.3	1905130	IA	BOONE COMM SCHOOL DISTRICT
140.3	0623940	CA	MARIPOSA COUNTY UNIFIED
140.2	5102710	VA	NORTHAMPTON CO PBLC SCHS
140.2	3904687	OH	FAIRFIELD UNION LOCAL
140.2	3405220	NJ	FLORENCE TOWNSHIP
140.2	3304040	NH	KEARSARGE REGIONAL SCHOOL DISTRICT
140.2	2741880	MN	WASECA PUBLIC SCHOOL DISTRICT
140.2	0617490	CA	HOPE ELEMENTARY
140.0	3502070	NM	POJOAQUE VALLEY PUBLIC SCHOOLS
140.0	2800450	MS	AMORY SCHOOL DIST
140.0	2603540	MI	ATHERTON COMMUNITY SCHOOLS
140.0	2507440	MA	MASHPEE
139.8	3304890	NH	MONADNOCK REGIONAL SCHOOL DISTRICT
139.8	1725690	IL	MERIDIAN CUSD 223
139.7	5509960	WI	MOSINEE SCHOOL DISTRICT
139.7	3904873	OH	NORTHRIDGE LOCAL
139.7	2504800	MA	FAIRHAVEN
139.7	1808100	IN	NORTH WEST HENDRICKS SCHOOLS
139.7	1724000	IL	MAERCKER SD 60
139.7	0503640	AR	BROOKLAND SCHOOL DISTRICT
139.5	4821750	TX	GREENWOOD ISD
139.5	4104700	OR	ESTACADA SD 108
139.5	3609540	NY	EAST AURORA UNION FREE SCHOOL DISTRICT
139.5	1304830	GA	TELFAIR COUNTY
139.3	5400240	WV	CLAY COUNTY SCHOOLS
139.3	2714280	MN	HOUSTON PUBLIC SCHOOL DISTRICT
139.3	2712240	MN	FOLEY PUBLIC SCHOOL DISTRICT
139.3	0613840	CA	FIREBAUGH-LAS DELTAS JOINT UNIFIED
139.2	3904564	OH	WAUSEON EXEMPTED VILLAGE
139.2	1800480	IN	BENTON COMMUNITY SCHOOL CORP
139.0	3904947	OH	ONTARIO LOCAL
139.0	3904381	OH	CONNEAUT AREA CITY
139.0	3414310	NJ	ROSELLE PARK
139.0	2618390	MI	HILLSDALE COMMUNITY SCHOOLS
139.0	0804200	CO	WELD COUNTY REORGANIZED SCHOOL DISTRICT NO. RE-1
138.8	4105610	OR	GLADSTONE SD 115
138.7	4702610	TN	MANCHESTER CITY SCHOOL DIST
138.7	3904793	OH	FAIRLAND LOCAL
138.7	2615060	MI	FREELAND COMMUNITY SCHOOL DISTRICT
138.7	1709270	IL	CENTRALIA SD 135
138.5	4032070	OK	WEATHERFORD
138.5	3904560	OH	ROSSFORD EXEMPTED VILLAGE
138.5	3626760	NY	SHERRILL CITY SCHOOL DISTRICT
138.5	2804560	MS	WEBSTER CO SCHOOL DIST
138.5	0507560	AR	HEBER SPRINGS SCHOOL DISTRICT
138.3	4835130	TX	PLEASANT GROVE ISD
138.3	3622380	NY	PALMYRA-MACEDON CENTRAL SCHOOL DISTRICT
138.3	2631380	MI	SHEPHERD PUBLIC SCHOOL DISTRICT
138.3	1810450	IN	SOUTH MONTGOMERY COM SCH CORP
138.3	1200690	FL	GULF
138.3	0409390	AZ	WILSON ELEMENTARY DISTRICT
138.2	3904585	OH	BUCKEYE LOCAL
138.2	2012210	KS	TONGANOXIE
138.2	1906270	IA	CARLISLE COMM SCHOOL DISTRICT
138.2	1718840	IL	HERSCHER CUSD 2
138.2	0604650	CA	BENNETT VALLEY UNION ELEMENTARY
138.2	0511760	AR	PRAIRIE GROVE SCHOOL DISTRICT
138.2	0504800	AR	CROSSETT SCHOOL DISTRICT
138.0	3607320	NY	WESTHILL CENTRAL SCHOOL DISTRICT
138.0	3400009	NJ	SOMERSET HILLS REGIONAL
138.0	2311550	ME	MSAD 40
138.0	1717730	IL	BOND COUNTY CUSD 2
137.8	5100750	VA	CHARLOTTE CO PBLC SCHS
137.8	3016950	MT	LOCKWOOD ELEM
137.8	2738850	MN	THIEF RIVER FALLS SCHOOL DISTRICT
137.8	1722980	IL	LINCOLN ESD 27
137.8	0900330	CT	BLOOMFIELD SCHOOL DISTRICT
137.7	4215170	PA	MID VALLEY SD
137.7	3905018	OH	LAKEVIEW LOCAL
137.7	2720670	MN	MILACA PUBLIC SCHOOL DISTRICT
137.7	2011080	KS	RENWICK
137.7	0691134	CA	GOLDEN PLAINS UNIFIED
137.7	0511610	AR	POCAHONTAS SCHOOL DISTRICT
137.5	3403060	NJ	CHESTER TOWNSHIP
137.5	2200450	LA	CLAIBORNE PARISH
137.3	3904918	OH	CRESTWOOD LOCAL
137.3	0616323	CA	GUSTINE UNIFIED
137.0	3703600	NC	PERQUIMANS COUNTY SCHOOLS
137.0	3602340	NY	SOUTH JEFFERSON CENTRAL SCHOOL DISTRICT
137.0	2803300	MS	NOXUBEE COUNTY SCHOOL DISTRICT
137.0	0631170	CA	PLUMAS UNIFIED
136.8	5605160	WY	PARK COUNTY SCHOOL DISTRICT # 1
136.8	2507890	MA	MILLBURY
136.8	2004590	KS	CHANUTE PUBLIC SCHOOLS
136.8	1709990	IL	CHICAGO RIDGE SD 127-5
136.8	0103090	AL	SUMTER COUNTY
136.7	2201050	LA	MADISON PARISH
136.7	2104200	KY	MONROE COUNTY
136.7	1724390	IL	MANTENO CUSD 5
136.7	1301530	GA	CRAWFORD COUNTY
136.7	0900690	CT	CANTON SCHOOL DISTRICT
136.5	4204980	PA	CARBONDALE AREA SD
136.5	3413800	NJ	RIDGEFIELD PARK
136.5	2804800	MS	YAZOO CO SCHOOL DIST
136.5	1715780	IL	FRANKLIN PARK SD 84
136.3	4702910	TN	MEIGS COUNTY SCHOOL DISTRICT
136.3	3100021	NE	WAVERLY SCHOOL DISTRICT 145
136.3	2906120	MO	DALLAS CO. R-I
136.3	1807620	IN	NINEVEH-HENSLEY-JACKSON UNITED
136.3	0100011	AL	LEEDS CITY
136.2	4843290	TX	WESTWOOD ISD
136.2	4842210	TX	TARKINGTON ISD
136.2	3615210	NY	KINDERHOOK CENTRAL SCHOOL DISTRICT
136.2	2923340	MO	GASCONADE CO. R-II
136.2	0503030	AR	PEA RIDGE SCHOOL DISTRICT
136.2	0100060	AL	ANDALUSIA CITY
136.0	4800009	TX	WIMBERLEY ISD
136.0	2907020	MO	CAMERON R-I
136.0	2700008	MN	ST. LOUIS COUNTY SCHOOL DISTRICT
136.0	2310860	ME	MSAD 01
135.8	2613050	MI	ELK RAPIDS SCHOOLS
135.8	1724270	IL	MANHATTAN SD 114
135.8	0200610	AK	NORTH SLOPE BOROUGH SCHOOL DISTRICT
135.7	5513800	WI	SHOREWOOD SCHOOL DISTRICT
135.7	2908760	MO	CHILLICOTHE R-II
135.7	2102460	KY	HANCOCK COUNTY
135.7	2012300	KS	CIRCLE
135.5	4400720	RI	NEWPORT
135.5	4202910	PA	BALD EAGLE AREA SD
135.5	2625230	MI	NEW HAVEN COMMUNITY SCHOOLS
135.5	0901740	CT	GRISWOLD SCHOOL DISTRICT
135.3	5508340	WI	LUXEMBURG-CASCO SCHOOL DISTRICT
135.3	4226760	PA	WYOMISSING AREA SD
135.3	4224030	PA	TYRONE AREA SD
135.3	4217670	PA	NORTHERN LEHIGH SD
135.3	2728200	MN	PEQUOT LAKES PUBLIC SCHOOLS
135.2	3904543	OH	INDIAN HILL EXEMPTED VILLAGE
135.2	2603240	MI	ARMADA AREA SCHOOLS
135.2	0600068	CA	GOLDEN VALLEY UNIFIED
135.2	0509060	AR	LONOKE SCHOOL DISTRICT
135.0	3904587	OH	JEFFERSON AREA LOCAL
135.0	3614400	NY	HIGHLAND CENTRAL SCHOOL DISTRICT
135.0	2606780	MI	BRIDGEPORT-SPAULDING COMMUNITY SCHOOL DISTRICT
135.0	0900960	CT	COVENTRY SCHOOL DISTRICT
135.0	0408550	AZ	TOLTEC ELEMENTARY DISTRICT
135.0	0200020	AK	BERING STRAIT SCHOOL DISTRICT
134.8	5506270	WI	HAYWARD COMMUNITY SCHOOL DISTRICT
134.8	4204530	PA	BURRELL SD
134.8	2803210	MS	NORTH PANOLA SCHOOLS
134.7	5515870	WI	WAUPUN SCHOOL DISTRICT
134.7	4812460	TX	CALDWELL ISD
134.7	3623280	NY	PLATTSBURGH CITY SCHOOL DISTRICT
134.7	2508640	MA	NORFOLK
134.7	1806900	IN	MITCHELL COMMUNITY SCHOOLS
134.5	2503780	MA	COHASSET
134.5	1725620	IL	MENDOTA CCSD 289
134.5	1721000	IL	KEWANEE CUSD 229
134.5	0642710	CA	WILLOWS UNIFIED
134.4	2503360	MA	CARVER
134.3	3905058	OH	SOUTHEAST LOCAL
134.2	4211450	PA	HANOVER PUBLIC SD
134.2	4209940	PA	FOREST HILLS SD
134.2	4203840	PA	BLOOMSBURG AREA SD
134.2	2803510	MS	PASS CHRISTIAN PUBLIC SCHOOL DIST
134.2	2314780	ME	RSU 12
134.2	2100840	KY	CALDWELL CO
134.2	1741580	IL	FRANKFORT CUSD 168
134.2	0616830	CA	HEBER ELEMENTARY
134.0	4815960	TX	CUERO ISD
134.0	4218150	PA	OLEY VALLEY SD
134.0	4213770	PA	PENN CAMBRIA SD
134.0	4204080	PA	BROWNSVILLE AREA SD
134.0	3904623	OH	GREENON LOCAL
134.0	2929370	MO	STE. GENEVIEVE CO. R-II
134.0	2314130	ME	YORK SCHOOL DEPARTMENT
133.8	3904852	OH	MEIGS LOCAL
133.8	3303510	NH	HAMPTON SCHOOL DISTRICT
133.7	5100180	VA	AMELIA CO PBLC SCHS
133.7	4210740	PA	GIRARD SD
133.7	1602970	ID	SNAKE RIVER DISTRICT
133.5	4208060	PA	EAST ALLEGHENY SD
133.5	3904431	OH	MARIEMONT CITY
133.5	3603720	NY	BABYLON UNION FREE SCHOOL DISTRICT
133.5	2616080	MI	GODFREY-LEE PUBLIC SCHOOLS
133.5	2511400	MA	SUTTON
133.3	2721480	MN	MORA PUBLIC SCHOOL DISTRICT
133.3	1735640	IL	SCHILLER PARK SD 81
133.2	5102370	VA	MADISON CO PBLC SCHS
133.2	3904406	OH	GIRARD CITY
133.2	3618480	NY	MARCELLUS CENTRAL SCHOOL DISTRICT
133.2	1735010	IL	ROXANA CUSD 1
133.2	1601140	ID	FRUITLAND DISTRICT
133.2	1302910	GA	IRWIN COUNTY
133.2	1300090	GA	ATKINSON COUNTY
133.0	5507380	WI	KEWASKUM SCHOOL DISTRICT
133.0	5501260	WI	BLACK RIVER FALLS SCHOOL DISTRICT
133.0	3402850	NJ	CEDAR GROVE TOWNSHIP
133.0	2730090	MN	PROCTOR PUBLIC SCHOOL DISTRICT
133.0	2608040	MI	CARO COMMUNITY SCHOOLS
133.0	0100690	AL	CHOCTAW COUNTY
132.8	5400360	WV	GRANT COUNTY SCHOOLS
132.8	5302370	WA	EATONVILLE SCHOOL DISTRICT
132.8	4811610	TX	BROWNFIELD ISD
132.8	3904476	OH	SHEFFIELD-SHEFFIELD LAKE CITY
132.8	3413860	NJ	RINGWOOD
132.8	1729890	IL	OLYMPIA CUSD 16
132.7	4101620	OR	ASTORIA SD 1
132.7	3904509	OH	WILLARD CITY
132.7	3904465	OH	PORT CLINTON CITY
132.7	2801110	MS	COAHOMA COUNTY SCHOOL DISTRICT
132.7	0641790	CA	WAUGH ELEMENTARY
132.5	4006060	OK	BYNG
132.5	2908170	MO	CASSVILLE R-IV
132.5	2512780	MA	WESTPORT
132.5	2502880	MA	BOXFORD
132.5	2003540	KS	ATCHISON PUBLIC SCHOOLS
132.5	0605130	CA	BISHOP UNION ELEMENTARY
132.5	0506840	AR	GRAVETTE SCHOOL DISTRICT
132.2	4833720	TX	ORANGE GROVE ISD
132.2	0624180	CA	MCCABE UNION ELEMENTARY
132.0	4205340	PA	CENTRAL CAMBRIA SD
132.0	4019560	OK	MCLOUD
132.0	4014520	OK	HILLDALE
132.0	3701680	NC	GATES COUNTY SCHOOLS
132.0	3614820	NY	HORNELL CITY SCHOOL DISTRICT
131.8	2010680	KS	PIPER-KANSAS CITY
131.8	2005730	KS	EL DORADO
131.8	0622050	CA	LIVE OAK UNIFIED
131.7	4835520	TX	POTEET ISD
131.7	4665460	SD	SHANNON COUNTY SCHOOL DISTRICT 65-1
131.7	1907590	IA	CLEAR CREEK AMANA COMM SCHOOL DISTRICT
131.7	1300990	GA	CHARLTON COUNTY
131.7	0404060	AZ	KAYENTA UNIFIED DISTRICT
131.5	4818940	TX	FAIRFIELD ISD
131.5	3408040	NJ	KINNELON BOROUGH
131.3	4700960	TN	DECATUR COUNTY SCHOOL DISTRICT
131.3	4501950	SC	DILLON 03
131.3	3904892	OH	BENTON CARROLL SALEM LOCAL
131.3	3904807	OH	BENJAMIN LOGAN LOCAL
131.3	3609330	NY	DRYDEN CENTRAL SCHOOL DISTRICT
131.3	2008970	KS	LOUISBURG
131.2	4203630	PA	BIG BEAVER FALLS AREA SD
131.2	3904802	OH	NORTH FORK LOCAL
131.2	2608910	MI	CHEBOYGAN AREA SCHOOLS
131.2	0512960	AR	STUTTGART SCHOOL DISTRICT
131.0	4214880	PA	MCGUFFEY SD
131.0	3904790	OH	PERRY LOCAL
131.0	3704800	NC	WASHINGTON COUNTY SCHOOLS
131.0	2608640	MI	CENTRAL MONTCALM PUBLIC SCHOOLS
131.0	2602190	MI	ALGONAC COMMUNITY SCHOOL DISTRICT
131.0	2506720	MA	LEICESTER
131.0	1922530	IA	PERRY COMM SCHOOL DISTRICT
131.0	0504020	AR	WESTSIDE CONS. SCHOOL DISTRICT
130.8	5400960	WV	MONROE COUNTY SCHOOLS
130.8	5002130	VT	BENNINGTON ID SCHOOL DISTRICT
130.8	4009240	OK	CUSHING
130.8	3904941	OH	CLEAR FORK VALLEY LOCAL
130.8	3904638	OH	BLANCHESTER LOCAL
130.8	2200360	LA	CALDWELL PARISH
130.8	1719200	IL	HILLSBORO CUSD 3
130.7	4223040	PA	SUSQUENITA SD
130.7	0902340	CT	MANSFIELD SCHOOL DISTRICT
130.5	5507050	WI	JEFFERSON SCHOOL DISTRICT
130.5	5101690	VA	GRAYSON CO PBLC SCHS
130.5	2509300	MA	PALMER
130.3	3904963	OH	NORTHWEST LOCAL
130.3	3904382	OH	COSHOCTON CITY
130.3	3406930	NJ	HASBROUCK HEIGHTS
130.3	1926910	IA	SPENCER COMM SCHOOL DISTRICT
130.2	3904626	OH	NORTHWESTERN LOCAL
130.2	2503390	MA	CENTRAL BERKSHIRE
130.2	2101260	KY	CLINTON COUNTY
130.0	5511160	WI	OSCEOLA SCHOOL DISTRICT
130.0	4826100	TX	LA GRANGE ISD
130.0	3904922	OH	SOUTHEAST LOCAL
130.0	3407440	NJ	HOPATCONG BOROUGH
130.0	0510200	AR	MOUNTAIN VIEW SCHOOL DISTRICT
130.0	0101720	AL	HALEYVILLE CITY
129.8	4700720	TN	CLINTON CITY ELEMENTARY S/D
129.8	4027300	OK	SEMINOLE
129.8	3904686	OH	BLOOM-CARROLL LOCAL
129.8	3623310	NY	PLEASANTVILLE UNION FREE SCHOOL DISTRICT
129.8	1931860	IA	WINTERSET COMM SCHOOL DISTRICT
129.8	1732160	IL	PONTIAC CCSD 429
129.8	1602580	ID	PAYETTE JOINT DISTRICT
129.8	0805220	CO	LAMAR SCHOOL DISTRICT NO. RE-2
129.7	4501250	SC	CALHOUN 01
129.7	4010710	OK	ELGIN
129.7	3904730	OH	ROLLING HILLS LOCAL
129.7	2711130	MN	EAST GRAND FORKS PUBLIC SCHOOL DIST
129.7	2615150	MI	FREMONT PUBLIC SCHOOL DISTRICT
129.7	1706450	IL	BLOOMINGDALE SD 13
129.5	4101710	OR	BAKER SD 5J
129.5	2605820	MI	BIRCH RUN AREA SCHOOL DISTRICT
129.5	1603180	ID	TETON COUNTY DISTRICT
129.3	4218330	PA	PALISADES SD
129.3	1809120	IN	JOHN GLENN SCHOOL CORPORATION
129.2	4700060	TN	ALCOA CITY SCHOOL DISTRICT
129.2	4218570	PA	PEN ARGYL AREA SD
129.2	2916830	MO	KNOB NOSTER R-VIII
129.2	2801020	MS	CLAIBORNE CO SCHOOL DIST
129.2	1915630	IA	KEOKUK COMM SCHOOL DISTRICT
129.2	1741520	IL	CALUMET CITY SD 155
129.2	1303450	GA	MACON COUNTY
129.2	0619380	CA	KENTFIELD ELEMENTARY
129.2	0500028	AR	STAR CITY SCHOOL DISTRICT
129.0	5003840	VT	ESSEX TOWN SCHOOL DISTRICT
129.0	0102160	AL	LOWNDES COUNTY
129.0	0100870	AL	CONECUH COUNTY
128.8	5504110	WI	EDGERTON SCHOOL DISTRICT
128.8	4400810	RI	NORTH SMITHFIELD
128.8	3904779	OH	EDISON LOCAL
128.8	3618960	NY	MEDINA CENTRAL SCHOOL DISTRICT
128.8	1810920	IN	SCHOOL TOWN OF SPEEDWAY
128.8	1810350	IN	SOUTH GIBSON SCHOOL CORP
128.7	4224300	PA	UPPER ADAMS SD
128.7	4015690	OK	JAY
128.7	3904684	OH	AMANDA-CLEARCREEK LOCAL
128.7	3406000	NJ	GLOUCESTER CITY
128.7	1304540	GA	SOCIAL CIRCLE CITY
128.5	4502880	SC	MARION 02
128.5	3628740	NY	TONAWANDA CITY SCHOOL DISTRICT
128.5	3608580	NY	CROTON-HARMON UNION FREE SCHOOL DISTRICT
128.5	2615990	MI	GLADWIN COMMUNITY SCHOOLS
128.5	0624750	CA	MIDDLETOWN UNIFIED
128.3	3403600	NJ	CRESSKILL
128.2	3904815	OH	FIRELANDS LOCAL
128.2	2609930	MI	CLAWSON PUBLIC SCHOOLS
128.0	5103980	VA	WESTMORELAND CO PBLC SCHS
128.0	2909860	MO	CLINTON
128.0	1915840	IA	KNOXVILLE COMM SCHOOL DISTRICT
127.8	3626160	NY	SCHUYLERVILLE CENTRAL SCHOOL DISTRICT
127.8	2715750	MN	JORDAN PUBLIC SCHOOL DISTRICT
127.7	4820640	TX	GIDDINGS ISD
127.7	2605430	MI	BERRIEN SPRINGS PUBLIC SCHOOLS
127.7	2200420	LA	CATAHOULA PARISH
127.7	1803300	IN	ELWOOD COMMUNITY SCHOOL CORP
127.5	4900330	UT	GRAND DISTRICT
127.5	3905041	OH	CARLISLE LOCAL
127.5	3904984	OH	FAIRLESS LOCAL
127.5	3904411	OH	HEATH CITY
127.5	3607290	NY	CHENANGO VALLEY CENTRAL SCHOOL DISTRICT
127.5	3605640	NY	BRONXVILLE UNION FREE SCHOOL DISTRICT
127.3	1804620	IN	RIVER FOREST COMMUNITY SCH CORP
127.3	1739120	IL	TOLONO CUSD 7
127.3	1709150	IL	CENTRAL SD 51
127.2	2740740	MN	LAKE SUPERIOR PUBLIC SCHOOL DIST.
127.2	1731290	IL	PEOTONE CUSD 207U
127.2	0905250	CT	WINDSOR LOCKS SCHOOL DISTRICT
127.0	1813230	IN	WHITKO COMMUNITY SCHOOL CORP
127.0	1728700	IL	NORTH BOONE CUSD 200
127.0	1717850	IL	NORTHBROOK ESD 27
126.8	3415090	NJ	SOMERVILLE BOROUGH
126.8	2700124	MN	FAIRMONT AREA SCHOOL DISTRICT
126.8	2604740	MI	BENDLE PUBLIC SCHOOLS
126.7	5602870	WY	FREMONT COUNTY SCHOOL DISTRICT # 1
126.7	1803840	IN	GARRETT-KEYSER-BUTLER COM
126.7	0500047	AR	TRUMANN SCHOOL DISTRICT
126.5	4831770	TX	MOUNT VERNON ISD
126.5	4814850	TX	COMMUNITY ISD
126.5	4004680	OK	BLANCHARD
126.5	3624000	NY	PUTNAM VALLEY CENTRAL SCHOOL DISTRICT
126.5	3618210	NY	MALVERNE UNION FREE SCHOOL DISTRICT
126.5	3414490	NJ	SADDLE BROOK TOWNSHIP
126.5	1808640	IN	PAOLI COMMUNITY SCHOOL CORP
126.5	1741790	IL	WESTCHESTER SD 92-5
126.5	0616260	CA	GUADALUPE UNION ELEMENTARY
126.3	4828650	TX	LYTLE ISD
126.3	2625320	MI	NEWAYGO PUBLIC SCHOOL DISTRICT
126.3	0511700	AR	POTTSVILLE SCHOOL DISTRICT
126.2	4018700	OK	MADILL
126.2	4011970	OK	FORT GIBSON
126.2	3622290	NY	OYSTER BAY-EAST NORWICH CENTRAL SCHOOL DISTRICT
126.2	3617640	NY	LIVONIA CENTRAL SCHOOL DISTRICT
126.2	2012840	KS	WELLINGTON
126.2	2012420	KS	ULYSSES
126.2	1723100	IL	LINCOLNWOOD SD 74
126.0	4224870	PA	WARRIOR RUN SD
126.0	3904808	OH	INDIAN LAKE LOCAL
126.0	3904590	OH	ALEXANDER LOCAL
126.0	3622890	NY	PHELPS-CLIFTON SPRINGS CENTRAL SCHOOL DISTRICT
126.0	3610050	NY	EAST WILLISTON UNION FREE SCHOOL DISTRICT
126.0	0513680	AR	WALDRON SCHOOL DISTRICT
125.8	4021510	OK	NEWCASTLE
125.8	2741910	MN	WATERTOWN-MAYER PUBLIC SCHOOL DIST.
125.7	5309240	WA	VALLEY SCHOOL DISTRICT
125.7	1811400	IN	TIPTON COMMUNITY SCHOOL CORP
125.7	1726610	IL	MORRIS SD 54
125.6	2314775	ME	RSU 16
125.5	4022800	OK	OKMULGEE
125.5	3904461	OH	ORRVILLE CITY
125.5	3621660	NY	OGDENSBURG CITY SCHOOL DISTRICT
125.5	3600005	NY	BROADALBIN-PERTH CENTRAL SCHOOL DISTRICT
125.5	3403450	NJ	COLTS NECK TOWNSHIP
125.5	2929250	MO	ST. JAMES R-I
125.5	2305670	ME	FALMOUTH SCHOOL DEPARTMENT
125.5	2006180	KS	FORT SCOTT
125.3	5602990	WY	GOSHEN COUNTY SCHOOL DISTRICT #1
125.3	4824260	TX	IOWA PARK CISD
125.3	4704260	TN	UNION CITY SCHOOL DISTRICT
125.3	3904397	OH	FAIRVIEW PARK CITY
125.3	3615980	NY	JOHNSTOWN CITY SCHOOL DISTRICT
125.3	3306240	NH	SOMERSWORTH SCHOOL DISTRICT
125.3	2104560	KY	OWEN COUNTY
125.3	1716950	IL	BROOKWOOD SD 167
125.3	0619320	CA	KELSEYVILLE UNIFIED
125.3	0500006	AR	WARREN SCHOOL DISTRICT
125.2	4900060	UT	BEAVER DISTRICT
125.2	2709440	MN	ROCORI PUBLIC SCHOOL DISTRICT
125.2	1305790	GA	WILKINSON COUNTY
125.0	3904599	OH	ST CLAIRSVILLE-RICHLAND CITY
125.0	3703510	NC	PAMLICO COUNTY SCHOOLS
125.0	3602730	NY	WINDSOR CENTRAL SCHOOL DISTRICT
125.0	1801050	IN	BROWNSTOWN CNT COM SCH CORP
124.8	5506140	WI	HARTLAND-LAKESIDE J3 SCHOOL DISTRICT
124.8	3802530	ND	BELCOURT 7
124.8	3615450	NY	IRVINGTON UNION FREE SCHOOL DISTRICT
124.8	2604950	MI	BENZIE COUNTY CENTRAL SCHOOLS
124.8	2506960	MA	LITTLETON
124.7	4820850	TX	GLEN ROSE ISD
124.7	4810990	TX	BOWIE ISD
124.7	4224990	PA	WASHINGTON SD
124.7	3621780	NY	ONEONTA CITY SCHOOL DISTRICT
124.7	2617220	MI	GROSSE ILE TOWNSHIP SCHOOLS
124.7	2511310	MA	STURBRIDGE
124.7	1913200	IA	GRINNELL-NEWBURG COMM SCHOOL DISTRICT
124.7	1733380	IL	REED CUSTER CUSD 255U
124.7	1305760	GA	WILKES COUNTY
124.7	0624300	CA	MCKINLEYVILLE UNION ELEMENTARY
124.5	4812640	TX	CAMERON ISD
124.5	3910023	OH	VAN WERT CITY
124.5	3620760	NY	NEWFANE CENTRAL SCHOOL DISTRICT
124.5	2009840	KS	MULVANE
124.5	1303600	GA	MCINTOSH COUNTY
124.3	4822320	TX	HAMSHIRE-FANNETT ISD
124.3	3630270	NY	WAVERLY CENTRAL SCHOOL DISTRICT
124.3	3600014	NY	WATERLOO CENTRAL SCHOOL DISTRICT
124.3	1732670	IL	PRINCETON ESD 115
124.3	0903536	CT	REGIONAL SCHOOL DISTRICT 14
124.2	4204320	PA	BROOKVILLE AREA SD
124.0	5101200	VA	ESSEX CO PBLC SCHS
124.0	4400360	RI	EXETER-WEST GREENWICH
123.8	5513020	WI	RIPON AREA SCHOOL DISTRICT
123.8	4030420	OK	TUTTLE
123.8	3602550	NY	ALDEN CENTRAL SCHOOL DISTRICT
123.8	2505220	MA	GEORGETOWN
123.8	1802440	IN	CRAWFORD CO COM SCHOOL CORP
123.8	0618990	CA	JOHN SWETT UNIFIED
123.7	4226130	PA	WESTMONT HILLTOP SD
123.7	2103900	KY	MAYFIELD INDEPENDENT
123.7	1724420	IL	NORTHBROOK/GLENVIEW SD 30
123.5	5307620	WA	ROYAL SCHOOL DISTRICT
123.5	4840550	TX	SMITHVILLE ISD
123.5	4833780	TX	ORANGEFIELD ISD
123.5	1812990	IN	WESTERN BOONE CO COM SCH DIST
123.5	1731500	IL	SOUTHWESTERN CUSD 9
123.5	1708130	IL	CALUMET PUBLIC SD 132
123.5	1700320	IL	MONMOUTH-ROSEVILLE CUSD 238
123.3	4219140	PA	PINE GROVE AREA SD
123.3	2702930	MN	ALBANY PUBLIC SCHOOL DISTRICT
123.2	4106930	OR	JUNCTION CITY SD 69
123.2	2607140	MI	BUCHANAN COMMUNITY SCHOOLS
123.2	1801770	IN	RANDOLPH CENTRAL SCHOOL CORP
123.0	4808880	TX	ATLANTA ISD
123.0	4008040	OK	CLEVELAND
123.0	3624630	NY	BLIND BROOK-RYE UNION FREE SCHOOL DISTRICT
123.0	1906330	IA	CARROLL COMM SCHOOL DISTRICT
122.8	4837590	TX	ROCKDALE ISD
122.8	2102340	KY	GREEN COUNTY
122.8	1810870	IN	SOUTHWEST DUBOIS CO SCH CORP
122.8	1304530	GA	SEMINOLE COUNTY
122.7	5513680	WI	SHEBOYGAN FALLS SCHOOL DISTRICT
122.7	3606720	NY	CATSKILL CENTRAL SCHOOL DISTRICT
122.7	2613530	MI	ESSEXVILLE-HAMPTON PUBLIC SCHOOLS
122.7	1904200	IA	BALLARD COMM SCHOOL DISTRICT
122.7	1802910	IN	LAKE STATION COMMUNITY SCHOOLS
122.6	0904290	CT	STAFFORD SCHOOL DISTRICT
122.5	3405940	NJ	GLEN RIDGE
122.5	2632940	MI	STANDISH-STERLING COMMUNITY SCHOOLS
122.5	2504590	MA	EASTHAMPTON
122.5	2303930	ME	CAPE ELIZABETH SCHOOL DEPARTMENT
122.5	1809420	IN	RENSSELAER CENTRAL SCHOOL CORP
122.5	0626100	CA	MOUNTAIN EMPIRE UNIFIED
122.3	4816770	TX	DENVER CITY ISD
122.3	4205880	PA	CHESTNUT RIDGE SD
122.3	3416560	NJ	UPPER FREEHOLD REGIONAL
122.3	2728380	MN	PINE CITY PUBLIC SCHOOL DISTRICT
122.3	1911340	IA	FAIRFIELD COMM SCHOOL DISTRICT
122.2	5516350	WI	WEST SALEM SCHOOL DISTRICT
122.2	4830930	TX	MINEOLA ISD
122.2	4830120	TX	MELISSA ISD
122.2	2102130	KY	GALLATIN COUNTY
122.2	1743020	IL	WOOD DALE SD 7
122.2	0406960	AZ	SAN CARLOS UNIFIED DISTRICT
122.0	3629400	NY	VALHALLA UNION FREE SCHOOL DISTRICT
122.0	3501560	NM	WEST LAS VEGAS PUBLIC SCHOOLS
122.0	2700128	MN	GLENCOE-SILVER LAKE SCHOOL DISTRICT
121.8	3904469	OH	READING COMMUNITY CITY
121.8	3413740	NJ	RED BANK
121.8	3021060	MT	POLSON ELEM
121.8	2926480	MO	RICHMOND R-XVI
121.8	1801560	IN	CENTERVILLE-ABINGTON COM SCHS
121.7	5517040	WI	WISCONSIN DELLS SCHOOL DISTRICT
121.7	4223250	PA	RIVERSIDE SD
121.7	3625290	NY	RYE NECK UNION FREE SCHOOL DISTRICT
121.7	3607260	NY	CHENANGO FORKS CENTRAL SCHOOL DISTRICT
121.7	3009560	MT	EAST HELENA ELEM
121.7	2801470	MS	FOREST MUNICIPAL SCHOOL DIST
121.5	4823310	TX	HITCHCOCK ISD
121.5	3904368	OH	BUCYRUS CITY
121.5	2610380	MI	COLOMA COMMUNITY SCHOOLS
121.5	2104020	KY	MCLEAN COUNTY
121.3	3904910	OH	WESTFALL LOCAL
121.3	3610500	NY	ELLENVILLE CENTRAL SCHOOL DISTRICT
121.3	3176450	NE	SCHUYLER COMMUNITY SCHOOLS
121.3	2622410	MI	MANISTEE AREA SCHOOLS
121.2	5303180	WA	GRANGER SCHOOL DISTRICT
121.2	4216860	PA	NEW HOPE-SOLEBURY SD
121.2	1811260	IN	TELL CITY-TROY TWP SCHOOL CORP
121.2	0507770	AR	HIGHLAND SCHOOL DISTRICT
121.0	3175660	NE	PLATTSMOUTH COMMUNITY SCHOOLS
121.0	2801830	MS	HAZLEHURST CITY SCHOOL DISTRICT
121.0	2612300	MI	DUNDEE COMMUNITY SCHOOLS
120.8	4820960	TX	GODLEY ISD
120.8	4217160	PA	NORTH EAST SD
120.8	4203750	PA	BLAIRSVILLE-SALTSBURG SD
120.8	4005460	OK	BRISTOW
120.8	3103990	NE	BENNINGTON PUBLIC SCHOOLS
120.8	2923160	MO	ORCHARD FARM R-V
120.8	2732070	MN	ROCKFORD PUBLIC SCHOOL DISTRICT
120.8	2703150	MN	ANNANDALE PUBLIC SCHOOL DISTRICT
120.8	1603330	ID	WEISER DISTRICT
120.8	0638550	CA	SUSANVILLE ELEMENTARY
120.7	2006090	KS	EUDORA
120.7	0101860	AL	JACKSONVILLE CITY
120.5	1807980	IN	NORTH PUTNAM COMMUNITY SCHOOLS
120.3	2733420	MN	ST. ANTHONY-NEW BRIGHTON SCHOOLS
120.3	2612330	MI	DURAND AREA SCHOOLS
120.3	1806270	IN	MANCHESTER COMMUNITY SCHOOLS
120.2	4824000	TX	HUNTINGTON ISD
120.2	3904551	OH	MILTON-UNION EXEMPTED VILLAGE
120.2	3403390	NJ	CLOSTER
120.2	2506900	MA	LINCOLN
120.0	4216530	PA	NEW BRIGHTON AREA SD
120.0	2730510	MN	RED LAKE PUBLIC SCHOOL DISTRICT
120.0	2622320	MI	MADISON SCHOOL DISTRICT (LENAWEE)
120.0	1930240	IA	WASHINGTON COMM SCHOOL DISTRICT
120.0	0903510	CT	REDDING SCHOOL DISTRICT
119.8	5005610	VT	MILTON ID SCHOOL DISTRICT
119.8	3612720	NY	GREENBURGH CENTRAL SCHOOL DISTRICT
119.8	2913620	MO	HANCOCK PLACE
119.8	1714430	IL	EUREKA CUD 140
119.8	0611940	CA	EDISON ELEMENTARY
119.7	2804590	MS	WEST JASPER CONSOLIDATED SCHOOLS
119.5	4836360	TX	RAINS ISD
119.5	4808670	TX	ARGYLE ISD
119.5	4202820	PA	AVONWORTH SD
119.5	3904451	OH	NORTH COLLEGE HILL CITY
119.5	2500013	MA	SOUTHWICK-TOLLAND
119.5	1925590	IA	SERGEANT BLUFF-LUTON COMM SCHOOL DISTRICT
119.5	0609990	CA	COTTONWOOD UNION ELEMENTARY
119.3	4213050	PA	LAKELAND SD
119.3	3904524	OH	HARRISON HILLS CITY
119.3	2710260	MN	DILWORTH-GLYNDON-FELTON
119.2	2003180	KS	ABILENE
119.2	1802040	IN	NORTHWESTERN SCHOOL CORP
119.0	4811220	TX	BRECKENRIDGE ISD
119.0	4502400	SC	GREENWOOD 52
119.0	2105760	KY	WASHINGTON COUNTY
119.0	1807680	IN	NORTH ADAMS COMMUNITY SCHOOLS
118.8	5500720	WI	BALDWIN-WOODVILLE AREA SCHOOL DISTRICT
118.8	5303660	WA	HOQUIAM SCHOOL DISTRICT
118.8	3904888	OH	WEST MUSKINGUM LOCAL
118.8	2502160	MA	ATHOL-ROYALSTON
118.8	0402790	AZ	ELOY ELEMENTARY DISTRICT
118.7	5510950	WI	OCONTO FALLS SCHOOL DISTRICT
118.7	3904966	OH	WHEELERSBURG LOCAL
118.7	2201320	LA	RED RIVER PARISH
118.7	0630630	CA	PIXLEY UNION ELEMENTARY
118.5	5305670	WA	NOOKSACK SCHOOL DISTRICT
118.5	5103180	VA	RADFORD CITY PBLC SCHS
118.5	3304030	NH	JAFFREY-RINDGE COOP SCHOOL DISTRICT
118.5	2718210	MN	LITCHFIELD PUBLIC SCHOOL DISTRICT
118.3	4811580	TX	BROOKS COUNTY ISD
118.3	4218900	PA	PEQUEA VALLEY SD
118.3	4207980	PA	DUNMORE SD
118.3	3904813	OH	CLEARVIEW LOCAL
118.3	1905070	IA	BONDURANT-FARRAR COMM SCHOOL DISTRICT
118.3	0510950	AR	OSCEOLA SCHOOL DISTRICT
118.2	4845720	TX	WHITNEY ISD
118.2	4812090	TX	BUNA ISD
118.2	4023040	OK	OOLOGAH-TALALA
118.2	3413230	NJ	PLUMSTED TOWNSHIP
118.0	4111100	OR	SEASIDE SD 10
118.0	2728080	MN	PARK RAPIDS PUBLIC SCHOOL DISTRICT
118.0	2611030	MI	CRAWFORD AUSABLE SCHOOLS
117.8	4006120	OK	CACHE
117.8	3416860	NJ	WALDWICK
117.7	5304170	WA	LACENTER SCHOOL DISTRICT
117.7	4842240	TX	TATUM ISD
117.7	3910024	OH	UPPER SANDUSKY EXEMPTED VILLAGE
117.7	3905069	OH	LAKE LOCAL
117.7	3904920	OH	JAMES A GARFIELD LOCAL
117.7	0505500	AR	DUMAS SCHOOL DISTRICT
117.5	5009210	VT	WILLISTON SCHOOL DISTRICT
117.5	4832160	TX	NAVARRO ISD
117.5	3904816	OH	KEYSTONE LOCAL
117.5	2910920	MO	DONIPHAN R-I
117.5	2633410	MI	SWAN VALLEY SCHOOL DISTRICT
117.5	1601710	ID	KIMBERLY DISTRICT
117.5	0901110	CT	DERBY SCHOOL DISTRICT
117.5	0102850	AL	ROANOKE CITY
117.3	4208490	PA	EAST LYCOMING SD
117.3	0103420	AL	TUSCUMBIA CITY
117.2	4111610	OR	SOUTH UMPQUA SD 19
117.2	2513080	MA	WINCHENDON
117.2	1726550	IL	MONTICELLO CUSD 25
117.0	4109600	OR	PHILOMATH SD 17J
117.0	2636420	MI	WILLIAMSTON COMMUNITY SCHOOLS
117.0	1305190	GA	TURNER COUNTY
117.0	0642560	CA	WILLITS UNIFIED
117.0	0640650	CA	VALLE LINDO ELEMENTARY
116.8	5504020	WI	EAST TROY COMMUNITY SCHOOL DISTRICT
116.8	4846620	TX	YOAKUM ISD
116.8	4831890	TX	MULESHOE ISD
116.8	4828200	TX	LORENA ISD
116.8	4400960	RI	SCITUATE
116.8	3904632	OH	CLERMONT NORTHEASTERN LOCAL
116.8	3412360	NJ	PALISADES PARK
116.8	3404950	NJ	FAIR HAVEN BOROUGH
116.8	2507080	MA	LUNENBURG
116.7	4845630	TX	WHITESBORO ISD
116.7	4209600	PA	KARNS CITY AREA SD
116.7	3904965	OH	WASHINGTON-NILE LOCAL
116.7	3602430	NY	AKRON CENTRAL SCHOOL DISTRICT
116.7	3417250	NJ	WATERFORD TOWNSHIP
116.5	5514010	WI	SOMERSET SCHOOL DISTRICT
116.5	4816200	TX	DALHART ISD
116.5	3805040	ND	DEVILS LAKE 1
116.5	3625500	NY	SALMON RIVER CENTRAL SCHOOL DISTRICT
116.5	2618570	MI	HOPKINS PUBLIC SCHOOLS
116.5	2003300	KS	LABETTE COUNTY
116.5	1802700	IN	DELPHI COMMUNITY SCHOOL CORP
116.3	3403420	NJ	COLLINGSWOOD BOROUGH
116.3	1811700	IN	UNION TOWNSHIP SCHOOL CORP
116.3	0408410	AZ	THATCHER UNIFIED DISTRICT
116.2	3904798	OH	JOHNSTOWN-MONROE LOCAL
116.2	3904529	OH	CHESAPEAKE UNION EXEMPTED VILLAGE
116.2	2609150	MI	CHESANING UNION SCHOOLS
116.0	5102310	VA	LUNENBURG CO PBLC SCHS
116.0	3410620	NJ	MONTVALE
116.0	2704050	MN	BELLE PLAINE PUBLIC SCHOOL DISTRICT
115.8	5506060	WI	SAINT CROIX CENTRAL SCHOOL DISTRICT
115.8	4216020	PA	MOUNT UNION AREA SD
115.8	3604050	NY	BATH CENTRAL SCHOOL DISTRICT
115.8	1708970	IL	CENTER CASS SD 66
115.8	1601260	ID	GOODING JOINT DISTRICT
115.7	4821810	TX	GROESBECK ISD
115.7	4814820	TX	COMMERCE ISD
115.7	4018090	OK	LONE GROVE
115.7	3402100	NJ	BOUND BROOK BOROUGH
115.7	2623550	MI	MENOMINEE AREA PUBLIC SCHOOLS
115.7	1929310	IA	VINTON-SHELLSBURG COMM SCHOOL DISTRICT
115.7	1906660	IA	CENTER POINT-URBANA COMM SCHOOL DISTRICT
115.7	1800120	IN	ALEXANDRIA COM SCHOOL CORP
115.7	1712210	IL	DIAMOND LAKE SD 76
115.5	5500060	WI	ADAMS-FRIENDSHIP AREA SCHOOL DISTRICT
115.5	4839870	TX	SHALLOWATER ISD
115.5	4500750	SC	ALLENDALE 01
115.5	3904954	OH	ZANE TRACE LOCAL
115.5	3904913	OH	SCIOTO VALLEY LOCAL
115.5	3904794	OH	ROCK HILL LOCAL
115.5	3405070	NJ	FAIRVIEW
115.5	2801950	MS	HOLLY SPRINGS SCHOOL DIST
115.5	2627420	MI	PARCHMENT SCHOOL DISTRICT
115.3	5401350	WV	SUMMERS COUNTY SCHOOLS
115.3	3022790	MT	RONAN ELEM
115.3	2921510	MO	MOUNTAIN GROVE R-III
115.3	2105700	KY	WALTON VERONA INDEPENDENT
115.3	1712760	IL	DUQUOIN CUSD 300
115.3	1707320	IL	BROOKFIELD LAGRANGE PARK SD 95
115.3	0903330	CT	PLYMOUTH SCHOOL DISTRICT
115.3	0642930	CA	WINTERS JOINT UNIFIED
115.2	5303570	WA	HOCKINSON SCHOOL DISTRICT
115.2	4220250	PA	RICHLAND SD
115.2	4205160	PA	CATASAUQUA AREA SD
115.2	4204050	PA	BRANDYWINE HEIGHTS AREA SD
115.2	2627150	MI	OVID-ELSIE AREA SCHOOLS
115.2	1920250	IA	NEVADA COMM SCHOOL DISTRICT
115.2	1804140	IN	MONROE-GREGG SCHOOL DISTRICT
115.0	4222830	PA	STO-ROX SD
115.0	2930420	MO	EAST NEWTON CO. R-VI
115.0	2802250	MS	JEFFERSON DAVIS CO SCHOOL DIST
114.8	4701200	TN	FAYETTEVILLE CITY ELEM SCH DIS
114.8	3905013	OH	CHAMPION LOCAL
114.8	3613950	NY	HASTINGS-ON-HUDSON UNION FREE SCHOOL DISTRICT
114.8	3411430	NJ	NORTH ARLINGTON
114.8	2927900	MO	SENECA R-VII
114.8	2607690	MI	PUBLIC SCHOOLS OF CALUMET
114.8	0631180	CA	PLUMAS LAKE ELEMENTARY
114.8	0403150	AZ	FORT HUACHUCA ACCOMMODATION DISTRICT
114.7	3609120	NY	DOBBS FERRY UNION FREE SCHOOL DISTRICT
114.7	2633030	MI	STOCKBRIDGE COMMUNITY SCHOOLS
114.7	1740140	IL	VANDALIA CUSD 203
114.5	1304860	GA	TERRELL COUNTY
114.3	4031290	OK	VINITA
114.3	1908730	IA	DECORAH COMMUNITY SCHOOL DISTRICT
114.2	3413110	NJ	PITTSGROVE TOWNSHIP
114.2	3100095	NE	CRETE PUBLIC SCHOOLS
114.2	0617160	CA	HICKMAN COMMUNITY CHARTER
114.0	4820160	TX	FT SAM HOUSTON ISD
114.0	4205640	PA	CHARLEROI SD
114.0	3307300	NH	WINNISQUAM REGIONAL SCHOOL DISTRICT
114.0	2741040	MN	VIRGINIA PUBLIC SCHOOL DISTRICT
113.8	5515120	WI	TWO RIVERS SCHOOL DISTRICT
113.8	5003810	VT	ESSEX JUNCTION ID SCHOOL DISTRICT
113.8	4828620	TX	LYFORD CISD
113.8	4215810	PA	MONTROSE AREA SD
113.8	3905072	OH	OTSEGO LOCAL
113.8	3904502	OH	WELLSTON CITY
113.8	3611520	NY	FREDONIA CENTRAL SCHOOL DISTRICT
113.8	2617820	MI	HARRISON COMMUNITY SCHOOLS
113.8	1803000	IN	EAST WASHINGTON SCHOOL CORP
113.8	0901410	CT	EASTON SCHOOL DISTRICT
113.7	4822920	TX	HEMPSTEAD ISD
113.7	3608790	NY	DANSVILLE CENTRAL SCHOOL DISTRICT
113.7	2800990	MS	CHOCTAW CO SCHOOL DIST
113.7	2500067	MA	MANCHESTER ESSEX REGIONAL
113.5	4900990	UT	SOUTH SUMMIT DISTRICT
113.5	3606840	NY	CENTER MORICHES UNION FREE SCHOOL DISTRICT
113.5	2620050	MI	KALKASKA PUBLIC SCHOOLS
113.5	2619920	MI	JONESVILLE COMMUNITY SCHOOLS
113.3	5500300	WI	AMERY SCHOOL DISTRICT
113.3	4214310	PA	LOYALSOCK TOWNSHIP SD
113.3	4213710	PA	LIGONIER VALLEY SD
113.3	2904500	MO	BAYLESS
113.3	2626370	MI	OLIVET COMMUNITY SCHOOLS
113.3	0904140	CT	SOMERS SCHOOL DISTRICT
113.2	2507920	MA	MILLIS
113.2	2105430	KY	SOMERSET INDEPENDENT
113.2	1736180	IL	SHERRARD CUSD 200
113.0	4814520	TX	COLDSPRING-OAKHURST CISD
113.0	4225170	PA	WELLSBORO AREA SD
113.0	3611910	NY	GENERAL BROWN CENTRAL SCHOOL DISTRICT
113.0	3609210	NY	DOVER UNION FREE SCHOOL DISTRICT
113.0	3027740	MT	WHITEFISH ELEM
113.0	2932310	MO	WRIGHT CITY R-II
113.0	2011250	KS	ROSE HILL PUBLIC SCHOOLS
113.0	0512540	AR	SOUTHSIDE SCHOOL DISTRICT
112.8	4222260	PA	SOUTHERN COLUMBIA AREA SD
112.8	3606780	NY	CAZENOVIA CENTRAL SCHOOL DISTRICT
112.8	3605340	NY	BRIARCLIFF MANOR UNION FREE SCHOOL DISTRICT
112.8	1811610	IN	UNION CO/CLG CORNER JOINT SCH DIST
112.8	1808340	IN	OAK HILL UNITED SCHOOL CORP
112.8	0617430	CA	HOLTVILLE UNIFIED
112.7	4819080	TX	FARMERSVILLE ISD
112.7	4005520	OK	BROKEN BOW
112.7	3606390	NY	CANASTOTA CENTRAL SCHOOL DISTRICT
112.7	2910410	MO	CRAWFORD CO. R-II
112.7	2606720	MI	BREITUNG TOWNSHIP SCHOOLS
112.7	1601050	ID	FILER DISTRICT
112.7	0607470	CA	CARDIFF ELEMENTARY
112.7	0604080	CA	BASS LAKE JOINT UNION ELEMENTARY
112.5	5401290	WV	RITCHIE COUNTY SCHOOLS
112.5	4209570	PA	FAIRVIEW SD
112.5	4102310	OR	BROOKINGS-HARBOR SD 17C
112.3	5508190	WI	LODI SCHOOL DISTRICT
112.3	4223550	PA	TOWANDA AREA SD
112.3	4221910	PA	SOUTH ALLEGHENY SD
112.3	1740470	IL	WABASH CUSD 348
112.3	0502790	AR	BAUXITE SCHOOL DISTRICT
112.3	0405880	AZ	PALOMINAS ELEMENTARY DISTRICT
112.2	4225080	PA	WATTSBURG AREA SD
112.2	2612930	MI	ECORSE PUBLIC SCHOOL DISTRICT
112.2	1903150	IA	ADEL DESOTO MINBURN COMM SCHOOL DISTRICT
112.2	1301260	GA	CLINCH COUNTY
112.2	0407170	AZ	SADDLE MOUNTAIN UNIFIED SCHOOL DISTRICT
112.0	5504920	WI	FREEDOM AREA SCHOOL DISTRICT
112.0	2624180	MI	MONTAGUE AREA PUBLIC SCHOOLS
112.0	2507500	MA	MAYNARD
112.0	0600044	CA	HEALDSBURG UNIFIED
111.8	5305640	WA	NINE MILE FALLS SCHOOL DISTRICT
111.8	4205040	PA	CARLYNTON SD
111.8	3612360	NY	GOUVERNEUR CENTRAL SCHOOL DISTRICT
111.8	3413350	NJ	POMPTON LAKES
111.8	0603180	CA	ARMONA UNION ELEMENTARY
111.7	3905067	OH	EASTWOOD LOCAL
111.7	1913500	IA	HARLAN COMM SCHOOL DISTRICT
111.7	1805910	IN	LINTON-STOCKTON SCHOOL CORP
111.7	0502580	AR	ASHDOWN SCHOOL DISTRICT
111.5	4702070	TN	JACKSON COUNTY SCHOOL DISTRICT
111.5	4220730	PA	SALISBURY TOWNSHIP SD
111.5	4004110	OK	BETHANY
111.5	0100480	AL	BULLOCK COUNTY
111.3	5516830	WI	WINNECONNE COMMUNITY SCHOOL DISTRICT
111.3	4846200	TX	WINNSBORO ISD
111.3	3904678	OH	BERLIN-MILAN LOCAL
111.3	3410230	NJ	MILLSTONE TOWNSHIP
111.3	3304350	NH	LITCHFIELD SCHOOL DISTRICT
111.3	3102910	NE	ALLIANCE PUBLIC SCHOOLS
111.3	3013260	MT	HAMILTON K-12 SCHOOLS
111.3	2928560	MO	SOUTHERN BOONE CO. R-I
111.3	1904830	IA	BENTON COMM SCHOOL DISTRICT
111.3	1600060	ID	AMERICAN FALLS JOINT DISTRICT
111.3	0600040	CA	RIVERDALE JOINT UNIFIED
111.2	4834920	TX	PILOT POINT ISD
111.2	3306930	NH	WEARE SCHOOL DISTRICT
111.2	2506570	MA	LAKEVILLE
111.2	1903930	IA	ATLANTIC COMM SCHOOL DISTRICT
111.0	4210380	PA	FREEDOM AREA SD
111.0	3302990	NH	FALL MOUNTAIN REGIONAL SCHOOL DISTRICT
111.0	2629490	MI	REED CITY AREA PUBLIC SCHOOLS
110.8	5501140	WI	BERLIN AREA SCHOOL DISTRICT
110.8	3904962	OH	MINFORD LOCAL
110.8	3904414	OH	IRONTON CITY
110.8	0803960	CO	FREMONT RE-2
110.8	0600160	CA	YOSEMITE UNIFIED
110.7	4818210	TX	EDNA ISD
110.5	4202490	PA	ANNVILLE-CLEONA SD
110.5	3404170	NJ	EAST HANOVER TOWNSHIP
110.5	2501780	MA	ADAMS-CHESHIRE
110.5	2313350	ME	WATERVILLE PUBLIC SCHOOLS
110.5	1301800	GA	DOOLY COUNTY
110.3	3905030	OH	TUSCARAWAS VALLEY LOCAL
110.3	3904508	OH	WICKLIFFE CITY
110.3	3631380	NY	WHITNEY POINT CENTRAL SCHOOL DISTRICT
110.3	3412240	NJ	ORADELL
110.3	2624960	MI	NAPOLEON COMMUNITY SCHOOLS
110.3	1705950	IL	BENTON CCSD 47
110.2	4223790	PA	TROY AREA SD
110.2	3626940	NY	SKANEATELES CENTRAL SCHOOL DISTRICT
110.2	2611910	MI	DELTON-KELLOGG SCHOOL DISTRICT
110.2	2512100	MA	QUABOAG REGIONAL
110.2	1734230	IL	ROBINSON CUSD 2
110.2	1301440	GA	COMMERCE CITY
110.0	2900004	MO	NEW MADRID CO. R-I
110.0	2608070	MI	CARROLLTON SCHOOL DISTRICT
110.0	2507830	MA	MIDDLETON
110.0	1800720	IN	M S D BLUFFTON-HARRISON
109.8	3904434	OH	MARTINS FERRY CITY
109.8	3615990	NY	JORDAN-ELBRIDGE CENTRAL SCHOOL DISTRICT
109.8	1700044	IL	FARMINGTON CENTRAL CUSD 265
109.8	1600420	ID	BOUNDARY COUNTY DISTRICT
109.7	1807920	IN	NORTH NEWTON SCHOOL CORP
109.7	1806660	IN	MILL CREEK COMMUNITY SCH CORP
109.7	0102550	AL	ONEONTA CITY
109.5	5307440	WA	RIVERSIDE SCHOOL DISTRICT
109.5	4845480	TX	WHITE OAK ISD
109.5	3904994	OH	SANDY VALLEY LOCAL
109.5	3628620	NY	TACONIC HILLS CENTRAL SCHOOL DISTRICT
109.5	3417640	NJ	WEST PATERSON
109.5	2615970	MI	GLADSTONE AREA SCHOOLS
109.5	1808310	IN	NORTHWESTERN CON SCHOOL CORP
109.5	1708100	IL	LINCOLN ESD 156
109.5	0620670	CA	LAKEPORT UNIFIED
109.5	0618730	CA	JAMUL-DULZURA UNION ELEMENTARY
109.3	4020880	OK	MULDROW
109.3	3904557	OH	PAULDING EXEMPTED VILLAGE
109.3	3628380	NY	SUSQUEHANNA VALLEY CENTRAL SCHOOL DISTRICT
109.3	3411790	NJ	NORTHFIELD CITY
109.3	2629670	MI	RICHMOND COMMUNITY SCHOOLS
109.2	3415540	NJ	SPOTSWOOD
109.2	1810680	IN	SOUTHEASTERN SCHOOL CORP
109.2	0802190	CO	ARCHULETA COUNTY SCHOOL DISTRICT NO. 50 JT
109.0	4206360	PA	COLUMBIA BOROUGH SD
109.0	3407860	NJ	KEANSBURG BOROUGH
109.0	2804710	MS	WILKINSON CO SCHOOL DIST
109.0	2621450	MI	LESLIE PUBLIC SCHOOLS
109.0	1708010	IL	BYRON CUSD 226
109.0	1707650	IL	PAXTON-BUCKLEY-LODA CUD 10
109.0	0903390	CT	PORTLAND SCHOOL DISTRICT
108.8	5606240	WY	WASHAKIE COUNTY SCHOOL DISTRICT #1
108.8	5300960	WA	CASHMERE SCHOOL DISTRICT
108.8	4702790	TN	MCKENZIE SPECIAL SCHOOL DIST
108.8	3904867	OH	BROOKVILLE LOCAL
108.8	2604500	MI	BEECHER COMMUNITY SCHOOL DISTRICT
108.8	1809180	IN	PORTER TOWNSHIP SCHOOL CORP
108.8	0506540	AR	GENTRY SCHOOL DISTRICT
108.8	0408680	AZ	TUBA CITY UNIFIED DISTRICT
108.7	3904640	OH	EAST CLINTON LOCAL
108.7	3617820	NY	LOWVILLE ACADEMY & CENTRAL SCHOOL DISTRICT
108.7	3018410	MT	MILES CITY ELEM
108.7	2700287	MN	PLAINVIEW-ELGIN-MILLVILLE
108.7	2504230	MA	DOUGLAS
108.7	1742480	IL	WILLIAMSVILLE CUSD 15
108.7	1600010	ID	WHITEPINE JT SCHOOL DISTRICT
108.5	4217430	PA	RIVERSIDE BEAVER COUNTY SD
108.5	3904586	OH	GRAND VALLEY LOCAL
108.5	3700120	NC	ALLEGHANY COUNTY SCHOOLS
108.5	3613590	NY	HANNIBAL CENTRAL SCHOOL DISTRICT
108.5	2105610	KY	TRIMBLE COUNTY
108.5	2000003	KS	WAMEGO
108.5	1738370	IL	SUNNYBROOK SD 171
108.3	4702460	TN	LEXINGTON CITY ELEMENTARY
108.3	4217880	PA	NORTHWESTERN  SD
108.3	3412990	NJ	PINE HILL BOROUGH
108.3	3405250	NJ	FLORHAM PARK
108.3	2932190	MO	WINFIELD R-IV
108.3	2602670	MI	ALMONT COMMUNITY SCHOOLS
108.3	1708430	IL	CARLINVILLE CUSD 1
108.2	5504320	WI	ELLSWORTH COMMUNITY SCHOOL DISTRICT
108.2	4211160	PA	GREENVILLE AREA SD
108.2	3904733	OH	FINNEYTOWN LOCAL
108.2	3700870	NC	CLAY COUNTY SCHOOLS
108.2	0500023	AR	NEWPORT SCHOOL DISTRICT
108.0	4813500	TX	CENTRAL ISD
108.0	4217100	PA	MONITEAU SD
108.0	4024240	OK	PLAINVIEW
108.0	2620380	MI	KINGSLEY AREA SCHOOLS
108.0	2508670	MA	NORTH ADAMS
108.0	2505910	MA	HARWICH
108.0	0903180	CT	OLD SAYBROOK SCHOOL DISTRICT
107.8	3611190	NY	FONDA-FULTONVILLE CENTRAL SCHOOL DISTRICT
107.8	3404410	NJ	EATONTOWN
107.8	2801530	MS	FRANKLIN CO SCHOOL DIST
107.8	1304800	GA	TAYLOR COUNTY
107.8	1304080	GA	PELHAM CITY
107.7	5500270	WI	ALTOONA SCHOOL DISTRICT
107.7	3610170	NY	EDEN CENTRAL SCHOOL DISTRICT
107.7	3414370	NJ	RUMSON BOROUGH
107.7	1705310	IL	BEARDSTOWN CUSD 15
107.7	1304220	GA	PULASKI COUNTY
107.7	1201170	FL	LIBERTY
107.5	4812390	TX	CADDO MILLS ISD
107.5	4500930	SC	BAMBERG 01
107.5	3905024	OH	LABRAE LOCAL
107.5	3608490	NY	COXSACKIE-ATHENS CENTRAL SCHOOL DISTRICT
107.5	1926730	IA	SOUTH TAMA COUNTY COMM SCHOOL DISTRICT
107.3	3174160	NE	NEBRASKA CITY PUBLIC SCHOOLS
107.3	2723910	MN	NORWOOD PUBLIC SCHOOL DISTRICT
107.2	3610950	NY	FALLSBURG CENTRAL SCHOOL DISTRICT
107.2	2803090	MS	NETTLETON SCHOOL DIST
107.0	5515960	WI	WAUTOMA AREA SCHOOL DISTRICT
107.0	4004630	OK	BLACKWELL
107.0	3606500	NY	SPACKENKILL UNION FREE SCHOOL DISTRICT
107.0	2700102	MN	SIBLEY EAST SCHOOL DISTRICT
107.0	2609750	MI	CLARE PUBLIC SCHOOLS
106.8	5504890	WI	NORTHERN OZAUKEE SCHOOL DISTRICT
106.8	5102730	VA	NORTHUMBERLAND CO PBLC SCHS
106.8	4828590	TX	LULING ISD
106.8	4216440	PA	NESHANNOCK TOWNSHIP SD
106.8	3905033	OH	NORTH UNION LOCAL
106.8	3501230	NM	HATCH VALLEY PUBLIC SCHOOLS
106.8	1811220	IN	SWITZERLAND COUNTY SCHOOL CORP
106.8	1803030	IN	EASTBROOK COMMUNITY SCH CORP
106.8	1743380	IL	WORTH SD 127
106.8	0805130	CO	EAST OTERO SCHOOL DISTRICT NO. R1
106.8	0609570	CA	COLUSA UNIFIED
106.8	0103300	AL	THOMASVILLE CITY
106.7	4218810	PA	PENNS VALLEY AREA SD
106.7	4113490	OR	WINSTON-DILLARD SD 116
106.7	3904531	OH	COLDWATER EXEMPTED VILLAGE
106.7	3502800	NM	ZUNI PUBLIC SCHOOLS
106.7	3401380	NJ	BELLMAWR BOROUGH
106.7	2905580	MO	BOONVILLE R-I
106.7	2626520	MI	ONSTED COMMUNITY SCHOOLS
106.7	1803060	IN	DEKALB CO EASTERN COM SCH DIST
106.5	4815720	TX	CROCKETT ISD
106.5	4223820	PA	TULPEHOCKEN AREA SD
106.5	1733450	IL	RICHLAND GSD 88A
106.5	1723200	IL	LISLE CUSD 202
106.5	1710380	IL	SKOKIE SD 73-5
106.5	0503450	AR	BOONEVILLE SCHOOL DISTRICT
106.3	1812150	IN	WABASH CITY SCHOOLS
106.3	1603090	ID	SUGAR-SALEM JOINT DISTRICT
106.2	5602140	WY	CONVERSE COUNTY SCHOOL DISTRICT #1
106.2	5308190	WA	SOUTH WHIDBEY SCHOOL DISTRICT
106.2	4023800	OK	PERKINS-TRYON
106.2	3305880	NH	RAYMOND SCHOOL DISTRICT
106.2	2921600	MO	MT. VERNON R-V
106.2	2803270	MS	NORTH TIPPAH SCHOOL DIST
106.2	2723400	MN	NEW LONDON-SPICER SCHOOL DISTRICT
106.2	2104380	KY	MURRAY INDEPENDENT
106.2	0619620	CA	KEYES UNION
106.0	2007740	KS	IOLA
105.8	5505460	WI	GLENDALE-RIVER HILLS SCHOOL DISTRICT
105.8	5304020	WA	KIONA-BENTON CITY SCHOOL DISTRICT
105.8	4825320	TX	KEMP ISD
105.8	3905046	OH	WAYNE LOCAL
105.8	3603420	NY	ATTICA CENTRAL SCHOOL DISTRICT
105.8	3402430	NJ	BURLINGTON CITY
105.8	1742790	IL	WINNEBAGO CUSD 323
105.7	4824960	TX	JOURDANTON ISD
105.7	4212930	PA	KUTZTOWN AREA SD
105.7	4112600	OR	UMATILLA SD 6R
105.7	4029160	OK	SULPHUR
105.7	3905056	OH	NORTH CENTRAL LOCAL
105.7	3904928	OH	PREBLE SHAWNEE LOCAL
105.7	3904603	OH	EASTERN LOCAL
105.7	2618600	MI	HOUGHTON LAKE COMMUNITY SCHOOLS
105.7	2606270	MI	BLOOMINGDALE PUBLIC SCHOOL DISTRICT
105.7	0600001	CA	ACTON-AGUA DULCE UNIFIED
105.5	4215990	PA	MOUNT CARMEL AREA SD
105.5	2620940	MI	LAKEVILLE COMMUNITY SCHOOLS
105.5	0616650	CA	HART-RANSOM UNION ELEMENTARY
105.5	0500029	AR	GOSNELL SCHOOL DISTRICT
105.3	5509360	WI	MERTON COMMUNITY SCHOOL DISTRICT
105.3	4502250	SC	FLORENCE 05
105.3	4018000	OK	LOCUST GROVE
105.3	3600009	NY	SARANAC CENTRAL SCHOOL DISTRICT
105.3	3301650	NH	BARRINGTON SCHOOL DISTRICT
105.3	2625020	MI	NEGAUNEE PUBLIC SCHOOLS
105.3	0643380	CA	YREKA UNION ELEMENTARY
105.2	4605610	SD	BELLE FOURCHE SCHOOL DISTRICT 09-1
105.2	3176710	NE	SIDNEY PUBLIC SCHOOLS
105.2	1741980	IL	CUSD 201
105.2	0102610	AL	OPP CITY
105.0	4846440	TX	WOODVILLE ISD
105.0	4631710	SD	WEST CENTRAL SCHOOL DISTRICT 49-7
105.0	4600052	SD	TEA AREA SCHOOL DISTRICT 41-5
105.0	3904601	OH	UNION LOCAL
105.0	3402550	NJ	BYRAM TOWNSHIP
105.0	2627900	MI	PERRY PUBLIC SCHOOL DISTRICT
105.0	1906750	IA	CENTERVILLE COMM SCHOOL DISTRICT
105.0	0505410	AR	DOLLARWAY SCHOOL DISTRICT
104.8	3600011	NY	WAYLAND-COHOCTON CENTRAL SCHOOL DISTRICT
104.8	1200570	FL	FRANKLIN
104.8	0603000	CA	ARCATA ELEMENTARY
104.7	4834020	TX	PALACIOS ISD
104.7	4825710	TX	KIRBYVILLE CISD
104.7	4701920	TN	HOUSTON COUNTY SCHOOL DISTRICT
104.7	3614580	NY	HOLLAND PATENT CENTRAL SCHOOL DISTRICT
104.5	4827750	TX	LITTLEFIELD ISD
104.5	4814450	TX	CLYDE CISD
104.5	3904563	OH	VERSAILLES EXEMPTED VILLAGE
104.5	3617220	NY	LIBERTY CENTRAL SCHOOL DISTRICT
104.5	2914250	MO	DUNKLIN R-V
104.5	2617880	MI	HARTFORD PUBLIC SCHOOL DISTRICT
104.5	1809300	IN	PRAIRIE HEIGHTS COM SCH CORP
104.5	0630360	CA	PIERCE JOINT UNIFIED
104.5	0613170	CA	EVERGREEN UNION
104.5	0407130	AZ	ROUND VALLEY UNIFIED DISTRICT
104.3	2508280	MA	NARRAGANSETT
104.3	1728650	IL	NORRIDGE SD 80
104.3	0504410	AR	CLINTON SCHOOL DISTRICT
104.3	0200862	AK	YUKON/KOYUKUK SCHOOL DISTRICT
104.2	4835800	TX	PRESIDIO ISD
104.2	3904846	OH	BLACK RIVER LOCAL
104.2	3621840	NY	ONTEORA CENTRAL SCHOOL DISTRICT
104.2	2615830	MI	GERRISH-HIGGINS SCHOOL DISTRICT
104.2	1930630	IA	WEBSTER CITY COMM SCHOOL DISTRICT
104.2	1730160	IL	OREGON CUSD 220
104.2	0608970	CA	CLOVERDALE UNIFIED
104.0	3910033	OH	NORTHWESTERN LOCAL
104.0	2619050	MI	IDA PUBLIC SCHOOL DISTRICT
104.0	1734350	IL	ROCK FALLS ESD 13
104.0	1601950	ID	MARSH VALLEY JOINT DISTRICT
103.8	5302490	WA	ELMA SCHOOL DISTRICT
103.8	5002490	VT	BRATTLEBORO SCHOOL DISTRICT
103.8	4814700	TX	COLUMBUS ISD
103.8	4204740	PA	CAMBRIA HEIGHTS SD
103.8	4025230	OK	PURCELL
103.8	4007350	OK	CHECOTAH
103.8	2804500	MS	WATER VALLEY SCHOOL DISTRICT
103.8	1303090	GA	JENKINS COUNTY
103.8	0905310	CT	WOODBRIDGE SCHOOL DISTRICT
103.8	0804320	CO	EAST GRAND SCHOOL DISTRICT NO. 2
103.8	0641610	CA	WASHINGTON UNION ELEMENTARY
103.7	3500600	NM	COBRE CONSOLIDATED SCHOOLS
103.7	3407170	NJ	HIGHLAND PARK
103.7	2803810	MS	QUITMAN CO SCHOOL DIST
103.7	2610750	MI	CONSTANTINE PUBLIC SCHOOL DISTRICT
103.7	1810260	IN	SOUTH ADAMS SCHOOLS
103.7	0632710	CA	RIO BRAVO-GREELEY UNION ELEMENTARY
103.5	5004590	VT	HARTFORD SCHOOL DISTRICT
103.5	3408760	NJ	LITTLE FERRY
103.5	3306480	NH	STRATHAM SCHOOL DISTRICT
103.5	1808280	IN	SHENANDOAH SCHOOL CORPORATION
103.5	1720220	IL	ITASCA SD 10
103.5	0802400	CO	BAYFIELD SCHOOL DISTRICT NO. 10JT-R
103.5	0500045	AR	SO. MISS. COUNTY SCHOOL DIST.
103.3	4838460	TX	SABINE ISD
103.3	4226700	PA	WYALUSING AREA SD
103.3	3606540	NY	CARLE PLACE UNION FREE SCHOOL DISTRICT
103.3	1906810	IA	CENTRAL CLINTON COMM SCHOOL DISTRICT
103.3	1734100	IL	RIVERTON CUSD 14
103.3	0605240	CA	BLACK OAK MINE UNIFIED
103.2	5401530	WV	WEBSTER COUNTY SCHOOLS
103.2	4837260	TX	RIVER ROAD ISD
103.2	2631320	MI	SHELBY PUBLIC SCHOOLS
103.0	3904726	OH	GREENEVIEW LOCAL
103.0	3416260	NJ	TOTOWA
103.0	1304470	GA	SCHLEY COUNTY
102.8	1908310	IA	CRESTON COMM SCHOOL DISTRICT
102.8	1803210	IN	SHELBY EASTERN SCHOOLS
102.8	1801060	IN	C A BEARD MEMORIAL SCHOOL CORP
102.8	1735160	IL	SALEM SD 111
102.7	3627540	NY	SOUTHAMPTON UNION FREE SCHOOL DISTRICT
102.7	3406450	NJ	HALEDON
102.7	3406120	NJ	GREEN BROOK TOWNSHIP
102.7	2802220	MS	JEFFERSON CO SCHOOL DIST
102.7	2606990	MI	COLUMBIA SCHOOL DISTRICT
102.7	2509690	MA	PLAINVILLE
102.7	0200240	AK	SITKA SCHOOL DISTRICT
102.5	4222800	PA	STEELTON-HIGHSPIRE SD
102.5	3618900	NY	MECHANICVILLE CITY SCHOOL DISTRICT
102.5	2104140	KY	METCALFE COUNTY
102.5	1911070	IA	ESTHERVILLE LINCOLN CENTRAL COM SCH DIST
102.5	1718600	IL	HAZEL CREST SD 152-5
102.3	3904688	OH	LIBERTY UNION-THURSTON LOCAL
102.3	3413080	NJ	PITMAN
102.3	3200510	NV	WHITE PINE COUNTY SCHOOL DISTRICT
102.3	1907410	IA	CLARKE COMM SCHOOL DISTRICT
102.2	3904842	OH	PLEASANT LOCAL
102.2	3173470	NE	MC COOK PUBLIC SCHOOLS
102.2	2917850	MO	LAMAR R-I
102.2	2314782	ME	RSU 34
102.2	1930900	IA	WEST DELAWARE COUNTY COMM SCHOOL DISTRICT
102.2	1907080	IA	CHARLES CITY COMM SCHOOL DISTRICT
102.2	0505430	AR	DOVER SCHOOL DISTRICT
102.0	5501800	WI	BROWN DEER SCHOOL DISTRICT
102.0	4829820	TX	MCGREGOR ISD
102.0	3408520	NJ	LEONIA
102.0	2614230	MI	FENNVILLE PUBLIC SCHOOLS
102.0	1810800	IN	SOUTHWESTERN-JEFFERSON CO CON
102.0	0636180	CA	SEBASTOPOL UNION ELEMENTARY
101.8	5101410	VA	FRANKLIN CITY PBLC SCHS
101.8	4215540	PA	MOHAWK AREA SD
101.8	3905053	OH	CHIPPEWA LOCAL
101.8	3627000	NY	CHEEKTOWAGA-SLOAN UNION FREE SCHOOL DISTRICT
101.7	5513350	WI	SALEM SCHOOL DISTRICT
101.7	4005400	OK	BRIDGE CREEK
101.7	3904428	OH	MADEIRA CITY
101.7	3622740	NY	PENN YAN CENTRAL SCHOOL DISTRICT
101.7	3409510	NJ	MANSFIELD TOWNSHIP
101.7	3406210	NJ	GREENWICH TOWNSHIP
101.7	2914550	MO	HOLLISTER R-V
101.7	2800600	MS	BENTON CO SCHOOL DIST
101.7	2623790	MI	MICHIGAN CENTER SCHOOL DISTRICT
101.7	1720380	IL	JASPER COUNTY CUD 1
101.5	2914490	MO	HOLDEN R-III
101.5	2800360	MS	ABERDEEN SCHOOL DIST
101.5	2512030	MA	WARE
101.5	0101680	AL	GREENE COUNTY
101.3	5508640	WI	MAPLE SCHOOL DISTRICT
101.3	4704100	TN	TRENTON CITY SCHOOL DISTRICT
101.3	4104950	OR	FERN RIDGE SD 28J
101.3	3418150	NJ	WOODBURY
101.3	0502700	AR	BALD KNOB SCHOOL DISTRICT
101.2	3302490	NH	CONWAY SCHOOL DISTRICT
101.0	3627660	NY	SOUTHWESTERN CENTRAL SCHOOL DISTRICT AT JAMESTOWN
101.0	2624870	MI	MUSKEGON HEIGHTS SCHOOL DISTRICT
101.0	1920910	IA	NORTH POLK COMM SCHOOL DISTRICT
101.0	1600480	ID	BUHL JOINT DISTRICT
101.0	0905370	CT	WOODSTOCK SCHOOL DISTRICT
101.0	0630720	CA	PLACER HILLS UNION ELEMENTARY
100.8	5504960	WI	GALESVILLE-ETTRICK-TREMPEALEAU SCHOOL DISTRICT
100.8	5502670	WI	CLINTONVILLE SCHOOL DISTRICT
100.8	4840440	TX	SLATON ISD
100.8	4818720	TX	EUSTACE ISD
100.8	4214730	PA	MARION CENTER AREA SD
100.8	3910004	OH	ANNA LOCAL
100.8	2623130	MI	MASON COUNTY CENTRAL SCHOOLS
100.8	2003720	KS	BALDWIN CITY
100.8	1808160	IN	NORTHEAST SCHOOL CORP
100.8	1730630	IL	PANA CUSD 8
100.8	1724870	IL	MARSHALL CUSD 2C
100.8	0637710	CA	SPRECKELS UNION ELEMENTARY
100.7	3904894	OH	GENOA AREA LOCAL
100.7	3502610	NM	T OR C MUNICIPAL SCHOOLS
100.7	2614100	MI	FARWELL AREA SCHOOLS
100.7	0903540	CT	REGIONAL SCHOOL DISTRICT 18
100.7	0614580	CA	WEST FRESNO ELEMENTARY
100.5	3904413	OH	HURON CITY SCHOOLS
100.5	3625140	NY	ROYALTON-HARTLAND CENTRAL SCHOOL DISTRICT
100.5	1715400	IL	FLORA CUSD 35
100.5	0620760	CA	LAKESIDE UNION ELEMENTARY
100.5	0102250	AL	MARENGO COUNTY
100.3	5101080	VA	CUMBERLAND CO PBLC SCHS
100.3	4817880	TX	EAST CHAMBERS ISD
100.3	4226370	PA	WILKINSBURG BOROUGH SD
100.3	4204200	PA	BRISTOL BOROUGH SD
100.3	3904995	OH	TUSLAW LOCAL
100.3	3607680	NY	CLEVELAND HILL UNION FREE SCHOOL DISTRICT
100.3	3409810	NJ	MAYWOOD
100.3	3400750	NJ	ALLENDALE
100.3	3303000	NH	FARMINGTON SCHOOL DISTRICT
100.3	2913560	MO	HALLSVILLE R-IV
100.3	2508250	MA	NANTUCKET
100.3	2501740	MA	ACUSHNET
100.3	1800900	IN	BREMEN PUBLIC SCHOOLS
100.2	3904556	OH	NEWTON FALLS EXEMPTED VILLAGE
100.2	3623670	NY	POTSDAM CENTRAL SCHOOL DISTRICT
100.2	3304230	NH	LEBANON SCHOOL DISTRICT
100.2	1739420	IL	WESCLIN CUSD 3
100.2	1201020	FL	LAFAYETTE
100.0	4832340	TX	NEW BOSTON ISD
100.0	3415030	NJ	SOMERS POINT
99.8	4028650	OK	STIGLER
99.8	1704620	IL	AUBURN CUSD 10
99.7	4702400	TN	LENOIR CITY SCHOOL DISTRICT
99.7	4221420	PA	SHARPSVILLE AREA SD
99.7	4202550	PA	APOLLO-RIDGE SD
99.7	4111940	OR	SUTHERLIN SD 130
99.7	3406240	NJ	GUTTENBERG
99.7	2635460	MI	WATERVLIET SCHOOL DISTRICT
99.7	2624420	MI	MONTROSE COMMUNITY SCHOOLS
99.7	2606600	MI	BRANDYWINE COMMUNITY SCHOOLS
99.7	2314100	ME	YARMOUTH SCHOOLS
99.7	1723250	IL	LITCHFIELD CUSD 12
99.7	1200660	FL	GLADES
99.6	2314794	ME	RSU 39
99.5	4817580	TX	DUBLIN ISD
99.5	3904647	OH	RIDGEWOOD LOCAL
99.5	3403180	NJ	CLAYTON
99.5	3305580	NH	PEMBROKE SCHOOL DISTRICT
99.5	2908400	MO	CENTRALIA R-VI
99.5	2604440	MI	BEAVERTON RURAL SCHOOLS
99.5	0639060	CA	TERRA BELLA UNION ELEMENTARY
99.3	4222140	PA	SOUTH WILLIAMSPORT AREA SD
99.3	3905000	OH	MANCHESTER LOCAL
99.3	3904355	OH	BEACHWOOD CITY
99.3	3622530	NY	PAWLING CENTRAL SCHOOL DISTRICT
99.3	3414880	NJ	SHAMONG TOWNSHIP
99.3	2932070	MO	WILLOW SPRINGS R-IV
99.2	4014370	OK	HENRYETTA
99.2	3904937	OH	OTTAWA-GLANDORF LOCAL
99.2	3904643	OH	CRESTVIEW LOCAL
99.2	2004890	KS	CLAY CENTER
99.2	1716680	IL	GILLESPIE CUSD 7
99.2	0640230	CA	TWIN HILLS UNION ELEMENTARY
99.0	5305460	WA	NACHES VALLEY SCHOOL DISTRICT
99.0	4220910	PA	SCHUYLKILL HAVEN AREA SD
99.0	3904950	OH	HUNTINGTON LOCAL
99.0	3904365	OH	BROOKLYN CITY
99.0	3301950	NH	BOW SCHOOL DISTRICT
99.0	2313490	ME	WELLS-OGUNQUIT CSD
98.8	4825920	TX	KOUNTZE ISD
98.8	4019080	OK	MARLOW
98.8	4004230	OK	BETHEL
98.8	3626430	NY	SENECA FALLS CENTRAL SCHOOL DISTRICT
98.8	2930840	MO	MORGAN CO. R-II
98.8	2708070	MN	CASS LAKE-BENA PUBLIC SCHOOLS
98.8	2629250	MI	QUINCY COMMUNITY SCHOOL DISTRICT
98.7	4400660	RI	NARRAGANSETT
98.7	3609660	NY	EAST HAMPTON UNION FREE SCHOOL DISTRICT
98.7	2105970	KY	WOLFE COUNTY
98.7	1810530	IN	SOUTH RIPLEY COM SCH CORP
98.7	1807830	IN	NORTH KNOX SCHOOL CORP
98.7	1742630	IL	WILMINGTON CUSD 209U
98.7	0409733	AZ	SEDONA-OAK CREEK JUSD #9
98.7	0101640	AL	GENEVA CITY
98.5	3416950	NJ	WANAQUE
98.5	2508040	MA	MONSON
98.5	1708500	IL	CARMI-WHITE COUNTY CUSD 5
98.4	2314783	ME	RSU 04
98.3	5301200	WA	LAKE CHELAN SCHOOL DISTRICT
98.3	3626700	NY	SHERBURNE-EARLVILLE CENTRAL SCHOOL DISTRICT
98.3	2921330	MO	MONTGOMERY CO. R-II
98.3	2506150	MA	HOLBROOK
98.3	2311520	ME	MSAD 03
98.3	1722080	IL	LA SALLE ESD 122
98.3	0806540	CO	SHERIDAN SCHOOL DISTRICT NO. 2
98.3	0508400	AR	RIVERVIEW SCHOOL DISTRICT
98.3	0504050	AR	CAVE CITY SCHOOL DISTRICT
98.2	5511850	WI	PLATTEVILLE SCHOOL DISTRICT
98.2	5508160	WI	LITTLE CHUTE AREA SCHOOL DISTRICT
98.2	5503660	WI	DENMARK SCHOOL DISTRICT
98.2	5310170	WA	ZILLAH SCHOOL DISTRICT
98.2	5309810	WA	WHITE SALMON VALLEY SCHOOL DISTRICT
98.2	2906510	MO	MONITEAU CO. R-I
98.2	2905660	MO	BOWLING GREEN R-I
98.2	2620310	MI	KENT CITY COMMUNITY SCHOOLS
98.2	0642540	CA	WILLIAMS UNIFIED
98.0	4203600	PA	BETHLEHEM-CENTER SD
98.0	3607770	NY	CLINTON CENTRAL SCHOOL DISTRICT
98.0	1731380	IL	PERU ESD 124
97.8	3904553	OH	MOUNT GILEAD EXEMPTED VILLAGE
97.8	3625440	NY	SALAMANCA CITY SCHOOL DISTRICT
97.8	2103510	KY	LIVINGSTON COUNTY
97.7	4815400	TX	COTULLA ISD
97.7	4226520	PA	WILMINGTON AREA SD
97.7	4204500	PA	BURGETTSTOWN AREA SD
97.7	2100210	KY	BALLARD CO
97.7	1907050	IA	CHARITON COMM SCHOOL DISTRICT
97.7	1810560	IN	SOUTH SPENCER COUNTY SCH CORP
97.7	0901350	CT	EAST WINDSOR SCHOOL DISTRICT
97.5	5507710	WI	LAKE MILLS AREA SCHOOL DISTRICT
97.5	4202130	PA	ALIQUIPPA SD
97.5	2009990	KS	NICKERSON
97.5	1809990	IN	SCOTT COUNTY SCHOOL DISTRICT 1
97.5	0630510	CA	PIONEER UNION ELEMENTARY
97.5	0500001	AR	DEWITT SCHOOL DISTRICT
97.4	1701395	IL	MERCER COUNTY SCHOOL DISTRICT 404
97.3	3627150	NY	SOLVAY UNION FREE SCHOOL DISTRICT
97.3	2721320	MN	MONTEVIDEO PUBLIC SCHOOL DISTRICT
97.3	1803150	IN	EASTERN HOWARD SCHOOL CORP
97.3	1802220	IN	CLOVERDALE COMMUNITY SCHOOLS
97.2	4221510	PA	SHENANGO AREA SD
97.2	4031110	OK	VERDIGRIS
97.2	3904776	OH	OAK HILL UNION LOCAL
97.2	2104170	KY	MIDDLESBORO INDEPENDENT
97.2	1811910	IN	UNION-NORTH UNITED SCHOOL CORP
97.2	1811250	IN	TAYLOR COMMUNITY SCHOOL CORP
97.0	5309300	WA	VASHON ISLAND SCHOOL DISTRICT
97.0	4843890	TX	VAN ALSTYNE ISD
97.0	4825560	TX	KERMIT ISD
97.0	4817790	TX	EARLY ISD
97.0	3904645	OH	UNITED LOCAL
97.0	3904357	OH	BELLAIRE CITY
97.0	3612390	NY	GOWANDA CENTRAL SCHOOL DISTRICT
97.0	2919410	MO	MACON CO. R-I
97.0	2504260	MA	DOVER
97.0	1729130	IL	OAK GROVE SD 68
96.8	5501080	WI	BELOIT TURNER SCHOOL DISTRICT
96.8	4842990	TX	TORNILLO ISD
96.8	4105100	OR	SIUSLAW SD 97J
96.8	3904763	OH	LYNCHBURG-CLAY LOCAL
96.8	3409630	NJ	MANVILLE BOROUGH
96.8	2619580	MI	ITHACA PUBLIC SCHOOLS
96.8	1737380	IL	ST JOSEPH CCSD 169
96.7	5300990	WA	CASTLE ROCK SCHOOL DISTRICT
96.7	4214460	PA	LINE MOUNTAIN SD
96.7	3615240	NY	ILION CENTRAL SCHOOL DISTRICT
96.7	3412660	NJ	LONG HILL TOWNSHIP
96.7	3305220	NH	NEWFOUND AREA SCHOOL DISTRICT
96.7	2803600	MS	PHILADELPHIA PUBLIC SCHOOL DIST
96.7	2606000	MI	BLISSFIELD COMMUNITY SCHOOLS
96.7	2104830	KY	PIKEVILLE INDEPENDENT
96.7	1801920	IN	CLARKSVILLE COM SCHOOL CORP
96.5	5508850	WI	MAUSTON SCHOOL DISTRICT
96.5	3904827	OH	MADISON-PLAINS LOCAL
96.5	3412450	NJ	PARK RIDGE
96.5	3408580	NJ	LINCOLN PARK BOROUGH
96.5	3303480	NH	HAMPSTEAD SCHOOL DISTRICT
96.5	1810410	IN	SOUTH KNOX SCHOOL CORP
96.5	1305130	GA	TRION CITY
96.3	4702010	TN	HUNTINGDON SPECIAL SCHOOL DIST
96.3	3904803	OH	NORTHRIDGE LOCAL
96.3	2904050	MO	AVA R-I
96.3	1803090	IN	EASTERN GREENE SCHOOLS
96.2	4209150	PA	ELK LAKE SD
96.2	3409540	NJ	MANSFIELD TOWNSHIP
96.2	2509180	MA	ORANGE
96.2	1919140	IA	MID-PRAIRIE COMM SCHOOL DISTRICT
96.0	5401440	WV	TYLER COUNTY SCHOOLS
96.0	4400450	RI	GLOCESTER
96.0	4220430	PA	RIVERVIEW SD
96.0	3904952	OH	SOUTHEASTERN LOCAL
96.0	3306180	NH	SHAKER REGIONAL SCHOOL DISTRICT
96.0	3304680	NH	MASCOMA VALLEY REG SCHOOL DISTRICT
96.0	2717520	MN	LAKE CITY PUBLIC SCHOOL DISTRICT
96.0	2200570	LA	EAST CARROLL PARISH
96.0	1801710	IN	CENTRAL NOBLE COM SCHOOL CORP
96.0	1732520	IL	PRAIRIE GROVE CSD 46
96.0	1716560	IL	GERMANTOWN HILLS SD 69
95.8	4636990	SD	DAKOTA VALLEY SCHOOL DISTRICT 61-8
95.8	3904709	OH	SWANTON LOCAL
95.8	1806240	IN	MADISON-GRANT UNITED SCH CORP
95.7	3416680	NJ	VENTNOR CITY
95.7	2620910	MI	LAKEVIEW COMMUNITY SCHOOLS (MONTCALM)
95.7	1810640	IN	SOUTHEAST DUBOIS CO SCH CORP
95.7	1715450	IL	FOREST PARK SD 91
95.7	1600001	ID	WEST BONNER COUNTY DISTRICT
95.5	5507440	WI	KIEL AREA SCHOOL DISTRICT
95.5	4842300	TX	TEAGUE ISD
95.5	4835570	TX	BUSHLAND ISD
95.5	4811110	TX	BRADY ISD
95.5	4222320	PA	SOUTHERN HUNTINGDON COUNTY SD
95.5	2628890	MI	HOUGHTON-PORTAGE TOWNSHIP SCHOOLS
95.5	1721720	IL	LAKE BLUFF ESD 65
95.5	1305730	GA	WILCOX COUNTY
95.5	0405030	AZ	MIAMI UNIFIED DISTRICT
95.5	0103540	AL	WINFIELD CITY
95.3	4838580	TX	SALADO ISD
95.3	3905027	OH	GARAWAY LOCAL
95.3	1700077	IL	MARENGO-UNION E CONS D 165
95.3	1601470	ID	HOMEDALE JOINT DISTRICT
95.3	0901200	CT	EAST HADDAM SCHOOL DISTRICT
95.2	5305160	WA	MONTESANO SCHOOL DISTRICT
95.2	4843260	TX	TROY ISD
95.2	4836450	TX	RANDOLPH FIELD ISD
95.2	3904942	OH	CRESTVIEW LOCAL
95.2	3409000	NJ	LOPATCONG TOWNSHIP
95.2	1914580	IA	INDEPENDENCE COMM SCHOOL DISTRICT
95.2	1719660	IL	HOOPESTON AREA CUSD 11
95.2	0506870	AR	GREEN FOREST SCHOOL DISTRICT
95.0	4845040	TX	WEST ISD
95.0	4828780	TX	MALAKOFF ISD
95.0	4701950	TN	HUMBOLDT CITY SCHOOL DISTRICT
95.0	3904921	OH	ROOTSTOWN LOCAL
95.0	3904392	OH	EAST PALESTINE CITY
95.0	3621180	NY	NORTH SALEM CENTRAL SCHOOL DISTRICT
95.0	3405010	NJ	FAIRFIELD TOWNSHIP
95.0	0507350	AR	HARRISBURG SCHOOL DISTRICT
94.8	4501800	SC	CLARENDON 03
94.8	3630210	NY	WATERVLIET CITY SCHOOL DISTRICT
94.8	3602820	NY	ALTMAR-PARISH-WILLIAMSTOWN CENTRAL SCHOOL DISTRICT
94.8	2920490	MO	MARYVILLE R-II
94.8	2100660	KY	BRACKEN CO
94.8	1920040	IA	MOUNT VERNON COMM SCHOOL DISTRICT
94.8	0903480	CT	PUTNAM SCHOOL DISTRICT
94.7	2623580	MI	MERIDIAN PUBLIC SCHOOLS
94.7	2615450	MI	GALESBURG-AUGUSTA COMMUNITY SCHOOLS
94.7	2101380	KY	CRITTENDEN COUNTY
94.7	2100930	KY	CAMPBELLSVILLE IN
94.7	1741040	IL	WASHINGTON SD 52
94.7	0405460	AZ	NADABURG UNIFIED SCHOOL DISTRICT
94.5	5504800	WI	FOX POINT J2 SCHOOL DISTRICT
94.5	5101560	VA	GALAX CITY PBLC SCHS
94.5	4103690	OR	CRESWELL SD 40
94.5	3904862	OH	MIAMI EAST LOCAL
94.5	3605040	NY	ADIRONDACK CENTRAL SCHOOL DISTRICT
94.5	2617860	MI	HART PUBLIC SCHOOL DISTRICT
94.5	2313860	ME	WINSLOW SCHOOLS
94.5	1926580	IA	SOLON COMM SCHOOL DISTRICT
94.5	1736720	IL	SOUTH HOLLAND SD 150
94.3	3600015	NY	ALLEGANY-LIMESTONE CENTRAL SCHOOL DISTRICT
94.3	2307530	ME	LISBON SCHOOL DEPARTMENT
94.3	1907620	IA	CLEAR LAKE COMM SCHOOL DISTRICT
94.3	1726850	IL	MORTON GROVE SD 70
94.2	4213380	PA	LAUREL  SD
94.2	4018840	OK	MANNFORD
94.2	3904704	OH	ARCHBOLD-AREA LOCAL
94.2	3621250	NY	NORTHEASTERN CLINTON CENTRAL SCHOOL DISTRICT
94.2	3616950	NY	LE ROY CENTRAL SCHOOL DISTRICT
94.2	2803570	MS	PERRY CO SCHOOL DIST
94.2	2709720	MN	CROOKSTON PUBLIC SCHOOL DISTRICT
94.2	2607800	MI	CAPAC COMMUNITY SCHOOL DISTRICT
94.2	1742960	IL	WOLF BRANCH SD 113
94.2	1741700	IL	WEST NORTHFIELD SD 31
94.0	5102160	VA	LANCASTER CO PBLC SCHS
94.0	4836970	TX	RICE CISD
94.0	4835580	TX	POTTSBORO ISD
94.0	4018240	OK	LONE STAR
94.0	3904708	OH	PIKE-DELTA-YORK LOCAL
94.0	2800420	MS	AMITE CO SCHOOL DIST
94.0	2728950	MN	PINE ISLAND PUBLIC SCHOOL DIST.
94.0	2624600	MI	MORLEY STANWOOD COMMUNITY SCHOOLS
94.0	2616830	MI	GRASS LAKE COMMUNITY SCHOOLS
94.0	1918840	IA	MOC-FLOYD VALLEY COMM SCHOOL DISTRICT
94.0	1736900	IL	SPARTA CUSD 140
94.0	1724750	IL	MAROA FORSYTH CUSD 2
94.0	1303540	GA	MARION COUNTY
94.0	0405320	AZ	MORENCI UNIFIED DISTRICT
93.8	2921540	MO	MOUNTAIN VIEW-BIRCH TREE R-III
93.8	2702760	MN	AITKIN PUBLIC SCHOOL DISTRICT
93.8	2314778	ME	RSU 26
93.8	0609450	CA	COLUMBIA ELEMENTARY
93.7	4209360	PA	EVERETT AREA SD
93.7	3905068	OH	ELMWOOD LOCAL
93.7	2628170	MI	PINCONNING AREA SCHOOLS
93.7	0902370	CT	MARLBOROUGH SCHOOL DISTRICT
93.7	0403290	AZ	GANADO UNIFIED SCHOOL DISTRICT
93.6	1912510	IA	GILBERT COMM SCHOOL DISTRICT
93.5	2612540	MI	EAST JACKSON COMMUNITY SCHOOLS
93.5	2603870	MI	BANGOR PUBLIC SCHOOLS
93.5	1710820	IL	WESTVILLE CUSD 2
93.3	5503690	WI	DODGEVILLE SCHOOL DISTRICT
93.3	5502160	WI	CAMPBELLSPORT SCHOOL DISTRICT
93.3	5102490	VA	MIDDLESEX CO PBLC SCHS
93.3	4818390	TX	ELKHART ISD
93.3	3904612	OH	MADISON LOCAL
93.3	3408670	NJ	LINWOOD CITY
93.3	3400008	NJ	GREAT MEADOWS REGIONAL
93.3	2633510	MI	TAWAS AREA SCHOOLS
93.3	2606500	MI	BOYNE CITY PUBLIC SCHOOLS
93.3	0905160	CT	WINCHESTER SCHOOL DISTRICT
93.2	4674370	SD	VERMILLION SCHOOL DISTRICT 13-1
93.2	3904565	OH	WELLINGTON EXEMPTED VILLAGE
93.2	3609960	NY	EAST ROCKAWAY UNION FREE SCHOOL DISTRICT
93.2	0900570	CT	BROOKLYN SCHOOL DISTRICT
93.0	5603770	WY	JOHNSON COUNTY SCHOOL DISTRICT #1
93.0	5512960	WI	RICHLAND SCHOOL DISTRICT
93.0	4224360	PA	UPPER DAUPHIN AREA SD
93.0	4028200	OK	SPIRO
93.0	3904785	OH	FREDERICKTOWN LOCAL
93.0	3904744	OH	LIBERTY-BENTON LOCAL
93.0	2740665	MN	TRITON SCHOOL DISTRICT
93.0	2634650	MI	VANDERCOOK LAKE PUBLIC SCHOOLS
93.0	1717160	IL	GOWER SD 62
92.8	4203300	PA	BELLWOOD-ANTIS SD
92.8	3904949	OH	ADENA LOCAL
92.8	3606160	NY	CAIRO-DURHAM CENTRAL SCHOOL DISTRICT
92.8	3406300	NJ	HACKETTSTOWN
92.8	2506300	MA	HOPEDALE
92.8	1725740	IL	METAMORA CCSD 1
92.8	1705580	IL	BELLE VALLEY SD 119
92.8	0623530	CA	MAMMOTH UNIFIED
92.8	0506420	AR	FOUNTAIN LAKE SCHOOL DISTRICT
92.7	4217770	PA	NORTHGATE SD
92.7	4212330	PA	JEANNETTE CITY SD
92.7	4204140	PA	BRENTWOOD BOROUGH SD
92.7	3502190	NM	RATON PUBLIC SCHOOLS
92.7	1719110	IL	LAGRANGE HIGHLANDS SD 106
92.5	5512240	WI	PRESCOTT SCHOOL DISTRICT
92.5	4821030	TX	GOLIAD ISD
92.5	3016880	MT	LIVINGSTON ELEM
92.5	2800820	MS	BOONEVILLE SCHOOL DIST
92.5	1925320	IA	SAYDEL COMM SCHOOL DISTRICT
92.5	1807800	IN	NORTH JUDSON-SAN PIERRE SCH CORP
92.3	5510980	WI	OMRO SCHOOL DISTRICT
92.3	5007530	VT	SPRINGFIELD SCHOOL DISTRICT
92.3	4204860	PA	CAMP HILL SD
92.3	3904588	OH	PYMATUNING VALLEY LOCAL
92.3	3904385	OH	DEER PARK COMMUNITY CITY
92.3	2715000	MN	INTERNATIONAL FALLS SCHOOL DISTRICT
92.2	3904705	OH	EVERGREEN LOCAL
92.0	5500870	WI	BARRON AREA SCHOOL DISTRICT
92.0	3408790	NJ	LITTLE SILVER BOROUGH
92.0	2623910	MI	MILLINGTON COMMUNITY SCHOOLS
92.0	1601650	ID	KELLOGG JOINT DISTRICT
92.0	0691136	CA	AROMAS/SAN JUAN UNIFIED
91.8	5308820	WA	TENINO SCHOOL DISTRICT
91.8	3905019	OH	LIBERTY LOCAL
91.8	3303840	NH	HOLLIS SCHOOL DISTRICT
91.8	2626970	MI	OSCODA AREA SCHOOLS
91.8	1930990	IA	WEST LIBERTY COMM SCHOOL DISTRICT
91.8	1730750	IL	PARIS-UNION SD 95
91.8	1719680	IL	HOOVER-SCHRUM MEMORIAL SD 157
91.7	4215120	PA	MERCER AREA SD
91.7	4109000	OR	NYSSA SD 26
91.7	3616980	NY	NORTH ROSE-WOLCOTT CENTRAL SCHOOL DISTRICT
91.7	3612870	NY	GREENVILLE CENTRAL SCHOOL DISTRICT
91.7	3411520	NJ	NORTH CALDWELL
91.7	3401590	NJ	BERLIN BOROUGH
91.7	2801410	MS	EAST TALLAHATCHIE CONSOL SCH DIST
91.7	2512420	MA	WEST BRIDGEWATER
91.5	4502160	SC	FLORENCE 02
91.5	3904836	OH	SOUTH RANGE LOCAL
91.5	3904717	OH	CARDINAL LOCAL
91.5	3408730	NJ	LITTLE FALLS TOWNSHIP
91.5	2911310	MO	EL DORADO SPRINGS R-II
91.3	4703300	TN	ONEIDA CITY SCHOOL DISTRICT
91.3	4213080	PA	LAKEVIEW SD
91.3	2931070	MO	WARSAW R-IX
91.3	2732250	MN	ROSEAU PUBLIC SCHOOL DISTRICT
91.2	5103270	VA	RICHMOND CO PBLC SCHS
91.2	4838820	TX	SAN DIEGO ISD
91.2	4814760	TX	COMANCHE ISD
91.2	3631560	NY	WILSON CENTRAL SCHOOL DISTRICT
91.2	3606470	NY	CANTON CENTRAL SCHOOL DISTRICT
91.2	3400660	NJ	ABSECON CITY
91.2	0641130	CA	VINELAND ELEMENTARY
91.0	3904825	OH	JEFFERSON LOCAL
91.0	3904444	OH	NELSONVILLE-YORK CITY
91.0	3414010	NJ	RIVERSIDE TOWNSHIP
91.0	3303750	NH	HILLSBORO DEERING COOP SCHOOL DISTRICT
91.0	2711010	MN	DOVER-EYOTA PUBLIC SCHOOL DISTRICT
91.0	1700326	IL	EL PASO-GRIDLEY CUSD 11
91.0	0103270	AL	TARRANT CITY
90.8	4023550	OK	PAULS VALLEY
90.8	4016560	OK	KINGFISHER
90.8	3904520	OH	BARNESVILLE EXEMPTED VILLAGE
90.8	1807950	IN	M S D NORTH POSEY CO SCHOOLS
90.8	0904530	CT	THOMPSON SCHOOL DISTRICT
90.7	5517190	WI	WRIGHTSTOWN COMMUNITY SCHOOL DISTRICT
90.7	4817160	TX	DIMMITT ISD
90.7	4808190	TX	ANAHUAC ISD
90.7	3904792	OH	DAWSON-BRYANT LOCAL
90.7	3630480	NY	WELLSVILLE CENTRAL SCHOOL DISTRICT
90.7	2804740	MS	WINONA SEPARATE SCHOOL DIST
90.7	0636805	CA	SIERRA UNIFIED
90.5	5306840	WA	PORT TOWNSEND SCHOOL DISTRICT
90.5	4843320	TX	TULIA ISD
90.5	4226610	PA	WINDBER AREA SD
90.5	4217790	PA	NORTHWEST AREA SD
90.5	3623490	NY	PORT JEFFERSON UNION FREE SCHOOL DISTRICT
90.5	2907470	MO	CARUTHERSVILLE 18
90.5	2700019	MN	MINNEWASKA SCHOOL DISTRICT
90.5	2634710	MI	VASSAR PUBLIC SCHOOLS
90.5	1716290	IL	GAVIN SD 37
90.5	1301140	GA	CHICKAMAUGA CITY
90.5	0409250	AZ	WILLCOX UNIFIED DISTRICT
90.5	0409190	AZ	WICKENBURG UNIFIED DISTRICT
90.3	4835310	TX	PONDER ISD
90.3	4822380	TX	HARDIN ISD
90.3	4210350	PA	FRAZIER SD
90.3	3904370	OH	CAMPBELL CITY
90.3	3600021	NY	MATTITUCK-CUTCHOGUE UNION FREE SCHOOL DISTRICT
90.3	3418330	NJ	WOODSTOWN-PILESGROVE REGI
90.3	2700231	MN	JACKSON COUNTY CENTRAL SCHOOL DIST.
90.3	1807110	IN	EASTERN PULASKI COM SCH CORP
90.2	5002040	VT	BARRE TOWN SCHOOL DISTRICT
90.2	4900480	UT	KANE DISTRICT
90.2	3701770	NC	GRAHAM COUNTY SCHOOLS
90.2	3629670	NY	VOORHEESVILLE CENTRAL SCHOOL DISTRICT
90.2	3418300	NJ	WOOD-RIDGE
90.2	1731710	IL	PIKELAND CUSD 10
90.0	3625740	NY	SARANAC LAKE CENTRAL SCHOOL DISTRICT
90.0	0624360	CA	MCSWAIN UNION ELEMENTARY
90.0	0508940	AR	LINCOLN SCHOOL DISTRICT
89.8	4844580	TX	WARREN ISD
89.8	4826400	TX	LAGO VISTA ISD
89.8	3404020	NJ	DUNELLEN
89.8	2700021	MN	EVELETH-GILBERT SCHOOL DISTRICT
89.8	1807710	IN	NORTH DAVIESS COM SCHOOLS
89.8	0514010	AR	WEST FORK SCHOOL DISTRICT
89.7	5511610	WI	PESHTIGO SCHOOL DISTRICT
89.7	4224090	PA	UNION CITY AREA SD
89.7	2718330	MN	LUVERNE PUBLIC SCHOOL DISTRICT
89.7	2200390	LA	CAMERON PARISH
89.5	3904680	OH	MARGARETTA LOCAL
89.5	2502520	MA	BERKLEY
89.3	4829100	TX	MARION ISD
89.3	4212660	PA	KANE AREA SD
89.3	3302070	NH	BROOKLINE SCHOOL DISTRICT
89.3	2311160	ME	MSAD 29
89.3	2303510	ME	BREWER SCHOOL DEPARTMENT
89.3	1710790	IL	HAMILTON CO CUSD 10
89.2	4826370	TX	LACKLAND ISD
89.2	4212210	PA	IROQUOIS SD
89.2	4203360	PA	BENTWORTH SD
89.2	3904787	OH	KIRTLAND LOCAL
89.2	3701380	NC	ELKIN CITY SCHOOLS
89.2	1806080	IN	M S D WARREN COUNTY
89.2	1303120	GA	JOHNSON COUNTY
89.2	0621540	CA	LIBERTY ELEMENTARY
89.2	0613470	CA	FALL RIVER JOINT UNIFIED
89.0	5517100	WI	WITTENBERG-BIRNAMWOOD SCHOOL DISTRICT
89.0	3910013	OH	EAST KNOX LOCAL
89.0	3605520	NY	BRUNSWICK CENTRAL SCHOOL DISTRICT (BRITTONKILL)
89.0	3412180	NJ	OLD TAPPAN
89.0	2700130	MN	BLUE EARTH AREA PUBLIC SCHOOL
89.0	2625400	MI	N.I.C.E. COMMUNITY SCHOOLS
89.0	1726190	IL	MILLSTADT CCSD 160
88.8	4217610	PA	NORTHERN CAMBRIA SD
88.8	4207050	PA	CRANBERRY AREA SD
88.8	3630240	NY	WATKINS GLEN CENTRAL SCHOOL DISTRICT
88.8	2930360	MO	TRENTON R-IX
88.8	2010560	KS	PARSONS
88.8	1918510	IA	MAQUOKETA COMM SCHOOL DISTRICT
88.8	1903360	IA	ALGONA COMM SCHOOL DISTRICT
88.8	1200990	FL	JEFFERSON
88.8	0615600	CA	GORMAN ELEMENTARY
88.8	0508640	AR	LAKESIDE SCHOOL DISTRICT
88.7	4015370	OK	IDABEL
88.7	3702400	NC	JONES COUNTY SCHOOLS
88.7	3407920	NJ	KENILWORTH
88.7	1800750	IN	M S D BOONE TOWNSHIP
88.7	0611040	CA	DENAIR UNIFIED
88.7	0100450	AL	BREWTON CITY
88.5	4224240	PA	UNITED SD
88.5	4003810	OK	BEGGS
88.5	3614220	NY	HERKIMER CENTRAL SCHOOL DISTRICT
88.5	3612300	NY	GORHAM-MIDDLESEX CENTRAL SCHOOL DISTRICT (MARCUS WHITMAN)
88.5	3304670	NH	MASCENIC REGIONAL SCHOOL DISTRICT
88.5	3007410	MT	CORVALLIS K-12 SCHOOLS
88.5	2923490	MO	PALMYRA R-I
88.5	2918220	MO	LAWSON R-XIV
88.5	0638130	CA	STRATHMORE UNION ELEMENTARY
88.5	0606990	CA	CALIPATRIA UNIFIED
88.3	4028170	OK	SPERRY
88.3	4009910	OK	DICKSON
88.3	3904924	OH	WATERLOO LOCAL
88.3	3016490	MT	LEWISTOWN ELEM
88.3	1731920	IL	PLEASANT PLAINS CUSD 8
88.3	0400023	AZ	PINON UNIFIED DISTRICT
88.2	3628110	NY	STILLWATER CENTRAL SCHOOL DISTRICT
88.2	3176560	NE	SEWARD PUBLIC SCHOOLS
88.2	2614690	MI	GWINN AREA COMMUNITY SCHOOLS
88.0	3301860	NH	BERLIN SCHOOL DISTRICT
88.0	3103360	NE	AURORA PUBLIC SCHOOLS
88.0	1810500	IN	SOUTH PUTNAM COMMUNITY SCHOOLS
88.0	0102350	AL	MIDFIELD CITY
87.8	3904841	OH	ELGIN LOCAL
87.8	3904782	OH	CENTERBURG LOCAL
87.8	3415420	NJ	SOUTHAMPTON TOWNSHIP
87.8	2733900	MN	STAPLES-MOTLEY SCHOOL DISTRICT
87.8	2314440	ME	MSAD 64
87.8	0805190	CO	LAKE COUNTY SCHOOL DISTRICT NO. R-1
87.7	4015480	OK	INOLA
87.7	1807380	IN	NETTLE CREEK SCHOOL CORP
87.7	0400212	AZ	BENSON UNIFIED SCHOOL DISTRICT
87.7	0100900	AL	COOSA COUNTY
87.5	5303510	WA	HIGHLAND SCHOOL DISTRICT
87.5	4216890	PA	NEWPORT SD
87.5	4211310	PA	HALIFAX AREA SD
87.5	3905055	OH	GREEN LOCAL
87.4	2314796	ME	RSU 25
87.3	5514220	WI	SPOONER AREA SCHOOL DISTRICT
87.3	5300950	WA	CASCADE SCHOOL DISTRICT
87.3	4011160	OK	EUFAULA
87.3	3303090	NH	FRANKLIN SCHOOL DISTRICT
87.3	2606960	MI	BRONSON COMMUNITY SCHOOL DISTRICT
87.3	1715100	IL	FIELDCREST CUSD 6
87.3	0102760	AL	PIEDMONT CITY
87.2	5515180	WI	UNION GROVE J1 SCHOOL DISTRICT
87.2	5002010	VT	BARRE CITY SCHOOL DISTRICT
87.2	4817960	TX	EASTLAND ISD
87.2	2623100	MI	MASON CONSOLIDATED SCHOOLS (MONROE)
87.2	1913470	IA	HAMPTON-DUMONT COMM SCHOOL DISTRICT
87.2	1900022	IA	UNION COMM SCHOOL DISTRICT
87.2	1732550	IL	PRAIRIE HILL CCSD 133
87.2	1305100	GA	TREUTLEN COUNTY
87.2	0101080	AL	DALEVILLE CITY
87.0	4816180	TX	DAINGERFIELD-LONE STAR ISD
87.0	4700930	TN	DAYTON CITY ELEMENTARY SCH DIS
87.0	4015840	OK	JONES
87.0	3904621	OH	WEST LIBERTY-SALEM LOCAL
87.0	3608370	NY	CORINTH CENTRAL SCHOOL DISTRICT
87.0	2912240	MO	FORSYTH R-III
87.0	2632880	MI	ST. LOUIS PUBLIC SCHOOLS
86.8	2802310	MS	KEMPER CO SCHOOL DIST
86.8	2801350	MS	DREW SCHOOL DIST
86.8	2104470	KY	NICHOLAS COUNTY
86.7	3910028	OH	RITTMAN EXEMPTED VILLAGE
86.7	3410920	NJ	MOUNT HOLLY TOWNSHIP
86.7	2620610	MI	LAKE CITY AREA SCHOOL DISTRICT
86.7	2505610	MA	HALIFAX
86.5	5514250	WI	RIVER VALLEY SCHOOL DISTRICT
86.5	5100560	VA	BUENA VISTA CITY PBLC SCHS
86.5	4832730	TX	NEWTON ISD
86.5	4023850	OK	PERRY
86.5	3630930	NY	MOUNT MARKHAM CENTRAL SCHOOL DISTRICT
86.5	2911220	MO	EAST PRAIRIE R-II
86.5	1737590	IL	STAUNTON CUSD 6
86.5	1713660	IL	ELDORADO CUSD 4
86.3	5401110	WV	PLEASANTS COUNTY SCHOOLS
86.3	4831230	TX	MONTE ALTO ISD
86.3	4017850	OK	LINDSAY
86.3	4016170	OK	KELLYVILLE
86.3	2622380	MI	MANCHESTER COMMUNITY SCHOOLS
86.3	1720550	IL	JOHNSTON CITY CUSD 1
86.2	4823850	TX	HUGHES SPRINGS ISD
86.2	4009810	OK	DEWEY
86.2	3904652	OH	WYNFORD LOCAL
86.2	3904575	OH	ALLEN EAST LOCAL
86.2	3012510	MT	GLENDIVE ELEM
86.2	2738880	MN	ESKO PUBLIC SCHOOL DISTRICT
86.2	2728230	MN	PERHAM PUBLIC SCHOOL DISTRICT
86.2	1603360	ID	WENDELL DISTRICT
86.0	5503860	WI	NORTHLAND PINES SCHOOL DISTRICT
86.0	4007290	OK	CHANDLER
86.0	3629040	NY	TUCKAHOE UNION FREE SCHOOL DISTRICT
86.0	3620670	NY	NEWARK VALLEY CENTRAL SCHOOL DISTRICT
86.0	3179050	NE	YORK PUBLIC SCHOOLS
86.0	2607530	MI	BYRON AREA SCHOOLS
86.0	2103270	KY	LEE COUNTY
86.0	2101680	KY	ELLIOTT COUNTY
86.0	1927000	IA	SPIRIT LAKE COMM SCHOOL DISTRICT
86.0	0508700	AR	LAMAR SCHOOL DISTRICT
85.8	4842060	TX	TAFT ISD
85.8	4813860	TX	CHILDRESS ISD
85.8	3904388	OH	DELPHOS CITY
85.8	3416530	NJ	UPPER DEERFIELD TOWNSHIP
85.8	3409930	NJ	MENDHAM TOWNSHIP
85.8	2617640	MI	HANOVER-HORTON SCHOOLS
85.8	2511670	MA	TOPSFIELD
85.8	2100360	KY	BEECHWOOD IND
85.8	2005100	KS	CONCORDIA
85.8	1810620	IN	SOUTHEAST FOUNTAIN SCHOOL CORP
85.8	1810230	IN	SMITH-GREEN COMMUNITY SCHOOLS
85.7	4220850	PA	SAYRE AREA SD
85.7	4205070	PA	CARMICHAELS AREA SD
85.7	3011520	MT	FRENCHTOWN K-12 SCHOOLS
85.7	1743050	IL	WOOD RIVER-HARTFORD ESD 15
85.7	1736090	IL	SHELBYVILLE CUSD 4
85.7	0619590	CA	KERNVILLE UNION ELEMENTARY
85.7	0507320	AR	HARMONY GROVE SCHOOL DISTRICT
85.5	4212990	PA	LACKAWANNA TRAIL SD
85.5	3904879	OH	CARDINGTON-LINCOLN LOCAL
85.5	3401800	NJ	BLAIRSTOWN TOWNSHIP
85.5	3010920	MT	EVERGREEN ELEM
85.5	2709480	MN	GREENWAY PUBLIC SCHOOL DISTRICT
85.5	1741010	IL	DISTRICT 50 SCHOOLS
85.5	1721390	IL	KNOXVILLE CUSD 202
85.3	5508790	WI	MARSHALL SCHOOL DISTRICT
85.3	5306750	WA	PIONEER SCHOOL DISTRICT
85.3	4812510	TX	CALLISBURG ISD
85.3	4215510	PA	MINERSVILLE AREA SD
85.3	1733930	IL	RIVERDALE CUSD 100
85.2	4830340	TX	MERKEL ISD
85.2	4220220	PA	REYNOLDS SD
85.2	3616710	NY	LANSING CENTRAL SCHOOL DISTRICT
85.2	3414430	NJ	RUNNEMEDE BOROUGH
85.2	2006450	KS	GARNETT
85.2	0902130	CT	LEBANON SCHOOL DISTRICT
85.2	0100180	AL	ATTALLA CITY
85.0	5301470	WA	COLLEGE PLACE SCHOOL DISTRICT
85.0	4824730	TX	JEFFERSON ISD
85.0	3413470	NJ	PROSPECT PARK
85.0	1715630	IL	FOX LAKE GSD 114
85.0	1303660	GA	MILLER COUNTY
84.8	4810260	TX	BISHOP CISD
84.8	4220130	PA	REDBANK VALLEY SD
84.8	3418210	NJ	WOODCLIFF LAKE
84.8	3416020	NJ	TABERNACLE TOWNSHIP
84.8	2707500	MN	CANNON FALLS PUBLIC SCHOOL DISTRICT
84.8	1908610	IA	DAVIS COUNTY COMM SCHOOL DISTRICT
84.8	1903270	IA	ALBIA COMM SCHOOL DISTRICT
84.8	0407020	AZ	RIVERSIDE ELEMENTARY DISTRICT
84.7	5102430	VA	MATHEWS CO PBLC SCHS
84.7	3623880	NY	PULASKI CENTRAL SCHOOL DISTRICT
84.7	3602370	NY	ADDISON CENTRAL SCHOOL DISTRICT
84.7	3016530	MT	LIBBY K-12 SCHOOLS
84.7	2909780	MO	CLEVER R-V
84.7	2622620	MI	MAPLE VALLEY SCHOOLS
84.7	2620550	MI	LAINGSBURG COMMUNITY SCHOOL DISTRICT
84.7	2007970	KS	KAW VALLEY
84.7	1734440	IL	ROCKRIDGE CUSD 300
84.7	0638340	CA	SUNDALE UNION ELEMENTARY
84.5	5510380	WI	NEKOOSA SCHOOL DISTRICT
84.5	3904927	OH	NATIONAL TRAIL LOCAL
84.5	3904672	OH	NORTHEASTERN LOCAL
84.5	3305280	NH	NEWMARKET SCHOOL DISTRICT
84.5	2709750	MN	CROSBY-IRONTON PUBLIC SCHOOL DIST.
84.5	1726430	IL	MOMENCE CUSD 1
84.5	0600067	CA	CARUTHERS UNIFIED
84.5	0509630	AR	MCGEHEE SCHOOL DISTRICT
84.3	5305280	WA	MOUNT ADAMS SCHOOL DISTRICT
84.3	3417160	NJ	WASHINGTON TOWNSHIP
84.3	3411970	NJ	OCEAN CITY
84.3	1914370	IA	HUMBOLDT COMM SCHOOL DISTRICT
84.3	1903570	IA	ANAMOSA COMM SCHOOL DISTRICT
84.3	1800060	IN	ADAMS CENTRAL COMMUNITY SCHOOLS
84.3	0637830	CA	SAINT HELENA UNIFIED
84.2	4639600	SD	MADISON CENTRAL SCHOOL DISTRICT 39-2
84.2	3906968	OH	EAST GUERNSEY LOCAL
84.2	3905012	OH	BROOKFIELD LOCAL
84.2	3904837	OH	SPRINGFIELD LOCAL
84.2	3904546	OH	LOUDONVILLE-PERRYSVILLE EXEMPTED VILLAGE
84.2	2720550	MN	MELROSE PUBLIC SCHOOL DISTRICT
84.2	1715820	IL	FREEBURG CCSD 70
84.2	1600240	ID	BEAR LAKE COUNTY DISTRICT
84.2	0631470	CA	PORTOLA VALLEY ELEMENTARY
84.2	0623970	CA	MARK TWAIN UNION ELEMENTARY
84.0	4846230	TX	WINONA ISD
84.0	3502640	NM	TUCUMCARI PUBLIC SCHOOLS
84.0	2800510	MS	ATTALA CO SCHOOL DIST
84.0	2700108	MN	PIPESTONE AREA SCHOOL DISTRICT
84.0	1738130	IL	SULLIVAN CUSD 300
84.0	1735400	IL	SARATOGA CCSD 60C
84.0	1732040	IL	PLEASANTDALE SD 107
83.8	4824150	TX	INDUSTRIAL ISD
83.8	3904671	OH	CENTRAL LOCAL
83.8	3904552	OH	MONTPELIER EXEMPTED VILLAGE
83.8	3401050	NJ	AUDUBON
83.8	2927090	MO	SALEM R-80
83.8	2700182	MN	REDWOOD AREA SCHOOL DISTRICT
83.8	2618180	MI	HEMLOCK PUBLIC SCHOOL DISTRICT
83.8	2314788	ME	RSU 38
83.8	1303330	GA	LINCOLN COUNTY
83.8	0619950	CA	KLAMATH-TRINITY JOINT UNIFIED
83.7	4014790	OK	HOLDENVILLE
83.7	3904871	OH	NEW LEBANON LOCAL
83.7	2307140	ME	KITTERY SCHOOL DEPARTMENT
83.7	2201470	LA	ST. HELENA PARISH
83.7	1914280	IA	HOWARD-WINNESHIEK COMM SCHOOL DISTRICT
83.7	1801740	IN	PERRY CENTRAL COM SCHOOLS CORP
83.7	1720170	IL	IROQUOIS COUNTY CUSD 9
83.5	4819980	TX	FRIONA ISD
83.5	4205730	PA	CHARTIERS-HOUSTON SD
83.5	4027390	OK	SEQUOYAH
83.5	3614760	NY	HOOSICK FALLS CENTRAL SCHOOL DISTRICT
83.5	3610920	NY	FALCONER CENTRAL SCHOOL DISTRICT
83.5	3417730	NJ	WESTAMPTON TOWNSHIP
83.5	3404710	NJ	EMERSON
83.5	3404440	NJ	EDGEWATER
83.5	0511130	AR	PARIS SCHOOL DISTRICT
83.5	0505760	AR	ELKINS SCHOOL DISTRICT
83.3	4222230	PA	SOUTH SIDE AREA SD
83.3	4221490	PA	SHENANDOAH VALLEY SD
83.3	4202480	PA	ANTIETAM SD
83.3	3401920	NJ	BOGOTA
83.3	2634410	MI	UNION CITY COMMUNITY SCHOOLS
83.3	1722150	IL	LAWRENCE COUNTY CUD 20
83.3	0626040	CA	MT. SHASTA UNION ELEMENTARY
83.2	3904774	OH	WESTERN RESERVE LOCAL
83.2	1708460	IL	CARLYLE CUSD 1
83.0	4824750	TX	JIM HOGG COUNTY ISD
83.0	4225230	PA	WEST BRANCH AREA SD
83.0	3607110	NY	CHATHAM CENTRAL SCHOOL DISTRICT
83.0	2632610	MI	SPRINGPORT PUBLIC SCHOOLS
83.0	2622350	MI	MANCELONA PUBLIC SCHOOLS
83.0	1801290	IN	CARROLL CONSOLIDATED SCH CORP
83.0	1711880	IL	DEER CREEK-MACKINAW CUSD 701
82.8	4843230	TX	TROUP ISD
82.8	4832130	TX	NATALIA ISD
82.8	4032400	OK	WESTVILLE
82.8	3704890	NC	WELDON CITY SCHOOLS
82.8	3611400	NY	FRANKFORT-SCHUYLER CENTRAL SCHOOL DISTRICT
82.8	3171940	NE	HOLDREGE PUBLIC SCHOOLS
82.8	2717250	MN	LACRESCENT-HOKAH SCHOOL DISTRICT
82.8	2636330	MI	WHITMORE LAKE PUBLIC SCHOOLS
82.7	4841880	TX	SUNNYVALE ISD
82.7	4101830	OR	BANKS SD 13
82.7	4004020	OK	BERRYHILL
82.7	3416170	NJ	TEWKSBURY TOWNSHIP
82.7	3411040	NJ	MOUNTAINSIDE
82.7	3411010	NJ	MOUNTAIN LAKES
82.5	3617460	NY	LITTLE FALLS CITY SCHOOL DISTRICT
82.5	3303600	NH	HANOVER SCHOOL DISTRICT
82.5	0904500	CT	THOMASTON SCHOOL DISTRICT
82.3	5502820	WI	COLUMBUS SCHOOL DISTRICT
82.3	4700660	TN	CLAY COUNTY SCHOOL DISTRICT
82.3	3002010	MT	ANACONDA ELEM
82.3	2908670	MO	CHARLESTON R-I
82.3	2618270	MI	HESPERIA COMMUNITY SCHOOLS
82.3	1808190	IN	NORTHEASTERN WAYNE SCHOOLS
82.3	1806480	IN	SHERIDAN COMMUNITY SCHOOLS
82.3	1737050	IL	SPRING VALLEY CCSD 99
82.3	1712720	IL	DUPO CUSD 196
82.3	1700092	IL	GEORGETOWN-RIDGE FARM CUD 4
82.3	1305070	GA	TOWNS COUNTY
82.3	0630840	CA	PLANADA ELEMENTARY
82.2	4836300	TX	QUITMAN ISD
82.2	4814790	TX	COMFORT ISD
82.2	3616170	NY	AUSABLE VALLEY CENTRAL SCHOOL DISTRICT
82.2	3404470	NJ	EDGEWATER PARK TOWNSHIP
82.2	2010260	KS	OSAWATOMIE
82.2	2004920	KS	CLEARWATER
82.2	1803120	IN	EASTERN HANCOCK CO COM SCH CORP
82.0	5504230	WI	ELK MOUND AREA SCHOOL DISTRICT
82.0	4833360	TX	ODEM-EDROY ISD
82.0	4821450	TX	GRAND SALINE ISD
82.0	4700030	TN	ALAMO CITY SCHOOL DISTRICT
82.0	3904407	OH	GRANDVIEW HEIGHTS CITY
82.0	2636060	MI	WHITE CLOUD PUBLIC SCHOOLS
81.8	5502640	WI	CLINTON COMMUNITY SCHOOL DISTRICT
81.8	5400270	WV	DODDRIDGE COUNTY SCHOOLS
81.8	4209960	PA	FORT CHERRY SD
81.8	4204920	PA	CANTON AREA SD
81.8	4017880	OK	LITTLE AXE
81.8	4009060	OK	CROOKED OAK
81.8	3904663	OH	ARCANUM-BUTLER LOCAL
81.8	2920010	MO	MAPLEWOOD-RICHMOND HEIGHTS
81.8	1924000	IA	RED OAK COMM SCHOOL DISTRICT
81.8	1303750	GA	MONTGOMERY COUNTY
81.8	0805760	CO	MONTE VISTA SCHOOL DISTRICT NO. C-8
81.8	0804950	CO	WELD COUNTY SCHOOL DISTRICT NO. RE-7
81.8	0632430	CA	RICHGROVE ELEMENTARY
81.7	4834500	TX	PEASTER ISD
81.7	4834110	TX	PALMER ISD
81.7	3904591	OH	FEDERAL HOCKING LOCAL
81.7	3627120	NY	SODUS CENTRAL SCHOOL DISTRICT
81.7	3624450	NY	RENSSELAER CITY SCHOOL DISTRICT
81.7	3600023	NY	SULLIVAN WEST CENTRAL SCHOOL DISTRICT
81.7	2502530	MA	BERKSHIRE HILLS
81.7	1712960	IL	EAST ALTON SD 13
81.5	3904957	OH	WOODMORE LOCAL
81.5	1906060	IA	CAMANCHE COMM SCHOOL DISTRICT
81.5	1806630	IN	MILAN COMMUNITY SCHOOLS
81.5	0902760	CT	NEW HARTFORD SCHOOL DISTRICT
81.5	0509540	AR	MAYFLOWER SCHOOL DISTRICT
81.3	5604860	WY	SUBLETTE COUNTY SCHOOL DISTRICT #1
81.3	5007320	VT	SHELBURNE SCHOOL DISTRICT
81.3	2906360	MO	BUTLER R-V
81.3	2607230	MI	BUENA VISTA SCHOOL DISTRICT
81.3	1911790	IA	FOREST CITY COMM SCHOOL DISTRICT
81.3	1805880	IN	LIBERTY-PERRY COM SCHOOL CORP
81.2	4209540	PA	FAIRFIELD AREA SD
81.2	2505880	MA	HARVARD
81.2	1700125	IL	BUREAU VALLEY CUSD 340
81.2	1700041	IL	GIBSON CITY-MELVIN-SIBLEY CUSD 5
81.0	5514940	WI	TOMAHAWK SCHOOL DISTRICT
81.0	5510920	WI	OCONTO SCHOOL DISTRICT
81.0	5510740	WI	NORTH FOND DU LAC SCHOOL DISTRICT
81.0	5307020	WA	QUILLAYUTE VALLEY SCHOOL DISTRICT
81.0	5305610	WA	NEWPORT SCHOOL DISTRICT
81.0	3818850	ND	VALLEY CITY 2
81.0	3611740	NY	GANANDA CENTRAL SCHOOL DISTRICT
81.0	3609930	NY	EAST ROCHESTER UNION FREE SCHOOL DISTRICT
81.0	2314765	ME	MSAD 72
81.0	1743962	IL	MIDWEST CENTRAL CUSD 191
81.0	1300750	GA	CALHOUN COUNTY
80.8	5502430	WI	CEDAR GROVE-BELGIUM AREA SCHOOL DISTRICT
80.8	5401140	WV	POCAHONTAS COUNTY SCHOOLS
80.8	4212720	PA	KEYSTONE  SD
80.8	3403090	NJ	CHESTERFIELD TOWNSHIP
80.8	2314190	ME	MSAD 55
80.8	2007380	KS	HOLTON
80.8	1703750	IL	ANNA CCSD 37
80.8	1302640	GA	HANCOCK COUNTY
80.7	5516410	WI	WESTBY AREA SCHOOL DISTRICT
80.7	4821600	TX	GRAPE CREEK ISD
80.7	4807950	TX	ALPINE ISD
80.7	4226400	PA	WILLIAMS VALLEY SD
80.7	3628890	NY	TRI-VALLEY CENTRAL SCHOOL DISTRICT
80.7	0619770	CA	KINGS RIVER-HARDWICK UNION ELEMENTARY
80.7	0608250	CA	CHATOM UNION ELEMENTARY
80.5	4017580	OK	LEXINGTON
80.5	4016590	OK	KINGSTON
80.5	3904956	OH	LAKOTA LOCAL
80.5	3904521	OH	BLUFFTON EXEMPTED VILLAGE
80.5	2929640	MO	STRAFFORD R-VI
80.5	2105190	KY	RUSSELLVILLE INDEPENDENT
80.3	3904758	OH	LIBERTY CENTER LOCAL
80.2	5512120	WI	POYNETTE SCHOOL DISTRICT
80.2	4829130	TX	MARLIN ISD
80.2	4814400	TX	CLIFTON ISD
80.2	3904633	OH	FELICITY-FRANKLIN LOCAL
80.2	2918240	MO	WEST ST. FRANCOIS CO. R-IV
80.2	2104080	KY	MENIFEE COUNTY
80.0	4216050	PA	MOUNTAIN VIEW SD
80.0	1802520	IN	CULVER COMMUNITY SCHOOLS CORP
80.0	0802430	CO	BENNETT SCHOOL DISTRICT NO. 29J
80.0	0103000	AL	SHEFFIELD CITY
79.8	5007980	VT	SWANTON SCHOOL DISTRICT
79.8	4820550	TX	GEORGE WEST ISD
79.8	4807470	TX	ACADEMY ISD
79.8	3609870	NY	EAST MORICHES UNION FREE SCHOOL DISTRICT
79.8	1802160	IN	CLINTON PRAIRIE SCHOOL CORP
79.8	1700332	IL	SCHUYLER-INDUSTRY CUSD 5
79.7	5513230	WI	SAINT CROIX FALLS SCHOOL DISTRICT
79.7	4703210	TN	NEWPORT CITY ELEMENTARY S/D
79.7	4100016	OR	YAMHILL CARLTON SD 1
79.7	3619380	NY	MILLBROOK CENTRAL SCHOOL DISTRICT
79.7	3303960	NH	INTER-LAKES SCHOOL DISTRICT
79.7	2718070	MN	LESUEUR-HENDERSON SCHOOL DISTRICT
79.7	2700123	MN	HOWARD LAKE-WAVERLY-WINSTED
79.7	1602550	ID	PARMA DISTRICT
79.5	5400210	WV	CALHOUN COUNTY SCHOOLS
79.5	4214430	PA	MAHANOY AREA SD
79.5	3904554	OH	NEWCOMERSTOWN EXEMPTED VILLAGE
79.5	2803180	MS	NEWTON MUNICIPAL SCHOOL DISTRICT
79.5	1730200	IL	ORION CUSD 223
79.5	0403950	AZ	INDIAN OASIS-BABOQUIVARI UNIFIED DISTRICT
79.3	4703390	TN	PERRY COUNTY SCHOOL DISTRICT
79.3	4008460	OK	COMANCHE
79.3	2922740	MO	NORTH CALLAWAY CO. R-I
79.3	2910830	MO	DIXON R-I
79.3	2801440	MS	ENTERPRISE SCHOOL DIST
79.2	3904772	OH	NEW LONDON LOCAL
79.2	3904535	OH	CROOKSVILLE EXEMPTED VILLAGE
79.2	2005070	KS	COLUMBUS
79.2	1926370	IA	SIOUX CENTER COMM SCHOOL DISTRICT
79.2	0806330	CO	SALIDA SCHOOL DISTRICT NO. R-32
79.2	0803810	CO	PARK SCHOOL DISTRICT R-3
79.0	5511350	WI	PALMYRA-EAGLE AREA SCHOOL DISTRICT
79.0	5308940	WA	TONASKET SCHOOL DISTRICT
79.0	3628980	NY	TRUMANSBURG CENTRAL SCHOOL DISTRICT
79.0	3413770	NJ	RIDGEFIELD
79.0	2905940	MO	BROOKFIELD R-III
79.0	2700006	MN	MAPLE RIVER SCHOOL DISTRICT
79.0	2630930	MI	SARANAC COMMUNITY SCHOOLS
79.0	2618540	MI	HOMER COMMUNITY SCHOOLS
79.0	2506420	MA	HULL
79.0	1924870	IA	ROLAND-STORY COMM SCHOOL DISTRICT
79.0	1921630	IA	OELWEIN COMM SCHOOL DISTRICT
79.0	0631290	CA	POLLOCK PINES ELEMENTARY
78.8	4839360	TX	SANTA ROSA ISD
78.8	4700850	TN	CROCKETT COUNTY SCHOOL DIST
78.8	4103265	OR	RAINIER SD 13
78.8	4014160	OK	HEAVENER
78.8	2100480	KY	BEREA IND
78.8	2006480	KS	GIRARD
78.8	1710410	IL	CENTRAL CUSD 4
78.7	4837800	TX	ROOSEVELT ISD
78.7	4825140	TX	KARNES CITY ISD
78.7	3910001	OH	VAN BUREN LOCAL
78.7	3626880	NY	SILVER CREEK CENTRAL SCHOOL DISTRICT
78.7	3624480	NY	RHINEBECK CENTRAL SCHOOL DISTRICT
78.7	3614610	NY	HOLLEY CENTRAL SCHOOL DISTRICT
78.7	3307050	NH	WHITE MOUNTAIN REGIONAL SCHOOL DISTRICT
78.7	2700099	MN	YELLOW MEDICINE EAST
78.7	0503090	AR	BERGMAN SCHOOL DISTRICT
78.7	0500009	AR	CORNING SCHOOL DISTRICT
78.5	3819020	ND	WAHPETON 37
78.5	3623040	NY	PINE PLAINS CENTRAL SCHOOL DISTRICT
78.5	2909750	MO	CLEARWATER R-I
78.5	2741850	MN	WARROAD PUBLIC SCHOOL DISTRICT
78.5	2714070	MN	HINCKLEY-FINLAYSON SCHOOL DISTRICT
78.5	1915210	IA	JEFFERSON-SCRANTON COMM SCHOOL DISTRICT
78.5	1807080	IN	MONROE CENTRAL SCHOOL CORP
78.5	0627480	CA	NORTH COUNTY JOINT UNION ELEMENTARY
78.3	5508880	WI	MAYVILLE SCHOOL DISTRICT
78.3	3402340	NJ	BRIGANTINE CITY
78.3	1999017	IA	PCM COMM SCHOOL DISTRICT
78.3	1305640	GA	WHEELER COUNTY
78.2	4814130	TX	CITY VIEW ISD
78.2	4701620	TN	HANCOCK COUNTY SCHOOL DISTRICT
78.2	1734710	IL	ROSELLE SD 12
78.2	1722130	IL	RED HILL CUSD 10
78.2	0902220	CT	LITCHFIELD SCHOOL DISTRICT
78.0	5501350	WI	BLOOMER SCHOOL DISTRICT
78.0	3612450	NY	GRANVILLE CENTRAL SCHOOL DISTRICT
78.0	3415870	NJ	STRATFORD BOROUGH
78.0	2745735	MN	ZUMBROTA-MAZEPPA SCHOOL DISTRICT
78.0	2622290	MI	MADISON PUBLIC SCHOOLS (OAKLAND)
78.0	2608400	MI	CASS CITY PUBLIC SCHOOLS
78.0	2509600	MA	PIONEER VALLEY
78.0	1739600	IL	TUSCOLA CUSD 301
78.0	0612930	CA	ESPARTO UNIFIED
77.8	3904857	OH	PARKWAY LOCAL
77.8	3305040	NH	NEW BOSTON SCHOOL DISTRICT
77.8	0901500	CT	ESSEX SCHOOL DISTRICT
77.7	4900690	UT	NORTH SUMMIT DISTRICT
77.7	4207140	PA	CURWENSVILLE AREA SD
77.7	3904607	OH	RIPLEY-UNION-LEWIS-HUNTINGTON LOCAL
77.7	3408460	NJ	LEBANON TOWNSHIP
77.7	2930690	MO	VALLEY PARK
77.7	2929520	MO	STOCKTON R-I
77.7	2742780	MN	WINDOM PUBLIC SCHOOL DISTRICT
77.7	1907170	IA	CHEROKEE COMM SCHOOL DISTRICT
77.7	1813050	IN	WESTERN WAYNE SCHOOLS
77.7	1718510	IL	HAVANA CUSD 126
77.7	1710800	IL	OAKWOOD CUSD 76
77.7	0610380	CA	CUTTEN ELEMENTARY
77.5	4813440	TX	CENTRAL HEIGHTS ISD
77.5	4204260	PA	BROCKWAY AREA SD
77.5	3629820	NY	WALTON CENTRAL SCHOOL DISTRICT
77.5	2623310	MI	MCBAIN RURAL AGRICULTURAL SCHOOLS
77.5	1914730	IA	IOWA FALLS COMM SCHOOL DISTRICT
77.5	1800600	IN	BLOOMFIELD SCHOOL DISTRICT
77.5	0805100	CO	NORTH CONEJOS SCHOOL DISTRICT NO. RE1J
77.3	4835740	TX	PRAIRILAND ISD
77.3	4215900	PA	MORRISVILLE BOROUGH SD
77.3	2728140	MN	PAYNESVILLE PUBLIC SCHOOL DISTRICT
77.3	2608730	MI	CHARLEVOIX PUBLIC SCHOOLS
77.2	5514610	WI	STURGEON BAY SCHOOL DISTRICT
77.2	4020080	OK	MILLWOOD
77.2	3904964	OH	VALLEY LOCAL
77.2	3612900	NY	GREENWICH CENTRAL SCHOOL DISTRICT
77.2	3500750	NM	DEXTER CONSOLIDATED SCHOOLS
77.2	2631020	MI	SCHOOLCRAFT COMMUNITY SCHOOLS
77.2	2505160	MA	GATEWAY
77.0	5515360	WI	VIROQUA AREA SCHOOL DISTRICT
77.0	4832740	TX	NIXON-SMILEY CISD
77.0	4811010	TX	BOYD ISD
77.0	4225650	PA	WEST MIDDLESEX AREA SD
77.0	3904881	OH	NORTHMOR LOCAL
77.0	3610650	NY	ELMSFORD UNION FREE SCHOOL DISTRICT
77.0	2600017	MI	BAD AXE PUBLIC SCHOOLS
77.0	2505270	MA	GILL-MONTAGUE
76.8	5502520	WI	CHILTON SCHOOL DISTRICT
76.8	4822560	TX	HARMONY ISD
76.8	4818480	TX	ELYSIAN FIELDS ISD
76.8	2632640	MI	ST. CHARLES COMMUNITY SCHOOLS
76.8	2614760	MI	FRANKENMUTH SCHOOL DISTRICT
76.8	1915330	IA	JESUP COMM SCHOOL DISTRICT
76.8	1802130	IN	CLINTON CENTRAL SCHOOL CORP
76.7	4821540	TX	GRANDVIEW ISD
76.7	4024930	OK	PRAGUE
76.7	3607650	NY	THOUSAND ISLANDS CENTRAL SCHOOL DISTRICT
76.7	3306150	NH	SEABROOK SCHOOL DISTRICT
76.7	2629760	MI	RIVER ROUGE SCHOOL DISTRICT
76.7	2629370	MI	RAVENNA PUBLIC SCHOOLS
76.7	2502970	MA	BREWSTER
76.7	0403080	AZ	FREDONIA-MOCCASIN UNIFIED DISTRICT
76.5	4829580	TX	MAYPEARL ISD
76.5	4814640	TX	COLORADO ISD
76.5	4810780	TX	BOLING ISD
76.5	3603660	NY	AVON CENTRAL SCHOOL DISTRICT
76.5	2919890	MO	MALDEN R-I
76.5	2803960	MS	SOUTH DELTA SCHOOL DISTRICT
76.5	1726710	IL	MORRISON CUSD 6
76.5	1600139	ID	MOUNTAIN VIEW SCHOOL DISTRICT
76.3	5508220	WI	LOMIRA SCHOOL DISTRICT
76.3	5500420	WI	ARCADIA SCHOOL DISTRICT
76.3	4834260	TX	PARADISE ISD
76.3	4100015	OR	GERVAIS SD 1
76.3	3904762	OH	FAIRFIELD LOCAL
76.3	3631440	NY	WILLIAMSON CENTRAL SCHOOL DISTRICT
76.3	3600002	NY	SAUQUOIT VALLEY CENTRAL SCHOOL DISTRICT
76.3	1919650	IA	MONTICELLO COMM SCHOOL DISTRICT
76.3	1809720	IN	ROSSVILLE CON SCHOOL DISTRICT
76.3	0511820	AR	PRESCOTT SCHOOL DISTRICT
76.2	5303810	WA	KALAMA SCHOOL DISTRICT
76.2	4836210	TX	QUEEN CITY ISD
76.2	4824780	TX	JIM NED CISD
76.2	4641550	SD	LENNOX SCHOOL DISTRICT 41-4
76.2	3904859	OH	FORT RECOVERY LOCAL
76.2	3904636	OH	WILLIAMSBURG LOCAL
76.2	3904582	OH	HILLSDALE LOCAL
76.2	3627960	NY	BRASHER FALLS CENTRAL SCHOOL DISTRICT
76.2	3627360	NY	SOUTH LEWIS CENTRAL SCHOOL DISTRICT
76.2	3416920	NJ	WALLINGTON
76.2	3200240	NV	LANDER COUNTY SCHOOL DISTRICT
76.2	2610050	MI	CLINTON COMMUNITY SCHOOLS
76.2	1931680	IA	WILLIAMSBURG COMM SCHOOL DISTRICT
76.2	1808940	IN	PIONEER REGIONAL SCHOOL CORP
76.2	1705880	IL	BENJAMIN SD 25
76.0	5500750	WI	UNITY SCHOOL DISTRICT
76.0	4819740	TX	FRANKLIN ISD
76.0	1903390	IA	ALLAMAKEE COMM SCHOOL DISTRICT
76.0	1736600	IL	COUNTY OF WINNEBAGO SD 320
76.0	1714220	IL	HARMONY EMGE SD 175
75.8	4836750	TX	REDWATER ISD
75.8	4224630	PA	VALLEY GROVE SD
75.8	3905032	OH	FAIRBANKS LOCAL
75.8	3904459	OH	OBERLIN CITY SCHOOLS
75.8	3411550	NJ	NORTH HALEDON
75.8	2721360	MN	MONTGOMERY-LONSDALE SCHOOL DISTRICT
75.8	2311130	ME	MSAD 28
75.8	2007560	KS	HUGOTON PUBLIC SCHOOLS
75.8	1731410	IL	PORTA CUSD 202
75.8	0637230	CA	SONORA ELEMENTARY
75.8	0506360	AR	FOUKE SCHOOL DISTRICT
75.7	5306150	WA	OKANOGAN SCHOOL DISTRICT
75.7	5301800	WA	COUPEVILLE SCHOOL DISTRICT
75.7	4809390	TX	BANGS ISD
75.7	4216230	PA	MUNCY SD
75.7	4021930	OK	NOWATA
75.7	4003060	OK	ANTLERS
75.7	3904532	OH	COLUMBIANA EXEMPTED VILLAGE
75.7	2612560	MI	EAST JORDAN PUBLIC SCHOOLS
75.7	2010890	KS	PRATT
75.7	1704470	IL	ATHENS CUSD 213
75.5	4009510	OK	DAVIS
75.5	3904361	OH	BELPRE CITY
75.5	0606330	CA	BUELLTON UNION ELEMENTARY
75.3	4824210	TX	INGRAM ISD
75.3	3905048	OH	FORT FRYE LOCAL
75.3	3904968	OH	SENECA EAST LOCAL
75.3	3610590	NY	ELMIRA HEIGHTS CENTRAL SCHOOL DISTRICT
75.3	3411400	NJ	NEWTON
75.3	3404290	NJ	EAST RUTHERFORD
75.3	3303180	NH	GILFORD SCHOOL DISTRICT
75.2	3904821	OH	OTTAWA HILLS LOCAL
75.2	3904620	OH	TRIAD LOCAL
75.2	3417880	NJ	WHARTON BOROUGH
75.2	3412720	NJ	PAULSBORO
75.2	3174580	NE	NORTHWEST PUBLIC SCHOOLS
75.2	2733450	MN	ST. CHARLES PUBLIC SCHOOL DISTRICT
75.2	0509360	AR	LEE COUNTY SCHOOL DISTRICT
75.0	4210115	PA	NORTH STAR SD
75.0	3621360	NY	NORWOOD-NORFOLK CENTRAL SCHOOL DISTRICT
75.0	3615480	NY	ISLAND PARK UNION FREE SCHOOL DISTRICT
75.0	3606090	NY	BYRON-BERGEN CENTRAL SCHOOL DISTRICT
75.0	2911700	MO	FAIR GROVE R-X
75.0	2700089	MN	N.R.H.E.G. SCHOOL DISTRICT
75.0	2510140	MA	ROCHESTER
75.0	2003810	KS	BAXTER SPRINGS
75.0	1711290	IL	CREVE COEUR SD 76
75.0	0507290	AR	HARMONY GROVE SCHOOL DISTRICT
74.8	5516440	WI	WESTFIELD SCHOOL DISTRICT
74.8	3625380	NY	SAG HARBOR UNION FREE SCHOOL DISTRICT
74.8	3607380	NY	CHESTER UNION FREE SCHOOL DISTRICT
74.8	2602070	MI	ALBION PUBLIC SCHOOLS
74.8	2101530	KY	DAYTON INDEPENDENT
74.8	1807890	IN	NORTH MIAMI COMMUNITY SCHOOLS
74.8	1738760	IL	TEUTOPOLIS CUSD 50
74.7	4202190	PA	ALLEGHENY VALLEY SD
74.7	3905074	OH	MOHAWK LOCAL
74.7	3302880	NH	EPPING SCHOOL DISTRICT
74.7	2703570	MN	BAGLEY PUBLIC SCHOOL DISTRICT
74.7	2314530	ME	MSAD 46
74.7	2010410	KS	SANTA FE TRAIL
74.7	1708790	IL	CASS SD 63
74.7	1708250	IL	TRICO CUSD 176
74.7	0506690	AR	CENTERPOINT SCHOOL DISTRICT
74.5	4845150	TX	WEST RUSK ISD
74.5	4844410	TX	WALL ISD
74.5	4823670	TX	HOWE ISD
74.5	4703060	TN	MOORE COUNTY SCHOOL DISTRICT
74.5	4111490	OR	SISTERS SD 6
74.5	3904751	OH	RIVERDALE LOCAL
74.5	3904580	OH	SPENCERVILLE LOCAL
74.5	3904538	OH	GIBSONBURG EXEMPTED VILLAGE
74.5	3606660	NY	CASSADAGA VALLEY CENTRAL SCHOOL DISTRICT
74.5	3417310	NJ	WEEHAWKEN TOWNSHIP
74.5	2623490	MI	MEMPHIS COMMUNITY SCHOOLS
74.5	2314610	ME	MSAD 53
74.5	0614160	CA	FORTUNA UNION ELEMENTARY
74.3	5502130	WI	CAMERON SCHOOL DISTRICT
74.3	4703660	TN	ROGERSVILLE CITY ELEM SCH DIST
74.3	4217580	PA	NORTHERN BEDFORD COUNTY SD
74.3	4111220	OR	SHERIDAN SD 48J
74.3	3904926	OH	TRI-COUNTY NORTH LOCAL
74.3	3629240	NY	OTEGO-UNADILLA CENTRAL SCHOOL DISTRICT
74.3	1811490	IN	TRITON SCHOOL CORPORATION
74.2	5512150	WI	PRAIRIE DU CHIEN AREA SCHOOL DISTRICT
74.2	4824530	TX	JACKSBORO ISD
74.2	3904541	OH	HICKSVILLE EXEMPTED VILLAGE
74.2	2916230	MO	JEFFERSON CO. R-VII
74.2	2733600	MN	ST. JAMES PUBLIC SCHOOL DISTRICT
74.2	2004620	KS	CHAPMAN
74.2	1906930	IA	CENTRAL LEE COMM SCHOOL DISTRICT
74.2	1806060	IN	LOOGOOTEE COMMUNITY SCH CORP
74.2	1803780	IN	FREMONT COMMUNITY SCHOOLS
74.0	5301290	WA	CHIMACUM SCHOOL DISTRICT
74.0	4704170	TN	TROUSDALE COUNTY SCHOOL DIST
74.0	3904858	OH	ST HENRY CONSOLIDATED LOCAL
74.0	3612750	NY	GREENE CENTRAL SCHOOL DISTRICT
74.0	2512390	MA	WEST BOYLSTON
74.0	1730570	IL	PALOS HEIGHTS SD 128
73.8	4815540	TX	CRANE ISD
73.8	4219830	PA	PURCHASE LINE SD
73.8	3904518	OH	ADA EXEMPTED VILLAGE
73.8	3626850	NY	SIDNEY CENTRAL SCHOOL DISTRICT
73.8	0803000	CO	CLEAR CREEK SCHOOL DISTRICT NO. RE-1
73.7	5401080	WV	PENDLETON COUNTY SCHOOLS
73.7	4824600	TX	JARRELL ISD
73.7	3905017	OH	JOSEPH BADGER LOCAL
73.7	2905640	MO	CRAWFORD CO. R-I
73.7	2804380	MS	UNION PUBLIC SCHOOL DIST
73.7	2101410	KY	CUMBERLAND COUNTY
73.7	1602520	ID	OROFINO JOINT DISTRICT
73.5	4832460	TX	NEW DIANA ISD
73.5	3415120	NJ	SOUTH AMBOY
73.5	3414550	NJ	SALEM CITY
73.5	2914400	MO	LAFAYETTE CO. C-1
73.5	2720580	MN	MENAHGA PUBLIC SCHOOL DISTRICT
73.5	2700022	MN	WADENA-DEER CREEK SCHOOL DISTRICT
73.5	2104980	KY	RACELAND INDEPENDENT
73.5	1808120	IN	NORTHEAST DUBOIS CO SCH CORP
73.5	1705430	IL	BEECHER CUSD 200U
73.5	0502610	AR	ATKINS SCHOOL DISTRICT
73.3	5511220	WI	OSSEO-FAIRCHILD SCHOOL DISTRICT
73.3	5007560	VT	SAINT ALBANS CITY SCHOOL DIST
73.3	1720180	IL	IROQUOIS WEST CUSD 10
73.3	0404770	AZ	ALTAR VALLEY ELEMENTARY DISTRICT
73.2	5510530	WI	NEW HOLSTEIN SCHOOL DISTRICT
73.2	5500990	WI	BELLEVILLE SCHOOL DISTRICT
73.2	5401410	WV	TUCKER COUNTY SCHOOLS
73.2	4833690	TX	ONALASKA ISD
73.2	3627750	NY	SPENCER-VAN ETTEN CENTRAL SCHOOL DISTRICT
73.2	3406420	NJ	HAINESPORT TOWNSHIP
73.2	2625800	MI	NORTH MUSKEGON PUBLIC SCHOOLS
73.2	2505040	MA	FREETOWN
73.2	2007350	KS	HOLCOMB
73.2	1802940	IN	EAST GIBSON SCHOOL CORPORATION
73.2	1739090	IL	CUMBERLAND CUSD 77
73.0	5500330	WI	TOMORROW RIVER SCHOOL DISTRICT
73.0	5007600	VT	SAINT ALBANS TOWN SCHOOL DISTRICT
73.0	3417190	NJ	WATCHUNG BOROUGH
73.0	2791450	MN	MESABI EAST SCHOOL DISTRICT
73.0	2505580	MA	HADLEY
73.0	0635010	CA	SAN MIGUEL JOINT UNION
72.8	4215960	PA	MOSHANNON VALLEY SD
72.8	3629940	NY	WARSAW CENTRAL SCHOOL DISTRICT
72.8	3410770	NJ	MORRIS PLAINS
72.8	2714190	MN	HOLDINGFORD PUBLIC SCHOOL DISTRICT
72.8	2619410	MI	IRON MOUNTAIN PUBLIC SCHOOLS
72.8	1704560	IL	ATWOOD HEIGHTS SD 125
72.8	0513350	AR	VALLEY SPRINGS SCHOOL DISTRICT
72.8	0503240	AR	BISMARCK SCHOOL DISTRICT
72.8	0408130	AZ	STANFIELD ELEMENTARY DISTRICT
72.7	4900300	UT	GARFIELD DISTRICT
72.7	4815300	TX	CORRIGAN-CAMDEN ISD
72.7	4018990	OK	MARIETTA
72.7	3904537	OH	GEORGETOWN EXEMPTED VILLAGE
72.7	3628710	NY	TIOGA CENTRAL SCHOOL DISTRICT
72.7	1713500	IL	EDWARDS COUNTY CUSD 1
72.7	0631740	CA	RANCHO SANTA FE ELEMENTARY
72.7	0610320	CA	CURTIS CREEK ELEMENTARY
72.7	0500046	AR	MANILA SCHOOL DISTRICT
72.7	0406440	AZ	PIMA UNIFIED DISTRICT
72.7	0100300	AL	BARBOUR COUNTY
72.5	4026310	OK	ROLAND
72.5	3904890	OH	NOBLE LOCAL
72.5	3403810	NJ	DEMAREST
72.5	0640380	CA	UNION HILL ELEMENTARY
72.3	5307110	WA	RAINIER SCHOOL DISTRICT
72.3	3904951	OH	PAINT VALLEY LOCAL
72.3	3904851	OH	EASTERN LOCAL
72.3	3904533	OH	COVINGTON EXEMPTED VILLAGE
72.3	3623430	NY	PORT BYRON CENTRAL SCHOOL DISTRICT
72.3	3417010	NJ	WASHINGTON BOROUGH
72.3	2930520	MO	TWIN RIVERS R-X
72.2	5509780	WI	MONDOVI SCHOOL DISTRICT
72.2	3904959	OH	BLOOM-VERNON LOCAL
72.2	1802430	IN	COVINGTON COMMUNITY SCH CORP
72.2	1714820	IL	FAIRVIEW SD 72
72.2	1603060	ID	ST MARIES JOINT DISTRICT
72.0	4020310	OK	MORRIS
72.0	3614730	NY	HOOSIC VALLEY CENTRAL SCHOOL DISTRICT
72.0	2918460	MO	LEWIS CO. C-1
72.0	2712360	MN	FRAZEE-VERGAS PUBLIC SCHOOL DIST.
72.0	2510950	MA	SOUTHAMPTON
72.0	2505400	MA	GRANBY
72.0	1739390	IL	TREMONT CUSD 702
71.8	5103780	VA	SUSSEX CO PBLC SCHS
71.8	4100014	OR	VALE SD 84
71.8	3410140	NJ	MIDLAND PARK BOROUGH
71.8	1733950	IL	RIVER BEND CUSD 2
71.8	0806270	CO	ROCKY FORD SCHOOL DISTRICT NO. R2
71.7	4103420	OR	CORBETT SD 39
71.7	3904583	OH	MAPLETON LOCAL
71.7	3627900	NY	SPRINGS UNION FREE SCHOOL DISTRICT
71.7	3178210	NE	WAHOO PUBLIC SCHOOLS
71.7	3105460	NE	COZAD CITY SCHOOLS
71.7	2904890	MO	SCOTT CO. R-IV
71.7	2006300	KS	FRONTENAC PUBLIC SCHOOLS
71.7	1810980	IN	SPRINGS VALLEY COM SCHOOL CORP
71.7	1713920	IL	TRI VALLEY CUSD 3
71.7	0504110	AR	GENOA CENTRAL SCHOOL DISTRICT
71.5	5602370	WY	CROOK COUNTY SCHOOL DISTRICT #1
71.5	5514130	WI	SOUTHERN DOOR COUNTY SCHOOL DISTRICT
71.5	5501710	WI	BRISTOL #1 SCHOOL DISTRICT
71.5	4204710	PA	CALIFORNIA AREA SD
71.5	4015210	OK	HUGO
71.5	3611730	NY	GALWAY CENTRAL SCHOOL DISTRICT
71.5	3600124	NY	CANISTEO-GREENWOOD CSD
71.5	2102670	KY	HAZARD INDEPENDENT
71.5	2008070	KS	KINGMAN - NORWICH
71.5	1732190	IL	PONTIAC-W HOLLIDAY SD 105
71.5	0511370	AR	PIGGOTT SCHOOL DISTRICT
71.3	5605690	WY	SHERIDAN COUNTY SCHOOL DISTRICT #1
71.3	4822830	TX	HEARNE ISD
71.3	4817830	TX	EAST BERNARD ISD
71.3	4218120	PA	OLD FORGE SD
71.3	3904471	OH	ST BERNARD-ELMWOOD PLACE CITY
71.3	3409900	NJ	MENDHAM BOROUGH
71.3	2728320	MN	PIERZ PUBLIC SCHOOL DISTRICT
71.3	2711190	MN	EDEN VALLEY-WATKINS SCHOOL DISTRICT
71.3	2608130	MI	CARSON CITY-CRYSTAL AREA SCHOOLS
71.3	1803570	IN	FLAT ROCK-HAWCREEK SCHOOL CORP
71.2	5605090	WY	PLATTE COUNTY SCHOOL DISTRICT #1
71.2	5100990	VA	COVINGTON CITY PBLC SCHS
71.2	4223970	PA	TUSSEY MOUNTAIN SD
71.2	4215600	PA	MONESSEN CITY SD
71.2	4028710	OK	STILWELL
71.2	3904979	OH	HARDIN-HOUSTON LOCAL
71.2	3904903	OH	WAYNE TRACE LOCAL
71.2	3904759	OH	PATRICK HENRY LOCAL
71.2	3631050	NY	WESTMORELAND CENTRAL SCHOOL DISTRICT
71.2	3008910	MT	DILLON ELEM
71.2	1740830	IL	WARRENSBURG-LATHAM CUSD 11
71.2	1709210	IL	LOCKPORT SD 91
71.2	1305220	GA	TWIGGS COUNTY
71.0	5512390	WI	RANDALL J1 SCHOOL DISTRICT
71.0	4203900	PA	BLUE RIDGE SD
71.0	3904861	OH	BETHEL LOCAL
71.0	3604920	NY	EAST BLOOMFIELD CENTRAL SCHOOL DISTRICT
71.0	3406840	NJ	HARRINGTON PARK
71.0	3104980	NE	CHADRON PUBLIC SCHOOLS
71.0	2903150	MO	ARCADIA VALLEY R-II
71.0	2604170	MI	BATH COMMUNITY SCHOOLS
71.0	2510710	MA	SHERBORN
71.0	2008250	KS	PRAIRIE VIEW
71.0	0903515	CT	REGIONAL SCHOOL DISTRICT 06
71.0	0640680	CA	VALLECITO UNION
71.0	0504890	AR	DANVILLE SCHOOL DISTRICT
70.8	5309510	WA	WARDEN SCHOOL DISTRICT
70.8	4812700	TX	CANADIAN ISD
70.8	4616950	SD	CUSTER SCHOOL DISTRICT 16-1
70.8	4214850	PA	CENTRAL FULTON SD
70.8	4206420	PA	CONEMAUGH TOWNSHIP AREA SD
70.8	3606300	NY	CANAJOHARIE CENTRAL SCHOOL DISTRICT
70.8	2929430	MO	STEELVILLE R-III
70.8	2918480	MO	LEXINGTON R-V
70.8	2507470	MA	MATTAPOISETT
70.8	1931080	IA	WEST MARSHALL COMM SCHOOL DISTRICT
70.8	1926070	IA	SHENANDOAH COMM SCHOOL DISTRICT
70.8	1900021	IA	OKOBOJI COMM SCHOOL DISTRICT
70.8	0600038	CA	MATTOLE UNIFIED
70.8	0509720	AR	MELBOURNE SCHOOL DISTRICT
70.8	0505470	AR	DREW CENTRAL SCHOOL DISTRICT
70.7	5304650	WA	MABTON SCHOOL DISTRICT
70.7	3617130	NY	LETCHWORTH CENTRAL SCHOOL DISTRICT
70.7	1717310	IL	GRANT CCSD 110
70.7	1700123	IL	MERIDIAN CUSD 15
70.7	1602370	ID	NEW PLYMOUTH DISTRICT
70.7	1304350	GA	RANDOLPH COUNTY
70.7	0600026	CA	EL TEJON UNIFIED
70.5	4219560	PA	PORTAGE AREA SD
70.5	3410290	NJ	MILLTOWN
70.5	3175630	NE	SOUTH SARPY DIST 46
70.5	2502280	MA	AYER
70.5	1813200	IN	WHITING SCHOOL CITY
70.5	1704800	IL	AVOCA SD 37
70.3	4704490	TN	WEST CARROLL SPECIAL DISTRICT
70.3	4031140	OK	VIAN
70.3	3409420	NJ	MANASQUAN
70.3	3404350	NJ	EASTAMPTON TOWNSHIP
70.3	2613560	MI	EVART PUBLIC SCHOOLS
70.3	0511340	AR	PERRYVILLE SCHOOL DISTRICT
70.2	3905025	OH	WEATHERSFIELD LOCAL
70.2	3626070	NY	SCHODACK CENTRAL SCHOOL DISTRICT
70.2	3606690	NY	CATO-MERIDIAN CENTRAL SCHOOL DISTRICT
70.2	2636390	MI	WHITTEMORE-PRESCOTT AREA SCHOOLS
70.2	2630780	MI	SAND CREEK COMMUNITY SCHOOLS
70.2	1725500	IL	MEDINAH SD 11
70.2	1602030	ID	MC CALL-DONNELLY DISTRICT
70.0	5513100	WI	ROSENDALE-BRANDON SCHOOL DISTRICT
70.0	5007650	VT	SAINT JOHNSBURY SCHOOL DISTRICT
70.0	4836930	TX	RICARDO ISD
70.0	4702280	TN	LAKE COUNTY SCHOOL DISTRICT
70.0	3611940	NY	GENESEO CENTRAL SCHOOL DISTRICT
70.0	3407320	NJ	HO-HO-KUS
70.0	2919350	MO	WOODLAND R-IV
70.0	2000004	KS	ROCK CREEK
70.0	0624720	CA	MESA UNION ELEMENTARY
69.8	5510350	WI	NEILLSVILLE SCHOOL DISTRICT
69.8	5309150	WA	UNION GAP SCHOOL DISTRICT
69.8	5303330	WA	GRIFFIN SCHOOL DISTRICT
69.8	2914280	MO	GASCONADE CO. R-I
69.8	2909930	MO	BLAIR OAKS R-II
69.8	2621240	MI	LAWTON COMMUNITY SCHOOL DISTRICT
69.8	2503330	MA	CARLISLE
69.8	1809600	IN	RISING SUN-OHIO CO COM
69.8	1700002	IL	CASEY-WESTFIELD CUSD 4C
69.8	0639300	CA	TIPTON ELEMENTARY
69.8	0506630	AR	GLEN ROSE SCHOOL DISTRICT
69.7	5604120	WY	LARAMIE COUNTY SCHOOL DISTRICT #2
69.7	5515210	WI	VALDERS AREA SCHOOL DISTRICT
69.7	3416350	NJ	UNION BEACH BOROUGH
69.7	3305310	NH	NEWPORT SCHOOL DISTRICT
69.7	3171100	NE	GOTHENBURG PUBLIC SCHOOLS
69.7	0627840	CA	OAK GROVE UNION ELEMENTARY
69.7	0508240	AR	JASPER SCHOOL DISTRICT
69.7	0507990	AR	HOXIE SCHOOL DISTRICT
69.7	0500067	AR	CLEVELAND COUNTY SCHOOL DIST.
69.5	5300690	WA	BREWSTER SCHOOL DISTRICT
69.5	4834800	TX	PEWITT CISD
69.5	4817100	TX	DILLEY ISD
69.5	3412090	NJ	OCEAN TOWNSHIP
69.5	3302010	NH	BRENTWOOD SCHOOL DISTRICT
69.5	2914840	MO	HOUSTON R-I
69.5	2618510	MI	HOLTON PUBLIC SCHOOLS
69.5	1602490	ID	ONEIDA COUNTY DISTRICT
69.5	0900240	CT	BETHANY SCHOOL DISTRICT
69.3	3900537	OH	MANCHESTER LOCAL
69.3	3619800	NY	MORAVIA CENTRAL SCHOOL DISTRICT
69.3	3600001	NY	DOLGEVILLE CENTRAL SCHOOL DISTRICT
69.3	3408880	NJ	LOGAN TOWNSHIP
69.3	3017130	MT	LOLO ELEM
69.3	2916380	MO	CLARK CO. R-I
69.3	2802610	MS	LELAND SCHOOL DIST
69.3	2708220	MN	CHATFIELD PUBLIC SCHOOLS
69.3	2617700	MI	HARBOR SPRINGS SCHOOL DISTRICT
69.3	2006960	KS	HAVEN PUBLIC SCHOOLS
69.2	4843950	TX	VAN VLECK ISD
69.2	4839570	TX	SCURRY-ROSSER ISD
69.2	4113080	OR	WARRENTON-HAMMOND SD 30
69.2	4103990	OR	DAYTON SD 8
69.2	3623640	NY	PORTVILLE CENTRAL SCHOOL DISTRICT
69.2	3618750	NY	MAYFIELD CENTRAL SCHOOL DISTRICT
69.2	2507990	MA	MOHAWK TRAIL
69.2	2006580	KS	GOODLAND
69.2	1927870	IA	TIPTON COMM SCHOOL DISTRICT
69.2	0503710	AR	BUFFALO IS. CENTRAL SCH. DIST.
69.0	4100019	OR	HARRISBURG SD 7J
69.0	3613020	NY	GROTON CENTRAL SCHOOL DISTRICT
69.0	2713560	MN	HAWLEY PUBLIC SCHOOL DISTRICT
69.0	2628200	MI	PINE RIVER AREA SCHOOLS
69.0	1920340	IA	NEW HAMPTON COMM SCHOOL DISTRICT
69.0	1601980	ID	MARSING JOINT DISTRICT
69.0	0901170	CT	EAST GRANBY SCHOOL DISTRICT
68.8	5005700	VT	MONTPELIER SCHOOL DISTRICT
68.8	4502370	SC	GREENWOOD 51
68.8	4007380	OK	CHELSEA
68.8	3904548	OH	MECHANICSBURG EXEMPTED VILLAGE
68.8	2900001	MO	MARIES CO. R-II
68.8	2719320	MN	MEDFORD PUBLIC SCHOOL DISTRICT
68.8	1925980	IA	SHELDON COMM SCHOOL DISTRICT
68.8	1719960	IL	ILLINI BLUFFS CUSD 327
68.8	0611730	CA	DURHAM UNIFIED
68.7	5502910	WI	CRANDON SCHOOL DISTRICT
68.7	5501740	WI	BRODHEAD SCHOOL DISTRICT
68.7	4822980	TX	HENRIETTA ISD
68.7	4814550	TX	COLEMAN ISD
68.7	4809300	TX	BALLINGER ISD
68.7	2706060	MN	BRAHAM PUBLIC SCHOOL DISTRICT
68.7	2622860	MI	MARLETTE COMMUNITY SCHOOLS
68.7	2310980	ME	MSAD 23
68.7	1718870	IL	HEYWORTH CUSD 4
68.7	1703990	IL	ARGENTA-OREANA CUSD 1
68.5	3904545	OH	LISBON EXEMPTED VILLAGE
68.5	1803180	IN	RANDOLPH EASTERN SCHOOL CORP
68.5	0509480	AR	SEARCY COUNTY SCHOOL DISTRICT
68.3	5103750	VA	SURRY CO PBLC SCHS
68.3	2917970	MO	LATHROP R-II
68.3	2800930	MS	CARROLL COUNTY SCHOOL DIST
68.3	0200100	AK	DELTA/GREELY SCHOOL DISTRICT
68.2	3904656	OH	INDEPENDENCE LOCAL
68.2	3904604	OH	FAYETTEVILLE-PERRY LOCAL
68.2	3502670	NM	TULAROSA MUNICIPAL SCHOOLS
68.2	2803420	MS	OKTIBBEHA COUNTY SCHOOL DISTRICT
68.2	2314470	ME	MSAD 63
68.2	1921840	IA	OSAGE COMM SCHOOL DISTRICT
68.2	1804800	IN	JAC-CEN-DEL COMMUNITY SCH CORP
68.2	1728920	IL	N PEKIN & MARQUETTE HGHT SD 102
68.0	5306060	WA	OCEAN BEACH SCHOOL DISTRICT
68.0	5303990	WA	KETTLE FALLS SCHOOL DISTRICT
68.0	5000008	VT	DUXBURY/WATERBURY UNION #45
68.0	3910031	OH	MARION LOCAL
68.0	3905071	OH	NORTHWOOD LOCAL
68.0	3905003	OH	MOGADORE LOCAL
68.0	3904970	OH	HOPEWELL-LOUDON LOCAL
68.0	3904915	OH	WESTERN LOCAL
68.0	3904814	OH	COLUMBIA LOCAL
68.0	3629130	NY	TULLY CENTRAL SCHOOL DISTRICT
68.0	2801380	MS	EAST JASPER CONSOLIDATED SCH DIST
68.0	2732520	MN	ROYALTON PUBLIC SCHOOL DISTRICT
68.0	2311670	ME	MSAD 44
67.8	5302910	WA	FINLEY SCHOOL DISTRICT
67.8	5103210	VA	RAPPAHANNOCK CO PBLC SCHS
67.8	4110680	OR	ROGUE RIVER SD 35
67.8	3905054	OH	DALTON LOCAL
67.8	3303900	NH	HOPKINTON SCHOOL DISTRICT
67.8	2618810	MI	HUDSON AREA SCHOOLS
67.8	2009320	KS	ROYAL VALLEY
67.8	1807470	IN	M S D OF NEW DURHAM TOWNSHIP
67.8	0506210	AR	FORDYCE SCHOOL DISTRICT
67.7	4841010	TX	SPEARMAN ISD
67.7	4219530	PA	PORT ALLEGANY SD
67.7	4218780	PA	PENNS MANOR AREA SD
67.7	3621260	NY	NORTHERN ADIRONDACK CENTRAL SCHOOL DISTRICT
67.7	3402310	NJ	BRIELLE BOROUGH
67.7	2732550	MN	RUSH CITY PUBLIC SCHOOL DISTRICT
67.7	2607040	MI	BROWN CITY COMMUNITY SCHOOLS
67.7	2306510	ME	HERMON SCHOOL DEPARTMENT
67.7	1714710	IL	FAIRFIELD PSD 112
67.5	4818120	TX	EDGEWOOD ISD
67.5	4502460	SC	HAMPTON 02
67.5	3608340	NY	PEMBROKE CENTRAL SCHOOL DISTRICT
67.5	2629160	MI	POTTERVILLE PUBLIC SCHOOLS
67.5	0609480	CA	COLUMBIA UNION
67.3	4833840	TX	ORE CITY ISD
67.3	4215150	PA	MEYERSDALE AREA SD
67.3	4213290	PA	HOMER-CENTER SD
67.3	4031710	OK	WASHINGTON
67.3	3904594	OH	MINSTER LOCAL
67.3	3904578	OH	PERRY LOCAL
67.3	3402520	NJ	BUTLER
67.3	3401860	NJ	BLOOMINGDALE
67.3	3301590	NH	AUBURN SCHOOL DISTRICT
67.3	2008370	KS	FT LARNED
67.3	1700217	IL	CHRISTOPHER USD 99
67.2	5308520	WA	STEVENSON-CARSON SCHOOL DISTRICT
67.2	4810320	TX	BLANCO ISD
67.2	4220310	PA	RIDGWAY AREA SD
67.2	3904716	OH	BERKSHIRE LOCAL
67.2	3904503	OH	WELLSVILLE LOCAL
67.2	3414250	NJ	ROSELAND
67.2	3406330	NJ	HADDON HEIGHTS
67.2	1907350	IA	CLARINDA COMM SCHOOL DISTRICT
67.0	5503090	WI	CUMBERLAND SCHOOL DISTRICT
67.0	4002460	OK	ADAIR
67.0	3621810	NY	ONONDAGA CENTRAL SCHOOL DISTRICT
67.0	2105940	KY	WILLIAMSTOWN INDEPENDENT
67.0	2000002	KS	SMOKY VALLEY
67.0	1736570	IL	SOMONAUK CUSD 432
67.0	1603000	ID	SODA SPRINGS JOINT DISTRICT
66.8	4501050	SC	BARNWELL 29
66.8	4002880	OK	ALVA
66.8	3904685	OH	BERNE UNION LOCAL
66.8	3616470	NY	LAKE GEORGE CENTRAL SCHOOL DISTRICT
66.8	2101590	KY	EAST BERNSTADT INDEPENDENT
66.7	5514430	WI	STANLEY-BOYD AREA SCHOOL DISTRICT
66.7	3905022	OH	MCDONALD LOCAL
66.7	2900002	MO	SOUTH HARRISON CO. R-II
66.7	2311400	ME	MSAD 36
66.7	2311100	ME	MSAD 27
66.7	2000006	KS	HIAWATHA
66.7	0904980	CT	WESTBROOK SCHOOL DISTRICT
66.7	0802640	CO	BUENA VISTA SCHOOL DISTRICT NO. R-31
66.7	0406870	AZ	RED MESA UNIFIED DISTRICT
66.5	5502100	WI	CAMBRIDGE SCHOOL DISTRICT
66.5	3608250	NY	COOPERSTOWN CENTRAL SCHOOL DISTRICT
66.5	3406780	NJ	HARDYSTON TOWNSHIP
66.5	2915450	MO	SCOTT CITY R-I
66.5	2510200	MA	ROCKPORT
66.5	1731050	IL	PECATONICA CUSD 321
66.5	1700009	IL	PINCKNEYVILLE SD 50
66.3	5507410	WI	KEWAUNEE SCHOOL DISTRICT
66.3	5505130	WI	GENOA CITY J2 SCHOOL DISTRICT
66.3	5303090	WA	GOLDENDALE SCHOOL DISTRICT
66.3	4206120	PA	CLAYSBURG-KIMMEL SD
66.3	4032790	OK	WILBURTON
66.3	4019200	OK	MARYETTA
66.3	3170440	NE	FAIRBURY PUBLIC SCHOOLS
66.3	2703660	MN	BARNESVILLE PUBLIC SCHOOL DIST.
66.3	2625350	MI	TAHQUAMENON AREA SCHOOLS
66.3	2611670	MI	DECATUR PUBLIC SCHOOLS
66.2	4827330	TX	LEXINGTON ISD
66.2	4206930	PA	COUDERSPORT AREA SD
66.2	4113350	OR	WILLAMINA SD 30J
66.2	3407950	NJ	KEYPORT
66.2	2730150	MN	RANDOLPH PUBLIC SCHOOL DISTRICT
66.2	2606840	MI	BRIDGMAN PUBLIC SCHOOLS
66.2	2012870	KS	WELLSVILLE
66.2	1730510	IL	CCSD 180
66.0	4021780	OK	CHISHOLM
66.0	4007670	OK	CHOUTEAU-MAZIE
66.0	2928710	MO	SOUTHWEST R-V
66.0	2718810	MN	MAPLE LAKE PUBLIC SCHOOL DISTRICT
66.0	2700109	MN	LONG PRAIRIE-GREY EAGLE SCHOOL DIST
66.0	2604020	MI	BARK RIVER-HARRIS SCHOOL DISTRICT
66.0	2601920	MI	ADDISON COMMUNITY SCHOOLS
66.0	1809360	IN	WEST CENTRAL SCHOOL CORP
66.0	0513230	AR	JACKSON CO. SCHOOL DISTRICT
65.8	5509240	WI	SWALLOW SCHOOL DISTRICT
65.8	4813680	TX	CHAPEL HILL ISD
65.8	4600053	SD	SISSETON SCHOOL DISTRICT 54-2
65.8	4222710	PA	SAINT CLAIR AREA SD
65.8	3411070	NJ	MULLICA TOWNSHIP
65.8	3401170	NJ	BARRINGTON BOROUGH
65.8	2502850	MA	BOXBOROUGH
65.8	1803240	IN	EDINBURGH COMMUNITY SCH CORP
65.8	1709810	IL	CHESTER CUSD 139
65.8	0602760	CA	ANTELOPE ELEMENTARY
65.7	5100390	VA	BLAND CO PBLC SCHS
65.7	4825230	TX	KEENE ISD
65.7	4810500	TX	BLOOMINGTON ISD
65.7	3904592	OH	TRIMBLE LOCAL
65.7	2632910	MI	WEST IRON COUNTY PUBLIC SCHOOLS
65.7	1810900	IN	SOUTHWEST PARKE COM SCH CORP
65.7	0101980	AL	LANETT CITY
65.5	4840800	TX	SONORA ISD
65.5	4612000	SD	CHAMBERLAIN SCHOOL DISTRICT 07-1
65.5	4106710	OR	JEFFERSON SD 14J
65.5	3910022	OH	LINCOLNVIEW LOCAL
65.5	3904978	OH	FORT LORAMIE LOCAL
65.5	3632010	NY	CUBA-RUSHFORD CENTRAL SCHOOL DISTRICT
65.5	3606180	NY	CALEDONIA-MUMFORD CENTRAL SCHOOL DISTRICT
65.5	2625290	MI	NEW LOTHROP AREA PUBLIC SCHOOLS
65.5	1739930	IL	UNITY POINT CCSD 140
65.5	1700319	IL	WEST CENTRAL CUSD 235
65.5	0625190	CA	MODOC JOINT UNIFIED
65.5	0615690	CA	GRANT ELEMENTARY
65.5	0507920	AR	JESSIEVILLE SCHOOL DISTRICT
65.3	5511070	WI	OOSTBURG SCHOOL DISTRICT
65.3	4824120	TX	IDALOU ISD
65.3	4501890	SC	DILLON 01
65.3	3631020	NY	WESTHAMPTON BEACH UNION FREE SCHOOL DISTRICT
65.3	3629250	NY	UNION SPRINGS CENTRAL SCHOOL DISTRICT
65.3	3616410	NY	LAFAYETTE CENTRAL SCHOOL DISTRICT
65.3	1707010	IL	BREESE SD 12
65.3	0504080	AR	CEDARVILLE SCHOOL DISTRICT
65.2	4618120	SD	DELL RAPIDS SCHOOL DISTRICT 49-3
65.2	3905035	OH	CRESTVIEW LOCAL
65.2	3904595	OH	NEW BREMEN LOCAL
65.0	4837200	TX	RIO VISTA ISD
65.0	4832640	TX	NEW WAVERLY ISD
65.0	4828020	TX	LONE OAK ISD
65.0	4223700	PA	TRI-VALLEY SD
65.0	3904991	OH	OSNABURG LOCAL
65.0	2910800	MO	DIAMOND R-IV
65.0	2703690	MN	BARNUM PUBLIC SCHOOL DISTRICT
65.0	2504080	MA	DEERFIELD
65.0	2011310	KS	RUSSELL COUNTY
65.0	2004290	KS	BURLINGTON
65.0	1810470	IN	SOUTH NEWTON SCHOOL CORP
65.0	0625500	CA	MONTECITO UNION ELEMENTARY
65.0	0508730	AR	LAVACA SCHOOL DISTRICT
65.0	0404570	AZ	MAMMOTH-SAN MANUEL UNIFIED DISTRICT
64.8	4206430	PA	CONEMAUGH VALLEY SD
64.8	3904946	OH	PLYMOUTH-SHILOH LOCAL
64.8	3024200	MT	SIDNEY ELEM
64.8	2622500	MI	MANTON CONSOLIDATED SCHOOLS
64.8	2007170	KS	HESSTON
64.8	1931020	IA	WEST LYON COMM SCHOOL DISTRICT
64.7	5102760	VA	NORTON CITY PBLC SCHS
64.7	4836960	TX	RICE ISD
64.7	4835560	TX	HIGHLAND PARK ISD
64.7	4811460	TX	BROCK ISD
64.7	4700210	TN	BELLS CITY SCHOOL DISTRICT
64.7	2630840	MI	SANDUSKY COMMUNITY SCHOOL DISTRICT
64.7	1602850	ID	SALMON DISTRICT
64.7	0600015	CA	LUCERNE VALLEY UNIFIED
64.7	0509330	AR	MANSFIELD SCHOOL DISTRICT
64.5	5513260	WI	SAINT FRANCIS SCHOOL DISTRICT
64.5	4811990	TX	BUFFALO ISD
64.5	3904900	OH	TWIN VALLEY COMMUNITY LOCAL
64.5	3630060	NY	WATERFORD-HALFMOON UNION FREE SCHOOL DISTRICT
64.5	3604650	NY	BERNE-KNOX-WESTERLO CENTRAL SCHOOL DISTRICT
64.5	3411850	NJ	NORWOOD
64.5	3011100	MT	FLORENCE-CARLTON K-12 SCHLS
64.5	2507290	MA	MARION
64.5	1733840	IL	RIVER GROVE SD 85-5
64.5	1727990	IL	NEW BERLIN CUSD 16
64.5	0500012	AR	RIVERSIDE SCHOOL DISTRICT
64.3	4819320	TX	FLORENCE ISD
64.3	4501740	SC	CLARENDON 01
64.3	3904773	OH	SOUTH CENTRAL LOCAL
64.3	3904644	OH	SOUTHERN LOCAL
64.3	3624270	NY	MANCHESTER-SHORTSVILLE CENTRAL SCHOOL DISTRICT (RED JACKET)
64.3	3618540	NY	MARION CENTRAL SCHOOL DISTRICT
64.3	3614550	NY	HOLLAND CENTRAL SCHOOL DISTRICT
64.3	2702910	MN	WALKER-HACKENSACK-AKELEY SCHL. DIST
64.3	2608670	MI	CENTREVILLE PUBLIC SCHOOLS
64.2	3100034	NE	ASHLAND-GREENWOOD PUBLIC SCHS
64.2	0623130	CA	LUTHER BURBANK
64.0	4836570	TX	REAGAN COUNTY ISD
64.0	4013950	OK	HASKELL
64.0	3613230	NY	HALDANE CENTRAL SCHOOL DISTRICT
64.0	3606210	NY	CAMBRIDGE CENTRAL SCHOOL DISTRICT
64.0	3407380	NJ	HOLLAND TOWNSHIP
64.0	2728350	MN	PILLAGER PUBLIC SCHOOL DISTRICT
64.0	2004740	KS	CHERRYVALE
64.0	2000017	KS	SCOTT COUNTY
64.0	1810110	IN	M S D SHAKAMAK SCHOOLS
64.0	1802190	IN	SOUTH CENTRAL COM SCHOOL CORP
64.0	0514160	AR	WICKES SCHOOL DISTRICT
63.8	5401590	WV	WIRT COUNTY SCHOOLS
63.8	4823400	TX	HOLLIDAY ISD
63.8	3613710	NY	HARPURSVILLE CENTRAL SCHOOL DISTRICT
63.8	3025020	MT	STEVENSVILLE ELEM
63.8	2927870	MO	SENATH-HORNERSVILLE C-8
63.7	5510500	WI	NEW GLARUS SCHOOL DISTRICT
63.7	4222980	PA	SUSQUEHANNA COMMUNITY SD
63.7	4018630	OK	LUTHER
63.7	3904651	OH	COLONEL CRAWFORD LOCAL
63.7	2710140	MN	DEER RIVER PUBLIC SCHOOL DISTRICT
63.7	2314560	ME	MSAD 59
63.7	1900040	IA	EAST MARSHALL COMM SCHOOL DISTRICT
63.7	0806750	CO	STRASBURG SCHOOL DISTRICT 31J
63.7	0607020	CA	CALISTOGA JOINT UNIFIED
63.5	3813920	ND	NEW TOWN 1
63.5	3178520	NE	WAYNE COMMUNITY SCHOOLS
63.5	2804650	MS	WEST TALLAHATCHIE SCHOOL DISTRICT
63.5	2611400	MI	DANSVILLE SCHOOLS
63.3	5514580	WI	STRATFORD SCHOOL DISTRICT
63.3	5500600	WI	AUBURNDALE SCHOOL DISTRICT
63.3	4822890	TX	HEMPHILL ISD
63.3	4215360	PA	MILLERSBURG AREA SD
63.3	3905021	OH	MAPLEWOOD LOCAL
63.3	3412120	NJ	OCEANPORT BOROUGH
63.3	3012420	MT	GLASGOW K-12 SCHOOLS
63.3	2728170	MN	PELICAN RAPIDS PUBLIC SCHOOL DIST.
63.3	2617550	MI	HANCOCK PUBLIC SCHOOLS
63.3	2613090	MI	ELKTON-PIGEON-BAY PORT LAKER SCHOOLS
63.3	2102520	KY	HARLAN INDEPENDENT
63.2	5502040	WI	CADOTT COMMUNITY SCHOOL DISTRICT
63.2	4800012	TX	CHISUM ISD
63.2	4023580	OK	PAWHUSKA
63.2	3905015	OH	MATHEWS LOCAL
63.2	3602580	NY	ALEXANDER CENTRAL SCHOOL DISTRICT
63.2	3417490	NJ	WEST LONG BRANCH
63.2	3403540	NJ	CRANBURY TOWNSHIP
63.2	3200270	NV	LINCOLN COUNTY SCHOOL DISTRICT
63.0	5301350	WA	CLE ELUM-ROSLYN SCHOOL DISTRICT
63.0	4102490	OR	HARNEY COUNTY SD 3
63.0	4030060	OK	TISHOMINGO
63.0	3904600	OH	SHADYSIDE LOCAL
63.0	3619590	NY	MOHAWK CENTRAL SCHOOL DISTRICT
63.0	2630960	MI	SAUGATUCK PUBLIC SCHOOLS
63.0	1919440	IA	MISSOURI VALLEY COMM SCHOOL DISTRICT
63.0	1742240	IL	NORTH GREENE CUSD 3
63.0	0635070	CA	SAN PASQUAL VALLEY UNIFIED
63.0	0506150	AR	FLIPPIN SCHOOL DISTRICT
62.8	4221690	PA	SMETHPORT AREA SD
62.8	3302250	NH	CHESTER SCHOOL DISTRICT
62.8	2704470	MN	BENSON PUBLIC SCHOOL DISTRICT
62.8	1800210	IN	ATTICA CONSOLIDATED SCH CORP
62.7	4215660	PA	MONTGOMERY AREA SD
62.7	3028590	MT	WOLF POINT ELEM
62.7	3021240	MT	POPLAR ELEM
62.7	2910320	MO	SHERWOOD CASS R-VIII
62.7	1808130	IN	NORTH WHITE SCHOOL CORP
62.7	0626760	CA	NEEDLES UNIFIED
62.5	4839150	TX	SANFORD-FRITCH ISD
62.5	4815690	TX	CROCKETT COUNTY CONSOLIDATED CSD
62.5	4029070	OK	STROUD
62.5	3622770	NY	PERRY CENTRAL SCHOOL DISTRICT
62.5	3611370	NY	FORT PLAIN CENTRAL SCHOOL DISTRICT
62.5	3604620	NY	BERLIN CENTRAL SCHOOL DISTRICT
62.5	2907380	MO	CARROLLTON R-VII
62.5	2630360	MI	RUDYARD AREA SCHOOLS
62.5	2314761	ME	MSAD 68
62.5	1914670	IA	INTERSTATE 35 COMM SCHOOL DISTRICT
62.5	1700321	IL	UNITED CUSD 304
62.3	4003360	OK	ATOKA
62.3	3630420	NY	WEEDSPORT CENTRAL SCHOOL DISTRICT
62.3	3629910	NY	WARRENSBURG CENTRAL SCHOOL DISTRICT
62.3	2927930	MO	SEYMOUR R-II
62.3	2009510	KS	JEFFERSON WEST
62.3	1808040	IN	NORTHERN COM SCH TIPTON CO
62.3	0622950	CA	LOST HILLS UNION ELEMENTARY
62.3	0615840	CA	GRAVENSTEIN UNION ELEMENTARY
62.2	4844670	TX	WASKOM ISD
62.2	4610560	SD	CANTON SCHOOL DISTRICT 41-1
62.2	4503000	SC	MCCORMICK 01
62.2	4217460	PA	NORTHEAST BRADFORD SD
62.2	4030870	OK	VALLIANT
62.2	3624090	NY	RANDOLPH CENTRAL SCHOOL DISTRICT
62.2	3600020	NY	CAMPBELL-SAVONA CENTRAL SCHOOL DISTRICT
62.2	2619170	MI	INLAND LAKES SCHOOLS
62.0	5502730	WI	COLBY SCHOOL DISTRICT
62.0	4842810	TX	TIDEHAVEN ISD
62.0	4819820	TX	FREER ISD
62.0	4206090	PA	CLARION-LIMESTONE AREA SD
62.0	4024630	OK	POCOLA
62.0	3607860	NY	CLYDE-SAVANNAH CENTRAL SCHOOL DISTRICT
62.0	2608430	MI	CASSOPOLIS PUBLIC SCHOOLS
62.0	2004410	KS	CANEY VALLEY
62.0	2003390	KS	ANTHONY-HARPER
62.0	0631050	CA	PLEASANT VIEW ELEMENTARY
61.8	5508760	WI	MARKESAN SCHOOL DISTRICT
61.8	5300720	WA	BRIDGEPORT SCHOOL DISTRICT
61.8	4209690	PA	FARRELL AREA SD
61.8	4008490	OK	COMMERCE
61.8	3904655	OH	CUYAHOGA HEIGHTS LOCAL
61.8	3624210	NY	RED CREEK CENTRAL SCHOOL DISTRICT
61.8	3621510	NY	OAKFIELD-ALABAMA CENTRAL SCHOOL DISTRICT
61.8	2928740	MO	SPARTA R-III
61.8	2800540	MS	BALDWYN SCHOOL DISTRICT
61.8	2612960	MI	MONTABELLA COMMUNITY SCHOOLS
61.8	2006360	KS	GALENA
61.8	1807020	IN	COWAN COMMUNITY SCHOOL CORP
61.7	5604830	WY	WESTON COUNTY SCHOOL DISTRICT #1
61.7	5501680	WI	BRILLION SCHOOL DISTRICT
61.7	5005790	VT	MORRISTOWN SCHOOL DISTRICT
61.7	4014700	OK	HOBART
61.7	3904931	OH	COLUMBUS GROVE LOCAL
61.7	3400900	NJ	ANDOVER REGIONAL
61.7	2700106	MN	A.C.G.C.
61.7	2610650	MI	CONCORD COMMUNITY SCHOOLS
61.7	2010620	KS	PERRY PUBLIC SCHOOLS
61.7	1742900	IL	WINTHROP HARBOR SD 1
61.5	5506660	WI	HOWARDS GROVE SCHOOL DISTRICT
61.5	4832790	TX	NOCONA ISD
61.5	3904525	OH	CALDWELL EXEMPTED VILLAGE
61.5	2634440	MI	UNIONVILLE-SEBEWAING AREA S.D.
61.5	1733390	IL	RHODES SD 84-5
61.5	1732830	IL	PROPHETSTOWN-LYNDON-TAMPICO CUSD3
61.5	1705466	IL	MARSEILLES ESD 150
61.5	0804770	CO	IGNACIO SCHOOL DISTRICT NO. 11JT
61.3	4819440	TX	FLOYDADA ISD
61.3	3904796	OH	SYMMES VALLEY LOCAL
61.3	3630160	NY	WATERVILLE CENTRAL SCHOOL DISTRICT
61.3	3618030	NY	LYONS CENTRAL SCHOOL DISTRICT
61.3	3604200	NY	BEAVER RIVER CENTRAL SCHOOL DISTRICT
61.3	3000002	MT	SOMERS ELEM
61.3	2925350	MO	PLEASANT HOPE R-VI
61.3	1736360	IL	SILVIS SD 34
61.3	1711610	IL	DAKOTA CUSD 201
61.3	0500079	AR	TWO RIVERS SCHOOL DISTRICT
61.2	5505670	WI	GRANTSBURG SCHOOL DISTRICT
61.2	5307650	WA	SAN JUAN ISLAND SCHOOL DISTRICT
61.2	4630800	SD	HAMLIN SCHOOL DISTRICT 28-3
61.2	3904668	OH	TRI-VILLAGE LOCAL
61.2	3626100	NY	SCHOHARIE CENTRAL SCHOOL DISTRICT
61.2	3600019	NY	UNADILLA VALLEY CENTRAL SCHOOL DISTRICT
61.2	2913800	MO	HAYTI R-II
61.2	2910110	MO	LACLEDE CO. R-I
61.2	1804500	IN	WES-DEL COMMUNITY SCHOOLS
61.2	0806870	CO	TELLURIDE SCHOOL DISTRICT NO. R-1
61.0	4841430	TX	STANTON ISD
61.0	4822120	TX	HALLETTSVILLE ISD
61.0	4012150	OK	FREDERICK
61.0	3904659	OH	RICHMOND HEIGHTS LOCAL
61.0	3609900	NY	EAST QUOGUE UNION FREE SCHOOL DISTRICT
61.0	3403840	NJ	DENNIS TOWNSHIP
61.0	3402790	NJ	CARLSTADT
61.0	2918600	MO	LICKING R-VIII
61.0	2713590	MN	HAYFIELD PUBLIC SCHOOL DISTRICT
61.0	2616050	MI	GOBLES PUBLIC SCHOOL DISTRICT
61.0	2201710	LA	TENSAS PARISH
61.0	1912330	IA	GARNER-HAYFIELD COMM SCHOOL DISTRICT
61.0	1708220	IL	CENTRAL CUSD 3
61.0	0633330	CA	ROHNERVILLE ELEMENTARY
60.8	5302970	WA	FREEMAN SCHOOL DISTRICT
60.8	4844470	TX	BRAZOS ISD
60.8	4501020	SC	BARNWELL 19
60.8	4210830	PA	GLENDALE SD
60.8	4101230	OR	AMITY SD 4J
60.8	4022350	OK	OAKDALE
60.8	3808060	ND	GRAFTON 3
60.8	3611610	NY	FREWSBURG CENTRAL SCHOOL DISTRICT
60.8	3609360	NY	DUANESBURG CENTRAL SCHOOL DISTRICT
60.8	3407770	NJ	JAMESBURG
60.8	3405340	NJ	FRANKFORD TOWNSHIP
60.8	3100011	NE	BROKEN BOW PUBLIC SCHOOLS
60.8	2313970	ME	WINTHROP PUBLIC SCHOOLS
60.8	2005010	KS	COLBY PUBLIC SCHOOLS
60.8	0402250	AZ	CONTINENTAL ELEMENTARY DISTRICT
60.7	5004140	VT	GEORGIA SCHOOL DISTRICT
60.7	4222290	PA	SOUTHERN FULTON SD
60.7	4109870	OR	PLEASANT HILL SD 1
60.7	4004470	OK	BISHOP
60.7	3904912	OH	EASTERN LOCAL
60.7	3619260	NY	MIDDLEBURGH CENTRAL SCHOOL DISTRICT
60.7	2717100	MN	KENYON-WANAMINGO SCHOOL DISTRICT
60.7	2708910	MN	CHISHOLM PUBLIC SCHOOL DISTRICT
60.7	2619890	MI	JOHANNESBURG-LEWISTON AREA SCHOOLS
60.7	1732960	IL	PUTNAM COUNTY CUSD 535
60.7	0408080	AZ	ST JOHNS UNIFIED DISTRICT
60.5	5604500	WY	UINTA COUNTY SCHOOL DISTRICT #4
60.5	4809780	TX	BELLS ISD
60.5	4807650	TX	ALBA-GOLDEN ISD
60.5	4213470	PA	LEECHBURG AREA SD
60.5	3625320	NY	FLORIDA UNION FREE SCHOOL DISTRICT
60.5	3620790	NY	NEWFIELD CENTRAL SCHOOL DISTRICT
60.5	0629670	CA	PALO VERDE UNION ELEMENTARY
60.5	0504200	AR	CHARLESTON SCHOOL DISTRICT
60.3	5400330	WV	GILMER COUNTY SCHOOLS
60.3	4838760	TX	SAN AUGUSTINE ISD
60.3	4203420	PA	BERLIN BROTHERSVALLEY SD
60.3	3405040	NJ	FAIRFIELD TOWNSHIP
60.3	2911400	MO	ELSBERRY R-II
60.3	2728970	MN	PINE RIVER-BACKUS SCHOOL DISTRICT
60.3	1800008	IN	WHITE RIVER VALLEY SCH DIST
60.3	1706390	IL	BISMARCK HENNING CUSD
60.3	0643170	CA	WOODVILLE UNION ELEMENTARY
60.3	0405640	AZ	ORACLE ELEMENTARY DISTRICT
60.2	5502790	WI	COLFAX SCHOOL DISTRICT
60.2	4675420	SD	WAGNER COMMUNITY SCHOOL DISTRICT 11-4
60.2	4644940	SD	TRI-VALLEY SCHOOL DISTRICT 49-6
60.2	4215450	PA	MILLVILLE AREA SD
60.2	4206030	PA	CLAIRTON CITY SD
60.2	3417940	NJ	WILDWOOD CITY
60.2	3412390	NJ	PALMYRA BOROUGH
60.2	3174760	NE	OGALLALA PUBLIC SCHOOLS
60.2	2006840	KS	HALSTEAD
60.2	1927960	IA	TREYNOR COMM SCHOOL DISTRICT
60.2	1736210	IL	SHILOH VILLAGE SD 85
60.2	0635040	CA	SAN PASQUAL UNION ELEMENTARY
60.2	0606060	CA	BRISBANE ELEMENTARY
60.2	0602220	CA	ALTA VISTA ELEMENTARY
60.2	0601680	CA	ACKERMAN ELEMENTARY
60.2	0507860	AR	HORATIO SCHOOL DISTRICT
60.0	5501500	WI	BOSCOBEL AREA SCHOOL DISTRICT
60.0	5306300	WA	ORCAS ISLAND SCHOOL DISTRICT
60.0	3904906	OH	SOUTHERN LOCAL
60.0	3603810	NY	BAINBRIDGE-GUILFORD CENTRAL SCHOOL DISTRICT
60.0	3170530	NE	FALLS CITY PUBLIC SCHOOLS
60.0	2913380	MO	GREENVILLE R-II
60.0	2629520	MI	REESE PUBLIC SCHOOLS
60.0	2105220	KY	SCIENCE HILL INDEPENDENT
60.0	1733300	IL	RED BUD CUSD 132
60.0	1720970	IL	KENILWORTH SD 38
60.0	0637350	CA	SOUTH BAY UNION ELEMENTARY
60.0	0612630	CA	EMERY UNIFIED
59.8	5509070	WI	MENOMINEE INDIAN SCHOOL DISTRICT
59.8	4823490	TX	HOOKS ISD
59.8	4814490	TX	COAHOMA ISD
59.8	4211190	PA	GREENWOOD SD
59.8	3603960	NY	BARKER CENTRAL SCHOOL DISTRICT
59.8	1929760	IA	WAPSIE VALLEY COMM SCHOOL DISTRICT
59.8	1927500	IA	WEST CENTRAL VALLEY COMM SCHOOL DISTRICT
59.8	1904950	IA	EDDYVILLE-BLAKESBURG COMM SCHOOL DISTRICT
59.8	0406740	AZ	SANDERS UNIFIED DISTRICT
59.7	4808430	TX	ANTHONY ISD
59.7	4026730	OK	SALINA
59.7	3500930	NM	ESTANCIA MUNICIPAL SCHOOLS
59.7	2803390	MS	OKOLONA SEPARATE SCHOOL DIST
59.7	2629400	MI	READING COMMUNITY SCHOOLS
59.7	1808490	IN	ORLEANS COMMUNITY SCHOOLS
59.7	1305460	GA	WARREN COUNTY
59.7	0512510	AR	SMACKOVER SCHOOL DISTRICT
59.5	4839960	TX	SHELBYVILLE ISD
59.5	4827210	TX	LEONARD ISD
59.5	3904491	OH	TORONTO CITY
59.5	3613110	NY	HADLEY-LUZERNE CENTRAL SCHOOL DISTRICT
59.5	2700013	MN	WATERVILLE-ELYSIAN-MORRISTOWN
59.5	1709100	IL	CENTRAL A & M CUD 21
59.5	0621150	CA	LATON JOINT UNIFIED
59.3	5511130	WI	PARKVIEW SCHOOL DISTRICT
59.3	4108650	OR	NEAH-KAH-NIE SD 56
59.3	3612960	NY	GREENWOOD LAKE UNION FREE SCHOOL DISTRICT
59.3	3600012	NY	BOLIVAR-RICHBURG CENTRAL SCHOOL DISTRICT
59.3	2911100	MO	EAST CARTER CO. R-II
59.3	2791445	MN	LAKE CRYSTAL-WELLCOME MEMORIAL
59.3	2612810	MI	EAU CLAIRE PUBLIC SCHOOLS
59.3	2511040	MA	SOUTHERN BERKSHIRE
59.3	1917820	IA	LOUISA-MUSCATINE COMM SCHOOL DISTRICT
59.3	1809840	IN	DALEVILLE COMMUNITY SCHOOLS
59.3	1715490	IL	FORRESTVILLE VALLEY CUSD 221
59.3	1707950	IL	BUSHNELL PRAIRIE CITY CUSD 170
59.3	0800016	CO	YUMA 1 SCHOOL DISTRICT
59.3	0512000	AR	ROSE BUD SCHOOL DISTRICT
59.2	5009360	VT	WINOOSKI SCHOOL DISTRICT
59.2	5006930	VT	ROCKINGHAM SCHOOL DISTRICT
59.2	2928430	MO	SOUTH CALLAWAY CO. R-II
59.2	2800660	MS	WEST BOLIVAR SCHOOL DIST
59.2	2619530	MI	ISHPEMING PUBLIC SCHOOL DISTRICT
59.2	2619470	MI	IRONWOOD AREA SCHOOLS
59.2	1903750	IA	APLINGTON-PARKERSBURG COMM SCHOOL DISTRICT
59.2	1715880	IL	SERENA CUSD 2
59.2	0900360	CT	BOLTON SCHOOL DISTRICT
59.2	0506930	AR	GREENLAND SCHOOL DISTRICT
59.2	0200090	AK	CRAIG CITY SCHOOL DISTRICT
59.0	5504500	WI	FALL CREEK SCHOOL DISTRICT
59.0	4814880	TX	COMO-PICKTON CISD
59.0	3403480	NJ	COMMERCIAL TOWNSHIP
59.0	2700090	MN	MURRAY COUNTY CENTRAL SCHOOL DIST.
59.0	2624570	MI	MORENCI AREA SCHOOLS
59.0	2104680	KY	PAINTSVILLE INDEPENDENT
59.0	1907980	IA	COLUMBUS COMM SCHOOL DISTRICT
59.0	1709170	IL	CENTRAL SD 104
59.0	0903060	CT	NORTH STONINGTON SCHOOL DISTR
59.0	0802310	CO	WELD COUNTY SCHOOL DISTRICT NO. RE-9
58.8	4808730	TX	ARP ISD
58.8	4807410	TX	ABERNATHY ISD
58.8	2928800	MO	SPOKANE R-VII
58.8	2606630	MI	BRECKENRIDGE COMMUNITY SCHOOLS
58.8	2100960	KY	CARLISLE CO
58.7	5306240	WA	ONALASKA SCHOOL DISTRICT
58.7	5102070	VA	KING AND QUEEN CO PBLC SCHS
58.7	4838400	TX	S AND S CISD
58.7	4021840	OK	NORTH ROCK CREEK
58.7	4008220	OK	COLBERT
58.7	3606420	NY	CANDOR CENTRAL SCHOOL DISTRICT
58.7	3100170	NE	GORDON-RUSHVILLE PUBLIC SCHS
58.7	2711085	MN	EAST CENTRAL SCHOOL DISTRICT
58.7	2700125	MN	LAC QUI PARLE VALLEY SCHOOL DIST.
58.7	2103630	KY	LUDLOW INDEPENDENT
58.7	1900015	IA	SIBLEY-OCHEYEDAN COMM SCHOOL DISTRICT
58.7	0600116	CA	CHAWANAKEE UNIFIED
58.5	4634480	SD	HOT SPRINGS SCHOOL DISTRICT 23-2
58.5	4209750	PA	FERNDALE AREA SD
58.5	3500810	NM	DULCE INDEPENDENT SCHOOLS
58.5	2721540	MN	MORRIS PUBLIC SCHOOL DISTRICT
58.5	2604800	MI	BENTLEY COMMUNITY SCHOOLS
58.5	2104710	KY	PARIS INDEPENDENT
58.5	1900025	IA	PANORAMA COMM SCHOOL DISTRICT
58.5	1703960	IL	ARCOLA CUSD 306
58.3	5500052	WI	TREVOR-WILMOT CONSOLIDATED SCHOOL DISTRICT
58.3	4835550	TX	POTH ISD
58.3	4500960	SC	BAMBERG 02
58.3	1930750	IA	WEST BRANCH COMM SCHOOL DISTRICT
58.3	1812930	IN	WEST WASHINGTON SCHOOL CORP
58.3	0629430	CA	PACIFIC UNION ELEMENTARY
58.2	4837710	TX	ROGERS ISD
58.2	3000003	MT	CUT BANK ELEM
58.2	2931140	MO	KINGSTON K-14
58.2	2906430	MO	CABOOL R-IV
58.2	2011130	KS	RIVERTON
58.2	2009030	KS	LYONS
58.2	1600030	ID	ABERDEEN DISTRICT
58.2	1301950	GA	ECHOLS COUNTY
58.0	5516500	WI	WEYAUWEGA-FREMONT SCHOOL DISTRICT
58.0	3401710	NJ	BETHLEHEM TOWNSHIP
58.0	3401320	NJ	BEDMINSTER TOWNSHIP
58.0	3304380	NH	LITTLETON SCHOOL DISTRICT
58.0	2928110	MO	SHELBY CO. R-IV
58.0	2610200	MI	COLEMAN COMMUNITY SCHOOL DISTRICT
58.0	1727720	IL	NASHVILLE CCSD 49
58.0	1716050	IL	GALENA USD 120
58.0	0637110	CA	SOLVANG ELEMENTARY
58.0	0408600	AZ	TOMBSTONE UNIFIED DISTRICT
57.8	5512450	WI	RANDOM LAKE SCHOOL DISTRICT
57.8	5507770	WI	LANCASTER COMMUNITY SCHOOL DISTRICT
57.8	5308910	WA	TOLEDO SCHOOL DISTRICT
57.8	4841610	TX	STOCKDALE ISD
57.8	4220460	PA	ROCHESTER AREA SD
57.8	4212390	PA	JEFFERSON-MORGAN SD
57.8	3904832	OH	JACKSON-MILTON LOCAL
57.8	3904809	OH	RIVERSIDE LOCAL
57.8	3629160	NY	TUPPER LAKE CENTRAL SCHOOL DISTRICT
57.8	3625650	NY	SANDY CREEK CENTRAL SCHOOL DISTRICT
57.8	3400690	NJ	ALEXANDRIA TOWNSHIP
57.8	3014700	MT	HUNTLEY PROJECT K-12 SCHOOLS
57.8	1735970	IL	INDIAN CREEK CUSD 425
57.8	0637590	CA	SOUTHERN HUMBOLDT JOINT UNIFIED
57.7	5503840	WI	DURAND SCHOOL DISTRICT
57.7	5501470	WI	BONDUEL SCHOOL DISTRICT
57.7	4824480	TX	ITASCA ISD
57.7	3904761	OH	BRIGHT LOCAL
57.7	3627620	NY	SOUTHOLD UNION FREE SCHOOL DISTRICT
57.7	3614430	NY	HIGHLAND FALLS CENTRAL SCHOOL DISTRICT
57.7	3605820	NY	BRUSHTON-MOIRA CENTRAL SCHOOL DISTRICT
57.7	3100006	NE	WEST POINT PUBLIC SCHOOLS
57.7	2915420	MO	IBERIA R-V
57.7	1930780	IA	WEST BURLINGTON IND SCHOOL DISTRICT
57.7	0500070	AR	CEDAR RIDGE SCHOOL DISTRICT
57.5	4103260	OR	CLATSKANIE SD 6J
57.5	4102910	OR	CENTRAL LINN SD 552
57.5	3804090	ND	CENTRAL CASS 17
57.5	3103330	NE	AUBURN PUBLIC SCHOOLS
57.5	3023940	MT	SHEPHERD ELEM
57.5	2105910	KY	WILLIAMSBURG INDEPENDENT
57.5	1917100	IA	NORTH CEDAR COMM SCHOOL DISTRICT
57.5	0903530	CT	REGIONAL SCHOOL DISTRICT 12
57.5	0616860	CA	HELENDALE ELEMENTARY
57.4	2700326	MN	TRACY AREA PUBLIC SCHOOL DISTRICT
57.3	5301590	WA	COLUMBIA (WALLA WALLA) SCHOOL DISTRICT
57.3	4814070	TX	CISCO ISD
57.3	4212630	PA	JUNIATA VALLEY SD
57.3	3630390	NY	NORTHEAST CENTRAL SCHOOL DISTRICT
57.3	2306840	ME	JAY SCHOOL DEPARTMENT
57.3	2101980	KY	FRANKFORT INDEPENDENT
57.3	1909120	IA	DIKE-NEW HARTFORD COMM SCHOOL DISTRICT
57.3	1907380	IA	CLARION-GOLDFIELD COMM SCHOOL DISTRICT
57.3	1811430	IN	TRI-COUNTY SCHOOL CORP
57.3	0606030	CA	BRIGGS ELEMENTARY
57.3	0511070	AR	PANGBURN SCHOOL DISTRICT
57.3	0200770	AK	DENALI BOROUGH SCHOOL DISTRICT
57.2	5604260	WY	UINTA COUNTY SCHOOL DISTRICT #6
57.2	5514190	WI	SPENCER SCHOOL DISTRICT
57.2	5507590	WI	LADYSMITH-HAWKINS SCHOOL DISTRICT
57.2	4014340	OK	HENNESSEY
57.2	3622260	NY	OXFORD ACADEMY AND CENTRAL SCHOOL DISTRICT
57.2	3401620	NJ	BERLIN TOWNSHIP
57.2	2925640	MO	PUTNAM CO. R-I
57.2	2732850	MN	SAUK CENTRE PUBLIC SCHOOL DISTRICT
57.2	2718660	MN	MAHNOMEN PUBLIC SCHOOL DISTRICT
57.2	2622470	MI	MANISTIQUE AREA SCHOOLS
57.2	1928230	IA	UNDERWOOD COMM SCHOOL DISTRICT
57.2	1909990	IA	EAGLE GROVE COMM SCHOOL DISTRICT
57.0	4225440	PA	WEST GREENE SD
57.0	3904627	OH	SOUTHEASTERN LOCAL
57.0	3904526	OH	CAREY EXEMPTED VILLAGE
57.0	1803810	IN	FRONTIER SCHOOL CORPORATION
57.0	0502730	AR	BARTON-LEXA SCHOOL DISTRICT
56.8	5509750	WI	MISHICOT SCHOOL DISTRICT
56.8	5504590	WI	FENNIMORE COMMUNITY SCHOOL DISTRICT
56.8	5003930	VT	FAIRFAX SCHOOL DISTRICT
56.8	4224060	PA	UNION AREA SD
56.8	4220520	PA	ROCKWOOD AREA SD
56.8	2103690	KY	LYON COUNTY
56.8	1808070	IN	NORTH VERMILLION COM SCH CORP
56.7	5100720	VA	CHARLES CITY CO PBLC SCHS
56.7	4843530	TX	UNION GROVE ISD
56.7	4815150	TX	COOPER ISD
56.7	4810470	TX	BLOOMING GROVE ISD
56.7	4808400	TX	ANSON ISD
56.7	3406630	NJ	HAMPTON TOWNSHIP
56.7	3305460	NH	NOTTINGHAM SCHOOL DISTRICT
56.7	2636120	MI	WHITE PIGEON COMMUNITY SCHOOLS
56.7	1931800	IA	WILTON COMM SCHOOL DISTRICT
56.7	1800330	IN	BARR-REEVE COM SCHOOLS INC
56.5	5513860	WI	SILVER LAKE J1 SCHOOL DISTRICT
56.5	5503270	WI	DEERFIELD COMMUNITY SCHOOL DISTRICT
56.5	4840410	TX	SKIDMORE-TYNAN ISD
56.5	4835490	TX	POST ISD
56.5	4808100	TX	ALVORD ISD
56.5	3904843	OH	RIDGEDALE LOCAL
56.5	0629280	CA	PACHECO UNION ELEMENTARY
56.5	0600049	CA	COAST UNIFIED
56.5	0512090	AR	SALEM SCHOOL DISTRICT
56.3	4822770	TX	HAWKINS ISD
56.3	4015930	OK	JUSTUS-TIAWAH
56.3	3905049	OH	FRONTIER LOCAL
56.3	2927540	MO	SARCOXIE R-II
56.3	2905880	MO	BRENTWOOD
56.3	2725140	MN	OSAKIS PUBLIC SCHOOL DISTRICT
56.3	0505850	AR	ENGLAND SCHOOL DISTRICT
56.3	0500048	AR	EAST POINSETT CO. SCHOOL DIST.
56.2	5515450	WI	WALWORTH J1 SCHOOL DISTRICT
56.2	4809410	TX	BANQUETE ISD
56.2	3301440	NH	ALTON SCHOOL DISTRICT
56.2	2623280	MI	MAYVILLE COMMUNITY SCHOOL DISTRICT
56.2	2008190	KS	KISMET-PLAINS
56.2	2005790	KS	ELKHART
56.2	1908940	IA	DENVER COMM SCHOOL DISTRICT
56.2	1732770	IL	PRINCEVILLE CUSD 326
56.2	1731270	IL	PEORIA HEIGHTS CUSD 325
56.2	1726820	IL	GOLF ESD 67
56.2	1722530	IL	LENA WINSLOW CUSD 202
56.2	1715660	IL	FOX RIVER GROVE CONS SD 3
56.2	1601080	ID	FIRTH DISTRICT
56.0	5517160	WI	WOODRUFF J1 SCHOOL DISTRICT
56.0	5305490	WA	NAPAVINE SCHOOL DISTRICT
56.0	5103950	VA	WEST POINT PBLC SCHS
56.0	4824840	TX	JOHNSON CITY ISD
56.0	4015990	OK	KANSAS
56.0	3910007	OH	LEETONIA EXEMPTED VILLAGE
56.0	3401980	NJ	BOONTON TOWNSHIP
56.0	2800720	MS	NORTH BOLIVAR SCHOOL DISTRICT
56.0	2513020	MA	WILLIAMSTOWN
56.0	2102790	KY	HICKMAN COUNTY
56.0	1918120	IA	MFL MARMAC COMM SCHOOL DISTRICT
56.0	1900006	IA	NORTH FAYETTE COMM SCHOOL DISTRICT
56.0	1729670	IL	OGLESBY ESD 125
56.0	0605280	CA	BLOCHMAN UNION ELEMENTARY
55.8	4822230	TX	HAMILTON ISD
55.8	4006850	OK	OKEMAH
55.8	3904853	OH	SOUTHERN LOCAL
55.8	3904613	OH	NEW MIAMI LOCAL
55.8	3600018	NY	CHAUTAUQUA LAKE CENTRAL SCHOOL DISTRICT
55.8	3409840	NJ	MEDFORD LAKES BOROUGH
55.8	3403330	NJ	CLINTON TOWN
55.8	2626040	MI	NORWAY-VULCAN AREA SCHOOLS
55.8	2622740	MI	MARCELLUS COMMUNITY SCHOOLS
55.8	2313110	ME	VASSALBORO SCHOOL DEPARTMENT
55.8	1713260	IL	EAST PRAIRIE SD 73
55.8	0615450	CA	GOLD TRAIL UNION ELEMENTARY
55.8	0401180	AZ	BISBEE UNIFIED DISTRICT
55.7	4703420	TN	PICKETT COUNTY SCHOOL DISTRICT
55.7	4600002	SD	MILBANK SCHOOL DISTRICT 25-4
55.7	4502220	SC	FLORENCE 04
55.7	3904567	OH	YELLOW SPRINGS EXEMPTED VILLAGE
55.7	3627570	NY	SOUTHERN CAYUGA CENTRAL SCHOOL DISTRICT
55.7	2700104	MN	WEST CENTRAL AREA
55.7	2633120	MI	SUMMERFIELD SCHOOL DISTRICT
55.7	0504170	AR	WHITE CO. CENTRAL SCHOOL DIST.
55.5	5508550	WI	MANAWA SCHOOL DISTRICT
55.5	5500013	WI	LAKE COUNTRY SCHOOL DISTRICT
55.5	5301260	WA	CHEWELAH SCHOOL DISTRICT
55.5	4103390	OR	COQUILLE SD 8
55.5	4031770	OK	WATONGA
55.5	3905011	OH	BRISTOL LOCAL
55.5	3904670	OH	AYERSVILLE LOCAL
55.5	3406090	NJ	GREEN TOWNSHIP
55.5	3401950	NJ	BOONTON TOWN
55.5	2623610	MI	MERRILL COMMUNITY SCHOOLS
55.5	2314300	ME	MSAD 58
55.5	2311430	ME	MSAD 37
55.5	1932010	IA	WOODWARD-GRANGER COMM SCHOOL DISTRICT
55.3	5509690	WI	MINOCQUA J1 SCHOOL DISTRICT
55.3	5102220	VA	LEXINGTON CITY PBLC SCHS
55.3	4704320	TN	VAN BUREN COUNTY SCHOOL DIST
55.3	4027060	OK	SAYRE
55.3	3609390	NY	DUNDEE CENTRAL SCHOOL DISTRICT
55.3	1723970	IL	MADISON CUSD 12
55.3	0900900	CT	COLUMBIA SCHOOL DISTRICT
55.3	0624390	CA	MEADOWS UNION ELEMENTARY
55.3	0507110	AR	GURDON SCHOOL DISTRICT
55.2	5005490	VT	MIDDLEBURY ID SCHOOL DISTRICT
55.2	4019680	OK	MEEKER
55.2	3631290	NY	WHITEHALL CENTRAL SCHOOL DISTRICT
55.2	3003820	MT	BIGFORK ELEM
55.2	2801890	MS	HOLLANDALE SCHOOL DIST
55.2	1931290	IA	WEST SIOUX COMM SCHOOL DISTRICT
55.2	1736510	IL	SMITHTON CCSD 130
55.2	0900660	CT	CANTERBURY SCHOOL DISTRICT
55.0	5513770	WI	SHIOCTON SCHOOL DISTRICT
55.0	5509000	WI	MELROSE-MINDORO SCHOOL DISTRICT
55.0	4017190	OK	LATTA
55.0	3621630	NY	ODESSA-MONTOUR CENTRAL SCHOOL DISTRICT
55.0	3306030	NH	RYE SCHOOL DISTRICT
55.0	3102770	NE	ADAMS CENTRAL PUBLIC SCHOOLS
55.0	2925650	MO	PUXICO R-VIII
55.0	2311580	ME	MSAD 41
55.0	0615390	CA	GOLD OAK UNION ELEMENTARY
54.8	5307140	WA	RAYMOND SCHOOL DISTRICT
54.8	4209930	PA	FOREST CITY REGIONAL SD
54.8	3621450	NY	DALTON-NUNDA CENTRAL SCHOOL DISTRICT (KESHEQUA)
54.8	3174850	NE	O'NEILL PUBLIC SCHOOLS
54.8	3027570	MT	WEST VALLEY ELEM
54.8	2919980	MO	MANSFIELD R-IV
54.8	2903270	MO	ASH GROVE R-IV
54.8	2900003	MO	PORTAGEVILLE
54.8	2623670	MI	MESICK CONSOLIDATED SCHOOLS
54.8	2101800	KY	FAIRVIEW INDEPENDENT
54.8	1810380	IN	SOUTH HENRY SCHOOL CORP
54.7	4827180	TX	LEON ISD
54.7	2932110	MO	HENRY CO. R-I
54.7	2004670	KS	CHENEY
54.7	1712840	IL	DWIGHT COMMON SD 232
54.7	1703510	IL	ALTAMONT CUSD 10
54.7	0200570	AK	NOME PUBLIC SCHOOLS
54.5	4811730	TX	BRUCEVILLE-EDDY ISD
54.5	4641300	SD	LEAD-DEADWOOD SCHOOL DISTRICT 40-1
54.5	4206060	PA	CLARION AREA SD
54.5	4018780	OK	MANGUM
54.5	3414100	NJ	ROCKAWAY BOROUGH
54.5	3301620	NH	BARNSTEAD SCHOOL DISTRICT
54.5	2911850	MO	FAIRVIEW R-XI
54.5	2502250	MA	AVON
54.5	0800017	CO	WRAY RD-2 SCHOOL DISTRICT
54.3	4819770	TX	FRANKSTON ISD
54.3	2905250	MO	BLOOMFIELD R-XIV
54.3	1923160	IA	PLEASANTVILLE COMM SCHOOL DISTRICT
54.3	1801410	IN	CASTON SCHOOL CORPORATION
54.3	1700324	IL	SANGAMON VALLEY CUSD 9
54.2	5601460	WY	BIG HORN COUNTY SCHOOL DISTRICT #2
54.2	5511370	WI	PARDEEVILLE AREA SCHOOL DISTRICT
54.2	4624390	SD	FLANDREAU SCHOOL DISTRICT 50-3
54.2	4108550	OR	MT ANGEL SD 91
54.2	3622500	NY	PAVILION CENTRAL SCHOOL DISTRICT
54.2	3608910	NY	DELHI CENTRAL SCHOOL DISTRICT
54.2	3173830	NE	MINDEN PUBLIC SCHOOLS
54.2	2903060	MO	ALTON R-IV
54.2	1904680	IA	BELMOND-KLEMME COMM SCHOOL DISTRICT
54.2	1810770	IN	SOUTHERN WELLS COM SCHOOLS
54.2	0409310	AZ	WILLIAMS UNIFIED DISTRICT
54.0	4822500	TX	HARLETON ISD
54.0	4032460	OK	WEWOKA
54.0	4013920	OK	HARTSHORNE
54.0	3904745	OH	MCCOMB LOCAL
54.0	3618090	NY	MADRID-WADDINGTON CENTRAL SCHOOL DISTRICT
54.0	3415000	NJ	SOMERDALE BOROUGH
54.0	2723520	MN	NEW YORK MILLS PUBLIC SCHOOL DIST.
54.0	1910950	IA	EMMETSBURG COMM SCHOOL DISTRICT
54.0	0500016	AR	MARMADUKE SCHOOL DISTRICT
53.8	4845670	TX	WHITEWRIGHT ISD
53.8	2718960	MN	MARTIN COUNTY WEST SCHOOL DISTRICT
53.8	2712580	MN	G.F.W.
53.8	2634380	MI	UBLY COMMUNITY SCHOOLS
53.8	1927990	IA	TRI-CENTER COMM SCHOOL DISTRICT
53.8	1703690	IL	AMBOY CUSD 272
53.8	0802670	CO	BURLINGTON PUBLIC SCHOOL DISTRICT NO. RE-6J
53.7	5502970	WI	CRIVITZ SCHOOL DISTRICT
53.7	4842120	TX	RIVERCREST ISD
53.7	4816570	TX	DEKALB ISD
53.7	3904664	OH	FRANKLIN MONROE LOCAL
53.7	3611070	NY	FILLMORE CENTRAL SCHOOL DISTRICT
53.7	2920940	MO	MILAN C-2
53.7	2909900	MO	COLE CAMP R-I
53.7	1700003	IL	BLUE RIDGE CUSD 18
53.7	0637320	CA	SOULSBYVILLE ELEMENTARY
53.5	5601420	WY	BIG HORN COUNTY SCHOOL DISTRICT #1
53.5	5503150	WI	DARLINGTON COMMUNITY SCHOOL DISTRICT
53.5	5501590	WI	BOYCEVILLE COMMUNITY SCHOOL DISTRICT
53.5	5306090	WA	OCOSTA SCHOOL DISTRICT
53.5	4839540	TX	SCHULENBURG ISD
53.5	3910008	OH	CRESTLINE EXEMPTED VILLAGE
53.5	3616200	NY	KENDALL CENTRAL SCHOOL DISTRICT
53.5	3401410	NJ	BELMAR
53.5	2919260	MO	LOUISIANA R-II
53.5	2700105	MN	BELGRADE-BROOTEN-ELROSA SCHOOL DIST
53.5	2104620	KY	OWSLEY COUNTY
53.5	1710950	IL	FORD HEIGHTS SD 169
53.5	0101260	AL	ELBA CITY
53.3	4810140	TX	BIG SANDY ISD
53.3	4008640	OK	CORDELL
53.3	3619920	NY	MORRISVILLE-EATON CENTRAL SCHOOL DISTRICT
53.3	2913170	MO	GRANDVIEW R-II
53.3	2616020	MI	GLEN LAKE COMMUNITY SCHOOLS
53.3	2502910	MA	BOYLSTON
53.3	1918930	IA	MEDIAPOLIS COMM SCHOOL DISTRICT
53.3	0504680	AR	COTTER SCHOOL DISTRICT
53.3	0500065	AR	LAFAYETTE COUNTY SCHOOL DISTRICT
53.2	5515720	WI	WATERLOO SCHOOL DISTRICT
53.2	5005310	VT	LYNDON SCHOOL DISTRICT
53.2	4833630	TX	OLNEY ISD
53.2	4830870	TX	MILLSAP ISD
53.2	4816290	TX	DANBURY ISD
53.2	3619830	NY	MORIAH CENTRAL SCHOOL DISTRICT
53.2	3502400	NM	SANTA ROSA CONSOLIDATED SCHOOLS
53.2	3407500	NJ	HOPEWELL TOWNSHIP
53.2	2913770	MO	HARTVILLE R-II
53.2	2902850	MO	ADRIAN R-III
53.2	1900009	IA	COLFAX-MINGO COMM SCHOOL DISTRICT
53.2	1700045	IL	GALLATIN CUSD 7
53.2	0904350	CT	STERLING SCHOOL DISTRICT
53.2	0643140	CA	WOODSIDE ELEMENTARY
53.2	0620040	CA	KNIGHTSEN ELEMENTARY
53.0	5507260	WI	DODGELAND SCHOOL DISTRICT
53.0	4827540	TX	LINDEN-KILDARE CISD
53.0	3630600	NY	WEST CANADA VALLEY CENTRAL SCHOOL DISTRICT
53.0	3200420	NV	PERSHING COUNTY SCHOOL DISTRICT
53.0	2602160	MI	ALCONA COMMUNITY SCHOOLS
53.0	1922440	IA	PEKIN COMM SCHOOL DISTRICT
53.0	1914160	IA	HINTON COMM SCHOOL DISTRICT
53.0	1738400	IL	SUNSET RIDGE SD 29
53.0	1737320	IL	ST GEORGE CCSD 258
53.0	1728810	IL	NORTH CLAY CUSD 25
53.0	1602070	ID	MELBA JOINT DISTRICT
52.8	5006840	VT	RICHMOND SCHOOL DISTRICT
52.8	4842930	TX	TOM BEAN ISD
52.8	4836780	TX	REFUGIO ISD
52.8	4027640	OK	SILO
52.8	3620220	NY	NAPLES CENTRAL SCHOOL DISTRICT
52.8	3414970	NJ	SHREWSBURY BOROUGH
52.8	3104920	NE	CENTRAL CITY PUBLIC SCHOOLS
52.8	2717220	MN	KIMBALL PUBLIC SCHOOL DISTRICT
52.8	2626400	MI	ONAWAY AREA COMMUNITY SCHOOL DISTRICT
52.8	2506750	MA	LENOX
52.8	2101110	KY	CAVERNA INDEPENDENT
52.8	2004800	KS	CIMARRON-ENSIGN
52.8	1725590	IL	CUSD 4
52.7	4824810	TX	JOAQUIN ISD
52.7	4808230	TX	ANDERSON-SHIRO CISD
52.7	3604530	NY	BEMUS POINT CENTRAL SCHOOL DISTRICT
52.7	2921875	MO	NEW BLOOMFIELD R-III
52.7	2911250	MO	EAST BUCHANAN CO. C-1
52.7	2621210	MI	LAWRENCE PUBLIC SCHOOL DISTRICT
52.7	0505550	AR	EARLE SCHOOL DISTRICT
52.5	5516650	WI	WHITEHALL SCHOOL DISTRICT
52.5	5510770	WI	NORWALK-ONTARIO-WILTON SCHOOL DISTRICT
52.5	5508130	WI	RICHMOND SCHOOL DISTRICT
52.5	5507500	WI	KOHLER SCHOOL DISTRICT
52.5	4203390	PA	BENTON AREA SD
52.5	3621960	NY	ORISKANY CENTRAL SCHOOL DISTRICT
52.5	3410350	NJ	MINE HILL TOWNSHIP
52.5	2928530	MO	SOUTH PEMISCOT CO. R-V
52.5	2615750	MI	GENESEE SCHOOL DISTRICT
52.5	0903360	CT	POMFRET SCHOOL DISTRICT
52.3	5511730	WI	PHILLIPS SCHOOL DISTRICT
52.3	5304050	WA	KITTITAS SCHOOL DISTRICT
52.3	4846320	TX	WODEN ISD
52.3	3631950	NY	YORK CENTRAL SCHOOL DISTRICT
52.3	2910290	MO	CRANE R-III
52.3	2803870	MS	RICHTON SCHOOL DIST
52.3	2003870	KS	BELOIT
52.3	1700153	IL	LEWISTOWN CUSD 97
52.3	0616570	CA	HAPPY VALLEY UNION ELEMENTARY
52.2	5514340	WI	SPRING VALLEY SCHOOL DISTRICT
52.2	5505520	WI	GLENWOOD CITY SCHOOL DISTRICT
52.2	4203690	PA	BLACKLICK VALLEY SD
52.2	3416440	NJ	UNION TOWNSHIP
52.2	2718090	MN	LEWISTON-ALTURA PUBLIC SCHOOL DIST.
52.2	1735820	IL	SENECA CCSD 170
52.2	0503960	AR	CARLISLE SCHOOL DISTRICT
52.0	5501230	WI	WISCONSIN HEIGHTS SCHOOL DISTRICT
52.0	5500058	WI	CHEQUAMEGON SCHOOL DISTRICT
52.0	5500030	WI	ABBOTSFORD SCHOOL DISTRICT
52.0	4809690	TX	BECKVILLE ISD
52.0	4016710	OK	KONAWA
52.0	4000014	OK	BURNS FLAT-DILL CITY
52.0	3305370	NH	NORTH HAMPTON SCHOOL DISTRICT
52.0	2615420	MI	FULTON SCHOOLS
52.0	1914010	IA	HIGHLAND COMM SCHOOL DISTRICT
52.0	1739780	IL	UNION RIDGE SD 86
52.0	0616410	CA	HAMILTON UNION ELEMENTARY
51.8	5601260	WY	SUBLETTE COUNTY SCHOOL DISTRICT #9
51.8	4825440	TX	KENEDY ISD
51.8	4033090	OK	WOODALL
51.8	3905070	OH	NORTH BALTIMORE LOCAL
51.8	3904667	OH	MISSISSINAWA VALLEY LOCAL
51.8	3904662	OH	ANSONIA LOCAL
51.8	3173710	NE	MILFORD PUBLIC SCHOOLS
51.8	3025890	MT	TARGET RANGE ELEM
51.8	2925710	MO	RALLS CO. R-II
51.8	2925290	MO	CLINTON CO. R-III
51.8	2009900	KS	NEODESHA
51.8	1730780	IL	PARIS CUSD 4
51.8	1728500	IL	NILES ESD 71
51.8	1700113	IL	ILLINI CENTRAL CUSD 189
51.7	4030120	OK	TONKAWA
51.7	4014610	OK	HINTON
51.7	3904839	OH	WESTERN RESERVE LOCAL
51.7	2914320	MO	HICKORY CO. R-I
51.7	2100420	KY	BELLEVUE IND
51.7	1704260	IL	ARTHUR CUSD 305
51.7	0500073	AR	OUACHITA RIVER SCHOOL DISTRICT
51.5	4819620	TX	FORSAN ISD
51.5	3812540	ND	MCKENZIE CO 1
51.5	3411820	NJ	NORTHVALE
51.5	3303150	NH	FREMONT SCHOOL DISTRICT
51.5	1700126	IL	MIDLAND CUSD 7
51.5	0509600	AR	MCCRORY SCHOOL DISTRICT
51.3	4836630	TX	RED LICK ISD
51.3	4832430	TX	NEW DEAL ISD
51.3	4202310	PA	ALLEGHENY-CLARION VALLEY SD
51.3	3904523	OH	BRIDGEPORT EXEMPTED VILLAGE
51.3	2707380	MN	CALEDONIA PUBLIC SCHOOL DISTRICT
51.3	2100240	KY	BARBOURVILLE IND
51.3	2010020	KS	NORTON COMMUNITY SCHOOLS
51.3	1721420	IL	KOMAREK SD 94
51.3	1719260	IL	HINCKLEY BIG ROCK CUSD 429
51.3	0514490	AR	YELLVILLE-SUMMIT SCHOOL DIST.
51.3	0510260	AR	MOUNTAINBURG SCHOOL DISTRICT
51.2	4821960	TX	GUNTER ISD
51.2	4032280	OK	WELLSTON
51.2	2610410	MI	COLON COMMUNITY SCHOOL DISTRICT
51.2	2101710	KY	EMINENCE INDEPENDENT
51.2	2005610	KS	DOUGLASS PUBLIC SCHOOLS
51.2	1916110	IA	LAKE MILLS COMM SCHOOL DISTRICT
51.2	1700004	IL	NORRIS CITY-OMAHA-ENFIELD CUSD 3
51.0	5504770	WI	MAPLE DALE-INDIAN HILL SCHOOL DISTRICT
51.0	4822710	TX	HARTS BLUFF ISD
51.0	4821900	TX	GROVETON ISD
51.0	4226040	PA	WESTERN BEAVER COUNTY SD
51.0	4218240	PA	OTTO-ELDRED SD
51.0	4107280	OR	LAKE COUNTY SD 7
51.0	3622140	NY	SOUTH SENECA CENTRAL SCHOOL DISTRICT
51.0	2635730	MI	WEBBERVILLE COMMUNITY SCHOOLS
51.0	2104260	KY	MONTICELLO INDEPENDENT
51.0	1914340	IA	HUDSON COMM SCHOOL DISTRICT
51.0	0901080	CT	DEEP RIVER SCHOOL DISTRICT
51.0	0805610	CO	MEEKER SCHOOL DISTRICT RE1
50.8	3904783	OH	DANVILLE LOCAL
50.8	2706150	MN	BRECKENRIDGE PUBLIC SCHOOL DISTRICT
50.8	2503480	MA	CHATHAM
50.8	1737490	IL	STARK COUNTY CUSD 100
50.8	1735940	IL	SESSER-VALIER CUSD 196
50.7	5602820	WY	FREMONT COUNTY SCHOOL DISTRICT #21
50.7	5506570	WI	HORICON SCHOOL DISTRICT
50.7	5004680	VT	HINESBURG SCHOOL DISTRICT
50.7	4843860	TX	VALLEY VIEW ISD
50.7	3413320	NJ	POINT PLEASANT BEACH
50.7	1920820	IA	NORTH LINN COMM SCHOOL DISTRICT
50.7	1906960	IA	CENTRAL LYON COMM SCHOOL DISTRICT
50.7	1707200	IL	BRIMFIELD CUSD 309
50.7	0514020	AR	WESTSIDE SCHOOL DISTRICT
50.5	4822800	TX	HAWLEY ISD
50.5	4810590	TX	BLUE RIDGE ISD
50.5	3610860	NY	FABIUS-POMPEY CENTRAL SCHOOL DISTRICT
50.5	3415270	NJ	SOUTH HARRISON TOWNSHIP
50.5	2920310	MO	MARIONVILLE R-IX
50.5	2705760	MN	BLOOMING PRAIRIE PUBLIC SCHOOL DIST
50.5	2006270	KS	FREDONIA
50.5	1800660	IN	BLUE RIVER VALLEY SCHOOLS
50.5	1735220	IL	SALT CREEK SD 48
50.3	5003480	VT	DERBY SCHOOL DISTRICT
50.3	4814190	TX	CLARKSVILLE ISD
50.3	3628680	NY	TICONDEROGA CENTRAL SCHOOL DISTRICT
50.3	2802760	MS	LUMBERTON PUBLIC SCHOOL DISTRICT
50.3	2011100	KS	RILEY COUNTY
50.3	1727300	IL	BROWN COUNTY CUSD 1
50.3	0619740	CA	KINGS RIVER UNION ELEMENTARY
50.3	0511220	AR	PARKERS CHAPEL SCHOOL DIST.
50.2	5602150	WY	CONVERSE COUNTY SCHOOL DISTRICT #2
50.2	5506840	WI	IOLA-SCANDINAVIA SCHOOL DISTRICT
50.2	5309930	WA	WINLOCK SCHOOL DISTRICT
50.2	4820400	TX	GARRISON ISD
50.2	4807980	TX	ALTO ISD
50.2	4009390	OK	DALE
50.2	3630990	NY	WESTFIELD CENTRAL SCHOOL DISTRICT
50.2	3415750	NJ	STILLWATER TOWNSHIP
50.2	2930270	MO	THAYER R-II
50.2	1913290	IA	GRUNDY CENTER COMM SCHOOL DISTRICT
50.2	1913110	IA	NODAWAY VALLEY COMM SCHOOL DISTRICT
50.2	1800180	IN	ARGOS COMMUNITY SCHOOLS
50.2	0905100	CT	WILLINGTON SCHOOL DISTRICT
50.2	0512480	AR	SLOAN-HENDRIX SCHOOL DIST.
50.0	4837900	TX	ROSEBUD-LOTT ISD
50.0	4400510	RI	JAMESTOWN
50.0	4025470	OK	CANEY VALLEY
50.0	4022830	OK	OKTAHA
50.0	4021540	OK	NEWKIRK
50.0	3904899	OH	ANTWERP LOCAL
50.0	3904617	OH	BROWN LOCAL
50.0	3409690	NJ	MARGATE CITY
50.0	3404080	NJ	EAST AMWELL TOWNSHIP
50.0	2700162	MN	LAKE PARK AUDUBON SCHOOL DISTRICT
50.0	2600018	MI	L'ANSE AREA SCHOOLS
50.0	2005280	KS	MORRIS COUNTY
50.0	2000005	KS	SABETHA
50.0	1603270	ID	VALLEY DISTRICT
50.0	0627120	CA	NEWCASTLE ELEMENTARY
50.0	0600159	CA	SCOTT VALLEY UNIFIED
50.0	0510320	AR	MURFREESBORO SCHOOL DISTRICT
49.8	5300280	WA	ASOTIN-ANATONE SCHOOL DISTRICT
49.8	4033240	OK	WYANDOTTE
49.8	3616500	NY	LAKE PLACID CENTRAL SCHOOL DISTRICT
49.8	2011700	KS	SILVER LAKE
49.8	2000001	KS	SOUTHEAST OF SALINE
49.8	1809660	IN	ROCKVILLE COMMUNITY SCHOOL CORP
49.8	1700114	IL	SOUTH CENTRAL CUD 401
49.8	0630960	CA	PLEASANT VALLEY ELEMENTARY
49.7	5604230	WY	NIOBRARA COUNTY SCHOOL DISTRICT #1
49.7	5506870	WI	IOWA-GRANT SCHOOL DISTRICT
49.7	5502700	WI	COCHRANE-FOUNTAIN CITY SCHOOL DISTRICT
49.7	5301680	WA	CONWAY SCHOOL DISTRICT
49.7	4833660	TX	OLTON ISD
49.7	1929730	IA	WAPELLO COMM SCHOOL DISTRICT
49.7	1727840	IL	NEOGA CUSD 3
49.7	1713440	IL	LINDOP SD 92
49.7	1713050	IL	EAST DUBUQUE USD 119
49.5	5303130	WA	GRAND COULEE DAM SCHOOL DISTRICT
49.5	4830720	TX	MILDRED ISD
49.5	4820310	TX	GANADO ISD
49.5	4816440	TX	DE LEON ISD
49.5	3100085	NE	ST PAUL PUBLIC SCHOOLS
49.5	3010080	MT	EUREKA ELEM
49.5	2917880	MO	LAQUEY R-V
49.5	2913590	MO	HAMILTON R-II
49.5	2712300	MN	FOSSTON PUBLIC SCHOOL DISTRICT
49.5	1924660	IA	ROCK VALLEY COMM SCHOOL DISTRICT
49.5	1904320	IA	BATTLE CREEK-IDA GROVE COMM SCHOOL DISTRICT
49.5	1810830	IN	SOUTHWESTERN CON SCH SHELBY CO
49.5	1740320	IL	VILLA GROVE CUSD 302
49.5	1714050	IL	ELMWOOD CUSD 322
49.3	4846350	TX	WOLFE CITY ISD
49.3	4842840	TX	TIMPSON ISD
49.3	4813410	TX	CENTERVILLE ISD
49.3	4101800	OR	BANDON SD 54
49.3	3302580	NH	DEERFIELD SCHOOL DISTRICT
49.3	2912660	MO	GALLATIN R-V
49.3	2606930	MI	BRITTON-MACON AREA SCHOOL DISTRICT
49.3	1905190	IA	BOYDEN-HULL COMM SCHOOL DISTRICT
49.2	5601700	WY	CARBON COUNTY SCHOOL DISTRICT #2
49.2	5007800	VT	STOWE SCHOOL DISTRICT
49.2	4839330	TX	SANTA MARIA ISD
49.2	4606360	SD	BERESFORD SCHOOL DISTRICT 61-2
49.2	3905029	OH	STRASBURG-FRANKLIN LOCAL
49.2	3631170	NY	WHEATLAND-CHILI CENTRAL SCHOOL DISTRICT
49.2	3611490	NY	FRANKLINVILLE CENTRAL SCHOOL DISTRICT
49.2	2910380	MO	CRYSTAL CITY 47
49.2	2500043	MA	UP-ISLAND REGIONAL
49.2	1710690	IL	COLONA SD 190
49.0	5509660	WI	MINERAL POINT SCHOOL DISTRICT
49.0	4023610	OK	PAWNEE
49.0	3100165	NE	DOUGLAS CO WEST COMMUNITY SCHS
49.0	2931860	MO	WESTRAN R-I
49.0	2925620	MO	PURDY R-II
49.0	2508760	MA	NORTH BROOKFIELD
49.0	2506690	MA	LEE
49.0	1743800	IL	ZEIGLER-ROYALTON CUSD 188
49.0	1722620	IL	LEROY CUSD 2
48.8	4831290	TX	MOODY ISD
48.8	4009000	OK	CRESCENT
48.8	3617970	NY	LYNDONVILLE CENTRAL SCHOOL DISTRICT
48.8	3406180	NJ	GREENWICH TOWNSHIP
48.8	3306420	NH	STRAFFORD SCHOOL DISTRICT
48.8	3302910	NH	EPSOM SCHOOL DISTRICT
48.8	3100122	NE	SO CENTRAL NE UNIFIED SYSTEM 5
48.8	1921660	IA	OGDEN COMM SCHOOL DISTRICT
48.8	1918540	IA	MAQUOKETA VALLEY COMM SCHOOL DISTRICT
48.8	1918180	IA	MADRID COMM SCHOOL DISTRICT
48.8	1906900	IA	CENTRAL DECATUR COMM SCHOOL DISTRICT
48.8	1700007	IL	EASTLAND CUSD 308
48.7	5507170	WI	JOHNSON CREEK SCHOOL DISTRICT
48.7	5004980	VT	JERICHO SCHOOL DISTRICT
48.7	4841850	TX	SUNDOWN ISD
48.7	4841400	TX	STAMFORD ISD
48.7	4839030	TX	SAN SABA ISD
48.7	4679710	SD	WINNER SCHOOL DISTRICT 59-2
48.7	4621340	SD	ELK POINT-JEFFERSON SCHOOL DISTRICT 61-7
48.7	4031650	OK	WARNER
48.7	2930780	MO	VAN-FAR R-I
48.7	2006120	KS	EUREKA
48.5	2603510	MI	ATHENS AREA SCHOOLS
48.5	2010650	KS	PHILLIPSBURG
48.5	1919860	IA	MOUNT AYR COMM SCHOOL DISTRICT
48.5	0509190	AR	MAGNET COVE SCHOOL DIST.
48.5	0407200	AZ	SACATON ELEMENTARY DISTRICT
48.3	5502760	WI	COLEMAN SCHOOL DISTRICT
48.3	5003090	VT	CHARLOTTE SCHOOL DISTRICT
48.3	4822050	TX	HALE CENTER ISD
48.3	4204830	PA	CAMERON COUNTY SD
48.3	3607560	NY	CINCINNATUS CENTRAL SCHOOL DISTRICT
48.3	3177550	NE	SYRACUSE-DUNBAR-AVOCA SCHOOLS
48.3	2712900	MN	GOODHUE PUBLIC SCHOOL DISTRICT
48.3	1917460	IA	LOGAN-MAGNOLIA COMM SCHOOL DISTRICT
48.2	5513710	WI	SHELL LAKE SCHOOL DISTRICT
48.2	4009870	OK	DIBBLE
48.2	3800025	ND	KINDRED 2
48.2	3303660	NH	HAVERHILL COOPERATIVE SCHOOL DISTRICT
48.2	2628500	MI	PITTSFORD AREA SCHOOLS
48.2	1709510	IL	CHANEY-MONGE SD 88
48.0	3904650	OH	BUCKEYE CENTRAL LOCAL
48.0	3602700	NY	ALFRED-ALMOND CENTRAL SCHOOL DISTRICT
48.0	2919080	MO	OSAGE CO. R-II
48.0	2629790	MI	RIVER VALLEY SCHOOL DISTRICT
48.0	2311730	ME	MSAD 04
48.0	2101500	KY	DAWSON SPRINGS INDEPENDENT
48.0	1926640	IA	SOUTH HAMILTON COMM SCHOOL DISTRICT
48.0	1910050	IA	EARLHAM COMM SCHOOL DISTRICT
48.0	0903900	CT	SALEM SCHOOL DISTRICT
48.0	0627900	CA	OAK VALLEY UNION ELEMENTARY
48.0	0607170	CA	CAMINO UNION ELEMENTARY
47.8	4825530	TX	KERENS ISD
47.8	4825020	TX	JUNCTION ISD
47.8	4500012	SC	MARION 07
47.8	4011280	OK	FAIRVIEW
47.8	3800032	ND	BEULAH 27
47.8	2921210	MO	MONROE CITY R-I
47.8	2705730	MN	BLACKDUCK PUBLIC SCHOOL DISTRICT
47.8	1718360	IL	HARRISON SD 36
47.8	1603420	ID	WEST SIDE JOINT DISTRICT
47.8	0900150	CT	BARKHAMSTED SCHOOL DISTRICT
47.8	0400004	AZ	CLARKDALE-JEROME ELEMENTARY DISTRICT
47.7	4809150	TX	AXTELL ISD
47.7	4012090	OK	FOYIL
47.7	3905064	OH	NORTH CENTRAL LOCAL
47.7	3620610	NY	NEW YORK MILLS UNION FREE SCHOOL DISTRICT
47.7	3414070	NJ	ROCHELLE PARK
47.7	3408370	NJ	LAWRENCE TOWNSHIP
47.7	3178020	NE	VALENTINE COMMUNITY SCHOOLS
47.7	3018780	MT	MONTANA CITY ELEM
47.7	2623520	MI	MENDON COMMUNITY SCHOOL DISTRICT
47.7	2622980	MI	MARTIN PUBLIC SCHOOLS
47.7	0507530	AR	HAZEN SCHOOL DISTRICT
47.7	0500076	AR	OZARK MOUNTAIN SCHOOL DISTRICT
47.5	5304740	WA	MANSON SCHOOL DISTRICT
47.5	4680441	SD	MOBRIDGE-POLLOCK 62-6
47.5	4208010	PA	DUQUESNE CITY SD
47.5	4014970	OK	HOMINY
47.5	3904977	OH	FAIRLAWN LOCAL
47.5	3904835	OH	SEBRING LOCAL
47.5	3406960	NJ	HAWORTH
47.5	3404620	NJ	ELK TOWNSHIP
47.5	3173890	NE	MITCHELL PUBLIC SCHOOLS
47.5	2005640	KS	EASTON
47.5	1929580	IA	WALL LAKE VIEW AUBURN COMM SCHOOL DISTRICT
47.5	1924720	IA	ROCKWELL CITY-LYTTON COMM SCHOOL DISTRICT
47.5	0619200	CA	JUNCTION ELEMENTARY
47.3	4842690	TX	THREE RIVERS ISD
47.3	4701890	TN	HOLLOW ROCK-BRUCETON SCH DIST
47.3	3904566	OH	WINDHAM EXEMPTED VILLAGE
47.3	3301380	NH	ALLENSTOWN SCHOOL DISTRICT
47.3	3023040	MT	ROUNDUP ELEM
47.3	2912180	MO	FORDLAND R-III
47.3	2612240	MI	DRYDEN COMMUNITY SCHOOLS
47.3	1726970	IL	MERIDIAN CUSD 101
47.3	0641460	CA	WASHINGTON COLONY ELEMENTARY
47.3	0614340	CA	FRANKLIN ELEMENTARY
47.3	0511880	AR	QUITMAN SCHOOL DISTRICT
47.3	0200710	AK	SOUTHWEST REGION SCHOOL DISTRICT
47.2	4842660	TX	THRALL ISD
47.2	4400390	RI	FOSTER
47.2	4110410	OR	REEDSPORT SD 105
47.2	3405400	NJ	FRANKLIN BOROUGH
47.2	3404770	NJ	ENGLEWOOD CLIFFS
47.2	3403240	NJ	CLEMENTON BOROUGH
47.2	2611700	MI	DECKERVILLE COMMUNITY SCHOOL DISTRICT
47.2	2007320	KS	HOISINGTON
47.2	2000016	KS	MARYSVILLE
47.2	1301050	GA	CHATTAHOOCHEE COUNTY
47.0	5510230	WI	NECEDAH AREA SCHOOL DISTRICT
47.0	5006120	VT	NORTHFIELD SCHOOL DISTRICT
47.0	4212570	PA	JOHNSONBURG AREA SD
47.0	4100640	OR	MYRTLE POINT SD 41
47.0	3618450	NY	MARATHON CENTRAL SCHOOL DISTRICT
47.0	2925110	MO	PIERCE CITY R-VI
47.0	2917000	MO	LACLEDE CO. C-5
47.0	2911990	MO	FAYETTE R-III
47.0	2721450	MN	MOOSE LAKE PUBLIC SCHOOL DISTRICT
47.0	2604650	MI	BELLEVUE COMMUNITY SCHOOLS
47.0	0500051	AR	PALESTINE-WHEATLEY SCH. DIST.
47.0	0200780	AK	VALDEZ CITY SCHOOL DISTRICT
46.8	3904935	OH	LEIPSIC LOCAL
46.8	3016050	MT	LAME DEER ELEM
46.8	2733210	MN	SLEEPY EYE PUBLIC SCHOOL DISTRICT
46.8	2627720	MI	PELLSTON PUBLIC SCHOOLS
46.8	2302850	ME	BAR HARBOR SCHOOL DEPARTMENT
46.8	2010800	KS	WEST FRANKLIN
46.8	1735340	IL	SANDRIDGE SD 172
46.8	1722300	IL	LEBANON CUSD 9
46.8	1719230	IL	HILLSIDE SD 93
46.8	1602940	ID	SHOSHONE JOINT DISTRICT
46.8	0803390	CO	DOLORES SCHOOL DISTRICT NO. RE-4A
46.8	0627930	CA	OAK VIEW UNION ELEMENTARY
46.8	0405850	AZ	PALO VERDE ELEMENTARY DISTRICT
46.7	4033300	OK	WYNNEWOOD
46.7	3904944	OH	LUCAS LOCAL
46.7	3904863	OH	NEWTON LOCAL
46.7	3306780	NH	WAKEFIELD SCHOOL DISTRICT
46.7	3007190	MT	COLUMBUS ELEM
46.7	2728290	MN	RUSHFORD-PETERSON PUBLIC SCHLS.
46.7	2705660	MN	BIRD ISLAND-OLIVIA-LAKE LILLIAN
46.7	2624000	MI	MIO-AUSABLE SCHOOLS
46.7	2005870	KS	ELLSWORTH
46.7	2004710	KS	CHEROKEE
46.7	1929010	IA	VAN METER COMM SCHOOL DISTRICT
46.7	1927270	IA	STARMONT COMM SCHOOL DISTRICT
46.7	1701387	IL	WESTERN CUSD 12
46.7	0803840	CO	PARK COUNTY SCHOOL DISTRICT NO. RE-2
46.7	0622350	CA	LOMA PRIETA JOINT UNION ELEMENTARY
46.7	0609300	CA	COLFAX ELEMENTARY
46.7	0505970	AR	EUREKA SPRINGS SCHOOL DISTRICT
46.5	5504620	WI	LAC DU FLAMBEAU #1 SCHOOL DISTRICT
46.5	5101020	VA	CRAIG CO PBLC SCHS
46.5	4826340	TX	LA VILLA ISD
46.5	4812870	TX	CARLISLE ISD
46.5	4029400	OK	TALIHINA
46.5	4028980	OK	STRATFORD
46.5	2929610	MO	MORGAN CO. R-I
46.5	2912600	MO	GAINESVILLE R-V
46.5	2911940	MO	MID-BUCHANAN CO. R-V
46.5	1904620	IA	BELLE PLAINE COMM SCHOOL DISTRICT
46.5	1707770	IL	BUNKER HILL CUSD 8
46.5	0509420	AR	MARKED TREE SCHOOL DISTRICT
46.3	5604450	WY	FREMONT COUNTY SCHOOL DISTRICT #14
46.3	5510560	WI	NEW LISBON SCHOOL DISTRICT
46.3	4834230	TX	PANHANDLE ISD
46.3	4810350	TX	BLAND ISD
46.3	4032610	OK	WHITE OAK
46.3	4005430	OK	BRIGGS
46.3	3170980	NE	GIBBON PUBLIC SCHOOLS
46.3	1928980	IA	VAN BUREN COMM SCHOOL DISTRICT
46.3	1803720	IN	LANESVILLE COMMUNITY SCHOOL CORP
46.3	1724650	IL	MARISSA CUSD 40
46.3	1700314	IL	WEST PRAIRIE CUSD 103
46.2	5509870	WI	MONTELLO SCHOOL DISTRICT
46.2	5006720	VT	RANDOLPH SCHOOL DISTRICT
46.2	3004980	MT	TOWNSEND K-12 SCHOOLS
46.2	2700091	MN	M.A.C.C.R.A.Y. SCHOOL DISTRICT
46.2	2636270	MI	WHITEFORD AGRICULTURAL SCHOOLS
46.2	2620010	MI	KALEVA NORMAN DICKSON SCHOOL DISTRICT
46.2	2306160	ME	GREAT SALT BAY CSD
46.2	1722770	IL	LIBERTY CUSD 2
46.0	5604030	WY	LINCOLN COUNTY SCHOOL DISTRICT #1
46.0	5516230	WI	WEBSTER SCHOOL DISTRICT
46.0	4000021	OK	OKLAHOMA UNION
46.0	3904690	OH	WALNUT TOWNSHIP LOCAL
46.0	3405550	NJ	FREDON TOWNSHIP
46.0	3013395	MT	HARLEM ELEM
46.0	3007050	MT	COLSTRIP ELEM
46.0	2003900	KS	BELLE PLAINE
46.0	0504370	AR	RECTOR SCHOOL DISTRICT
46.0	0500068	AR	EMERSON-TAYLOR SCHOOL DISTRICT
45.8	4845000	TX	WEST HARDIN COUNTY CISD
45.8	4815840	TX	CROSS ROADS ISD
45.8	4206810	PA	CORNELL SD
45.8	4005010	OK	BOONE-APACHE
45.8	3905063	OH	MILLCREEK-WEST UNITY LOCAL
45.8	3400720	NJ	ALLAMUCHY TOWNSHIP
45.8	3008670	MT	DEER LODGE ELEM
45.8	1715180	IL	FISHER CUSD 1
45.8	0625350	CA	MONSON-SULTANA JOINT UNION ELEMENTARY
45.7	5302010	WA	DAVENPORT SCHOOL DISTRICT
45.7	5002480	VT	BRANDON SCHOOL DISTRICT
45.7	4841670	TX	STRATFORD ISD
45.7	4839600	TX	SEAGRAVES ISD
45.7	4813350	TX	CENTER POINT ISD
45.7	4019800	OK	MERRITT
45.7	4013230	OK	GRAND VIEW
45.7	3702280	NC	HYDE COUNTY SCHOOLS
45.7	3502010	NM	PECOS INDEPENDENT SCHOOLS
45.7	3307140	NH	WINCHESTER SCHOOL DISTRICT
45.7	3175510	NE	PIERCE PUBLIC SCHOOLS
45.7	2926370	MO	RICHARDS R-V
45.7	1923340	IA	POSTVILLE COMM SCHOOL DISTRICT
45.7	1921090	IA	NORTHEAST COMM SCHOOL DISTRICT
45.7	1917250	IA	LISBON COMM SCHOOL DISTRICT
45.7	1808460	IN	OREGON-DAVIS SCHOOL CORP
45.7	1737860	IL	CENTRAL STICKNEY SD 110
45.7	1725950	IL	MILFORD CCSD 280
45.7	1721300	IL	HIAWATHA CUSD 426
45.7	1718960	IL	HIGH MOUNT SD 116
45.7	0606090	CA	BRITTAN ELEMENTARY
45.5	5603310	WY	HOT SPRINGS COUNTY SCHOOL DISTRICT #1
45.5	5301440	WA	COLFAX SCHOOL DISTRICT
45.5	4103840	OR	CULVER SD 4
45.5	4031470	OK	WALTERS
45.5	4020550	OK	MOUNDS
45.5	3704590	NC	TYRRELL COUNTY SCHOOLS
45.5	3305730	NH	PITTSFIELD SCHOOL DISTRICT
45.5	3302130	NH	CANDIA SCHOOL DISTRICT
45.5	2634920	MI	VESTABURG COMMUNITY SCHOOLS
45.5	2614570	MI	FOREST AREA COMMUNITY SCHOOLS
45.5	1913660	IA	HARTLEY-MELVIN-SANBORN COMM SCHOOL DISTRICT
45.3	4839510	TX	SCHLEICHER ISD
45.3	4813800	TX	CHICO ISD
45.3	3904771	OH	MONROEVILLE LOCAL
45.3	3617430	NY	LISBON CENTRAL SCHOOL DISTRICT
45.3	2927660	MO	SCHUYLER CO. R-I
45.3	2624810	MI	MUNISING PUBLIC SCHOOLS
45.3	2008280	KS	LAKIN
45.3	1909600	IA	DURANT COMM SCHOOL DISTRICT
45.3	1905430	IA	WEST HANCOCK COMM SCHOOL DISTRICT
45.3	1810170	IN	SHOALS COMMUNITY SCHOOL CORP
45.3	0503630	AR	BRINKLEY SCHOOL DISTRICT
45.2	5002910	VT	CAMBRIDGE SCHOOL DISTRICT
45.2	4845180	TX	WEST SABINE ISD
45.2	4842090	TX	TAHOKA ISD
45.2	3904423	OH	LOCKLAND LOCAL
45.2	3409300	NJ	MAGNOLIA BOROUGH
45.2	2928380	MO	SMITHTON R-VI
45.2	1918330	IA	MANSON NORTHWEST WEBSTER COMM SCHOOL DISTRICT
45.2	1742060	IL	WETHERSFIELD CUSD 230
45.2	1710570	IL	COBDEN SUD 17
45.0	5305700	WA	NORTH BEACH SCHOOL DISTRICT
45.0	4829280	TX	MASON ISD
45.0	3614670	NY	HONEOYE CENTRAL SCHOOL DISTRICT
45.0	3100002	NE	DAVID CITY PUBLIC SCHOOLS
45.0	2801360	MS	DURANT PUBLIC SCHOOL DIST
45.0	2713110	MN	COOK COUNTY PUBLIC SCHOOLS
45.0	1742660	IL	WINCHESTER CUSD 1
45.0	1731950	IL	PLEASANT VALLEY SD 62
45.0	1603400	ID	WEST JEFFERSON DISTRICT
45.0	0804710	CO	HOLYOKE SCHOOL DISTRICT NO. RE-1J
45.0	0802730	CO	CALHAN DISTRICT NO. RJ1
45.0	0642060	CA	WEST PARK ELEMENTARY
45.0	0618660	CA	JACOBY CREEK ELEMENTARY
45.0	0604200	CA	BAYSHORE ELEMENTARY
45.0	0504860	AR	CUTTER-MORNING STAR SCH. DIST.
44.8	5516560	WI	WHEATLAND J1 SCHOOL DISTRICT
44.8	4843760	TX	VALLEY MILLS ISD
44.8	3904961	OH	GREEN LOCAL
44.8	3610410	NY	ELDRED CENTRAL SCHOOL DISTRICT
44.8	3403720	NJ	DELAWARE TOWNSHIP
44.8	3307115	NH	WILTON-LYNDEBORO SCHOOL DISTRICT
44.8	3174200	NE	CONESTOGA PUBLIC SCHOOLS
44.8	2733480	MN	ST. CLAIR PUBLIC SCHOOL DISTRICT
44.8	2725050	MN	ONAMIA PUBLIC SCHOOL DISTRICT
44.8	2620400	MI	KINGSTON COMMUNITY SCHOOL DISTRICT
44.8	0507170	AR	HACKETT SCHOOL DISTRICT
44.7	5511820	WI	TRI-COUNTY AREA SCHOOL DISTRICT
44.7	4821000	TX	GOLDTHWAITE ISD
44.7	4660450	SD	REDFIELD SCHOOL DISTRICT 56-4
44.7	4015090	OK	HOOKER
44.7	3623370	NY	POLAND CENTRAL SCHOOL DISTRICT
44.7	3620970	NY	NORTH COLLINS CENTRAL SCHOOL DISTRICT
44.7	3100071	NE	TEKAMAH-HERMAN COMMUNITY SCHS
44.7	2702730	MN	ADRIAN PUBLIC SCHOOL DISTRICT
44.7	2007470	KS	SOUTH BROWN COUNTY
44.7	1732100	IL	POLO CUSD 222
44.7	0902190	CT	LISBON SCHOOL DISTRICT
44.7	0613980	CA	FORESTHILL UNION ELEMENTARY
44.7	0609330	CA	COLLEGE ELEMENTARY
44.5	4222200	PA	SOUTHEASTERN GREENE SD
44.5	2931830	MO	OSAGE CO. R-III
44.5	2919230	MO	LONE JACK C-6
44.5	2908320	MO	JOHNSON CO. R-VII
44.5	1734140	IL	ROANOKE BENSON CUSD 60
44.5	0903420	CT	PRESTON SCHOOL DISTRICT
44.5	0805250	CO	LAS ANIMAS SCHOOL DISTRICT NO. RE-1
44.5	0510170	AR	MOUNTAIN PINE SCHOOL DISTRICT
44.3	5516740	WI	WILLIAMS BAY SCHOOL DISTRICT
44.3	5514970	WI	FLAMBEAU SCHOOL DISTRICT
44.3	5502610	WI	CLEAR LAKE SCHOOL DISTRICT
44.3	5500630	WI	AUGUSTA SCHOOL DISTRICT
44.3	4846260	TX	WINTERS  ISD
44.3	4225140	PA	WEATHERLY AREA SD
44.3	3910005	OH	JACKSON CENTER LOCAL
44.3	2907050	MO	CAMPBELL R-II
44.3	2314767	ME	MSAD 74
44.3	0807080	CO	HUERFANO SCHOOL DISTRICT RE-1
44.3	0638430	CA	SUNNYSIDE UNION ELEMENTARY
44.3	0502280	AR	ALPENA SCHOOL DISTRICT
44.3	0500020	AR	MIDLAND SCHOOL DISTRICT
44.2	5304110	WA	LACONNER SCHOOL DISTRICT
44.2	5301660	WA	CONCRETE SCHOOL DISTRICT
44.2	4835760	TX	PREMONT ISD
44.2	4822740	TX	HASKELL CISD
44.2	4819110	TX	FARWELL ISD
44.2	3904934	OH	KALIDA LOCAL
44.2	3904752	OH	UPPER SCIOTO VALLEY LOCAL
44.2	3904742	OH	ARLINGTON LOCAL
44.2	3410890	NJ	MOUNT EPHRAIM BOROUGH
44.2	2922830	MO	NORTH PLATTE CO. R-I
44.2	2920550	MO	MAYSVILLE R-I
44.2	2911550	MO	COLE CO. R-V
44.2	2603810	MI	BALDWIN COMMUNITY SCHOOLS
44.2	2010230	KS	OSAGE CITY
44.2	1729040	IL	NORWOOD ESD 63
44.2	1718200	IL	HARDIN COUNTY CUSD 1
44.2	1714160	IL	ELWOOD CCSD 203
44.0	4827990	TX	LONDON ISD
44.0	4202760	PA	AVELLA AREA SD
44.0	4105670	OR	GLIDE SD 12
44.0	4026550	OK	RUSH SPRINGS
44.0	4020340	OK	MORRISON
44.0	3905051	OH	WOLF CREEK LOCAL
44.0	3303690	NH	HENNIKER SCHOOL DISTRICT
44.0	2908460	MO	CHAFFEE R-II
44.0	2606900	MI	BRIMLEY AREA SCHOOLS
44.0	1729420	IL	OBLONG CUSD 4
44.0	1728560	IL	NOKOMIS CUSD 22
44.0	0900090	CT	ASHFORD SCHOOL DISTRICT
43.8	5308100	WA	SOUTH BEND SCHOOL DISTRICT
43.8	4030197	OK	PORTER CONSOLIDATED
43.8	2742120	MN	WAUBUN PUBLIC SCHOOL DISTRICT
43.8	2633000	MI	STEPHENSON AREA PUBLIC SCHOOLS
43.8	2607710	MI	CAMDEN-FRONTIER SCHOOLS
43.8	2510740	MA	SHIRLEY
43.8	1920190	IA	NASHUA-PLAINFIELD COMM SCHOOL DISTRICT
43.7	5300060	WA	ADNA SCHOOL DISTRICT
43.7	3405280	NJ	FOLSOM
43.7	3305430	NH	NORTHWOOD SCHOOL DISTRICT
43.7	2800810	MS	MOUND BAYOU PUBLIC SCHOOL
43.7	1302370	GA	GLASCOCK COUNTY
43.5	5508670	WI	MARATHON CITY SCHOOL DISTRICT
43.5	5100930	VA	COLONIAL BEACH PBLC SCHS
43.5	4841580	TX	PLEMONS-STINNETT-PHILLIPS CISD
43.5	4817010	TX	DEWEYVILLE ISD
43.5	4006180	OK	CALERA
43.5	3623070	NY	PINE VALLEY CENTRAL SCHOOL DISTRICT (SOUTH DAYTON)
43.5	3014820	MT	INDEPENDENT ELEM
43.5	2926430	MO	RICHLAND R-IV
43.5	2604290	MI	BEAL CITY PUBLIC SCHOOLS
43.5	2007290	KS	DURHAM-HILLSBORO-LEHIGH
43.5	1740260	IL	VIENNA SD 55
43.5	1714350	IL	ERIE CUSD 1
43.5	0502820	AR	BAY SCHOOL DISTRICT
43.3	5512480	WI	RAYMOND #14 SCHOOL DISTRICT
43.3	5511790	WI	PITTSVILLE SCHOOL DISTRICT
43.3	5500780	WI	BANGOR SCHOOL DISTRICT
43.3	4108100	OR	SANTIAM CANYON SD 129J
43.3	4106780	OR	JOHN DAY SD 3
43.3	3603210	NY	ARGYLE CENTRAL SCHOOL DISTRICT
43.3	3600017	NY	GENESEE VALLEY CENTRAL SCHOOL DISTRICT AT ANGELICA-BELMONT
43.3	3418270	NJ	WOODLYNNE BOROUGH
43.3	3417790	NJ	WESTVILLE
43.3	2700023	MN	BUFFALO LAKE-HECTOR SCHOOL DISTRICT
43.3	1926280	IA	SIGOURNEY COMM SCHOOL DISTRICT
43.3	1925200	IA	ST ANSGAR COMM SCHOOL DISTRICT
43.3	1900027	IA	RIVERSIDE COMM SCHOOL DISTRICT
43.2	4006630	OK	CARNEGIE
43.2	3400810	NJ	ALLOWAY TOWNSHIP
43.2	2925210	MO	PLATO R-V
43.2	2921750	MO	NEELYVILLE R-IV
43.2	2801140	MS	COFFEEVILLE SCHOOL DIST
43.2	1910110	IA	EAST BUCHANAN COMM SCHOOL DISTRICT
43.2	0619890	CA	KIT CARSON UNION ELEMENTARY
43.2	0507620	AR	HECTOR SCHOOL DISTRICT
43.2	0505580	AR	EAST END SCHOOL DISTRICT
43.0	5516710	WI	WILD ROSE SCHOOL DISTRICT
43.0	5500210	WI	ALMA CENTER SCHOOL DISTRICT
43.0	5306420	WA	OROVILLE SCHOOL DISTRICT
43.0	5004650	VT	HIGHGATE SCHOOL DISTRICT
43.0	4901170	UT	WAYNE DISTRICT
43.0	4840110	TX	SHINER ISD
43.0	3910002	OH	ARCADIA LOCAL
43.0	3904750	OH	RIDGEMONT LOCAL
43.0	3500960	NM	EUNICE MUNICIPAL SCHOOLS
43.0	3104950	NE	RAYMOND CENTRAL PUBLIC SCHOOLS
43.0	2723310	MN	NASHWAUK-KEEWATIN SCHOOL DISTRICT
43.0	2700088	MN	LAKEVIEW SCHOOL DISTRICT
43.0	2700007	MN	KINGSLAND PUBLIC SCHOOL DISTRICT
43.0	2009570	KS	NORTH OTTAWA COUNTY
43.0	1931950	IA	WOODBURY CENTRAL COMM SCHOOL DISTRICT
43.0	1900028	IA	PRAIRIE VALLEY COMM SCHOOL DISTRICT
43.0	1740380	IL	VIRDEN CUSD 4
43.0	1730930	IL	PAWNEE CUSD 11
43.0	1700115	IL	HENRY-SENACHWINE CUSD 5
43.0	0636670	CA	SHORELINE UNIFIED
43.0	0636000	CA	SAUSALITO MARIN CITY
42.8	5307210	WA	REARDAN-EDWALL SCHOOL DISTRICT
42.8	4839780	TX	SEYMOUR ISD
42.8	4008130	OK	COALGATE
42.8	3905023	OH	SOUTHINGTON LOCAL
42.8	3905020	OH	LORDSTOWN LOCAL
42.8	3303210	NH	GILMANTON SCHOOL DISTRICT
42.8	2920050	MO	MARCELINE R-V
42.8	2905130	MO	BISMARCK R-V
42.8	2904950	MO	BERNIE R-XIII
42.8	2005700	KS	ATCHISON CO COMM SCHOOLS
42.8	1741360	IL	WAYNE CITY CUSD 100
42.7	4835340	TX	POOLVILLE ISD
42.7	4823460	TX	HONEY GROVE ISD
42.7	4025050	OK	PRESTON
42.7	3910026	OH	CLAY LOCAL
42.7	3612030	NY	GERMANTOWN CENTRAL SCHOOL DISTRICT
42.7	3609060	NY	DEPOSIT CENTRAL SCHOOL DISTRICT
42.7	3022750	MT	ROCKY BOY ELEM
42.7	2740830	MN	UNDERWOOD PUBLIC SCHOOL DISTRICT
42.7	2700005	MN	UNITED SOUTH CENTRAL SCHOOL DIST.
42.7	2003960	KS	TWIN VALLEY
42.7	1904440	IA	BCLUW COMM SCHOOL DISTRICT
42.7	1720640	IL	JONESBORO CCSD 43
42.7	0900030	CT	ANDOVER SCHOOL DISTRICT
42.7	0615090	CA	GERBER UNION ELEMENTARY
42.5	4830300	TX	MERIDIAN ISD
42.5	4224120	PA	UNION SD
42.5	4212300	PA	JAMESTOWN AREA SD
42.5	4012240	OK	FRINK-CHAMBERS
42.5	4011760	OK	FLOWER MOUND
42.5	3404530	NJ	EGG HARBOR CITY
42.5	3178810	NE	WINNEBAGO PUBLIC SCHOOLS
42.5	1700109	IL	RIDGEVIEW CUSD 19
42.5	1603300	ID	WALLACE DISTRICT
42.5	0622860	CA	LOS MOLINOS UNIFIED
42.5	0603060	CA	ARCOHE UNION ELEMENTARY
42.3	4823370	TX	HOLLAND ISD
42.3	4666300	SD	SIOUX VALLEY SCHOOL DISTRICT 05-5
42.3	4222920	PA	SULLIVAN COUNTY SD
42.3	3305790	NH	PLYMOUTH SCHOOL DISTRICT
42.3	2800780	MS	SHAW SCHOOL DISTRICT
42.3	2633360	MI	SUTTONS BAY PUBLIC SCHOOLS
42.3	1904650	IA	BELLEVUE COMM SCHOOL DISTRICT
42.3	1731200	IL	PENNOYER SD 79
42.3	1703090	IL	ABINGDON CUSD 217
42.2	5510140	WI	RIVERDALE SCHOOL DISTRICT
42.2	5500016	WI	BLAIR-TAYLOR SCHOOL DISTRICT
42.2	5100330	VA	BATH CO PBLC SCHS
42.2	4840620	TX	SNOOK ISD
42.2	4829700	TX	MCCAMEY ISD
42.2	4016380	OK	KETCHUM
42.2	3403690	NJ	DELANCO TOWNSHIP
42.2	3300616	NH	MILTON SCHOOL DISTRICT
42.2	0618690	CA	JAMESTOWN ELEMENTARY
42.0	4600045	SD	GROTON AREA SCHOOL DISTRICT 06-6
42.0	4032970	OK	WISTER
42.0	4010200	OK	DRUMRIGHT
42.0	3905062	OH	EDON-NORTHWEST LOCAL
42.0	3501710	NM	LOVING MUNICIPAL SCHOOLS
42.0	3500510	NM	CLAYTON MUNICIPAL SCHOOLS
42.0	3415180	NJ	SOUTH BOUND BROOK BOROUGH
42.0	3408010	NJ	KINGWOOD TOWNSHIP
42.0	3009720	MT	ELDER GROVE ELEM
42.0	2733390	MN	SPRINGFIELD PUBLIC SCHOOL DISTRICT
42.0	1916440	IA	LAWTON-BRONSON COMM SCHOOL DISTRICT
42.0	1908550	IA	DANVILLE COMM SCHOOL DISTRICT
42.0	1903300	IA	ALBURNETT COMM SCHOOL DISTRICT
42.0	1712810	IL	DURAND CUSD 322
42.0	1709330	IL	CERRO GORDO CUSD 100
42.0	0504980	AR	DECATUR SCHOOL DISTRICT
42.0	0503770	AR	CADDO HILLS SCHOOL DISTRICT
41.8	5517220	WI	YORKVILLE J2 SCHOOL DISTRICT
41.8	5513140	WI	ROSHOLT SCHOOL DISTRICT
41.8	5505250	WI	GILLETT SCHOOL DISTRICT
41.8	3818730	ND	UNITED 7
41.8	3612840	NY	GREENPORT UNION FREE SCHOOL DISTRICT
41.8	3303780	NH	HINSDALE SCHOOL DISTRICT
41.8	3303420	NH	GREENLAND SCHOOL DISTRICT
41.8	3173050	NE	LOUISVILLE PUBLIC SCHOOLS
41.8	3100112	NE	LAKEVIEW COMMUNITY SCHOOLS
41.8	2717120	MN	KERKHOVEN-MURDOCK-SUNBURG
41.8	2711520	MN	ELY PUBLIC SCHOOL DISTRICT
41.7	3904939	OH	PANDORA-GILBOA LOCAL
41.7	3904893	OH	DANBURY LOCAL
41.7	3904833	OH	LOWELLVILLE LOCAL
41.7	3904743	OH	CORY-RAWSON LOCAL
41.7	3904522	OH	BRADFORD EXEMPTED VILLAGE
41.7	3800044	ND	NORTHERN CASS 97
41.7	3613380	NY	HAMILTON CENTRAL SCHOOL DISTRICT
41.7	3410530	NJ	MONTAGUE
41.7	2920160	MO	MARION C. EARLY R-V
41.7	2800960	MS	CHICKASAW CO SCHOOL DIST
41.7	2624630	MI	MORRICE AREA SCHOOLS
41.7	2610980	MI	COVERT PUBLIC SCHOOLS
41.7	1910690	IA	ELDORA-NEW PROVIDENCE COMM SCHOOL DISTRICT
41.7	1713590	IL	EGYPTIAN CUSD 5
41.7	1601620	ID	KAMIAH JOINT DISTRICT
41.7	0505340	AR	DIERKS SCHOOL DISTRICT
41.5	5309030	WA	TOUTLE LAKE SCHOOL DISTRICT
41.5	4017760	OK	LIBERTY
41.5	3501620	NM	LORDSBURG MUNICIPAL SCHOOLS
41.5	2914460	MO	HOLCOMB R-III
41.5	2791451	MN	JANESVILLE-WALDORF-PEMBERTON
41.5	2700100	MN	FILLMORE CENTRAL
41.5	1913350	IA	CLAYTON RIDGE COMM SCHOOL DISTRICT
41.5	1900026	IA	SOUTH O'BRIEN COMM SCHOOL DISTRICT
41.5	1739450	IL	TRI CITY CUSD 1
41.5	1729100	IL	OAK GROVE SD 68
41.3	5504200	WI	ELEVA-STRUM SCHOOL DISTRICT
41.3	5504080	WI	EDGAR SCHOOL DISTRICT
41.3	3803060	ND	BOTTINEAU 1
41.3	3620010	NY	MOUNT MORRIS CENTRAL SCHOOL DISTRICT
41.3	0642180	CA	WESTMORLAND UNION ELEMENTARY
41.3	0629400	CA	PACIFIC UNION ELEMENTARY
41.3	0608580	CA	CHUALAR UNION ELEMENTARY
41.3	0200540	AK	NENANA CITY SCHOOL DISTRICT
41.2	4626370	SD	GARRETSON SCHOOL DISTRICT 49-4
41.2	4025320	OK	QUAPAW
41.2	3178720	NE	WILBER-CLATONIA PUBLIC SCHOOLS
41.2	3026160	MT	THREE FORKS ELEM
41.2	2700294	MN	RTR PUBLIC SCHOOLS
41.2	1601830	ID	LAPWAI DISTRICT
41.2	0633270	CA	ROCKFORD ELEMENTARY
41.2	0507230	AR	HAMPTON SCHOOL DISTRICT
41.0	5515090	WI	TWIN LAKES #4 SCHOOL DISTRICT
41.0	5006180	VT	NORWICH SCHOOL DISTRICT
41.0	3411940	NJ	OAKLYN BOROUGH
41.0	3178940	NE	WOOD RIVER RURAL SCHOOLS
41.0	1920460	IA	NEW LONDON COMM SCHOOL DISTRICT
41.0	1700014	IL	GOREVILLE CUD 1
41.0	0606720	CA	BUTTONWILLOW UNION ELEMENTARY
41.0	0604350	CA	BELLA VISTA ELEMENTARY
41.0	0200004	AK	YUPIIT SCHOOL DISTRICT
40.8	5007080	VT	RUTLAND TOWN SCHOOL DISTRICT
40.8	4842360	TX	TENAHA ISD
40.8	3415660	NJ	SPRINGFIELD TOWNSHIP
40.8	2921000	MO	MILLER R-II
40.8	2012030	KS	STERLING
40.8	1812060	IN	CROTHERSVILLE COMMUNITY SCHOOLS
40.8	0512570	AR	SOUTH SIDE SCHOOL DISTRICT
40.8	0507740	AR	CROSS COUNTY SCHOOL DISTRICT
40.7	5505220	WI	GIBRALTAR AREA SCHOOL DISTRICT
40.7	5502490	WI	CHETEK SCHOOL DISTRICT
40.7	4212420	PA	JENKINTOWN SD
40.7	3904725	OH	CEDAR CLIFF LOCAL
40.7	3602670	NY	ALEXANDRIA CENTRAL SCHOOL DISTRICT
40.7	3502580	NM	TEXICO MUNICIPAL SCHOOLS
40.7	3405790	NJ	GARWOOD
40.7	1920760	IA	NORTH CENTRAL COMM SCHOOL DISTRICT
40.7	1912660	IA	GLADBROOK-REINBECK COMM SCHOOL DISTRICT
40.7	1700223	IL	OKAW VALLEY CUSD 302
40.7	0618780	CA	JANESVILLE UNION ELEMENTARY
40.5	5500017	WI	RIVER RIDGE SCHOOL DISTRICT
40.5	5305020	WA	METHOW VALLEY SCHOOL DISTRICT
40.5	4111790	OR	STANFIELD SD 61
40.5	4030960	OK	VANOSS
40.5	3416320	NJ	TUCKERTON BOROUGH
40.5	3307110	NH	WILTON SCHOOL DISTRICT
40.5	2930330	MO	TIPTON R-VI
40.5	2910350	MO	CROCKER R-II
40.5	2102100	KY	FULTON COUNTY
40.5	1914850	IA	IOWA VALLEY COMM SCHOOL DISTRICT
40.5	1737980	IL	STOCKTON CUSD 206
40.5	1732280	IL	POPE CO CUD 1
40.5	1704380	IL	ASHTON-FRANKLIN CENTER CUSD 275
40.5	0601331	CA	TRINITY ALPS UNIFIED
40.3	5006000	VT	NEWPORT CITY SCHOOL DISTRICT
40.3	4827570	TX	LINDSAY ISD
40.3	4024510	OK	PIONEER-PLEASANT VALE
40.3	3800031	ND	HAZEN 3
40.3	3605610	NY	BROCTON CENTRAL SCHOOL DISTRICT
40.3	3200330	NV	MINERAL COUNTY SCHOOL DISTRICT
40.3	2905280	MO	BLUE EYE R-V
40.3	1930560	IA	WAYNE COMM SCHOOL DISTRICT
40.3	1716140	IL	GALVA CUSD 224
40.3	0621240	CA	LE GRAND UNION ELEMENTARY
40.3	0614010	CA	FORESTVILLE UNION ELEMENTARY
40.3	0602730	CA	ANDERSON VALLEY UNIFIED
40.2	5000001	VT	CASTLETON-HUBBARDTON USD #42
40.2	4843140	TX	TRENTON ISD
40.2	4842630	TX	THORNDALE ISD
40.2	4819280	TX	FLATONIA ISD
40.2	4810910	TX	BOSQUEVILLE ISD
40.2	4032670	OK	WHITEBEAD
40.2	3904721	OH	NEWBURY LOCAL
40.2	3600007	NY	JASPER-TROUPSBURG CENTRAL SCHOOL DISTRICT
40.2	2920700	MO	SCOTLAND CO. R-I
40.2	2723970	MN	OGILVIE PUBLIC SCHOOL DISTRICT
40.2	2718030	MN	LECENTER PUBLIC SCHOOL DISTRICT
40.2	2707590	MN	CARLTON PUBLIC SCHOOL DISTRICT
40.2	2004560	KS	VERMILLION
40.2	1913320	IA	GUTHRIE CENTER COMM SCHOOL DISTRICT
40.2	1903480	IA	ALTA COMM SCHOOL DISTRICT
40.2	1304650	GA	TALBOT COUNTY
40.2	0904080	CT	SHERMAN SCHOOL DISTRICT
40.2	0639940	CA	TULELAKE BASIN JOINT UNIFIED
40.0	4025410	OK	QUINTON
40.0	4015240	OK	HULBERT
40.0	3904976	OH	BOTKINS LOCAL
40.0	3811430	ND	LISBON 19
40.0	3602400	NY	AFTON CENTRAL SCHOOL DISTRICT
40.0	3411130	NJ	NEPTUNE CITY
40.0	2926970	MO	COLE CO. R-I
40.0	2718570	MN	MADELIA PUBLIC SCHOOL DISTRICT
40.0	2700001	MN	MOUNTAIN IRON-BUHL SCHOOL DISTRICT
40.0	2310890	ME	MSAD 20
40.0	1927600	IA	SUMNER COMM SCHOOL DISTRICT
40.0	1738520	IL	TAFT SD 90
40.0	1729940	IL	R O W V A CUSD 208
40.0	1708610	IL	CARROLLTON CUSD 1
40.0	0803300	CO	DEL NORTE CONSOLIDATED SCHOOL DISTRICT NO. C-7
40.0	0506240	AR	FOREMAN SCHOOL DISTRICT
39.8	5502340	WI	CASHTON SCHOOL DISTRICT
39.8	3616960	NY	NORTH WARREN CENTRAL SCHOOL DISTRICT
39.8	3611310	NY	FORT EDWARD UNION FREE SCHOOL DISTRICT
39.8	3417910	NJ	WHITE TOWNSHIP
39.8	2912630	MO	GALENA R-II
39.8	2700163	MN	RENVILLE COUNTY WEST SCHOOL DIST.
39.8	2617370	MI	HALE AREA SCHOOLS
39.8	2512990	MA	WILLIAMSBURG
39.8	2503120	MA	BROOKFIELD
39.8	0633660	CA	ROSS ELEMENTARY
39.7	4900840	UT	RICH DISTRICT
39.7	4842900	TX	TOLAR ISD
39.7	4836180	TX	QUANAH ISD
39.7	4701390	TN	BRADFORD SPECIAL SCHOOL DIST
39.7	4112930	OR	VERNONIA SD 47J
39.7	4101660	OR	ATHENA-WESTON SD 29RJ
39.7	4014850	OK	HOLLIS
39.7	3904597	OH	WAYNESFIELD-GOSHEN LOCAL
39.7	2913710	MO	HARRISBURG R-VIII
39.7	2903200	MO	ARCHIE R-V
39.7	2103000	KY	JENKINS INDEPENDENT
39.7	1736610	IL	SOUTHEASTERN CUSD 337
39.7	1717370	IL	GRANT PARK CUSD 6
39.7	0511730	AR	POYEN SCHOOL DISTRICT
39.5	5514820	WI	THORP SCHOOL DISTRICT
39.5	5503030	WI	CUBA CITY SCHOOL DISTRICT
39.5	4832910	TX	NORMANGEE ISD
39.5	4831950	TX	MUMFORD ISD
39.5	4109150	OR	OAKRIDGE SD 76
39.5	4103270	OR	COLTON SD 53
39.5	4023370	OK	PANAMA
39.5	3904536	OH	FAIRPORT HARBOR EXEMPTED VILLAGE
39.5	3616380	NY	LA FARGEVILLE CENTRAL SCHOOL DISTRICT
39.5	3611250	NY	FORESTVILLE CENTRAL SCHOOL DISTRICT
39.5	2314760	ME	MSAD 67
39.5	0806180	CO	RANGELY SCHOOL DISTRICT RE4
39.5	0640470	CA	UPPER LAKE UNION ELEMENTARY
39.5	0505190	AR	DES ARC SCHOOL DISTRICT
39.3	4011250	OK	FAIRLAND
39.3	4008250	OK	COLCORD
39.3	3904720	OH	LEDGEMONT LOCAL
39.3	3618840	NY	MCGRAW CENTRAL SCHOOL DISTRICT
39.3	2931710	MO	WEST PLATTE CO. R-II
39.3	2309330	ME	ORRINGTON SCHOOL DEPARTMENT
39.3	1920850	IA	NORTH MAHASKA COMM SCHOOL DISTRICT
39.3	1904080	IA	A-H-S-T COMM SCHOOL DISTRICT
39.3	1700106	IL	HERITAGE CUSD 8
39.3	0900780	CT	CHESTER SCHOOL DISTRICT
39.3	0403200	AZ	FT THOMAS UNIFIED DISTRICT
39.3	0400026	AZ	HEBER-OVERGAARD UNIFIED DISTRICT
39.2	5002640	VT	BRISTOL SCHOOL DISTRICT
39.2	4815600	TX	CRAWFORD ISD
39.2	4813200	TX	CAYUGA ISD
39.2	4209660	PA	FANNETT-METAL SD
39.2	3408160	NJ	LAKEHURST
39.2	3172570	NE	KIMBALL PUBLIC SCHOOLS
39.2	3100118	NE	FILLMORE CENTRAL PUBLIC SCHS
39.2	2700126	MN	ADA-BORUP PUBLIC SCHOOL DISTRICT
39.2	2618360	MI	HILLMAN COMMUNITY SCHOOLS
39.2	2600012	MI	ST. IGNACE AREA SCHOOLS
39.2	2010320	KS	OSKALOOSA PUBLIC SCHOOLS
39.2	1931110	IA	WEST MONONA COMM SCHOOL DISTRICT
39.2	1910500	IA	EDGEWOOD-COLESBURG COMM SCHOOL DISTRICT
39.2	0510080	AR	MT. VERNON/ENOLA SCHOOL DIST.
39.0	5509300	WI	NORTH LAKE SCHOOL DISTRICT
39.0	5504380	WI	ROYALL SCHOOL DISTRICT
39.0	5500150	WI	ALGOMA SCHOOL DISTRICT
39.0	4830180	TX	MEMPHIS ISD
39.0	3603240	NY	ARKPORT CENTRAL SCHOOL DISTRICT
39.0	3007330	MT	CONRAD ELEM
39.0	2614790	MI	FRANKFORT-ELBERTA AREA SCHOOLS
39.0	1810740	IN	RANDOLPH SOUTHERN SCHOOL CORP
39.0	0500032	AR	BEARDEN SCHOOL DISTRICT
38.8	5600960	WY	FREMONT COUNTY SCHOOL DISTRICT #38
38.8	4833870	TX	OVERTON ISD
38.8	4828350	TX	LOUISE ISD
38.8	4016720	OK	KREBS
38.8	3625470	NY	SALEM CENTRAL SCHOOL DISTRICT
38.8	3501860	NM	MORA INDEPENDENT SCHOOLS
38.8	3415600	NJ	SPRING LAKE HEIGHTS BOROU
38.8	3103130	NE	ARLINGTON PUBLIC SCHOOLS
38.8	2104860	KY	PINEVILLE INDEPENDENT
38.8	2011550	KS	SEDGWICK PUBLIC SCHOOLS
38.8	1722050	IL	LARAWAY CCSD 70C
38.8	1709400	IL	CHADWICK-MILLEDGEVILLE CUSD 399
38.8	1704740	IL	AVISTON SD 21
38.8	0806450	CO	SARGENT SCHOOL DISTRICT NO. RE-33J
38.8	0504350	AR	CLARENDON SCHOOL DISTRICT
38.7	4633360	SD	HILL CITY SCHOOL DISTRICT 51-2
38.7	4607400	SD	BON HOMME SCHOOL DISTRICT 04-2
38.7	4100040	OR	KNAPPA SD 4
38.7	3817570	ND	STANLEY 2
38.7	3600006	NY	CHERRY VALLEY-SPRINGFIELD CENTRAL SCHOOL DISTRICT
38.7	3100115	NE	NORTH BEND CENTRAL PUBLIC SCHS
38.7	2928590	MO	SOUTHERN REYNOLDS CO. R-II
38.7	2311250	ME	MSAD 31
38.7	2303290	ME	BOOTHBAY-BOOTHBAY HBR CSD
38.7	2100090	KY	ANCHORAGE IND
38.7	2007750	KS	JAYHAWK
38.5	4814580	TX	COLLINSVILLE ISD
38.5	4809870	TX	BEN BOLT-PALITO BLANCO ISD
38.5	4206390	PA	COMMODORE PERRY SD
38.5	4024840	OK	PORUM
38.5	4013500	OK	GROVE
38.5	4010890	OK	EMPIRE
38.5	3173290	NE	MALCOLM PUBLIC SCHOOLS
38.5	2921960	MO	NEW HAVEN
38.5	2715510	MN	ISLE PUBLIC SCHOOL DISTRICT
38.5	2710090	MN	DAWSON-BOYD PUBLIC SCHOOL DISTRICT
38.5	2625140	MI	NEW BUFFALO AREA SCHOOLS
38.5	2622800	MI	MARION PUBLIC SCHOOLS
38.5	2614700	MI	FOWLER PUBLIC SCHOOLS
38.5	1919590	IA	MONTEZUMA COMM SCHOOL DISTRICT
38.5	1917550	IA	LONE TREE COMM SCHOOL DISTRICT
38.5	1903220	IA	AKRON WESTFIELD COMM SCHOOL DISTRICT
38.5	1730660	IL	PANHANDLE CUSD 2
38.5	0638250	CA	SUMMERVILLE ELEMENTARY
38.5	0404410	AZ	LITTLEFIELD UNIFIED DISTRICT
38.3	4838430	TX	SABINAL ISD
38.3	3403660	NJ	DEERFIELD TOWNSHIP
38.3	2503060	MA	BRIMFIELD
38.3	1727960	IL	NEW ATHENS CUSD 60
38.3	0611870	CA	EASTERN SIERRA UNIFIED
38.3	0406850	AZ	RAY UNIFIED DISTRICT
38.2	5006630	VT	POWNAL SCHOOL DISTRICT
38.2	4226430	PA	WILLIAMSBURG COMMUNITY SD
38.2	3409780	NJ	MAURICE RIVER TOWNSHIP
38.2	1999019	IA	SOUTHEAST WEBSTER GRAND COMM SCHOOL DISTRICT
38.2	1906240	IA	CARDINAL COMM SCHOOL DISTRICT
38.2	1730900	IL	GEN GEORGE PATTON SD 133
38.2	1727180	IL	MOUNT OLIVE CUSD 5
38.2	1304590	GA	STEWART COUNTY
38.0	5513500	WI	SEVASTOPOL SCHOOL DISTRICT
38.0	5305250	WA	MOSSYROCK SCHOOL DISTRICT
38.0	4844890	TX	WELLINGTON ISD
38.0	4824450	TX	ITALY ISD
38.0	4027990	OK	SOUTH ROCK CREEK
38.0	4020100	OK	MINCO
38.0	3629070	NY	TUCKAHOE COMMON SCHOOL DISTRICT
38.0	3600003	NY	EDWARDS-KNOX CENTRAL SCHOOL DISTRICT
38.0	3304960	NH	MOULTONBOROUGH SCHOOL DISTRICT
38.0	3162950	NE	CENTURA PUBLIC SCHOOLS
38.0	3017580	MT	MALTA K-12 SCHOOLS
38.0	2012150	KS	SYRACUSE
38.0	1741750	IL	WEST WASHINGTON CO CUD 10
38.0	1733090	IL	RAMSEY CUSD 204
38.0	1710760	IL	CATLIN CUSD 5
38.0	0904260	CT	SPRAGUE SCHOOL DISTRICT
37.8	5506480	WI	HILLSBORO SCHOOL DISTRICT
37.8	4827890	TX	LOCKNEY ISD
37.8	4823070	TX	HICO ISD
37.8	4016470	OK	KEYSTONE
37.8	3416590	NJ	UPPER PITTSGROVE TOWNSHIP
37.8	2504650	MA	OAK BLUFFS
37.8	1918750	IA	MARTENSDALE-ST MARYS COMM SCHOOL DISTRICT
37.8	1740080	IL	VALMEYER CUSD 3
37.8	1736330	IL	SIGNAL HILL SD 181
37.8	1708070	IL	CAIRO USD 1
37.8	0627030	CA	NEW JERUSALEM ELEMENTARY
37.8	0200120	AK	DILLINGHAM CITY SCHOOL DISTRICT
37.7	5512690	WI	REEDSVILLE SCHOOL DISTRICT
37.7	5510860	WI	OAKFIELD SCHOOL DISTRICT
37.7	5506750	WI	HURLEY SCHOOL DISTRICT
37.7	5005370	VT	MANCHESTER SCHOOL DISTRICT
37.7	4813710	TX	CHARLOTTE ISD
37.7	4810950	TX	BOVINA ISD
37.7	4105760	OR	CENTRAL CURRY SD 1
37.7	3910021	OH	OLD FORT LOCAL
37.7	3904754	OH	CONOTTON VALLEY UNION LOCAL
37.7	3405670	NJ	FRELINGHUYSEN TOWNSHIP
37.7	2509090	MA	EDGARTOWN
37.7	2009240	KS	MARION-FLORENCE
37.7	1903060	IA	AGWSR COMM SCHOOL DISTRICT
37.7	0510980	AR	OUACHITA SCHOOL DISTRICT
37.5	4030450	OK	TWIN HILLS
37.5	4014130	OK	HEALDTON
37.5	3401020	NJ	ATLANTIC HIGHLANDS
37.5	2918670	MO	LINCOLN R-II
37.5	2007860	KS	STANTON COUNTY
37.5	1722710	IL	LEXINGTON CUSD 7
37.3	5512900	WI	RICHFIELD J1 SCHOOL DISTRICT
37.3	4844820	TX	WEIMAR ISD
37.3	4826220	TX	LAPOYNOR ISD
37.3	4810170	TX	BIG SANDY ISD
37.3	4108430	OR	MONROE SD 1J
37.3	4020160	OK	MOFFETT
37.3	3904932	OH	CONTINENTAL LOCAL
37.3	3816130	ND	RUGBY 5
37.3	3610530	NY	ELLICOTTVILLE CENTRAL SCHOOL DISTRICT
37.3	2923640	MO	MEADOW HEIGHTS R-II
37.3	2741060	MN	WABASHA-KELLOGG PUBLIC SCHOOL DIST.
37.3	2717570	MN	LAKE OF THE WOODS SCHOOL DISTRICT
37.3	2703030	MN	ALDEN-CONGER PUBLIC SCHOOL DISTRICT
37.3	2504530	MA	EASTHAM
37.3	2003480	KS	NORTHEAST
37.3	1725190	IL	MAZON-VERONA-KINSMAN ESD 2C
37.3	0630480	CA	PIONEER UNION ELEMENTARY
37.2	4033601	OK	ROCK CREEK
37.2	4016500	OK	KIEFER
37.2	4012900	OK	GORE
37.2	3622410	NY	PANAMA CENTRAL SCHOOL DISTRICT
37.2	3611280	NY	FORT ANN CENTRAL SCHOOL DISTRICT
37.2	3413500	NJ	QUINTON TOWNSHIP
37.2	2723370	MN	NEVIS PUBLIC SCHOOL DISTRICT
37.2	2308280	ME	MILLINOCKET SCHOOL DEPARTMENT
37.2	2006930	KS	SOUTHERN LYON COUNTY
37.2	2000014	KS	CENTRAL HEIGHTS
37.2	1913230	IA	GRISWOLD COMM SCHOOL DISTRICT
37.2	1907900	IA	COLLINS-MAXWELL COMM SCHOOL DISTRICT
37.2	0636210	CA	SEELEY UNION ELEMENTARY
37.2	0509150	AR	MAGAZINE SCHOOL DISTRICT
37.2	0508340	AR	JUNCTION CITY SCHOOL DISTRICT
37.2	0500021	AR	IZARD CO. CONS. SCHOOL DIST.
37.0	5512420	WI	RANDOLPH SCHOOL DISTRICT
37.0	5511310	WI	OWEN-WITHEE SCHOOL DISTRICT
37.0	4846650	TX	YORKTOWN ISD
37.0	4846470	TX	WORTHAM ISD
37.0	4837110	TX	RIESEL ISD
37.0	4811070	TX	BRACKETT ISD
37.0	4701140	TN	ETOWAH CITY ELEMENTARY SCH DIS
37.0	4676990	SD	WEBSTER SCHOOL DISTRICT 18-4
37.0	4217700	PA	NORTHERN POTTER SD
37.0	4003010	OK	ANDERSON
37.0	3607080	NY	CHATEAUGAY CENTRAL SCHOOL DISTRICT
37.0	3603630	NY	AVOCA CENTRAL SCHOOL DISTRICT
37.0	3409960	NJ	MERCHANTVILLE
37.0	3100114	NE	LOGAN VIEW PUBLIC SCHOOLS
37.0	3004260	MT	BONNER ELEM
37.0	2931800	MO	MIDWAY R-I
37.0	2918510	MO	LIBERAL R-II
37.0	2700110	MN	CEDAR MOUNTAIN SCHOOL DISTRICT
37.0	1925920	IA	SHEFFIELD CHAPIN MESERVEY THORNTON CSD
37.0	1900023	IA	SIOUX CENTRAL COMM SCHOOL DISTRICT
37.0	1305580	GA	WEBSTER COUNTY
37.0	0614520	CA	FRESHWATER ELEMENTARY
37.0	0600037	CA	FERNDALE UNIFIED
37.0	0200070	AK	COPPER RIVER SCHOOL DISTRICT
36.8	5008250	VT	VERGENNES UESD #44
36.8	4826850	TX	LASARA ISD
36.8	4021600	OK	NINNEKAH
36.8	4010860	OK	ELMORE CITY-PERNELL
36.8	4000032	OK	HYDRO-EAKLY
36.8	3904446	OH	NEW BOSTON LOCAL
36.8	3614310	NY	HEUVELTON CENTRAL SCHOOL DISTRICT
36.8	3414520	NJ	SADDLE RIVER
36.8	3100105	NE	BRIDGEPORT PUBLIC SCHOOLS
36.8	0605040	CA	BIGGS UNIFIED
36.8	0503300	AR	BLEVINS SCHOOL DISTRICT
36.7	5515930	WI	WAUSAUKEE SCHOOL DISTRICT
36.7	4606240	SD	BENNETT COUNTY SCHOOL DISTRICT 03-1
36.7	4006810	OK	CASHION
36.7	3624570	NY	RICHFIELD SPRINGS CENTRAL SCHOOL DISTRICT
36.7	2728110	MN	PARKERS PRAIRIE PUBLIC SCHOOL DIST.
36.7	2000030	KS	REPUBLIC COUNTY
36.7	1921000	IA	NORTH TAMA COUNTY COMM SCHOOL DISTRICT
36.7	1905490	IA	BROOKLYN-GUERNSEY-MALCOM COMM SCHOOL DISTRICT
36.7	0637770	CA	SPRINGVILLE UNION ELEMENTARY
36.7	0509570	AR	MAYNARD SCHOOL DISTRICT
36.5	5514850	WI	THREE LAKES SCHOOL DISTRICT
36.5	4822590	TX	HARPER ISD
36.5	4221180	PA	SHADE-CENTRAL CITY SD
36.5	4208280	PA	FOREST AREA SD
36.5	4025500	OK	RATTAN
36.5	3622440	NY	PARISHVILLE-HOPKINTON CENTRAL SCHOOL DISTRICT
36.5	3500270	NM	CAPITAN MUNICIPAL SCHOOLS
36.5	3006110	MT	ST IGNATIUS K-12 SCHOOLS
36.5	2740920	MN	VERNDALE PUBLIC SCHOOL DISTRICT
36.5	2630060	MI	ROGERS CITY AREA SCHOOLS
36.5	2608160	MI	CARSONVILLE-PORT SANILAC SCHOOL DISTRICT
36.5	2307800	ME	MADAWASKA SCHOOL DEPARTMENT
36.5	1926850	IA	SOUTHEAST WARREN COMM SCHOOL DISTRICT
36.5	1600490	ID	BUTTE COUNTY JOINT DISTRICT
36.5	0514400	AR	WOODLAWN SCHOOL DISTRICT
36.3	4024150	OK	PIONEER
36.3	3407110	NJ	HIGH BRIDGE BOROUGH
36.3	3302280	NH	CHESTERFIELD SCHOOL DISTRICT
36.3	2932220	MO	WINONA R-III
36.3	2620700	MI	LAKE LINDEN-HUBBELL SCHOOL DISTRICT
36.3	1931470	IA	WESTWOOD COMM SCHOOL DISTRICT
36.3	1915750	IA	KINGSLEY-PIERSON COMM SCHOOL DISTRICT
36.3	1735310	IL	SANDOVAL CUSD 501
36.3	1708160	IL	CAMBRIDGE CUSD 227
36.3	0617880	CA	HUGHES-ELIZABETH LAKES UNION ELEMENTARY
36.3	0510560	AR	NORFORK SCHOOL DISTRICT
36.3	0510410	AR	NEMO VISTA SCHOOL DISTRICT
36.2	4839390	TX	SANTO ISD
36.2	4014080	OK	HAWORTH
36.2	3415720	NJ	STANHOPE BOROUGH
36.2	3023900	MT	SHELBY ELEM
36.2	2929820	MO	SUNRISE R-IX
36.2	2005800	KS	ELL-SALINE
36.2	1712090	IL	DEPUE USD 103
36.2	1707980	IL	BUTLER SD 53
36.2	0512420	AR	SHIRLEY SCHOOL DISTRICT
36.2	0401080	AZ	BEAVER CREEK ELEMENTARY DISTRICT
36.0	5503240	WI	DE SOTO AREA SCHOOL DISTRICT
36.0	4836390	TX	RALLS ISD
36.0	4027930	OK	SNYDER
36.0	3904707	OH	PETTISVILLE LOCAL
36.0	3627930	NY	SAINT JOHNSVILLE CENTRAL SCHOOL DISTRICT
36.0	3411100	NJ	NATIONAL PARK BOROUGH
36.0	3406720	NJ	HARDING TOWNSHIP
36.0	2303870	ME	CALAIS SCHOOL DEPARTMENT
36.0	2006240	KS	REMINGTON-WHITEWATER
36.0	2006000	KS	ERIE
36.0	1923190	IA	POCAHONTAS AREA COMM SCHOOL DISTRICT
36.0	1906000	IA	CALAMUS-WHEATLAND COMM SCHOOL DISTRICT
36.0	1803330	IN	EMINENCE COMMUNITY SCHOOL CORP
36.0	1737120	IL	ST ANNE CCSD 256
35.8	4838640	TX	SAM RAYBURN ISD
35.8	4835040	TX	PLAINS ISD
35.8	4217130	PA	NORTH CLARION COUNTY SD
35.8	3618080	NY	MADISON CENTRAL SCHOOL DISTRICT
35.8	3413260	NJ	POHATCONG TOWNSHIP
35.8	3303360	NH	GRANTHAM SCHOOL DISTRICT
35.8	2921940	MO	NEW FRANKLIN R-I
35.8	2512570	MA	TISBURY
35.8	1929490	IA	WACO COMM SCHOOL DISTRICT
35.8	1921210	IA	NORTHWOOD-KENSETT COMM SCHOOL DISTRICT
35.8	1906840	IA	CENTRAL COMM SCHOOL DISTRICT
35.8	1718060	IL	HAMILTON CCSD 328
35.8	0636360	CA	SEQUOIA UNION ELEMENTARY
35.8	0621090	CA	LASSEN VIEW UNION ELEMENTARY
35.8	0605700	CA	BORREGO SPRINGS UNIFIED
35.8	0509510	AR	MARVELL SCHOOL DISTRICT
35.7	4835370	TX	PORT ARANSAS ISD
35.7	4829190	TX	MART ISD
35.7	4600036	SD	DEUEL SCHOOL DISTRICT 19-4
35.7	3171820	NE	HERSHEY PUBLIC SCHOOLS
35.7	2610020	MI	CLIMAX-SCOTTS COMMUNITY SCHOOLS
35.7	2007110	KS	HERINGTON
35.7	1903960	IA	AUDUBON COMM SCHOOL DISTRICT
35.7	1601290	ID	GRACE JOINT DISTRICT
35.7	0631680	CA	RAISIN CITY ELEMENTARY
35.7	0404820	AZ	MAYER UNIFIED SCHOOL DISTRICT
35.5	5509390	WI	STONE BANK SCHOOL DISTRICT
35.5	5508280	WI	LUCK SCHOOL DISTRICT
35.5	5506300	WI	SOUTHWESTERN WISCONSIN SCHOOL DISTRICT
35.5	5500840	WI	BARNEVELD SCHOOL DISTRICT
35.5	5004560	VT	HARDWICK SCHOOL DISTRICT
35.5	4841910	TX	SUNRAY ISD
35.5	4105430	OR	GASTON SD 511J
35.5	3904596	OH	NEW KNOXVILLE LOCAL
35.5	3302790	NH	EAST KINGSTON SCHOOL DISTRICT
35.5	3170650	NE	FORT CALHOUN COMMUNITY SCHS
35.5	3102820	NE	BOONE CENTRAL SCHOOLS
35.5	2012810	KS	LEBO-WAVERLY
35.5	2009360	KS	MCLOUTH
35.5	1914880	IA	IKM COMM SCHOOL DISTRICT
35.5	0603750	CA	BALLICO-CRESSEY ELEMENTARY
35.3	5003870	VT	FAIR HAVEN SCHOOL DISTRICT
35.3	4840320	TX	SIMMS ISD
35.3	4836480	TX	RANGER ISD
35.3	4109120	OR	OAKLAND SD 1
35.3	3905061	OH	EDGERTON LOCAL
35.3	3604370	NY	BELLEVILLE HENDERSON CENTRAL SCHOOL DISTRICT
35.3	3405460	NJ	FRANKLIN TOWNSHIP
35.3	3100176	NE	JOHNSON CO CENTRAL PUBLIC SCHS
35.3	2930750	MO	VAN BUREN R-I
35.3	2713140	MN	GRAND MEADOW PUBLIC SCHOOL DISTRICT
35.3	2700103	MN	CLEARBROOK-GONVICK SCHOOL DISTRICT
35.3	2003240	KS	MILL CREEK VALLEY
35.3	1712930	IL	EARLVILLE CUSD 9
35.3	0621570	CA	LIBERTY ELEMENTARY
35.3	0620520	CA	LAGUNITAS ELEMENTARY
35.3	0602360	CA	ALVIEW-DAIRYLAND UNION ELEMENTARY
35.3	0400520	AZ	AJO UNIFIED DISTRICT
35.2	4654300	SD	PARKSTON SCHOOL DISTRICT 33-3
35.2	4646380	SD	MCLAUGHLIN SCHOOL DISTRICT 15-2
35.2	4020280	OK	MOORELAND
35.2	4015120	OK	HOWE
35.2	3502160	NM	QUESTA INDEPENDENT SCHOOLS
35.2	3417340	NJ	WENONAH
35.2	3408070	NJ	KNOWLTON TOWNSHIP
35.2	3405520	NJ	FRANKLIN TOWNSHIP
35.2	3306540	NH	SUNAPEE SCHOOL DISTRICT
35.2	2921720	MO	NAYLOR R-II
35.2	2723010	MN	MOUNTAIN LAKE PUBLIC SCHOOLS
35.2	2604620	MI	BELLAIRE PUBLIC SCHOOLS
35.2	1910350	IA	EAST UNION COMM SCHOOL DISTRICT
35.2	1742720	IL	WINFIELD SD 34
35.2	0509990	AR	MOUNT IDA SCHOOL DISTRICT
35.0	5304500	WA	LOON LAKE SCHOOL DISTRICT
35.0	5003780	VT	ENOSBURGH TOWN SCHOOL DISTRICT
35.0	4002790	OK	ALLEN-BOWDEN
35.0	3904936	OH	MILLER CITY-NEW CLEVELAND LOCAL
35.0	3620430	NY	NEW LEBANON CENTRAL SCHOOL DISTRICT
35.0	3417370	NJ	WEST AMWELL TOWNSHIP
35.0	2100780	KY	BURGIN IND
35.0	2013110	KS	WOODSON
35.0	2006060	KS	MISSION VALLEY
35.0	1717220	IL	GRAND RIDGE CCSD 95
35.0	1714250	IL	EMMONS SD 33
35.0	1603480	ID	WILDER DISTRICT
35.0	0805070	CO	WEST GRAND SCHOOL DISTRICT NO. 1
35.0	0632730	CA	RIO DELL ELEMENTARY
34.8	5009300	VT	WINDSOR SCHOOL DISTRICT
34.8	4033600	OK	ZION
34.8	3614880	NY	SACKETS HARBOR CENTRAL SCHOOL DISTRICT
34.8	3614490	NY	HINSDALE CENTRAL SCHOOL DISTRICT
34.8	3100129	NE	TWIN RIVER PUBLIC SCHOOLS
34.8	2925140	MO	PIKE CO. R-III
34.8	2907080	MO	CANTON R-V
34.8	2603990	MI	BARAGA AREA SCHOOLS
34.8	1918030	IA	LYNNVILLE-SULLY COMM SCHOOL DISTRICT
34.8	1726590	IL	MONTMORENCY CCSD 145
34.8	0618510	CA	ISLAND UNION ELEMENTARY
34.8	0509270	AR	MAMMOTH SPRING SCHOOL DISTRICT
34.7	5004620	VT	HARTLAND SCHOOL DISTRICT
34.7	4832610	TX	NEW SUMMERFIELD ISD
34.7	4032430	OK	WETUMKA
34.7	3302100	NH	CAMPTON SCHOOL DISTRICT
34.7	2707470	MN	CANBY PUBLIC SCHOOL DISTRICT
34.7	2621390	MI	LELAND PUBLIC SCHOOL DISTRICT
34.7	1919200	IA	MIDLAND COMM SCHOOL DISTRICT
34.7	1731020	IL	PEARL CITY CUSD 200
34.7	0624480	CA	MENDOCINO UNIFIED
34.7	0504560	AR	CONCORD SCHOOL DISTRICT
34.5	4816890	TX	DETROIT ISD
34.5	3904757	OH	HOLGATE LOCAL
34.5	3904749	OH	HARDIN NORTHERN LOCAL
34.5	3002220	MT	ARLEE ELEM
34.5	2623160	MI	MASON COUNTY EASTERN SCHOOLS
34.5	1730990	IL	PAYSON CUSD 1
34.5	1712060	IL	DELAVAN CUSD 703
34.5	0603090	CA	ARENA UNION ELEMENTARY
34.5	0507710	AR	HERMITAGE SCHOOL DISTRICT
34.5	0503480	AR	BRADFORD SCHOOL DISTRICT
34.3	5304830	WA	MARY WALKER SCHOOL DISTRICT
34.3	4840770	TX	SOMERVILLE ISD
34.3	4821630	TX	GRAPELAND ISD
34.3	4006150	OK	CADDO
34.3	3617580	NY	LIVINGSTON MANOR CENTRAL SCHOOL DISTRICT
34.3	3410860	NJ	MOUNT ARLINGTON
34.3	3004440	MT	BOX ELDER ELEM
34.3	2929580	MO	STOUTLAND R-II
34.3	2742750	MN	WILLOW RIVER PUBLIC SCHOOL DISTRICT
34.3	2013020	KS	JEFFERSON COUNTY NORTH
34.3	2005820	KS	ELLINWOOD PUBLIC SCHOOLS
34.3	2005130	KS	CONWAY SPRINGS
34.3	1727290	IL	MT PULASKI CUSD 23
34.3	0502550	AR	ARMOREL SCHOOL DISTRICT
34.2	5009180	VT	WILLIAMSTOWN SCHOOL DISTRICT
34.2	5008245	VT	CHESTER-ANDOVER USD #29
34.2	4846740	TX	ZAVALLA ISD
34.2	4829460	TX	MAUD ISD
34.2	4025950	OK	RIPLEY
34.2	3814500	ND	OAKES 41
34.2	1743170	IL	WOODLAWN CCSD 4
34.2	1738070	IL	WOODLAND CUSD 5
34.2	1737230	IL	ST ELMO CUSD 202
34.2	1700105	IL	A-C CENTRAL CUSD 262
34.2	1601230	ID	GLENNS FERRY JOINT DISTRICT
34.2	0509780	AR	MINERAL SPRINGS SCHOOL DIST.
34.0	5513890	WI	SIREN SCHOOL DISTRICT
34.0	5512990	WI	RIO COMMUNITY SCHOOL DISTRICT
34.0	5508250	WI	LOYAL SCHOOL DISTRICT
34.0	5504530	WI	FALL RIVER SCHOOL DISTRICT
34.0	4006390	OK	CANADIAN
34.0	3904938	OH	OTTOVILLE LOCAL
34.0	3631830	NY	WYNANTSKILL UNION FREE SCHOOL DISTRICT
34.0	3607170	NY	CHAZY UNION FREE SCHOOL DISTRICT
34.0	3022080	MT	RED LODGE ELEM
34.0	3003800	MT	BIG TIMBER ELEM
34.0	2929700	MO	STURGEON R-V
34.0	2509780	MA	PLYMPTON
34.0	2307710	ME	MACHIAS SCHOOL DEPARTMENT
34.0	2003210	KS	NORTH LYON COUNTY
34.0	1909540	IA	DUNKERTON COMM SCHOOL DISTRICT
34.0	1726490	IL	MONROE SD 70
34.0	1700001	IL	RIVER RIDGE CUSD 210
34.0	0623700	CA	MANZANITA ELEMENTARY
34.0	0409090	AZ	WELLTON ELEMENTARY DISTRICT
33.8	5304890	WA	MCCLEARY SCHOOL DISTRICT
33.8	4846380	TX	WOODSBORO ISD
33.8	4002550	OK	AGRA
33.8	3304950	NH	MONT VERNON SCHOOL DISTRICT
33.8	3102790	NE	AINSWORTH COMMUNITY SCHOOLS
33.8	3100121	NE	DONIPHAN-TRUMBULL PUBLIC SCHS
33.8	3017610	MT	MANHATTAN SCHOOL
33.8	2732970	MN	SEBEKA PUBLIC SCHOOL DISTRICT
33.8	2703750	MN	BATTLE LAKE PUBLIC SCHOOL DISTRICT
33.8	2622830	MI	MAR LEE SCHOOL DISTRICT
33.8	1928050	IA	TRIPOLI COMM SCHOOL DISTRICT
33.8	1907920	IA	COLO-NESCO COMM SCHOOL DISTRICT
33.8	1900060	IA	GMG COMM SCHOOL DISTRICT
33.8	1301200	GA	CLAY COUNTY
33.8	0802700	CO	BYERS SCHOOL DISTRICT NO. 32J
33.8	0642580	CA	LAYTONVILLE UNIFIED
33.8	0514040	AR	WEST SIDE SCHOOL DISTRICT
33.7	5515540	WI	WASHBURN SCHOOL DISTRICT
33.7	5000024	VT	RIVENDELL INTERSTATE SCHOOL DISTRICT
33.7	4828410	TX	LOVELADY ISD
33.7	4823880	TX	HULL-DAISETTA ISD
33.7	4110560	OR	RIVERDALE SD 51J
33.7	3613830	NY	HARTFORD CENTRAL SCHOOL DISTRICT
33.7	3501200	NM	HAGERMAN MUNICIPAL SCHOOLS
33.7	2916140	MO	JASPER CO. R-V
33.7	2010350	KS	OSWEGO
33.7	1916620	IA	LENOX COMM SCHOOL DISTRICT
33.7	1602700	ID	POTLATCH DISTRICT
33.7	0512630	AR	SPRING HILL SCHOOL DISTRICT
33.7	0406900	AZ	RED ROCK ELEMENTARY DISTRICT
33.7	0404010	AZ	JOSEPH CITY UNIFIED DISTRICT
33.6	2700328	MN	ORTONVILLE PUBLIC SCHOOLS
33.5	5512540	WI	KICKAPOO AREA SCHOOL DISTRICT
33.5	5501830	WI	BRUCE SCHOOL DISTRICT
33.5	3173230	NE	MADISON PUBLIC SCHOOLS
33.5	2929880	MO	SWEET SPRINGS R-VII
33.5	2923270	MO	OSCEOLA
33.5	2314762	ME	MSAD 70
33.5	1903450	IA	ALLISON-BRISTOW COMM SCHOOL DISTRICT
33.5	1716020	IL	GALATIA CUSD 1
33.5	0641980	CA	WEED UNION ELEMENTARY
33.5	0628530	CA	ORANGE CENTER
33.5	0408230	AZ	SUPERIOR UNIFIED SCHOOL DISTRICT
33.3	4822260	TX	HAMLIN ISD
33.3	4813260	TX	CELESTE ISD
33.3	4808610	TX	ARCHER CITY ISD
33.3	4018570	OK	LUKFATA
33.3	3800041	ND	MAY-PORT CG 14
33.3	3119560	NE	UMO N HO N NATION PUBLIC SCHS
33.3	2922950	MO	NORWOOD R-I
33.2	5512780	WI	RIB LAKE SCHOOL DISTRICT
33.2	4816380	TX	DAWSON ISD
33.2	4002760	OK	ALLEN
33.2	3628140	NY	STOCKBRIDGE VALLEY CENTRAL SCHOOL DISTRICT
33.2	3613470	NY	HAMMONDSPORT CENTRAL SCHOOL DISTRICT
33.2	3300035	NH	GORHAM RANDOLPH SHELBURNE COOP SCHOOL DISTRICT
33.2	2711910	MN	FERTILE-BELTRAMI SCHOOL DISTRICT
33.2	2627690	MI	PECK COMMUNITY SCHOOL DISTRICT
33.2	2004770	KS	CHETOPA-ST. PAUL
33.2	1712240	IL	DIETERICH CUSD 30
33.2	1602790	ID	RIRIE JOINT DISTRICT
33.2	0504740	AR	COUNTY LINE SCHOOL DISTRICT
33.2	0200660	AK	PETERSBURG CITY SCHOOL DISTRICT
33.0	5504410	WI	ERIN SCHOOL DISTRICT
33.0	4818330	TX	ELECTRA ISD
33.0	4814160	TX	CLARENDON ISD
33.0	3410380	NJ	MONMOUTH BEACH
33.0	3304080	NH	KENSINGTON SCHOOL DISTRICT
33.0	2007590	KS	HUMBOLDT
33.0	1925140	IA	SAC COMM SCHOOL DISTRICT
33.0	1920580	IA	NEWELL-FONDA COMM SCHOOL DISTRICT
33.0	1700176	IL	COWDEN-HERRICK CUSD 3A
33.0	0405430	AZ	NACO ELEMENTARY DISTRICT
32.8	5008220	VT	UNDERHILL TOWN SCHOOL DISTRICT
32.8	4028800	OK	STONEWALL
32.8	4019500	OK	MCCORD
32.8	4005580	OK	BRUSHY
32.8	3904981	OH	RUSSIA LOCAL
32.8	3617940	NY	LYNCOURT UNION FREE SCHOOL DISTRICT
32.8	3608280	NY	COPENHAGEN CENTRAL SCHOOL DISTRICT
32.8	2919200	MO	LONEDELL R-XIV
32.8	2506630	MA	LANESBOROUGH
32.8	1742570	IL	WILLOW SPRINGS SD 108
32.8	1739630	IL	CENTURY CUSD 100
32.8	1734590	IL	ROME CCSD 2
32.7	5512210	WI	PRENTICE SCHOOL DISTRICT
32.7	4009150	OK	CRUTCHO
32.7	3818280	ND	THOMPSON 61
32.7	2916710	MO	KIRBYVILLE R-VI
32.7	2012450	KS	UNIONTOWN
32.7	1904560	IA	BEDFORD COMM SCHOOL DISTRICT
32.7	1740530	IL	WALLACE CCSD 195
32.7	1711100	IL	CRAB ORCHARD CUSD 3
32.7	0902040	CT	KENT SCHOOL DISTRICT
32.7	0102130	AL	LINDEN CITY
32.5	5309750	WA	WHITE PASS SCHOOL DISTRICT
32.5	5304380	WA	LIBERTY SCHOOL DISTRICT
32.5	5008224	VT	BLUE MOUNTAIN USD #21
32.5	4832970	TX	NORTH HOPKINS ISD
32.5	4832250	TX	NECHES ISD
32.5	4824240	TX	IOLA ISD
32.5	4820130	TX	FT HANCOCK ISD
32.5	4813920	TX	CHILTON ISD
32.5	4002520	OK	AFTON
32.5	3100029	NE	SUPERIOR PUBLIC SCHOOLS
32.5	2913320	MO	GREENFIELD R-IV
32.5	2910520	MO	LAKELAND R-III
32.5	2700132	MN	RED ROCK CENTRAL SCHOOL DISTRICT
32.5	2005850	KS	ELLIS
32.5	1912480	IA	GEORGE-LITTLE ROCK COMM SCHOOL DISTRICT
32.5	1904380	IA	BAXTER COMM SCHOOL DISTRICT
32.5	1717670	IL	GREENFIELD CUSD 10
32.5	0804110	CO	FOWLER SCHOOL DISTRICT NO. R4J
32.3	5603170	WY	BIG HORN COUNTY SCHOOL DISTRICT #3
32.3	5515390	WI	WABENO AREA SCHOOL DISTRICT
32.3	5508730	WI	MARION SCHOOL DISTRICT
32.3	5504260	WI	ELKHART LAKE-GLENBEULAH SCHOOL DISTRICT
32.3	4834710	TX	PETROLIA ISD
32.3	4831860	TX	MUENSTER ISD
32.3	4829220	TX	MARTINS MILL ISD
32.3	4826910	TX	LATEXO ISD
32.3	4826250	TX	LA PRYOR ISD
32.3	4810740	TX	BOLES ISD
32.3	4003570	OK	BARNSDALL
32.3	4000015	OK	THOMAS-FAY-CUSTER UNIFIED DIST
32.3	3500660	NM	CUBA INDEPENDENT SCHOOLS
32.3	3411670	NJ	NORTH WILDWOOD CITY
32.3	3408910	NJ	LONG BEACH ISLAND
32.3	3175210	NE	PALMYRA DISTRICT O R 1
32.3	3100119	NE	NEBRASKA UNIFIED DISTRICT 1
32.3	2628020	MI	PICKFORD PUBLIC SCHOOLS
32.3	2625780	MI	NORTH HURON SCHOOL DISTRICT
32.3	1924960	IA	RUDD-ROCKFORD-MARBLE RK COMM SCHOOL DISTRICT
32.3	1918480	IA	MAPLE VALLEY COMM SCHOOL DISTRICT
32.3	1710240	IL	NORTH WAYNE CUSD 200
32.3	1709850	IL	CHESTER-EAST LINCOLN CCSD 61
32.3	0512930	AR	STRONG-HUTTIG SCHOOL DISTRICT
32.3	0507140	AR	GUY-PERKINS SCHOOL DISTRICT
32.2	5500240	WI	ALMOND-BANCROFT SCHOOL DISTRICT
32.2	5006810	VT	RICHFORD SCHOOL DISTRICT
32.2	4680438	SD	PLATTE - GEDDES SCHOOL DISTRICT 11-5
32.2	4624850	SD	STANLEY COUNTY SCHOOL DISTRICT 57-1
32.2	4604680	SD	BALTIC SCHOOL DISTRICT 49-1
32.2	4218210	PA	OSWAYO VALLEY SD
32.2	3413980	NJ	RIVERDALE
32.2	3002730	MT	BAKER K-12 SCHOOLS
32.2	2902880	MO	ADVANCE R-IV
32.2	2102910	KY	JACKSON INDEPENDENT
32.2	2012090	KS	SUBLETTE
32.2	1909570	IA	BOYER VALLEY COMM SCHOOL DISTRICT
32.2	1733750	IL	RILEY CCSD 18
32.2	0514370	AR	WONDERVIEW SCHOOL DISTRICT
32.0	4829910	TX	MCLEOD ISD
32.0	4680437	SD	KADOKA AREA SCHOOL DISTRICT 35-2
32.0	4031020	OK	VELMA-ALMA
32.0	4017220	OK	LAVERNE
32.0	4011700	OK	FLETCHER
32.0	3607890	NY	CLYMER CENTRAL SCHOOL DISTRICT
32.0	3175770	NE	PONCA PUBLIC SCHOOLS
32.0	3100109	NE	SOUTHERN VALLEY SCHOOLS
32.0	2929810	MO	SUMMERSVILLE R-II
32.0	2907320	MO	NELL HOLCOMB R-IV
32.0	2011430	KS	SKYLINE SCHOOLS
32.0	1708310	IL	CARBON CLIFF-BARSTOW SD 36
32.0	0640200	CA	TWAIN HARTE-LONG BARN UNION ELEMENTARY
32.0	0502670	AR	AUGUSTA SCHOOL DISTRICT
32.0	0403310	AZ	GILA BEND UNIFIED DISTRICT
31.8	4807680	TX	ALBANY ISD
31.8	4030330	OK	TURPIN
31.8	4030048	OK	WOODLAND
31.8	3401440	NJ	BELVIDERE
31.8	3303540	NH	HAMPTON FALLS SCHOOL DISTRICT
31.8	2911280	MO	KNOX CO. R-I
31.8	2902970	MO	ALBANY R-III
31.8	2012630	KS	WAKEENEY
31.8	1928710	IA	VALLEY COMM SCHOOL DISTRICT
31.8	1811550	IN	TURKEY RUN COMMUNITY SCH CORP
31.8	1739480	IL	TRI POINT CUSD 6-J
31.8	1708580	IL	CARRIER MILLS-STONEFORT CUSD 2
31.8	0503840	AR	CALICO ROCK SCHOOL DISTRICT
31.8	0500041	AR	WESTERN YELL CO. SCHOOL DIST.
31.7	5506780	WI	HUSTISFORD SCHOOL DISTRICT
31.7	4818600	TX	ERA ISD
31.7	4815990	TX	CULBERSON COUNTY-ALLAMOORE ISD
31.7	4400600	RI	LITTLE COMPTON
31.7	4021180	OK	NAVAJO
31.7	4017700	OK	LIBERTY
31.7	4009720	OK	DENISON
31.7	3179080	NE	YUTAN PUBLIC SCHOOLS
31.7	3100041	NE	STANTON COMMUNITY SCHOOLS
31.7	2931620	MO	WELLSVILLE MIDDLETOWN R-I
31.7	2925410	MO	POLO R-VII
31.7	2709330	MN	CLEVELAND PUBLIC SCHOOL DISTRICT
31.7	1910980	IA	ENGLISH VALLEYS COMM SCHOOL DISTRICT
31.7	1905750	IA	NORTH IOWA COMM SCHOOL DISTRICT
31.7	0903930	CT	SALISBURY SCHOOL DISTRICT
31.7	0903000	CT	NORTH CANAAN SCHOOL DISTRICT
31.7	0512180	AR	SCRANTON SCHOOL DISTRICT
31.7	0401000	AZ	BAGDAD UNIFIED DISTRICT
31.5	5515060	WI	TURTLE LAKE SCHOOL DISTRICT
31.5	5510680	WI	NIAGARA SCHOOL DISTRICT
31.5	4846080	TX	WINDTHORST ISD
31.5	4817460	TX	DOUGLASS ISD
31.5	4810830	TX	BOOKER ISD
31.5	4032940	OK	WILSON
31.5	4032220	OK	WELEETKA
31.5	4009090	OK	CROWDER
31.5	3817040	ND	VELVA 1
31.5	3613770	NY	HARRISVILLE CENTRAL SCHOOL DISTRICT
31.5	3414040	NJ	RIVERTON BOROUGH
31.5	3412300	NJ	OXFORD TOWNSHIP
31.5	3026550	MT	TROY ELEM
31.5	2905070	MO	BILLINGS R-IV
31.5	2700183	MN	WESTBROOK-WALNUT GROVE SCHOOLS
31.5	2700107	MN	GREENBUSH-MIDDLE RIVER SCHOOL DIST.
31.5	2626490	MI	ONEKAMA CONSOLIDATED SCHOOLS
31.5	2008610	KS	LEOTI
31.3	5502880	WI	CORNELL SCHOOL DISTRICT
31.3	5300840	WA	CAPE FLATTERY SCHOOL DISTRICT
31.3	4840500	TX	SLOCUM ISD
31.3	4837860	TX	ROSCOE ISD
31.3	3800018	ND	CAVALIER 6
31.3	3624360	NY	REMSEN CENTRAL SCHOOL DISTRICT
31.3	3412150	NJ	OGDENSBURG BOROUGH
31.3	3175960	NE	RAVENNA PUBLIC SCHOOLS
31.3	3174940	NE	ORD PUBLIC SCHOOLS
31.3	2922860	MO	NORTHEAST RANDOLPH CO. R-IV
31.3	2910080	MO	CONCORDIA R-II
31.3	2600006	MI	BESSEMER AREA SCHOOL DISTRICT
31.3	2008550	KS	BLUESTEM
31.3	1926790	IA	SOUTH WINNESHIEK COMM SCHOOL DISTRICT
31.3	1910340	IA	RIVER VALLEY COMM SCHOOL DISTRICT
31.3	0805910	CO	SOUTH ROUTT SCHOOL DISTRICT NO. RE 3
31.2	5502070	WI	CAMBRIA-FRIESLAND SCHOOL DISTRICT
31.2	4811250	TX	BREMOND ISD
31.2	4602640	SD	HANSON SCHOOL DISTRICT 30-1
31.2	4209870	PA	FORBES ROAD SD
31.2	4022860	OK	OLIVE
31.2	3808890	ND	HARVEY 38
31.2	3619710	NY	MONTAUK UNION FREE SCHOOL DISTRICT
31.2	3402130	NJ	BRADLEY BEACH
31.2	2930810	MO	VERONA R-VII
31.2	2506210	MA	HOLLAND
31.2	2505940	MA	HATFIELD
31.2	2308250	ME	MILFORD SCHOOL DEPARTMENT
31.0	5308070	WA	SOAP LAKE SCHOOL DISTRICT
31.0	5303600	WA	HOOD CANAL SCHOOL DISTRICT
31.0	4032010	OK	WAYNE
31.0	3501350	NM	JAL PUBLIC SCHOOLS
31.0	3100008	NE	WISNER-PILGER PUBLIC SCHOOLS
31.0	2010740	KS	PLAINVILLE
31.0	2009450	KS	BARBER COUNTY NORTH
31.0	2009000	KS	LYNDON
31.0	1912120	IA	FREMONT-MILLS COMM SCHOOL DISTRICT
31.0	1906780	IA	CENTRAL CITY COMM SCHOOL DISTRICT
31.0	1737650	IL	STEELEVILLE CUSD 138
31.0	1713860	IL	ELVERADO CUSD 196
30.8	5301980	WA	DARRINGTON SCHOOL DISTRICT
30.8	5008010	VT	THETFORD SCHOOL DISTRICT
30.8	4841340	TX	SPURGER ISD
30.8	3800054	ND	NORTH BORDER 100
30.8	3500480	NM	CIMARRON MUNICIPAL SCHOOLS
30.8	3302400	NH	COLEBROOK SCHOOL DISTRICT
30.8	2915510	MO	IRON CO. C-4
30.8	2791449	MN	WIN-E-MAC SCHOOL DISTRICT
30.8	2713860	MN	HENNING PUBLIC SCHOOL DISTRICT
30.8	1931920	IA	WOODBINE COMM SCHOOL DISTRICT
30.8	0636330	CA	SEMITROPIC ELEMENTARY
30.8	0612600	CA	ELVERTA JOINT ELEMENTARY
30.8	0600021	CA	SUNOL GLEN UNIFIED
30.8	0513560	AR	VIOLA SCHOOL DISTRICT
30.8	0510920	AR	OMAHA SCHOOL DISTRICT
30.8	0200720	AK	UNALASKA CITY SCHOOL DISTRICT
30.7	5501560	WI	BOWLER SCHOOL DISTRICT
30.7	4814010	TX	CHRISTOVAL ISD
30.7	4033360	OK	YALE
30.7	4025860	OK	RINGLING
30.7	3809570	ND	HILLSBORO 9
30.7	3623340	NY	POCANTICO HILLS CENTRAL SCHOOL DISTRICT
30.7	3610380	NY	ELBA CENTRAL SCHOOL DISTRICT
30.7	3406480	NJ	HAMBURG BOROUGH
30.7	2719170	MN	MCGREGOR PUBLIC SCHOOL DISTRICT
30.7	2700024	MN	WARREN-ALVARADO-OSLO SCHOOL DIST.
30.7	2601890	MI	ADAMS TOWNSHIP SCHOOL DISTRICT
30.7	2012780	KS	VALLEY HEIGHTS
30.6	3814880	ND	PARK RIVER 78
30.5	4831470	TX	MORTON ISD
30.5	4824330	TX	IRAAN-SHEFFIELD ISD
30.5	4600025	SD	HOWARD SCHOOL DISTRICT 48-3
30.5	4108700	OR	NESTUCCA VALLEY SD 101J
30.5	3905065	OH	STRYKER LOCAL
30.5	3803200	ND	BOWMAN CO 1
30.5	3174640	NE	OAKLAND CRAIG PUBLIC SCHOOLS
30.5	3100077	NE	DUNDY CO-STRATON PUBLIC SCHS
30.5	2721270	MN	MINNEOTA PUBLIC SCHOOL DISTRICT
30.5	2509210	MA	ORLEANS
30.5	2102070	KY	FULTON INDEPENDENT
30.5	1804230	IN	HAMILTON COMMUNITY SCHOOLS
30.5	1718180	IL	CALHOUN CUSD 40
30.5	1700122	IL	SHILOH CUSD 1
30.5	0804230	CO	GILPIN COUNTY SCHOOL DISTRICT NO. RE-1
30.5	0803210	CO	CROWLEY COUNTY SCHOOL DISTRICT NO. RE-1-J
30.5	0505170	AR	DERMOTT SCHOOL DISTRICT
30.3	5309330	WA	WAHKIAKUM SCHOOL DISTRICT
30.3	5305520	WA	NASELLE-GRAYS RIVER VALLEY SCHOOL DISTRICT
30.3	5007230	VT	SHAFTSBURY SCHOOL DISTRICT
30.3	2931950	MO	WHEATON R-III
30.3	2702640	MN	LESTER PRAIRIE PUBLIC SCHOOL DIST.
30.3	2007710	KS	INMAN
30.3	2004440	KS	CANTON-GALVA
30.3	1600815	ID	PLUMMER-WORLEY JOINT DISTRICT
30.3	0602550	CA	AMERICAN UNION ELEMENTARY
30.2	5004800	VT	HYDE PARK SCHOOL DISTRICT
30.2	5002340	VT	BRADFORD ID SCHOOL DISTRICT
30.2	4817550	TX	DRISCOLL ISD
30.2	4678570	SD	WHITE RIVER SCHOOL DISTRICT 47-1
30.2	4647942	SD	MILLER 29-4
30.2	4600041	SD	BRITTON-HECLA SCHOOL DISTRICT 45-4
30.2	3624930	NY	ROMULUS CENTRAL SCHOOL DISTRICT
30.2	3614250	NY	HERMON-DEKALB CENTRAL SCHOOL DISTRICT
30.2	3418180	NJ	WOODBURY HEIGHTS
30.2	3172000	NE	HOMER COMMUNITY SCHOOLS
30.2	1912230	IA	GALVA-HOLSTEIN COMM SCHOOL DISTRICT
30.2	1740920	IL	LOWPOINT-WASHBURN CUSD 21
30.2	1703300	IL	ALDEN HEBRON SD 19
30.2	0637140	CA	SOMIS UNION
30.2	0636780	CA	SIERRA-PLUMAS JOINT UNIFIED
30.2	0408020	AZ	ST DAVID UNIFIED DISTRICT
30.0	5504980	WI	NORTH CRAWFORD SCHOOL DISTRICT
30.0	4818750	TX	EVADALE ISD
30.0	4816080	TX	CUSHING ISD
30.0	4811520	TX	BROOKELAND ISD
30.0	4002910	OK	AMBER-POCASSET
30.0	3623790	NY	PRATTSBURGH CENTRAL SCHOOL DISTRICT
30.0	3404830	NJ	ESSEX FELLS
30.0	3100116	NE	FREEMAN PUBLIC SCHOOLS
30.0	2626550	MI	ONTONAGON AREA SCHOOLS
30.0	1918300	IA	MANNING COMM SCHOOL DISTRICT
29.8	5003690	VT	EAST MONTPELIER SCHOOL DIST
29.8	4105080	OR	ENTERPRISE SD 21
29.8	3100024	NE	SUTHERLAND PUBLIC SCHOOLS
29.8	2922140	MO	NEWBURG R-II
29.8	1908130	IA	CORNING COMM SCHOOL DISTRICT
29.8	1742990	IL	SHAWNEE CUSD 84
29.8	1727450	IL	MULBERRY GROVE CUSD 1
29.8	0804590	CO	HAYDEN SCHOOL DISTRICT NO. RE 1
29.7	5302040	WA	DAYTON SCHOOL DISTRICT
29.7	4818690	TX	EULA ISD
29.7	4025920	OK	RINGWOOD
29.7	4016350	OK	KEOTA
29.7	4007140	OK	CENTRAL
29.7	3621300	NY	NORTHVILLE CENTRAL SCHOOL DISTRICT
29.7	3502040	NM	PENASCO INDEPENDENT SCHOOLS
29.7	3027810	MT	WHITEHALL ELEM
29.7	2913290	MO	GREEN RIDGE R-VIII
29.7	2629340	MI	RAPID RIVER PUBLIC SCHOOLS
29.7	1734470	IL	ROCKDALE SD 84
29.7	1600720	ID	CHALLIS JOINT DISTRICT
29.7	0904710	CT	VOLUNTOWN SCHOOL DISTRICT
29.7	0627510	CA	NORTH COW CREEK ELEMENTARY
29.5	5507860	WI	LENA SCHOOL DISTRICT
29.5	5502580	WI	CLAYTON SCHOOL DISTRICT
29.5	5306990	WA	QUILCENE SCHOOL DISTRICT
29.5	4839900	TX	SHAMROCK ISD
29.5	4820070	TX	FRUITVALE ISD
29.5	4811430	TX	BROADDUS ISD
29.5	4644770	SD	LYMAN SCHOOL DISTRICT 42-1
29.5	4223880	PA	TURKEYFOOT VALLEY AREA SD
29.5	4009780	OK	DEWAR
29.5	3603060	NY	SCHENEVUS CENTRAL SCHOOL DISTRICT
29.5	3406810	NJ	HARMONY TOWNSHIP
29.5	3402370	NJ	BROOKLAWN
29.5	3100090	NE	BAYARD PUBLIC SCHOOLS
29.5	3026070	MT	THOMPSON FALLS ELEM
29.5	3020820	MT	PLAINS ELEM
29.5	2930870	MO	MARIES CO. R-I
29.5	2930720	MO	VALLEY R-VI
29.5	2927520	MO	SALISBURY R-IV
29.5	2923530	MO	PARIS R-II
29.5	2910710	MO	DENT-PHELPS R-III
29.5	2603600	MI	AU GRES-SIMS SCHOOL DISTRICT
29.5	2012390	KS	UDALL
29.5	2009420	KS	MEADE
29.5	1740890	IL	WARSAW CUSD 316
29.5	1734870	IL	ROSSVILLE-ALVIN CUSD 7
29.5	1711400	IL	CUSD 3 FULTON COUNTY
29.5	0642750	CA	WILMAR UNION ELEMENTARY
29.5	0633720	CA	ROUND VALLEY UNIFIED
29.5	0603870	CA	BANTA ELEMENTARY
29.5	0513440	AR	VAN COVE SCHOOL DISTRICT
29.3	4816020	TX	CUMBY ISD
29.3	4814600	TX	COLMESNEIL ISD
29.3	3904706	OH	FAYETTE LOCAL
29.3	3626190	NY	SCIO CENTRAL SCHOOL DISTRICT
29.3	3619890	NY	MORRISTOWN CENTRAL SCHOOL DISTRICT
29.3	3604757	NY	GILBERTSVILLE-MOUNT UPTON CENTRAL SCHOOL DISTRICT
29.3	2502550	MA	BERLIN
29.3	1931830	IA	WINFIELD-MT UNION COMM SCHOOL DISTRICT
29.3	1740740	IL	WARREN CUSD 205
29.3	1715090	IL	FIELD CCSD 3
29.3	1706630	IL	BLUFORD CCSD 114
29.3	0623760	CA	MAPLE ELEMENTARY
29.3	0200050	AK	ALASKA GATEWAY SCHOOL DISTRICT
29.2	5504860	WI	FREDERIC SCHOOL DISTRICT
29.2	5501310	WI	PECATONICA AREA SCHOOL DISTRICT
29.2	5005010	VT	JOHNSON SCHOOL DISTRICT
29.2	4841250	TX	SPRINGLAKE-EARTH ISD
29.2	4007170	OK	CENTRAL HIGH
29.2	3626730	NY	SHERMAN CENTRAL SCHOOL DISTRICT
29.2	3604350	NY	BELFAST CENTRAL SCHOOL DISTRICT
29.2	1741280	IL	WAVERLY CUSD 6
29.2	0620220	CA	LA HONDA-PESCADERO UNIFIED
29.0	5505280	WI	GILMAN SCHOOL DISTRICT
29.0	5008225	VT	TWINFIELD USD #33
29.0	4845420	TX	WHEELER ISD
29.0	4812660	TX	CAMPBELL ISD
29.0	4654270	SD	PARKER SCHOOL DISTRICT 60-4
29.0	4221270	PA	SHANKSVILLE-STONYCREEK SD
29.0	4027240	OK	SEILING
29.0	3805460	ND	DUNSEITH 1
29.0	3627330	NY	SOUTH KORTRIGHT CENTRAL SCHOOL DISTRICT
29.0	3619860	NY	MORRIS CENTRAL SCHOOL DISTRICT
29.0	3101992	NE	ELMWOOD-MURDOCK PUBLIC SCHOOLS
29.0	3020040	MT	PARK CITY ELEM
29.0	2922710	MO	NORTH ANDREW CO. R-VI
29.0	2723550	MN	MARSHALL COUNTY CENTRAL SCHOOLS
29.0	2625650	MI	NORTH ADAMS-JEROME SCHOOLS
29.0	2311610	ME	MSAD 42
29.0	1908070	IA	COON RAPIDS-BAYARD COMM SCHOOL DISTRICT
29.0	1736960	IL	SPOON RIVER VALLEY CUSD 4
29.0	1705190	IL	BARTONVILLE SD 66
28.8	5514700	WI	SURING SCHOOL DISTRICT
28.8	5513560	WI	SHARON J11 SCHOOL DISTRICT
28.8	5500900	WI	BAYFIELD SCHOOL DISTRICT
28.8	5006480	VT	PITTSFORD SCHOOL DISTRICT
28.8	4033210	OK	WRIGHT CITY
28.8	4029040	OK	STROTHER
28.8	1724900	IL	MARTINSVILLE CUSD 3C
28.8	1704590	IL	ATWOOD HAMMOND CUSD 39
28.8	1304290	GA	QUITMAN COUNTY
28.8	0622440	CA	LONE PINE UNIFIED
28.7	5506450	WI	HILBERT SCHOOL DISTRICT
28.7	5504720	WI	FONTANA J8 SCHOOL DISTRICT
28.7	4800001	TX	CROSBYTON CISD
28.7	4639540	SD	ANDES CENTRAL SCHOOL DISTRICT 11-1
28.7	4031980	OK	WAURIKA
28.7	4029670	OK	TENKILLER
28.7	4028590	OK	STERLING
28.7	4012300	OK	FORT TOWSON
28.7	3611640	NY	FRIENDSHIP CENTRAL SCHOOL DISTRICT
28.7	3411190	NJ	NETCONG
28.7	3011160	MT	FORSYTH ELEM
28.7	2915300	MO	HUMANSVILLE R-IV
28.7	2742330	MN	WHEATON AREA PUBLIC SCHOOL DISTRICT
28.7	2611190	MI	FOREST PARK SCHOOL DISTRICT
28.7	2311040	ME	MSAD 25
28.7	1719920	IL	HUTSONVILLE CUSD 1
28.7	1716740	IL	GIRARD CUSD 3
28.7	1705820	IL	BEMENT CUSD 5
28.7	0500030	AR	NEVADA SCHOOL DISTRICT
28.5	4830690	TX	MILANO ISD
28.5	4821930	TX	GRUVER ISD
28.5	3612120	NY	GILBOA-CONESVILLE CENTRAL SCHOOL DISTRICT
28.5	3611860	NY	GARRISON UNION FREE SCHOOL DISTRICT
28.5	3302310	NH	CHICHESTER SCHOOL DISTRICT
28.5	3177520	NE	SUTTON PUBLIC SCHOOLS
28.5	3100157	NE	PERKINS COUNTY SCHOOLS
28.5	3017190	MT	LONE ROCK ELEM
28.5	2911730	MO	FAIR PLAY R-II
28.5	2740860	MN	UPSALA PUBLIC SCHOOL DISTRICT
28.5	0508010	AR	HUGHES SCHOOL DISTRICT
28.5	0400840	AZ	ARLINGTON ELEMENTARY DISTRICT
28.4	5008230	VT	FLOOD BROOK USD #20
28.3	5512880	WI	FRIESS LAKE SCHOOL DISTRICT
28.3	5509900	WI	MONTICELLO SCHOOL DISTRICT
28.3	5500120	WI	ALBANY SCHOOL DISTRICT
28.3	4830750	TX	MILES ISD
28.3	4636060	SD	IPSWICH PUBLIC SCHOOL DISTRICT 22-6
28.3	4112690	OR	UNION SD 5
28.3	4005040	OK	BOSWELL
28.3	3610260	NY	EDMESTON CENTRAL SCHOOL DISTRICT
28.3	3501410	NM	JEMEZ VALLEY PUBLIC SCHOOLS
28.3	3171730	NE	HEMINGFORD PUBLIC SCHOOLS
28.3	3100097	NE	MORRILL PUBLIC SCHOOLS
28.3	2931560	MO	WELLINGTON-NAPOLEON R-IX
28.3	2702720	MN	SOUTHLAND PUBLIC SCHOOL DISTRICT
28.3	2607170	MI	BUCKLEY COMMUNITY SCHOOL DISTRICT
28.3	1720350	IL	JAMAICA CUSD 12
28.3	1600180	ID	BASIN SCHOOL DISTRICT
28.3	0805460	CO	MANCOS SCHOOL DISTRICT RE-6
28.2	5504650	WI	FLORENCE SCHOOL DISTRICT
28.2	4846590	TX	YANTIS ISD
28.2	4841760	TX	SUDAN ISD
28.2	4813980	TX	CHIRENO ISD
28.2	4027540	OK	SHATTUCK
28.2	4022620	OK	OKAY
28.2	4012390	OK	GANS
28.2	3619350	NY	MILFORD CENTRAL SCHOOL DISTRICT
28.2	2909120	MO	CLARKTON C-4
28.2	2723580	MN	NICOLLET PUBLIC SCHOOL DISTRICT
28.2	2714040	MN	HILLS-BEAVER CREEK SCHOOL DISTRICT
28.2	2606510	MI	BOYNE FALLS PUBLIC SCHOOL DISTRICT
28.2	1916320	IA	LAMONI COMM SCHOOL DISTRICT
28.2	1738190	IL	SUMMERSVILLE SD 79
28.2	0641820	CA	WAUKENA JOINT UNION ELEMENTARY
28.2	0616320	CA	GUERNEVILLE ELEMENTARY
28.2	0200760	AK	KUSPUK SCHOOL DISTRICT
28.0	4845450	TX	WHITE DEER ISD
28.0	4703900	TN	SOUTH CARROLL SPECIAL SCH DIST
28.0	4612940	SD	CLARK SCHOOL DISTRICT 12-2
28.0	4104590	OR	ELGIN SD 23
28.0	3904933	OH	JENNINGS LOCAL
28.0	3618990	NY	MENANDS UNION FREE SCHOOL DISTRICT
28.0	2802970	MS	MONTGOMERY CO SCHOOL DIST
28.0	2005250	KS	CHASE COUNTY
28.0	1734770	IL	ROSEMONT ESD 78
28.0	1601410	ID	HANSEN DISTRICT
28.0	0802520	CO	BRANSON REORGANIZED SCHOOL DISTRICT NO. 82
28.0	0608850	CA	CLAY JOINT ELEMENTARY
28.0	0510290	AR	MULBERRY SCHOOL DISTRICT
28.0	0400021	AZ	COLORADO CITY UNIFIED DISTRICT
27.8	5004050	VT	FERRISBURG SCHOOL DISTRICT
27.8	4840590	TX	SMYER ISD
27.8	4619450	SD	DUPREE SCHOOL DISTRICT 64-2
27.8	4014730	OK	HODGEN
27.8	3608850	NY	DERUYTER CENTRAL SCHOOL DISTRICT
27.8	3305970	NH	ROLLINSFORD SCHOOL DISTRICT
27.8	3177180	NE	SOUTHERN SCHOOL DIST 1
27.8	2730450	MN	RED LAKE FALLS PUBLIC SCHOOL DIST.
27.8	1918630	IA	MARCUS-MERIDEN-CLEGHORN COMM SCHOOL DISTRICT
27.8	1703660	IL	ALWOOD CUSD 225
27.8	0631350	CA	POND UNION ELEMENTARY
27.8	0500071	AR	HILLCREST SCHOOL DISTRICT
27.7	5506960	WI	ITHACA SCHOOL DISTRICT
27.7	5307260	WA	REPUBLIC SCHOOL DISTRICT
27.7	4899130	TX	BENAVIDES ISD
27.7	4013620	OK	HAILEYVILLE
27.7	4003750	OK	BEAVER
27.7	3607050	NY	CHARLOTTE VALLEY CENTRAL SCHOOL DISTRICT
27.7	3400840	NJ	ALPHA
27.7	3178240	NE	WAKEFIELD PUBLIC SCHOOLS
27.7	3174220	NE	NELIGH-OAKDALE SCHOOLS
27.7	2931590	MO	WELLSTON
27.7	2600019	MI	SUPERIOR CENTRAL SCHOOLS
27.7	2600007	MI	HARBOR BEACH COMMUNITY SCHOOLS
27.7	2011820	KS	SPEARVILLE
27.7	2010050	KS	OAKLEY
27.7	1910410	IA	EASTERN ALLAMAKEE COMM SCHOOL DISTRICT
27.7	1905940	IA	C AND M COMM SCHOOL DISTRICT
27.7	1712510	IL	DONOVAN CUSD 3
27.7	1600810	ID	COTTONWOOD JOINT DISTRICT
27.7	0807200	CO	CUSTER COUNTY SCHOOL DISTRICT CONSOLIDATE 1
27.7	0640710	CA	VALLECITOS ELEMENTARY
27.7	0406780	AZ	QUARTZSITE ELEMENTARY DISTRICT
27.5	5505970	WI	GREENWOOD SCHOOL DISTRICT
27.5	5309630	WA	WELLPINIT SCHOOL DISTRICT
27.5	4104350	OR	NORTH DOUGLAS SD 22
27.5	4009450	OK	DAVENPORT
27.5	3817460	ND	ST JOHN 3
27.5	3103540	NE	BATTLE CREEK PUBLIC SCHOOLS
27.5	3100099	NE	CENTENNIAL PUBLIC SCHOOLS
27.5	2915180	MO	GLENWOOD R-VIII
27.5	2629220	MI	NORTH CENTRAL AREA SCHOOLS
27.5	2000007	KS	SMITH CENTER
27.5	1928560	IA	UNITED COMM SCHOOL DISTRICT
27.5	1716590	IL	GIANT CITY CCSD 130
27.5	1602460	ID	NOTUS DISTRICT
27.5	0642210	CA	WESTSIDE ELEMENTARY
27.5	0608700	CA	CINNABAR ELEMENTARY
27.3	5008970	VT	WESTMINSTER SCHOOL DISTRICT
27.3	4105640	OR	GLENDALE SD 77
27.3	3631740	NY	WORCESTER CENTRAL SCHOOL DISTRICT
27.3	3176590	NE	SHELBY PUBLIC SCHOOLS
27.3	3018750	MT	MONFORTON ELEM
27.3	2932300	MO	WORTH CO. R-III
27.3	2926310	MO	RICH HILL R-IV
27.3	1919710	IA	MORAVIA COMM SCHOOL DISTRICT
27.3	1918240	IA	MALVERN COMM SCHOOL DISTRICT
27.3	1740650	IL	WALTONVILLE CUSD 1
27.3	1730060	IL	ORANGEVILLE CUSD 203
27.3	0640260	CA	TWO ROCK UNION
27.3	0500072	AR	DEER/MT. JUDEA SCHOOL DISTRICT
27.2	4807530	TX	AGUA DULCE ISD
27.2	4210530	PA	GALETON AREA SD
27.2	4023190	OK	OSAGE
27.2	3408250	NJ	LAMBERTVILLE
27.2	3302760	NH	DUNBARTON SCHOOL DISTRICT
27.2	3027270	MT	VICTOR K-12 SCHOOLS
27.2	2923130	MO	ORAN R-III
27.2	2636480	MI	WOLVERINE COMMUNITY SCHOOLS
27.2	1728160	IL	NEW SIMPSON HILL SD 32
27.2	0636450	CA	SHANDON JOINT UNIFIED
27.2	0600011	CA	FORT SAGE UNIFIED
27.0	4834770	TX	PETTUS ISD
27.0	4828230	TX	LORENZO ISD
27.0	4625500	SD	FREEMAN SCHOOL DISTRICT 33-1
27.0	4025080	OK	PRETTY WATER
27.0	3500540	NM	CLOUDCROFT MUNICIPAL SCHOOLS
27.0	2928290	MO	SILEX R-I
27.0	2916920	MO	LA MONTE R-IV
27.0	2311700	ME	MSAD 45
27.0	2101290	KY	CLOVERPORT INDEPENDENT
27.0	1300180	GA	BAKER COUNTY
27.0	0637470	CA	SOUTH FORK UNION
27.0	0508490	AR	KIRBY SCHOOL DISTRICT
27.0	0503510	AR	BRADLEY SCHOOL DISTRICT
26.8	4833030	TX	NORTH ZULCH ISD
26.8	4032190	OK	WELCH
26.8	3800058	ND	LEWIS AND CLARK 161
26.8	3408130	NJ	LAFAYETTE TOWNSHIP
26.8	3008280	MT	DARBY K-12 SCHOOLS
26.8	2717910	MN	LANESBORO PUBLIC SCHOOL DISTRICT
26.8	2705430	MN	BERTHA-HEWITT PUBLIC SCHOOL DIST.
26.8	2009780	KS	MOUNDRIDGE
26.8	2007530	KS	HOXIE COMMUNITY SCHOOLS
26.8	1927060	IA	SPRINGVILLE COMM SCHOOL DISTRICT
26.8	1718090	IL	HAMPTON SD 29
26.8	0610710	CA	DEHESA ELEMENTARY
26.7	5503810	WI	DRUMMOND AREA SCHOOL DISTRICT
26.7	5501020	WI	BELMONT COMMUNITY SCHOOL DISTRICT
26.7	4833390	TX	O'DONNELL ISD
26.7	4817280	TX	DODD CITY ISD
26.7	4815120	TX	COOLIDGE ISD
26.7	3813760	ND	NEW 8
26.7	3800389	ND	KIDDER COUNTY 1
26.7	3618510	NY	MARGARETVILLE CENTRAL SCHOOL DISTRICT
26.7	3417970	NJ	WILDWOOD CREST
26.7	3004230	MT	BLUE CREEK ELEM
26.7	2903000	MO	SANTA FE R-X
26.7	2011760	KS	SOLOMON
26.5	5513830	WI	SHULLSBURG SCHOOL DISTRICT
26.5	5511970	WI	PORT EDWARDS SCHOOL DISTRICT
26.5	5308220	WA	SOUTHSIDE SCHOOL DISTRICT
26.5	4831650	TX	MOUNT ENTERPRISE ISD
26.5	4677460	SD	WESSINGTON SPRINGS SCHOOL DISTRICT 36-2
26.5	4033540	OK	ZANEIS
26.5	4012570	OK	GEARY
26.5	4003210	OK	ARKOMA
26.5	3904971	OH	NEW RIEGEL LOCAL
26.5	3807590	ND	GARRISON 51
26.5	3612660	NY	GREEN ISLAND UNION FREE SCHOOL DISTRICT
26.5	2926790	MO	ROCK PORT R-II
26.5	2912450	MO	SPRING BLUFF R-XV
26.5	2732700	MN	SOUTH KOOCHICHING SCHOOL DISTRICT
26.5	2730870	MN	NORTHLAND COMMUNITY SCHOOLS
26.5	2604320	MI	BEAR LAKE SCHOOL DISTRICT
26.5	2008100	KS	KINSLEY-OFFERLE
26.5	2004470	KS	WACONDA
26.5	1726250	IL	MILLER TWP CCSD 210
26.5	1716530	IL	GERMANTOWN SD 60
26.5	1700330	IL	PRAIRIEVIEW-OGDEN CCSD 197
26.5	1601380	ID	HAGERMAN JOINT DISTRICT
26.5	0803180	CO	CRIPPLE CREEK-VICTOR SCHOOL DISTRICT NO. RE-1
26.5	0616620	CA	HARMONY UNION ELEMENTARY
26.5	0503420	AR	LEAD HILL SCHOOL DISTRICT
26.3	5009480	VT	WOODSTOCK SCHOOL DISTRICT
26.3	5008850	VT	WEST RUTLAND SCHOOL DISTRICT
26.3	5007350	VT	SHELDON SCHOOL DISTRICT
26.3	5003210	VT	CLARENDON SCHOOL DISTRICT
26.3	4831970	TX	MUNDAY CISD
26.3	4829250	TX	MARTINSVILLE ISD
26.3	4821270	TX	GORMAN ISD
26.3	4019380	OK	MAYSVILLE
26.3	4006480	OK	CANTON
26.3	3631590	NY	WINDHAM-ASHLAND-JEWETT CENTRAL SCHOOL DISTRICT
26.3	3410680	NJ	MOONACHIE
26.3	3301680	NH	BARTLETT SCHOOL DISTRICT
26.3	2706300	MN	BROWERVILLE PUBLIC SCHOOL DISTRICT
26.3	2011400	KS	SATANTA
26.3	1742690	IL	WINDSOR CUSD 1
26.3	1703810	IL	ANNAWAN CUSD 226
26.3	0632400	CA	RICHFIELD ELEMENTARY
26.3	0510620	AR	NORPHLET SCHOOL DISTRICT
26.2	5001830	VT	ARLINGTON SCHOOL DISTRICT
26.2	4650850	SD	NEWELL SCHOOL DISTRICT 09-2
26.2	4008940	OK	COYLE
26.2	4000020	OK	FRONTIER
26.2	3501770	NM	MAGDALENA MUNICIPAL SCHOOLS
26.2	3200450	NV	STOREY COUNTY SCHOOL DISTRICT
26.2	3006870	MT	CLINTON ELEM
26.2	3006840	MT	CLANCY ELEM
26.2	2928360	MO	SLATER
26.2	2603480	MI	ASHLEY COMMUNITY SCHOOLS
26.2	2303210	ME	BLUE HILL SCHOOL DEPARTMENT
26.2	2010080	KS	OBERLIN
26.2	1740620	IL	WALTHAM CCSD 185
26.2	1738910	IL	THORNTON SD 154
26.2	1714760	IL	FAIRMONT SD 89
26.0	4815810	TX	CROSS PLAINS ISD
26.0	2929340	MO	STANBERRY R-II
26.0	2305280	ME	EAST MILLINOCKET SCHOOL DEPARTMENT
26.0	1930960	IA	WEST HARRISON COMM SCHOOL DISTRICT
26.0	1903090	IA	ADAIR-CASEY COMM SCHOOL DISTRICT
26.0	1734110	IL	RIVERVIEW CCSD 2
26.0	1733120	IL	RANKIN CSD 98
26.0	1717790	IL	GRIGGSVILLE-PERRY CUSD 4
26.0	1712150	IL	DESOTO CONS SD 86
26.0	0805010	CO	SCHOOL DISTRICT NO. C-2 IN THE COUNTY OF ELBERT AND STATE OF
26.0	0624930	CA	MILLVILLE ELEMENTARY
25.8	4846170	TX	WINK-LOVING ISD
25.8	4820460	TX	GARY ISD
25.8	4812240	TX	BURTON ISD
25.8	4005340	OK	BRAY-DOYLE
25.8	3105970	NE	TRI COUNTY PUBLIC SCHOOLS
25.8	2508220	MA	NAHANT
25.8	2012540	KS	VALLEY FALLS
25.8	2007440	KS	RURAL VISTA
25.8	2000028	KS	WASHINGTON CO. SCHOOLS
25.8	1928170	IA	TWIN CEDARS COMM SCHOOL DISTRICT
25.8	1918960	IA	MELCHER-DALLAS COMM SCHOOL DISTRICT
25.8	1916140	IA	HARRIS-LAKE PARK COMM SCHOOL DISTRICT
25.8	1737830	IL	STEWARDSON-STRASBURG CUD 5A
25.8	0512870	AR	STEPHENS SCHOOL DISTRICT
25.7	5500570	WI	ATHENS SCHOOL DISTRICT
25.7	4829040	TX	MARFA ISD
25.7	4820040	TX	FROST ISD
25.7	4809540	TX	BARTLETT ISD
25.7	4601026	SD	MCCOOK CENTRAL SCHOOL DISTRICT 43-7
25.7	4031860	OK	WATTS
25.7	4027330	OK	SENTINEL
25.7	4019290	OK	MAUD
25.7	4003120	OK	ARAPAHO-BUTLER
25.7	3806090	ND	ELLENDALE 40
25.7	3800039	ND	TIOGA 15
25.7	3622100	NY	GEORGETOWN-SOUTH OTSELIC CENTRAL SCHOOL DISTRICT
25.7	3617880	NY	LYME CENTRAL SCHOOL DISTRICT
25.7	3603030	NY	ANDOVER CENTRAL SCHOOL DISTRICT
25.7	3408340	NJ	LAWNSIDE BOROUGH
25.7	3405850	NJ	GIBBSBORO
25.7	2925590	MO	PRINCETON R-V
25.7	2923220	MO	ORRICK R-XI
25.7	2312410	ME	SOUTHERN AROOSTOOK CSD
25.7	2008790	KS	LINCOLN
25.7	1920730	IA	NORA SPRINGS-ROCK FALLS COMM SCHOOL DISTRICT
25.7	1741730	IL	WEST RICHLAND CUSD 2
25.7	0802040	CO	AKRON SCHOOL DISTRICT NO. R-1
25.7	0624150	CA	MAXWELL UNIFIED
25.7	0611610	CA	DUNHAM ELEMENTARY
25.5	5309870	WA	WILLAPA VALLEY SCHOOL DISTRICT
25.5	4834630	TX	PERRIN-WHITT CISD
25.5	4821590	TX	GRANGER ISD
25.5	4211520	PA	HARMONY AREA SD
25.5	3810860	ND	LARIMORE 44
25.5	3104200	NE	BLUE HILL PUBLIC SCHOOLS
25.5	2916590	MO	KING CITY R-I
25.5	2729070	MN	PLUMMER PUBLIC SCHOOL DISTRICT
25.5	2007260	KS	GRAHAM COUNTY
25.5	1736640	IL	SOUTH FORK SD 14
25.5	0636420	CA	SHAFFER UNION ELEMENTARY
25.5	0602010	CA	ALPAUGH UNIFIED
25.5	0402600	AZ	DUNCAN UNIFIED DISTRICT
25.3	5516020	WI	WAUZEKA-STEUBEN SCHOOL DISTRICT
25.3	5505730	WI	BLACK HAWK SCHOOL DISTRICT
25.3	4612300	SD	CHESTER AREA SCHOOL DISTRICT 39-1
25.3	3500420	NM	CHAMA VALLEY INDEP. SCHOOLS
25.3	2635130	MI	WALKERVILLE PUBLIC SCHOOLS
25.3	1731140	IL	PEMBROKE CCSD 259
25.2	5302550	WA	ENTIAT SCHOOL DISTRICT
25.2	4830000	TX	MEADOW ISD
25.2	4109660	OR	PILOT ROCK SD 2
25.2	4033603	OK	BINGER-ONEY
25.2	4020430	OK	MOSELEY
25.2	4013830	OK	HARMONY
25.2	3404200	NJ	EAST NEWARK
25.2	3301500	NH	ANDOVER SCHOOL DISTRICT
25.2	3178300	NE	WALTHILL PUBLIC SCHOOLS
25.2	3100179	NE	HUMBOLDT TABLE ROCK STEINAUER
25.2	2931460	MO	WEAUBLEAU R-III
25.2	2741430	MN	WABASSO PUBLIC SCHOOL DISTRICT
25.2	2004830	KS	NORTH JACKSON
25.2	1713370	IL	EDGAR COUNTY CUD 6
25.2	0622920	CA	LOS OLIVOS ELEMENTARY
25.2	0200810	AK	WRANGELL PUBLIC SCHOOL DISTRICT
25.0	5511400	WI	PARIS J1 SCHOOL DISTRICT
25.0	5504170	WI	ELCHO SCHOOL DISTRICT
25.0	5005640	VT	MONKTON SCHOOL DISTRICT
25.0	4842540	TX	TEXHOMA ISD
25.0	4825800	TX	KNIPPA ISD
25.0	4012630	OK	GERONIMO
25.0	4002370	OK	ACHILLE
25.0	3305190	NH	NEWFIELDS SCHOOL DISTRICT
25.0	3304260	NH	LINCOLN-WOODSTOCK SCHOOL DISTRICT
25.0	3301890	NH	BETHLEHEM SCHOOL DISTRICT
25.0	3104640	NE	BURWELL PUBLIC SCHOOLS
25.0	2919140	MO	LOCKWOOD R-I
25.0	2916950	MO	LA PLATA R-II
25.0	2911670	MO	EXETER R-VI
25.0	2700127	MN	STEPHEN-ARGYLE CENTRAL SCHOOLS
25.0	1710830	IL	TRIOPIA CUSD 27
25.0	1600450	ID	BRUNEAU-GRAND VIEW JOINT DIST
25.0	0406120	AZ	PEACH SPRINGS UNIFIED DISTRICT
24.8	5006600	VT	POULTNEY SCHOOL DISTRICT
24.8	4821330	TX	GRAFORD ISD
24.8	4031950	OK	WAUKOMIS
24.8	3602310	NY	GLENS FALLS COMMON SCHOOL DISTRICT
24.8	3415570	NJ	SPRING LAKE
24.8	3100132	NE	THAYER CENTRAL COMMUNITY SCHS
24.8	2919380	MO	MACKS CREEK R-V
24.8	1704440	IL	ASTORIA CUSD 1
24.8	1701382	IL	THOMPSONVILLE CUSD 174
24.8	0691137	CA	BIG OAK FLAT-GROVELAND UNIFIED
24.7	4009420	OK	DARLINGTON
24.7	4008730	OK	COTTONWOOD
24.7	3624420	NY	REMSENBURG-SPEONK UNION FREE SCHOOL DISTRICT
24.7	3615060	NY	HUNTER-TANNERSVILLE CENTRAL SCHOOL DISTRICT
24.7	3414790	NJ	SEASIDE HEIGHTS BOROUGH
24.7	3009930	MT	ENNIS K-12 SCHOOLS
24.7	2011520	KS	CHAUTAUQUA CO COMMUNITY
24.7	2005040	KS	COMANCHE COUNTY
24.7	1926250	IA	SIDNEY COMM SCHOOL DISTRICT
24.7	1700015	IL	JOPPA-MAPLE GROVE UD 38
24.7	0642270	CA	WEST SIDE UNION ELEMENTARY
24.7	0623820	CA	MARICOPA UNIFIED
24.5	5509720	WI	NORTHWOOD SCHOOL DISTRICT
24.5	5004770	VT	HUNTINGTON SCHOOL DISTRICT
24.5	5003450	VT	DANVILLE SCHOOL DISTRICT
24.5	4810650	TX	BLUM ISD
24.5	4676020	SD	WARNER SCHOOL DISTRICT 06-5
24.5	4674520	SD	VIBORG SCHOOL DISTRICT 60-5
24.5	4109530	OR	PERRYDALE SD 21
24.5	3810740	ND	LAMOURE 8
24.5	3800050	ND	MOHALL-LANSFORD-SHERWOOD 1
24.5	3607710	NY	CLIFTON-FINE CENTRAL SCHOOL DISTRICT
24.5	3305760	NH	PLAINFIELD SCHOOL DISTRICT
24.5	3176620	NE	SHELTON PUBLIC SCHOOLS
24.5	3100004	NE	LAUREL-CONCORD PUBLIC SCHOOLS
24.5	3005460	MT	CANYON CREEK ELEM
24.5	2904140	MO	BAKERSFIELD R-IV
24.5	2700150	MN	CLINTON-GRACEVILLE-BEARDSLEY
24.5	2008880	KS	LITTLE RIVER
24.5	1913530	IA	HARMONY COMM SCHOOL DISTRICT
24.5	1728270	IL	NEWARK CCSD 66
24.5	0623040	CA	LUCERNE ELEMENTARY
24.4	1900024	IA	SOUTHERN CAL COMM SCHOOL DISTRICT
24.3	5003960	VT	FAIRFIELD SCHOOL DISTRICT
24.3	4814250	TX	CLAUDE ISD
24.3	4026280	OK	ROFF
24.3	3501380	NM	JEMEZ MOUNTAIN PUBLIC SCHOOLS
24.3	3415240	NJ	SOUTH HACKENSACK
24.3	3170140	NE	ELM CREEK PUBLIC SCHOOLS
24.3	2607410	MI	BURR OAK COMMUNITY SCHOOL DISTRICT
24.3	2105040	KY	ROBERTSON COUNTY
24.3	2010770	KS	PLEASANTON
24.3	1907440	IA	CLARKSVILLE COMM SCHOOL DISTRICT
24.3	1738490	IL	V I T CUSD 2
24.3	0507410	AR	HARTFORD SCHOOL DISTRICT
24.2	5512300	WI	PRINCETON SCHOOL DISTRICT
24.2	5306360	WA	ORIENT SCHOOL DISTRICT
24.2	5008700	VT	WEATHERSFIELD SCHOOL DISTRICT
24.2	5007740	VT	STARKSBORO SCHOOL DISTRICT
24.2	4624030	SD	FAULKTON AREA SCHOOLS 24-4
24.2	3904868	OH	JEFFERSON TOWNSHIP LOCAL
24.2	3800047	ND	TGU 60
24.2	3613560	NY	HANCOCK CENTRAL SCHOOL DISTRICT
24.2	3306660	NH	THORNTON SCHOOL DISTRICT
24.2	3100091	NE	FULLERTON PUBLIC SCHOOLS
24.2	2923070	MO	OAK RIDGE R-VI
24.2	2311280	ME	MSAD 32
24.2	1811730	IN	UNION SCHOOL CORPORATION
24.2	1716230	IL	GARDNER CCSD 72C
24.2	0900390	CT	BOZRAH SCHOOL DISTRICT
24.2	0606580	CA	BUTTE VALLEY UNIFIED
24.0	5002220	VT	BERLIN SCHOOL DISTRICT
24.0	4819020	TX	FALLS CITY ISD
24.0	4110530	OR	RIDDLE SD 70
24.0	4031170	OK	VICI
24.0	4009300	OK	CYRIL
24.0	4002670	OK	ALEX
24.0	3616800	NY	LAURENS CENTRAL SCHOOL DISTRICT
24.0	3401740	NJ	BEVERLY CITY
24.0	3020960	MT	PLENTYWOOD K-12 SCHOOLS
24.0	2733300	MN	SPRING GROVE SCHOOL DISTRICT
24.0	2511370	MA	SUNDERLAND
24.0	2304895	ME	DEER ISLE-STONINGTON CSD
24.0	2302220	ME	ACTON SCHOOL DEPARTMENT
24.0	2012330	KS	TROY PUBLIC SCHOOLS
24.0	1912810	IA	GRAETTINGER-TERRIL COMM SCHOOL DISTRICT
24.0	0639600	CA	TRAVER JOINT ELEMENTARY
23.8	5516470	WI	WESTON SCHOOL DISTRICT
23.8	5512180	WI	PRAIRIE FARM SCHOOL DISTRICT
23.8	5510440	WI	NEW AUBURN SCHOOL DISTRICT
23.8	5506810	WI	INDEPENDENCE SCHOOL DISTRICT
23.8	5099960	VT	BARSTOW JOINT CONTRACT DISTRIC
23.8	4027960	OK	SOPER
23.8	3100015	NE	CAMBRIDGE PUBLIC SCHOOLS
23.8	1925380	IA	SCHALLER-CRESTLAND COMM SCHOOL DISTRICT
23.8	1920100	IA	MURRAY COMM SCHOOL DISTRICT
23.8	1913380	IA	H-L-V COMM SCHOOL DISTRICT
23.8	1736780	IL	SOUTH PEKIN SD 137
23.8	1714640	IL	EWING NORTHERN CCSD 115
23.8	0636100	CA	SCOTIA UNION ELEMENTARY
23.8	0619050	CA	JOHNSTONVILLE ELEMENTARY
23.8	0600018	CA	MOUNTAIN VALLEY UNIFIED
23.8	0403730	AZ	HAYDEN-WINKELMAN UNIFIED DISTRICT
23.8	0403550	AZ	GRAND CANYON UNIFIED DISTRICT
23.7	4844810	TX	WEBB CISD
23.7	4809060	TX	AVERY ISD
23.7	4647100	SD	MENNO SCHOOL DISTRICT 33-2
23.7	4620100	SD	EAGLE BUTTE SCHOOL DISTRICT 20-1
23.7	4006510	OK	CANUTE
23.7	3805160	ND	DIVIDE COUNTY 1
23.7	3624660	NY	RIPLEY CENTRAL SCHOOL DISTRICT
23.7	2621810	MI	ALANSON PUBLIC SCHOOLS
23.7	1923790	IA	PRESTON COMM SCHOOL DISTRICT
23.7	1740410	IL	VIRGINIA CUSD 64
23.7	1739180	IL	TONICA CCSD 79
23.7	1731860	IL	PLEASANT HILL SD 69
23.7	1709180	IL	CENTRAL CITY SD 133
23.7	0804650	CO	HOEHNE REORGANIZED SCHOOL DISTRICT NO. 3
23.6	3621870	NY	OPPENHEIM-EPHRATAH CENTRAL SCHOOL DISTRICT
23.6	2000348	KS	DONIPHAN WEST SCHOOLS
23.5	5602830	WY	FREMONT COUNTY SCHOOL DISTRICT # 6
23.5	5305190	WA	MORTON SCHOOL DISTRICT
23.5	4827630	TX	LIPAN ISD
23.5	4823730	TX	HUBBARD ISD
23.5	4678300	SD	DEUBROOK AREA SCHOOL DISTRICT 05-6
23.5	4033602	OK	FORT COBB-BROXTON
23.5	4030360	OK	TUSHKA
23.5	4023730	OK	PEGGS
23.5	3813660	ND	NEDROSE 4
23.5	3013800	MT	HELENA FLATS ELEM
23.5	2928470	MO	SOUTH IRON CO. R-I
23.5	2500014	MA	CHESTERFIELD-GOSHEN
23.5	2009660	KS	MARMATON VALLEY
23.5	1733030	IL	RACCOON CONS SD 1
23.5	1720250	IL	IUKA CCSD 7
23.5	1713020	IL	EAST COLOMA SD 12
23.5	1707440	IL	BROWNSTOWN CUSD 201
23.5	0901950	CT	HARTLAND SCHOOL DISTRICT
23.5	0637650	CA	SOUTHSIDE ELEMENTARY
23.3	4837830	TX	ROPES ISD
23.3	4680100	SD	WOLSEY WESSINGTON SCHOOL DISTRICT 02-6
23.3	4022650	OK	OKEENE
23.3	3817910	ND	SURREY 41
23.3	3812990	ND	MINNEWAUKAN 5
23.3	3631500	NY	WILLSBORO CENTRAL SCHOOL DISTRICT
23.3	3625110	NY	ROXBURY CENTRAL SCHOOL DISTRICT
23.3	3613440	NY	HAMMOND CENTRAL SCHOOL DISTRICT
23.3	2910650	MO	NORTH WOOD R-IV
23.3	2738280	MN	SWANVILLE PUBLIC SCHOOL DISTRICT
23.3	2711220	MN	EDGERTON PUBLIC SCHOOL DISTRICT
23.3	1924120	IA	REMSEN-UNION COMM SCHOOL DISTRICT
23.3	1907470	IA	CLAY CENTRAL-EVERLY COMM SCHOOL DISTRICT
23.3	1729580	IL	ODIN SD 122
23.3	1705460	IL	BEECHER CITY CUSD 20
23.3	0200525	AK	ANNETTE ISLAND SCHOOL DISTRICT
23.3	0200060	AK	CORDOVA CITY SCHOOL DISTRICT
23.2	4830360	TX	IRION COUNTY ISD
23.2	4617850	SD	DE SMET SCHOOL DISTRICT 38-2
23.2	4113650	OR	YONCALLA SD 32
23.2	4010170	OK	DRUMMOND
23.2	4007500	OK	CHEYENNE
23.2	3608100	NY	COLTON-PIERREPONT CENTRAL SCHOOL DISTRICT
23.2	3501980	NM	MESA VISTA CONSOLIDATED SCHOOLS
23.2	3304290	NH	LISBON REGIONAL SCHOOL DISTRICT
23.2	3178540	NE	WEEPING WATER PUBLIC SCHOOLS
23.2	3105550	NE	CREIGHTON PUBLIC SCHOOLS
23.2	3100178	NE	SOUTHWEST PUBLIC SCHOOLS
23.2	3006320	MT	CHOTEAU ELEM
23.2	3006260	MT	CHINOOK ELEM
23.2	3002850	MT	SMITH VALLEY ELEM
23.2	2915060	MO	JUNCTION HILL C-12
23.2	1921600	IA	ODEBOLT-ARTHUR COMM SCHOOL DISTRICT
23.2	1912750	IA	GLIDDEN-RALSTON COMM SCHOOL DISTRICT
23.2	1717580	IL	GRAYVILLE CUSD 1
23.2	0200485	AK	LAKE AND PENINSULA BOROUGH SCHOOL DISTRICT
23.2	0200005	AK	KASHUNAMIUT SCHOOL DISTRICT
23.0	5515700	WI	WASHINGTON-CALDWELL SCHOOL DISTRICT
23.0	5307380	WA	RITZVILLE SCHOOL DISTRICT
23.0	5306390	WA	ORONDO SCHOOL DISTRICT
23.0	4830210	TX	MENARD ISD
23.0	4007410	OK	CHEROKEE
23.0	3628020	NY	STAMFORD CENTRAL SCHOOL DISTRICT
23.0	3304560	NH	MADISON SCHOOL DISTRICT
23.0	3175060	NE	OVERTON PUBLIC SCHOOLS
23.0	3100130	NE	CROSS COUNTY COMMUNITY SCHOOLS
23.0	3015200	MT	JOLIET ELEM
23.0	2928620	MO	SOUTHLAND C-9
23.0	2913230	MO	GREEN CITY R-I
23.0	2503900	MA	CONWAY
23.0	2012600	KS	VICTORIA
23.0	1723670	IL	LOVINGTON CUSD 303
23.0	0513950	AR	WEINER SCHOOL DISTRICT
23.0	0407500	AZ	SANTA CRUZ ELEMENTARY DISTRICT
22.8	5000009	VT	METTAWEE COMMUNITY SCHOOL
22.8	4843560	TX	UNION HILL ISD
22.8	4629880	SD	GREGORY SCHOOL DISTRICT 26-4
22.8	3626580	NY	SHARON SPRINGS CENTRAL SCHOOL DISTRICT
22.8	3615870	NY	JOHNSBURG CENTRAL SCHOOL DISTRICT
22.8	3502550	NM	TATUM MUNICIPAL SCHOOLS
22.8	3304500	NH	LYME SCHOOL DISTRICT
22.8	3100025	NE	ELKHORN VALLEY SCHOOLS
22.8	3005990	MT	CAYUSE PRAIRIE ELEM
22.8	2921420	MO	SCOTT CO. CENTRAL
22.8	2791448	MN	NORMAN COUNTY WEST SCHOOL DISTRICT
22.8	2627840	MI	PENTWATER PUBLIC SCHOOL DISTRICT
22.8	2011910	KS	ST JOHN-HUDSON
22.8	1730540	IL	NORTHWESTERN CUSD 2
22.8	1601200	ID	GENESEE JOINT DISTRICT
22.8	0626970	CA	NEW HOPE ELEMENTARY
22.8	0619410	CA	KENWOOD ELEMENTARY
22.7	4809030	TX	AVALON ISD
22.7	4022560	OK	OILTON
22.7	4021030	OK	SHARON-MUTUAL
22.7	3810270	ND	KILLDEER 16
22.7	3630900	NY	WEST VALLEY CENTRAL SCHOOL DISTRICT
22.7	3412210	NJ	OLDMANS TOWNSHIP
22.7	3408280	NJ	LAUREL SPRINGS
22.7	2915270	MO	PETTIS CO. R-V
22.7	2105460	KY	SOUTHGATE INDEPENDENT
22.7	2004950	KS	CLIFTON-CLYDE
22.7	1915180	IA	JANESVILLE CONSOLIDATED SCHOOL DISTRICT
22.7	1726760	IL	MORRISONVILLE CUSD 1
22.5	5304590	WA	LYLE SCHOOL DISTRICT
22.5	5301710	WA	COSMOPOLIS SCHOOL DISTRICT
22.5	4844940	TX	WELLS ISD
22.5	4838520	TX	SAINT JO ISD
22.5	4800003	TX	ROCKSPRINGS ISD
22.5	4651750	SD	NORTHWESTERN AREA SCHOOL DISTRICT 56-7
22.5	4103780	OR	CROW-APPLEGATE-LORANE SD 66
22.5	4012420	OK	GARBER
22.5	3306600	NH	TAMWORTH SCHOOL DISTRICT
22.5	2740810	MN	ULEN-HITTERDAL PUBLIC SCHOOL DIST
22.5	2718060	MN	LEROY PUBLIC SCHOOL DISTRICT
22.5	2712210	MN	FLOODWOOD PUBLIC SCHOOL DISTRICT
22.5	2010440	KS	OXFORD
22.5	2010290	KS	OSBORNE COUNTY
22.5	1915660	IA	KEOTA COMM SCHOOL DISTRICT
22.5	1735770	IL	SELMAVILLE CCSD 10
22.5	1722870	IL	LELAND CUSD 1
22.5	1600690	ID	CASTLEFORD DISTRICT
22.5	0805640	CO	SCHOOL DISTRICT NO. RE-4 BUFFALO
22.5	0642300	CA	WESTWOOD UNIFIED
22.5	0632520	CA	RICHMOND ELEMENTARY
22.3	5507680	WI	LAKE HOLCOMBE SCHOOL DISTRICT
22.3	5507230	WI	JUDA SCHOOL DISTRICT
22.3	4843980	TX	VEGA ISD
22.3	3006112	MT	CHARLO ELEM
22.3	2911070	MO	DREXEL R-IV
22.3	2905820	MO	BRAYMER C-4
22.3	2608880	MI	CHASSELL TOWNSHIP SCHOOL DISTRICT
22.3	1928110	IA	TURKEY VALLEY COMM SCHOOL DISTRICT
22.3	1924150	IA	RICEVILLE COMM SCHOOL DISTRICT
22.3	1728110	IL	NEW HOPE CCSD 6
22.3	0804680	CO	HOLLY SCHOOL DISTRICT NO. RE-3
22.3	0609270	CA	COLD SPRING ELEMENTARY
22.2	5500450	WI	ARGYLE SCHOOL DISTRICT
22.2	5306780	WA	POMEROY SCHOOL DISTRICT
22.2	5005550	VT	MIDDLESEX SCHOOL DISTRICT
22.2	5004290	VT	GRAND ISLE SCHOOL DISTRICT
22.2	4844310	TX	WAELDER ISD
22.2	4816140	TX	D'HANIS ISD
22.2	4621420	SD	EMERY SCHOOL DISTRICT 30-2
22.2	4016740	OK	KREMLIN-HILLSDALE
22.2	3800060	ND	BARNES COUNTY NORTH 7
22.2	3800059	ND	NEW ROCKFORD-SHEYENNE 2
22.2	3100120	NE	HITCHCOCK CO UNIFIED SCH SYSTM
22.2	2910620	MO	DELTA R-V
22.2	2311010	ME	MSAD 24
22.2	1910710	IA	ELK HORN-KIMBALLTON COMM SCHOOL DISTRICT
22.2	1716650	IL	GIFFORD CCSD 188
22.2	1715750	IL	FRANKLIN CUSD 1
22.2	1705570	IL	OPDYKE-BELLE-RIVE CCSD 5
22.2	0803420	CO	DOLORES COUNTY SCHOOL DISTRICT RE-2J
22.2	0200775	AK	YUKON FLATS SCHOOL DISTRICT
22.0	5512090	WI	POTOSI SCHOOL DISTRICT
22.0	5501650	WI	BRIGHTON #1 SCHOOL DISTRICT
22.0	5008190	VT	UNDERHILL ID SCHOOL DISTRICT
22.0	5006990	VT	ROYALTON SCHOOL DISTRICT
22.0	4838040	TX	ROTAN ISD
22.0	4680440	SD	HIGHMORE-HARROLD 34-2
22.0	4003930	OK	BENNINGTON
22.0	3303810	NH	HOLDERNESS SCHOOL DISTRICT
22.0	3100117	NE	HEARTLAND COMMUNITY SCHOOLS
22.0	3002070	MT	ANDERSON ELEM
22.0	2918360	MO	LEETON R-X
22.0	2700101	MN	NORMAN COUNTY EAST SCHOOL DISTRICT
22.0	2608610	MI	CENTRAL LAKE PUBLIC SCHOOLS
22.0	1929280	IA	VILLISCA COMM SCHOOL DISTRICT
22.0	1730480	IL	PALESTINE CUSD 3
22.0	0639840	CA	TRONA JOINT UNIFIED
22.0	0406360	AZ	PICACHO ELEMENTARY DISTRICT
21.8	5605700	WY	FREMONT COUNTY SCHOOL DISTRICT #24
21.8	5301830	WA	CRESCENT SCHOOL DISTRICT
21.8	5006660	VT	PROCTOR SCHOOL DISTRICT
21.8	4831560	TX	MOULTON ISD
21.8	4703540	TN	RICHARD CITY ELEMENTARY S/D
21.8	4671880	SD	TIMBER LAKE SCHOOL DISTRICT 20-3
21.8	4600042	SD	AGAR-BLUNT-ONIDA SCHOOL DISTRICT 58-3
21.8	4027000	OK	SAVANNA
21.8	4018660	OK	MACOMB
21.8	4012060	OK	FOX
21.8	3810180	ND	KENMARE 28
21.8	3629190	NY	TUXEDO UNION FREE SCHOOL DISTRICT
21.8	3013440	MT	HARLOWTON ELEM
21.8	2910950	MO	DORA R-III
21.8	2008310	KS	FAIRFIELD
21.8	2008220	KS	LACROSSE
21.8	2000012	KS	BARNES
21.8	1930720	IA	WEST BEND-MALLARD COMM SCHOOL DISTRICT
21.8	1914310	IA	HUBBARD-RADCLIFFE COMM SCHOOL DISTRICT
21.8	1722920	IL	LIMESTONE WALTERS CCSD 316
21.8	1710340	IL	CLAY CITY CUSD 10
21.8	0805850	CO	WEST END SCHOOL DISTRICT NO. RE-2
21.8	0611130	CA	DI GIORGIO ELEMENTARY
21.8	0609510	CA	COLUMBINE ELEMENTARY
21.8	0401810	AZ	CEDAR UNIFIED DISTRICT
21.7	5517130	WI	WONEWOC-UNION CENTER SCHOOL DISTRICT
21.7	5306660	WA	PE ELL SCHOOL DISTRICT
21.7	4838310	TX	RUNGE ISD
21.7	4012210	OK	FRIEND
21.7	4003540	OK	BANNER
21.7	3003420	MT	BELT ELEM
21.7	2913530	MO	HALFWAY R-III
21.7	2912900	MO	GLASGOW
21.7	2709690	MN	CROMWELL-WRIGHT PUBLIC SCHOOLS
21.7	2635010	MI	WAKEFIELD-MARENISCO SCHOOL DISTRICT
21.7	2626940	MI	DOLLAR BAY-TAMARACK CITY AREA SCHOOLS
21.7	1721510	IL	LADD CCSD 94
21.5	5601090	WY	BIG HORN COUNTY SCHOOL DISTRICT #4
21.5	5500056	WI	GRESHAM SCHOOL DISTRICT
21.5	5305880	WA	NORTHPORT SCHOOL DISTRICT
21.5	5002790	VT	BURKE SCHOOL DISTRICT
21.5	4837320	TX	RIVIERA ISD
21.5	4825470	TX	KENNARD ISD
21.5	4809280	TX	BAIRD ISD
21.5	4108940	OR	NORTH POWDER SD 8J
21.5	4017040	OK	LANE
21.5	3800061	ND	ENDERLIN AREA 24
21.5	3100070	NE	AMHERST PUBLIC SCHOOLS
21.5	2791447	MN	KITTSON CENTRAL SCHOOL DISTRICT
21.5	2306870	ME	JEFFERSON SCHOOL DEPARTMENT
21.5	2011580	KS	NEMAHA VALLEY SCHOOLS
21.5	0642900	CA	WINSHIP-ROBBINS
21.5	0611550	CA	DUCOR UNION ELEMENTARY
21.5	0605220	CA	BLACK BUTTE UNION ELEMENTARY
21.3	5008940	VT	WESTFORD SCHOOL DISTRICT
21.3	5002190	VT	BERKSHIRE SCHOOL DISTRICT
21.3	5001770	VT	ALBURG SCHOOL DISTRICT
21.3	4900780	UT	PIUTE DISTRICT
21.3	4680439	SD	IRENE - WAKONDA SCHOOL DISTRICT 13-3
21.3	4104410	OR	DUFUR SD 29
21.3	4029850	OK	THACKERVILLE
21.3	4024330	OK	PLEASANT GROVE
21.3	3173090	NE	LOUP CITY PUBLIC SCHOOLS
21.3	3100065	NE	FRANKLIN PUBLIC SCHOOLS
21.3	2923760	MO	NORTH PEMISCOT CO. R-I
21.3	2903120	MO	APPLETON CITY R-II
21.3	2744190	MN	WRENSHALL PUBLIC SCHOOL DISTRICT
21.3	2004230	KS	CENTRAL
21.3	2000023	KS	RAWLINS COUNTY
21.3	1913080	IA	GREENE COMM SCHOOL DISTRICT
21.3	1907110	IA	CHARTER OAK-UTE COMM SCHOOL DISTRICT
21.3	1712480	IL	DONGOLA SUD 66
21.3	0607410	CA	CAPAY JOINT UNION ELEMENTARY
21.2	5001980	VT	BARNET SCHOOL DISTRICT
21.2	4023220	OK	OSAGE HILLS
21.2	4006330	OK	CAMERON
21.2	3305400	NH	NORTHUMBERLAND SCHOOL DISTRICT
21.2	3105630	NE	CROFTON COMMUNITY SCHOOLS
21.2	2923190	MO	SOUTH HOLT CO. R-I
21.2	2910590	MO	BUCHANAN CO. R-IV
21.2	2621750	MI	LITCHFIELD COMMUNITY SCHOOLS
21.2	2100180	KY	AUGUSTA IND
21.2	2012060	KS	STOCKTON
21.2	2009600	KS	MINNEOLA
21.2	2007500	KS	WEST ELK
21.2	1706840	IL	BRACEVILLE SD 75
21.2	0901590	CT	FRANKLIN SCHOOL DISTRICT
21.2	0631950	CA	READY SPRINGS UNION ELEMENTARY
21.0	5009240	VT	WILMINGTON SCHOOL DISTRICT
21.0	4827960	TX	LOMETA ISD
21.0	4820370	TX	GARNER ISD
21.0	4800002	TX	SPUR ISD
21.0	4630490	SD	HAAKON SCHOOL DISTRICT 27-1
21.0	4030990	OK	VARNUM
21.0	3808710	ND	HANKINSON 8
21.0	3800017	ND	LINTON 36
21.0	3100172	NE	WEST HOLT PUBLIC SCHOOLS
21.0	3100003	NE	EAST BUTLER PUBLIC SCHOOLS
21.0	3023670	MT	SCOBEY K-12 SCHOOLS
21.0	2930990	MO	WALNUT GROVE R-V
21.0	2929940	MO	TARKIO R-I
21.0	2926580	MO	RIPLEY CO. R-IV
21.0	2916660	MO	KINGSVILLE R-I
21.0	2718270	MN	LITTLEFORK-BIG FALLS SCHOOL DIST.
21.0	2610560	MI	FAIRVIEW AREA SCHOOL DISTRICT
21.0	2012750	KS	WATHENA
21.0	2004260	KS	BURLINGAME PUBLIC SCHOOL
21.0	1924750	IA	ROCKWELL-SWALEDALE COMM SCHOOL DISTRICT
21.0	1731890	IL	PLEASANT HILL CUSD 3
21.0	1713410	IL	EDINBURG CUSD 4
21.0	0625290	CA	MONROE ELEMENTARY
21.0	0622620	CA	LOS ALAMOS ELEMENTARY
21.0	0607840	CA	CAYUCOS ELEMENTARY
20.8	5512510	WI	NORTH CAPE SCHOOL DISTRICT
20.8	5504350	WI	ELMWOOD SCHOOL DISTRICT
20.8	5008550	VT	WARREN SCHOOL DISTRICT
20.8	5008400	VT	WAITSFIELD SCHOOL DISTRICT
20.8	5008130	VT	TROY SCHOOL DISTRICT
20.8	4026100	OK	ROBIN HILL
20.8	4025170	OK	PRUE
20.8	3175390	NE	PENDER PUBLIC SCHOOLS
20.8	3103420	NE	AXTELL COMMUNITY SCHOOLS
20.8	1704950	IL	BANNOCKBURN SD 106
20.8	0602370	CA	ALVINA ELEMENTARY
20.7	5501170	WI	BIRCHWOOD SCHOOL DISTRICT
20.7	5008242	VT	WAITS RIVER VALLEY USD#36
20.7	4106630	OR	IMBLER SD 11
20.7	4030300	OK	TURNER
20.7	3905009	OH	BLOOMFIELD-MESPO LOCAL
20.7	3819260	ND	WARWICK 29
20.7	3501050	NM	FORT SUMNER MUNICIPAL SCHOOLS
20.7	3414610	NJ	SANDYSTON-WALPACK TOWNSHI
20.7	3100080	NE	ALMA PUBLIC SCHOOLS
20.7	3001980	MT	AMSTERDAM ELEM
20.7	2926400	MO	RICHLAND R-I
20.7	2925080	MO	PHELPS CO. R-III
20.7	2915210	MO	HOWELL VALLEY R-I
20.7	2912780	MO	GIDEON 37
20.7	2621420	MI	LES CHENEAUX COMMUNITY SCHOOLS
20.7	2011880	KS	ST FRANCIS COMM SCH
20.7	1913440	IA	HAMBURG COMM SCHOOL DISTRICT
20.7	1905970	IA	CAL COMM SCHOOL DISTRICT
20.7	0639720	CA	TRINIDAD UNION ELEMENTARY
20.7	0200520	AK	IDITAROD AREA SCHOOL DISTRICT
20.5	5606090	WY	WESTON COUNTY SCHOOL DISTRICT #7
20.5	5008310	VT	VERNON SCHOOL DISTRICT
20.5	4836510	TX	RANKIN ISD
20.5	4600028	SD	ALCESTER-HUDSON SCHOOL DISTRICT 61-1
20.5	4009750	OK	DEPEW
20.5	4004860	OK	BOISE CITY
20.5	3810810	ND	LANGDON AREA 23
20.5	3175000	NE	OSCEOLA PUBLIC SCHOOLS
20.5	3005880	MT	CASCADE ELEM
20.5	2911450	MO	EMINENCE R-I
20.5	2904110	MO	AVILLA R-XIII
20.5	2713380	MN	HANCOCK PUBLIC SCHOOL DISTRICT
20.5	1721680	IL	LA MOILLE CUSD 303
20.5	0904020	CT	SHARON SCHOOL DISTRICT
20.5	0806600	CO	BIG SANDY SCHOOL DISTRICT NO. 100J
20.5	0804140	CO	SIERRA GRANDE SCHOOL DISTRICT NO. R-30
20.5	0505070	AR	DELIGHT SCHOOL DISTRICT
20.5	0200270	AK	HAINES BOROUGH SCHOOL DISTRICT
20.3	5306600	WA	PATEROS SCHOOL DISTRICT
20.3	5301920	WA	CUSICK SCHOOL DISTRICT
20.3	5300870	WA	CARBONADO SCHOOL DISTRICT
20.3	4833270	TX	NURSERY ISD
20.3	4818030	TX	ECTOR ISD
20.3	4022160	OK	OAK GROVE
20.3	4012690	OK	GLENCOE
20.3	4004650	OK	BLAIR
20.3	3627990	NY	SAINT REGIS FALLS CENTRAL SCHOOL DISTRICT
20.3	3407470	NJ	HOPE TOWNSHIP
20.3	3171550	NE	HARVARD PUBLIC SCHOOLS
20.3	3025470	MT	SUPERIOR K-12 SCHOOLS
20.3	2615600	MI	ENGADINE CONSOLIDATED SCHOOLS
20.3	2010590	KS	PEABODY-BURNS
20.3	2010170	KS	ONAGA-HAVENSVILLE-WHEATON
20.3	1734620	IL	RONDOUT SD 72
20.3	1701390	IL	FLANAGAN-CORNELL DIST 74
20.3	1600009	ID	TROY SCHOOL DISTRICT
20.3	0805880	CO	NORWOOD SCHOOL DISTRICT NO. R-2J
20.3	0616560	CA	HAPPY VALLEY ELEMENTARY
20.2	5506420	WI	HIGHLAND SCHOOL DISTRICT
20.2	4611280	SD	CASTLEWOOD SCHOOL DISTRICT 28-1
20.2	4005760	OK	BUFFALO
20.2	4005130	OK	BOWLEGS
20.2	3819290	ND	WASHBURN 4
20.2	3631350	NY	WHITESVILLE CENTRAL SCHOOL DISTRICT
20.2	3409030	NJ	LOWER ALLOWAYS CREEK TOWN
20.2	3304620	NH	MARLBOROUGH SCHOOL DISTRICT
20.2	3017010	MT	LODGE GRASS ELEM
20.2	2928140	MO	NORTH SHELBY
20.2	2914310	MO	HERMITAGE R-IV
20.2	2307450	ME	LINCOLNVILLE SCHOOL DEPARTMENT
20.2	0640800	CA	VALLEY HOME JOINT ELEMENTARY
20.0	5303240	WA	GRAPEVIEW SCHOOL DISTRICT
20.0	4839000	TX	SAN PERLITA ISD
20.0	4833900	TX	PADUCAH ISD
20.0	4822650	TX	HART ISD
20.0	4648780	SD	MONTROSE SCHOOL DISTRICT 43-2
20.0	4007710	OK	CIMARRON
20.0	3501950	NM	MOUNTAINAIR PUBLIC SCHOOLS
20.0	3175570	NE	PLAINVIEW PUBLIC SCHOOLS
20.0	3103090	NE	ARAPAHOE PUBLIC SCHOOLS
20.0	3007830	MT	CULBERTSON ELEM
20.0	2929910	MO	TANEYVILLE R-II
20.0	2929130	MO	ST. ELIZABETH R-IV
20.0	2921480	MO	MOUND CITY R-II
20.0	2713930	MN	HERON LAKE-OKABENA SCHOOL DISTRICT
20.0	2633750	MI	TEKONSHA COMMUNITY SCHOOLS
20.0	2608010	MI	CARNEY-NADEAU PUBLIC SCHOOLS
20.0	2511940	MA	WALES
20.0	2504710	MA	ERVING
20.0	2303600	ME	BRISTOL SCHOOL DEPARTMENT
20.0	2006570	KS	GOESSEL
20.0	1729340	IL	OAKLAND CUSD 5
20.0	1710290	IL	CISSNA PARK CUSD 6
20.0	1600900	ID	DIETRICH DISTRICT
20.0	0900720	CT	CHAPLIN SCHOOL DISTRICT
20.0	0617520	CA	HOPE ELEMENTARY
20.0	0400910	AZ	ASH FORK JOINT UNIFIED DISTRICT
20.0	0200800	AK	CHUGACH SCHOOL DISTRICT
19.8	5513470	WI	SENECA SCHOOL DISTRICT
19.8	5306000	WA	OAKVILLE SCHOOL DISTRICT
19.8	4812150	TX	BURKEVILLE ISD
19.8	4807380	TX	ABBOTT ISD
19.8	4107590	OR	LOWELL SD 71
19.8	4014890	OK	HOLLY CREEK
19.8	2931920	MO	WHEATLAND R-II
19.8	2910140	MO	COOTER R-IV
19.8	2717940	MN	LAPORTE PUBLIC SCHOOL DISTRICT
19.8	2703300	MN	ASHBY PUBLIC SCHOOL DISTRICT
19.8	2700148	MN	GLENVILLE-EMMONS SCHOOL DISTRICT
19.8	2700112	MN	EAGLE VALLEY PUBLIC SCHOOL DISTRICT
19.8	2010920	KS	PRETTY PRAIRIE
19.8	2009930	KS	NESS CITY
19.8	2009480	KS	MARAIS DES CYGNES VALLEY
19.8	1801230	IN	MEDORA COMMUNITY SCHOOL CORP
19.7	4845570	TX	WHITEFACE CISD
19.7	4839210	TX	SANTA ANNA ISD
19.7	4829760	TX	MCDADE ISD
19.7	4030270	OK	TUPELO
19.7	4029886	OK	MOUNTAIN VIEW-GOTEBO
19.7	4027840	OK	SMITHVILLE
19.7	4024720	OK	POND CREEK-HUNTER
19.7	4016650	OK	KIOWA
19.7	3809410	ND	HETTINGER 13
19.7	3800048	ND	RICHARDTON-TAYLOR 34
19.7	3417850	NJ	WEYMOUTH TOWNSHIP
19.7	3010140	MT	FAIRFIELD ELEM
19.7	2925170	MO	PILOT GROVE C-4
19.7	2923310	MO	OTTERVILLE R-VI
19.7	2906030	MO	BRUNSWICK R-II
19.7	2635040	MI	WALDRON AREA SCHOOLS
19.7	2602010	MI	AKRON-FAIRGROVE SCHOOLS
19.7	1742450	IL	WILLIAMSFIELD CUSD 210
19.7	0634050	CA	SAN ANTONIO UNION ELEMENTARY
19.7	0626070	CA	MOUNTAIN ELEMENTARY
19.5	4844910	TX	WELLMAN-UNION CISD
19.5	4830780	TX	MILFORD ISD
19.5	4827000	TX	LEAKEY ISD
19.5	4823970	TX	HUNT ISD
19.5	4820790	TX	GLASSCOCK COUNTY ISD
19.5	4811490	TX	BRONTE ISD
19.5	4621390	SD	ELKTON SCHOOL DISTRICT 05-3
19.5	4614130	SD	COLOME SCHOOL DISTRICT 59-1
19.5	4603720	SD	ARLINGTON SCHOOL DISTRICT 38-1
19.5	4030630	OK	UNION CITY
19.5	4029520	OK	TANNEHILL
19.5	4028350	OK	SPRINGER
19.5	3606360	NY	CANASERAGA CENTRAL SCHOOL DISTRICT
19.5	3412030	NJ	OCEAN GATE
19.5	3172335	NE	JOHNSON-BROCK PUBLIC SCHOOLS
19.5	3009840	MT	ELYSIAN ELEM
19.5	3001710	MT	ABSAROKEE ELEM
19.5	2915390	MO	HURLEY R-I
19.5	2718540	MN	MABEL-CANTON PUBLIC SCHOOL DIST.
19.5	2714010	MN	HILL CITY PUBLIC SCHOOL DISTRICT
19.5	2510800	MA	SHUTESBURY
19.5	2007800	KS	JETMORE
19.5	2004140	KS	BUCKLIN
19.5	1920830	IA	NORTH KOSSUTH COMM SCHOOL DISTRICT
19.5	0615150	CA	GEYSERVILLE UNIFIED
19.3	5002250	VT	BETHEL SCHOOL DISTRICT
19.3	4834680	TX	PETERSBURG ISD
19.3	4820100	TX	FT DAVIS ISD
19.3	4112990	OR	WALLOWA SD 12
19.3	4021360	OK	NEW LIMA
19.3	4013650	OK	HAMMON
19.3	3800040	ND	DAKOTA PRAIRIE 1
19.3	3023730	MT	SEELEY LAKE ELEM
19.3	3011240	MT	FORT BENTON ELEM
19.3	2922980	MO	ADAIR CO. R-I
19.3	2913260	MO	GREEN FOREST R-II
19.3	2906170	MO	BUNKER R-III
19.3	2608280	MI	CASEVILLE PUBLIC SCHOOLS
19.3	2512300	MA	WELLFLEET
19.3	2503720	MA	CLARKSBURG
19.3	2007410	KS	LORRAINE
19.3	1732490	IL	PRAIRIE DU ROCHER CCSD 134
19.3	1720790	IL	KANSAS CUSD 3
19.3	1706880	IL	BRADFORD CUSD 1
19.3	0629790	CA	PARADISE ELEMENTARY
19.3	0612150	CA	EL NIDO ELEMENTARY
19.3	0606420	CA	BUENA VISTA ELEMENTARY
19.2	4839300	TX	SANTA GERTRUDIS ISD
19.2	4810380	TX	BLANKET ISD
19.2	4019890	OK	MIDDLEBERG
19.2	4006240	OK	CALUMET
19.2	3805850	ND	EDGELEY 3
19.2	3404860	NJ	ESTELL MANOR CITY
19.2	3103440	NE	BANCROFT-ROSALIE COMM SCHOOLS
19.2	3100140	NE	CREEK VALLEY SCHOOLS
19.2	2712480	MN	FULDA PUBLIC SCHOOL DISTRICT
19.2	2603570	MI	ATLANTA COMMUNITY SCHOOLS
19.2	2306610	ME	HOPE SCHOOL DEPARTMENT
19.2	1925620	IA	SEYMOUR COMM SCHOOL DISTRICT
19.2	1925410	IA	SCHLESWIG COMM SCHOOL DISTRICT
19.2	1911970	IA	FREDERICKSBURG COMM SCHOOL DISTRICT
19.2	1602310	ID	MURTAUGH JOINT DISTRICT
19.2	0606690	CA	BUTTEVILLE UNION ELEMENTARY
19.2	0401650	AZ	CANON ELEMENTARY DISTRICT
19.0	5513980	WI	SOLON SPRINGS SCHOOL DISTRICT
19.0	4839120	TX	SANDS CISD
19.0	4838490	TX	SABINE PASS ISD
19.0	4622410	SD	ESTELLINE SCHOOL DISTRICT 28-2
19.0	4030480	OK	TYRONE
19.0	4029820	OK	TEXHOMA
19.0	4022590	OK	OKARCHE
19.0	3615720	NY	JEFFERSON CENTRAL SCHOOL DISTRICT
19.0	3027630	MT	WEST YELLOWSTONE K-12
19.0	3011790	MT	GALLATIN GATEWAY ELEM
19.0	2506810	MA	LEVERETT
19.0	2311220	ME	MSAD 30
19.0	2011220	KS	FLINTHILLS
19.0	2010950	KS	QUINTER PUBLIC SCHOOLS
19.0	1742510	IL	WILLOW GROVE SD 46
19.0	1731560	IL	CCSD 204
19.0	1725680	IL	MEREDOSIA-CHAMBERSBURG CUSD 11
19.0	1703270	IL	ALBERS SD 63
19.0	0612360	CA	ELK HILLS ELEMENTARY
19.0	0605400	CA	BLUE LAKE UNION ELEMENTARY
19.0	0402190	AZ	CONCHO ELEMENTARY DISTRICT
18.8	5516860	WI	WINTER SCHOOL DISTRICT
18.8	5303300	WA	GREEN MOUNTAIN SCHOOL DISTRICT
18.8	4808460	TX	ANTON ISD
18.8	4020910	OK	MULHALL-ORLANDO
18.8	4019620	OK	MEDFORD
18.8	4003660	OK	BATTIEST
18.8	3800036	ND	RICHLAND 44
18.8	3609240	NY	DOWNSVILLE CENTRAL SCHOOL DISTRICT
18.8	3407200	NJ	HIGHLANDS BOROUGH
18.8	3175330	NE	PAWNEE CITY PUBLIC SCHOOLS
18.8	3100141	NE	EMERSON-HUBBARD PUBLIC SCHOOLS
18.8	2922770	MO	NORTH HARRISON R-III
18.8	2921660	MO	NORTHEAST NODAWAY CO. R-V
18.8	2801080	MS	CLAY CO SCHOOL DIST
18.8	2706120	MN	BRANDON PUBLIC SCHOOL DISTRICT
18.8	2630480	MI	NORTH DICKINSON COUNTY SCHOOLS
18.8	1919770	IA	MORNING SUN COMM SCHOOL DISTRICT
18.8	1916420	IA	LAURENS-MARATHON COMM SCHOOL DISTRICT
18.8	1912060	IA	FREMONT COMM SCHOOL DISTRICT
18.8	1903850	IA	ARMSTRONG-RINGSTED COMM SCHOOL DISTRICT
18.8	1903630	IA	ANDREW COMM SCHOOL DISTRICT
18.8	1707860	IL	BURNHAM SD 154-5
18.8	0621180	CA	LATROBE
18.8	0200007	AK	ALEUTIANS EAST BOROUGH SCHOOL DISTRICT
18.7	5309390	WA	WAITSBURG SCHOOL DISTRICT
18.7	4825870	TX	KNOX CITY-O'BRIEN CISD
18.7	4815480	TX	COVINGTON ISD
18.7	4622500	SD	ETHAN SCHOOL DISTRICT 17-1
18.7	4104530	OR	ECHO SD 5
18.7	3411250	NJ	NEW HANOVER TOWNSHIP
18.7	3004380	MT	BOULDER ELEM
18.7	2932490	MO	ZALMA R-V
18.7	2718360	MN	LYLE PUBLIC SCHOOL DISTRICT
18.7	2706180	MN	BREWSTER PUBLIC SCHOOL DISTRICT
18.7	2009060	KS	MACKSVILLE
18.7	1931620	IA	WHITING COMM SCHOOL DISTRICT
18.7	1734170	IL	ROBEIN SD 85
18.7	1727780	IL	NAUVOO-COLUSA CUSD 325
18.7	0606100	CA	BROWNS ELEMENTARY
18.5	5510410	WI	NEOSHO J3 SCHOOL DISTRICT
18.5	5309840	WA	WILBUR SCHOOL DISTRICT
18.5	5306870	WA	PRESCOTT SCHOOL DISTRICT
18.5	4844710	TX	WATER VALLEY ISD
18.5	4841550	TX	STERLING CITY ISD
18.5	4838910	TX	SAN ISIDRO ISD
18.5	4832220	TX	NAZARETH ISD
18.5	4827270	TX	LEVERETTS CHAPEL ISD
18.5	4655710	SD	PLANKINTON SCHOOL DISTRICT 01-1
18.5	4650670	SD	NEW UNDERWOOD SCHOOL DISTRICT 51-3
18.5	4638220	SD	KIMBALL SCHOOL DISTRICT 07-2
18.5	4220760	PA	SALISBURY-ELK LICK SD
18.5	4111250	OR	SHERMAN COUNTY SD
18.5	4015750	OK	JENNINGS
18.5	4008790	OK	COVINGTON-DOUGLAS
18.5	3172150	NE	HUMPHREY PUBLIC SCHOOLS
18.5	3170220	NE	ELWOOD PUBLIC SCHOOLS
18.5	2922500	MO	NIANGUA R-V
18.5	2920280	MO	MARION CO. R-II
18.5	2800690	MS	BENOIT SCHOOL DISTRICT
18.5	2712180	MN	FISHER PUBLIC SCHOOL DISTRICT
18.5	2005550	KS	DIGHTON
18.5	0636570	CA	SHASTA UNION ELEMENTARY
18.5	0624630	CA	MERCED RIVER UNION ELEMENTARY
18.5	0407860	AZ	SOLOMON ELEMENTARY DISTRICT
18.3	5508970	WI	MELLEN SCHOOL DISTRICT
18.3	5505100	WI	GENEVA J4 SCHOOL DISTRICT
18.3	5003570	VT	DUMMERSTON SCHOOL DISTRICT
18.3	4844040	TX	VERIBEST ISD
18.3	4838100	TX	ROUND TOP-CARMINE ISD
18.3	4830030	TX	MEDINA ISD
18.3	4818070	TX	EDEN CISD
18.3	4031080	OK	VERDEN
18.3	4006960	OK	CEMENT
18.3	3807850	ND	GLENBURN 26
18.3	3402700	NJ	CAPE MAY CITY
18.3	3104020	NE	BERTRAND PUBLIC SCHOOLS
18.3	3100010	NE	ANSELMO-MERNA PUBLIC SCHOOLS
18.3	3025130	MT	CENTERVILLE ELEM
18.3	2922560	MO	NODAWAY-HOLT R-VII
18.3	2717010	MN	KELLIHER PUBLIC SCHOOL DISTRICT
18.3	2627960	MI	PEWAMO-WESTPHALIA COMMUNITY SCHOOLS
18.3	2004350	KS	BURRTON
18.3	1929100	IA	VENTURA COMM SCHOOL DISTRICT
18.3	1741600	IL	WEST LINCOLN-BROADWELL ESD 92
18.3	0901380	CT	EASTFORD SCHOOL DISTRICT
18.3	0805580	CO	MCCLAVE SCHOOL DISTRICT NO. RE-2
18.3	0618120	CA	HYDESVILLE ELEMENTARY
18.3	0601890	CA	ALEXANDER VALLEY UNION ELEMENTARY
18.2	5002070	VT	BARTON ID SCHOOL DISTRICT
18.2	4839450	TX	SAVOY ISD
18.2	4822350	TX	HAPPY ISD
18.2	4665180	SD	SCOTLAND SCHOOL DISTRICT 04-3
18.2	4614100	SD	COLMAN-EGAN SCHOOL DISTRICT 50-5
18.2	3814940	ND	PARSHALL 3
18.2	3813510	ND	NAPOLEON 2
18.2	3307020	NH	WESTMORELAND SCHOOL DISTRICT
18.2	2931230	MO	RICHWOODS R-VII
18.2	2914370	MO	HIGBEE R-VIII
18.2	2629130	MI	POSEN CONSOLIDATED SCHOOL DISTRICT
18.2	0903960	CT	SCOTLAND SCHOOL DISTRICT
18.0	5505880	WI	GREEN LAKE SCHOOL DISTRICT
18.0	5006690	VT	PUTNEY SCHOOL DISTRICT
18.0	5005160	VT	LINCOLN SCHOOL DISTRICT
18.0	4833240	TX	NUECES CANYON CISD
18.0	4823190	TX	HIGHLAND ISD
18.0	4812360	TX	BYNUM ISD
18.0	4810440	TX	BLOOMBURG ISD
18.0	4800006	TX	ASPERMONT ISD
18.0	4604270	SD	AVON SCHOOL DISTRICT 04-1
18.0	4101020	OR	ADRIAN SD 61
18.0	4018900	OK	MAPLE
18.0	4003300	OK	ASHER
18.0	4000013	OK	TIMBERLAKE
18.0	3025320	MT	SUNBURST K-12 SCHOOLS
18.0	2909810	MO	CLIMAX SPRINGS R-IV
18.0	2905910	MO	BRONAUGH R-VII
18.0	2703540	MN	BADGER PUBLIC SCHOOL DISTRICT
18.0	2512870	MA	WHATELY
18.0	2511730	MA	TRURO
18.0	1710980	IL	COULTERVILLE USD 1
18.0	0600009	CA	CUYAMA JOINT UNIFIED
18.0	0400480	AZ	AGUILA ELEMENTARY DISTRICT
17.8	5500180	WI	ALMA SCHOOL DISTRICT
17.8	5008460	VT	WALLINGFORD SCHOOL DISTRICT
17.8	4842870	TX	TIOGA ISD
17.8	4821300	TX	GRADY ISD
17.8	4029100	OK	STUART
17.8	4026250	OK	ROCKY MOUNTAIN
17.8	4021900	OK	NORWOOD
17.8	3802380	ND	BEACH 3
17.8	3401140	NJ	AVON BOROUGH
17.8	3173500	NE	MC COOL JUNCTION PUBLIC SCHS
17.8	2930510	MO	MILLER CO. R-III
17.8	2915660	MO	JAMESTOWN C-1
17.8	2308490	ME	MOUNT DESERT SCHOOL DEPARTMENT
17.8	1927240	IA	STANTON COMM SCHOOL DISTRICT
17.8	1903780	IA	AR-WE-VA COMM SCHOOL DISTRICT
17.8	1706600	IL	SCOTT-MORGAN CUSD 2
17.8	1706180	IL	BETHEL SD 82
17.8	0806630	CO	SPRINGFIELD SCHOOL DISTRICT NO. RE-4
17.8	0804860	CO	JULESBURG SCHOOL DISTRICT NO. RE1
17.7	5511880	WI	PLUM CITY SCHOOL DISTRICT
17.7	5300002	WA	INCHELIUM SCHOOL DISTRICT
17.7	5003510	VT	DORSET SCHOOL DISTRICT
17.7	4837470	TX	ROBY CISD
17.7	4827600	TX	LINGLEVILLE ISD
17.7	4820520	TX	GAUSE ISD
17.7	4819530	TX	FORESTBURG ISD
17.7	4816980	TX	DEW ISD
17.7	4810860	TX	BORDEN COUNTY ISD
17.7	4808520	TX	AQUILLA ISD
17.7	4641640	SD	LEOLA SCHOOL DISTRICT 44-2
17.7	4626970	SD	GETTYSBURG SCHOOL DISTRICT 53-1
17.7	4032130	OK	WEBBERS FALLS
17.7	4020460	OK	MOSS
17.7	4013290	OK	GRANITE
17.7	3904747	OH	VANLUE LOCAL
17.7	3800390	ND	NORTH STAR 10
17.7	3800046	ND	MOTT-REGENT 1
17.7	3625020	NY	ROSCOE CENTRAL SCHOOL DISTRICT
17.7	3408310	NJ	LAVALLETTE BOROUGH
17.7	3175930	NE	RANDOLPH PUBLIC SCHOOLS
17.7	2927600	MO	NORTHEAST VERNON CO. R-I
17.7	2912930	MO	GOLDEN CITY R-III
17.7	2911160	MO	EAST LYNNE 40
17.7	2906000	MO	LINN CO. R-I
17.7	2509390	MA	PELHAM
17.7	2304890	ME	DEDHAM SCHOOL DEPARTMENT
17.7	2000029	KS	ROCK HILLS
17.7	1930870	IA	WEST CENTRAL COMM SCHOOL DISTRICT
17.7	1928020	IA	TRI-COUNTY COMM SCHOOL DISTRICT
17.7	1801170	IN	CANNELTON CITY SCHOOLS
17.7	1719420	IL	HOLLIS CONS SD 328
17.7	1717490	IL	GRASS LAKE SD 36
17.5	5507560	WI	LA FARGE SCHOOL DISTRICT
17.5	4846110	TX	WINFIELD ISD
17.5	4845210	TX	WESTBROOK ISD
17.5	4844370	TX	WALCOTT ISD
17.5	4834410	TX	PAWNEE ISD
17.5	4824300	TX	IRA ISD
17.5	4816260	TX	DAMON ISD
17.5	4032760	OK	WICKLIFFE
17.5	4026640	OK	SOUTH COFFEYVILLE
17.5	4025590	OK	RED OAK
17.5	4023340	OK	PADEN
17.5	3817170	ND	SOUTH PRAIRIE 70
17.5	3814290	ND	NORTH SARGENT 3
17.5	3813400	ND	MT PLEASANT 4
17.5	3605220	NY	BRADFORD CENTRAL SCHOOL DISTRICT
17.5	3409480	NJ	MANNINGTON TOWNSHIP
17.5	3303300	NH	GOSHEN-LEMPSTER COOP SCHOOL DISTRICT
17.5	3100023	NE	MAXWELL PUBLIC SCHOOLS
17.5	3015570	MT	KILA ELEM
17.5	2921690	MO	NORTH NODAWAY CO. R-VI
17.5	1925050	IA	RUTHVEN-AYRSHIRE COMM SCHOOL DISTRICT
17.5	1904020	IA	AURELIA COMM SCHOOL DISTRICT
17.5	1730870	IL	PATOKA CUSD 100
17.5	1722350	IL	PAW PAW CUSD 271
17.5	0631830	CA	RAVENDALE-TERMO ELEMENTARY
17.5	0625380	CA	MONTAGUE ELEMENTARY
17.5	0623800	CA	MARCUM-ILLINOIS UNION ELEMENTARY
17.5	0620610	CA	LAKE ELEMENTARY
17.5	0605640	CA	BONNY DOON UNION ELEMENTARY
17.3	5008640	VT	WATERFORD SCHOOL DISTRICT
17.3	4845330	TX	WESTPHALIA ISD
17.3	4838610	TX	SALTILLO ISD
17.3	4837380	TX	ROBERT LEE ISD
17.3	4816920	TX	DEVERS ISD
17.3	4626490	SD	GAYVILLE-VOLIN SCHOOL DISTRICT 63-1
17.3	3812930	ND	MILNOR 2
17.3	3610440	NY	ELIZABETHTOWN-LEWIS CENTRAL SCHOOL DISTRICT
17.3	3605670	NY	BROOKFIELD CENTRAL SCHOOL DISTRICT
17.3	3418090	NJ	WOODBINE
17.3	3024300	MT	SUN RIVER VALLEY ELEM
17.3	2929490	MO	STEWARTSVILLE C-2
17.3	2910020	MO	COMMUNITY R-VI
17.3	2632970	MI	STANTON TOWNSHIP PUBLIC SCHOOLS
17.3	2513321	MA	FARMINGTON RIVER REG
17.3	2512690	MA	WESTHAMPTON
17.3	2311310	ME	MSAD 33
17.3	2007680	KS	INGALLS
17.3	1925560	IA	SENTRAL COMM SCHOOL DISTRICT
17.3	1600840	ID	COUNCIL DISTRICT
17.3	0405340	AZ	MORRISTOWN ELEMENTARY DISTRICT
17.2	5307800	WA	SELKIRK SCHOOL DISTRICT
17.2	5009390	VT	WOLCOTT SCHOOL DISTRICT
17.2	5001890	VT	BAKERSFIELD SCHOOL DISTRICT
17.2	4030030	OK	TIPTON
17.2	4027630	OK	SHIDLER
17.2	4023400	OK	PANOLA
17.2	3611430	NY	FRANKLIN CENTRAL SCHOOL DISTRICT
17.2	3501590	NM	LOGAN MUNICIPAL SCHOOLS
17.2	3175030	NE	OSMOND PUBLIC SCHOOLS
17.2	3173590	NE	MEAD PUBLIC SCHOOLS
17.2	3100125	NE	DILLER-ODELL PUBLIC SCHOOLS
17.2	3028750	MT	WHITE SULPHUR SPGS ELEM
17.2	2740680	MN	TRUMAN PUBLIC SCHOOL DISTRICT
17.2	2302730	ME	BAILEYVILLE SCHOOL DEPARTMENT
17.2	1737470	IL	ST ROSE SD 14-15
17.2	0802130	CO	SOUTH CONEJOS SCHOOL DISTRICT NO. RE10
17.2	0405220	AZ	MOHAWK VALLEY ELEMENTARY DISTRICT
17.0	5002880	VT	CALAIS SCHOOL DISTRICT
17.0	4829520	TX	MAY ISD
17.0	4825790	TX	KLONDIKE ISD
17.0	4822140	TX	HALLSBURG ISD
17.0	4663360	SD	ROSHOLT SCHOOL DISTRICT 54-4
17.0	4600046	SD	HITCHCOCK TULARE SCHOOL DISTRICT 56-6
17.0	4103540	OR	COVE SD 15
17.0	4032880	OK	WILSON
17.0	4011040	OK	ERICK
17.0	3814340	ND	NORTHWOOD 129
17.0	3404050	NJ	EAGLESWOOD TOWNSHIP
17.0	3100096	NE	FRIEND PUBLIC SCHOOLS
17.0	3100076	NE	SCRIBNER-SNYDER COMMUNITY SCHS
17.0	3025500	MT	SWAN RIVER ELEM
17.0	3021850	MT	RAMSAY ELEM
17.0	3000098	MT	CHESTER-JOPLIN-INVERNESS EL
17.0	2913680	MO	HARDIN-CENTRAL C-2
17.0	2508530	MA	NEW SALEM-WENDELL
17.0	2008940	KS	CENTRE
17.0	2005310	KS	PIKE VALLEY
17.0	2000346	KS	THUNDER RIDGE SCHOOLS
17.0	1911040	IA	ESSEX COMM SCHOOL DISTRICT
17.0	1910130	IA	EAST CENTRAL COMM SCHOOL DISTRICT
17.0	1908880	IA	DELWOOD COMM SCHOOL DISTRICT
17.0	1801320	IN	CASS TOWNSHIP SCHOOLS
17.0	0608880	CA	CLEAR CREEK ELEMENTARY
16.8	5511550	WI	BEECHER-DUNBAR-PEMBINE SCHOOL DISTRICT
16.8	5004110	VT	FRANKLIN SCHOOL DISTRICT
16.8	4835700	TX	PRAIRIE LEA ISD
16.8	4826070	TX	LA GLORIA ISD
16.8	4111760	OR	ST PAUL SD 45
16.8	4026610	OK	RYAN
16.8	4015900	OK	JUSTICE
16.8	3626640	NY	SHELTER ISLAND UNION FREE SCHOOL DISTRICT
16.8	3403960	NJ	DOWNE TOWNSHIP
16.8	3171520	NE	HARTINGTON PUBLIC SCHOOLS
16.8	3104140	NE	BLOOMFIELD COMMUNITY SCHOOLS
16.8	3010210	MT	FAIRVIEW ELEM
16.8	2920640	MO	MEADVILLE R-IV
16.8	2919840	MO	MADISON C-3
16.8	2908490	MO	OSAGE CO. R-I
16.8	2903480	MO	ATLANTA C-3
16.8	2903040	MO	ALTENBURG 48
16.8	2613110	MI	ELLSWORTH COMMUNITY SCHOOL
16.8	1921060	IA	NORTH WINNESHIEK COMM SCHOOL DISTRICT
16.8	1601500	ID	HORSESHOE BEND SCHOOL DISTRICT
16.8	0806360	CO	CENTENNIAL SCHOOL DISTRICT NO. R-1
16.8	0631400	CA	POTTER VALLEY COMMUNITY UNIFIED
16.7	5501530	WI	NORTH LAKELAND SCHOOL DISTRICT
16.7	4840470	TX	SLIDELL ISD
16.7	4830810	TX	MILLER GROVE ISD
16.7	4675600	SD	SMEE SCHOOL DISTRICT 15-3
16.7	4023430	OK	PAOLI
16.7	4019410	OK	MCCURTAIN
16.7	4018480	OK	LOWREY
16.7	4018390	OK	LOOKEBA SICKLES
16.7	4006420	OK	CANEY
16.7	3400870	NJ	ALPINE
16.7	3178450	NE	WAUSA PUBLIC SCHOOLS
16.7	3010230	MT	FAIR-MONT-EGAN ELEM
16.7	2510080	MA	RICHMOND
16.7	2300062	ME	EAST MACHIAS SCHOOL DEPARTMENT
16.7	1919740	IA	MORMON TRAIL COMM SCHOOL DISTRICT
16.7	1601170	ID	GARDEN VALLEY DISTRICT
16.7	1600630	ID	CASCADE DISTRICT
16.5	5005940	VT	NEWBURY SCHOOL DISTRICT
16.5	5004470	VT	GUILFORD SCHOOL DISTRICT
16.5	4830450	TX	MEYERSVILLE ISD
16.5	4636150	SD	IROQUOIS SCHOOL DISTRICT 02-3
16.5	4014670	OK	MIDWAY
16.5	4013200	OK	GRANDFIELD
16.5	4003840	OK	BELFONTE
16.5	3631860	NY	WYOMING CENTRAL SCHOOL DISTRICT
16.5	3631080	NY	WESTPORT CENTRAL SCHOOL DISTRICT
16.5	3405700	NJ	FRENCHTOWN BOROUGH
16.5	3170800	NE	GARDEN COUNTY SCHOOLS
16.5	3014610	MT	HOT SPRINGS ELEM
16.5	2602040	MI	ALBA PUBLIC SCHOOLS
16.5	2509540	MA	PETERSHAM
16.5	0803120	CO	FREMONT RE-3
16.5	0603720	CA	BALLARD ELEMENTARY
16.3	4825950	TX	KRESS ISD
16.3	4825890	TX	KOPPERL ISD
16.3	4640860	SD	LANGFORD SCHOOL DISTRICT 45-2
16.3	4111400	OR	NORTH LAKE SD 14
16.3	3820310	ND	WYNDMERE 42
16.3	3608610	NY	CROWN POINT CENTRAL SCHOOL DISTRICT
16.3	3414730	NJ	SEA GIRT BOROUGH
16.3	2707320	MN	BUTTERFIELD PUBLIC SCHOOL DISTRICT
16.3	2306250	ME	GREENVILLE SCHOOL DEPARTMENT
16.3	2009090	KS	MADISON-VIRGIL
16.3	2006720	KS	GREENSBURG
16.3	2006510	KS	SOUTHERN CLOUD
16.3	1910200	IA	EAST GREENE COMM SCHOOL DISTRICT
16.3	0615000	CA	GENERAL SHAFTER ELEMENTARY
16.3	0611430	CA	DOUGLAS CITY ELEMENTARY
16.2	4837230	TX	RISING STAR ISD
16.2	4675660	SD	WALL SCHOOL DISTRICT 51-5
16.2	4109430	OR	PAISLEY SD 11
16.2	4106870	OR	JOSEPH SD 6
16.2	4026010	OK	RIVERSIDE
16.2	4012870	OK	GOODWELL
16.2	4010560	OK	PEAVINE
16.2	3813050	ND	MINTO 20
16.2	3628800	NY	TOWN OF WEBB UNION FREE SCHOOL DISTRICT
16.2	3301560	NH	ASHLAND SCHOOL DISTRICT
16.2	3200180	NV	EUREKA COUNTY SCHOOL DISTRICT
16.2	3175690	NE	PLEASANTON PUBLIC SCHOOLS
16.2	3172420	NE	KENESAW PUBLIC SCHOOLS
16.2	3100089	NE	PALMER PUBLIC SCHOOLS
16.2	2791446	MN	TRI-COUNTY SCHOOL DISTRICT
16.2	2732460	MN	ROTHSAY PUBLIC SCHOOL DISTRICT
16.2	2302510	ME	APPLETON SCHOOL DEPARTMENT
16.2	2004380	KS	CALDWELL
16.2	2003270	KS	NORTHERN VALLEY
16.2	1720370	IL	JASPER CCSD 17
16.2	0630810	CA	PLAINSBURG UNION ELEMENTARY
16.0	5304530	WA	LOPEZ SCHOOL DISTRICT
16.0	4846770	TX	ZEPHYR ISD
16.0	4821090	TX	GOODRICH ISD
16.0	4611760	SD	CENTERVILLE SCHOOL DISTRICT 60-1
16.0	4610320	SD	CANISTOTA SCHOOL DISTRICT 43-1
16.0	4603932	SD	SANBORN CENTRAL SCHOOL DISTRICT 55-5
16.0	4031590	OK	WAPANUCKA
16.0	4022410	OK	OAKS-MISSION
16.0	4010500	OK	EARLSBORO
16.0	4006000	OK	BUTNER
16.0	2912510	MO	FRANKLIN CO. R-II
16.0	2908430	MO	CHADWICK R-I
16.0	2905790	MO	ADAIR CO. R-II
16.0	2713020	MN	GOODRIDGE PUBLIC SCHOOL DISTRICT
16.0	2008670	KS	LEROY-GRIDLEY
16.0	2008130	KS	SOUTH BARBER
16.0	1927810	IA	TERRIL COMM SCHOOL DISTRICT
16.0	1903660	IA	ANITA COMM SCHOOL DISTRICT
16.0	1717700	IL	GREENVIEW CUSD 200
15.8	5003270	VT	CONCORD SCHOOL DISTRICT
15.8	4828830	TX	MALTA ISD
15.8	4822680	TX	HARTLEY ISD
15.8	4032040	OK	WAYNOKA
15.8	4026940	OK	SASAKWA
15.8	4022950	OK	LOMEGA
15.8	3401200	NJ	BASS RIVER TOWNSHIP
15.8	2930900	MO	WEST NODAWAY CO. R-I
15.8	1738790	IL	THOMASBORO CCSD 130
15.8	0902940	CT	NORFOLK SCHOOL DISTRICT
15.8	0900870	CT	COLEBROOK SCHOOL DISTRICT
15.8	0804290	CO	GRANADA SCHOOL DISTRICT NO. RE-1
15.8	0639210	CA	THREE RIVERS UNION ELEMENTARY
15.8	0600042	CA	WARNER UNIFIED
15.7	5307560	WA	ROSALIA SCHOOL DISTRICT
15.7	5306120	WA	ODESSA SCHOOL DISTRICT
15.7	5004080	VT	FLETCHER SCHOOL DISTRICT
15.7	4841130	TX	SPRING CREEK ISD
15.7	4811820	TX	BRYSON ISD
15.7	4600003	SD	WILMOT SCHOOL DISTRICT 54-7
15.7	4015450	OK	INDIANOLA
15.7	4004950	OK	BOKOSHE
15.7	3816430	ND	SARGENT CENTRAL 6
15.7	3624060	NY	QUOGUE UNION FREE SCHOOL DISTRICT
15.7	3405130	NJ	FARMINGDALE BOROUGH
15.7	3173800	NE	MINATARE PUBLIC SCHOOLS
15.7	3027060	MT	VALIER ELEM
15.7	3004800	MT	BRIDGER K-12 SCHOOLS
15.7	2904530	MO	BELL CITY R-II
15.7	2626100	MI	NOTTAWA COMMUNITY SCHOOL
15.7	2603060	MI	ARENAC EASTERN SCHOOL DISTRICT
15.7	2305310	ME	EASTON SCHOOL DEPARTMENT
15.7	2012120	KS	SYLVAN GROVE
15.7	1921120	IA	NORTHEAST HAMILTON COMM SCHOOL DISTRICT
15.7	1920670	IA	NISHNA VALLEY COMM SCHOOL DISTRICT
15.7	1736240	IL	SHIRLAND CCSD 134
15.7	0630870	CA	PLAZA ELEMENTARY
15.7	0616110	CA	GRENADA ELEMENTARY
15.7	0500077	AR	TWIN RIVERS SCHOOL DISTRICT
15.5	5507830	WI	LAONA SCHOOL DISTRICT
15.5	4845690	TX	WHITHARRAL ISD
15.5	4820610	TX	GHOLSON ISD
15.5	4819140	TX	FAYETTEVILLE ISD
15.5	4680190	SD	WOONSOCKET SCHOOL DISTRICT 55-4
15.5	4624540	SD	FLORENCE SCHOOL DISTRICT 14-1
15.5	4019260	OK	MASON
15.5	4013260	OK	GRANDVIEW
15.5	4007800	OK	CLAYTON
15.5	3804560	ND	GRIGGS COUNTY CENTRAL 18
15.5	3418240	NJ	WOODLAND TOWNSHIP
15.5	3176170	NE	ROCK COUNTY PUBLIC SCHOOLS
15.5	3100180	NE	WEST BOYD SCHOOL DISTRICT
15.5	1600750	ID	CLARK COUNTY DISTRICT
15.5	0608340	CA	CHICAGO PARK ELEMENTARY
15.5	0408640	AZ	TOPOCK ELEMENTARY DISTRICT
15.5	0406630	AZ	POMERENE ELEMENTARY DISTRICT
15.4	3303276	NH	MASON SCHOOL DISTRICT
15.3	5004020	VT	FAYSTON SCHOOL DISTRICT
15.3	4821990	TX	GUSTINE ISD
15.3	4818780	TX	EVANT ISD
15.3	4601028	SD	SELBY AREA SCHOOL DISTRICT 62-5
15.3	4110020	OR	PORT ORFORD-LANGLOIS SD 2CJ
15.3	4030290	OK	TURKEY FORD
15.3	4017280	OK	LE FLORE
15.3	3813710	ND	NESSON 2
15.3	3811850	ND	MANDAREE 36
15.3	3800052	ND	CENTER-STANTON 1
15.3	3501830	NM	MELROSE PUBLIC SCHOOLS
15.3	3401890	NJ	BLOOMSBURY
15.3	3304150	NH	LAFAYETTE REGIONAL SCHOOL DISTRICT
15.3	3105520	NE	CRAWFORD PUBLIC SCHOOLS
15.3	3100123	NE	HIGH PLAINS COMMUNITY SCHOOLS
15.3	2904080	MO	AVENUE CITY R-IX
15.3	0901890	CT	HAMPTON SCHOOL DISTRICT
15.2	5501110	WI	BENTON SCHOOL DISTRICT
15.2	5304800	WA	MARY M KNIGHT SCHOOL DISTRICT
15.2	5006060	VT	NORTH BENNINGTON ID SCH DIST
15.2	5005250	VT	LUDLOW SCHOOL DISTRICT
15.2	4829880	TX	MCLEAN ISD
15.2	4814920	TX	COMSTOCK ISD
15.2	4100021	OR	SOUTH WASCO COUNTY SD 1
15.2	4013320	OK	GRANT
15.2	4010260	OK	DUKE
15.2	4007320	OK	CHATTANOOGA
15.2	3811140	ND	LIDGERWOOD 28
15.2	3304800	NH	MILAN SCHOOL DISTRICT
15.2	3102880	NE	ALLEN CONSOLIDATED SCHOOLS
15.2	3100072	NE	LEYTON PUBLIC SCHOOLS
15.2	3100012	NE	CALLAWAY PUBLIC SCHOOLS
15.2	3006790	MT	CIRCLE ELEM
15.2	2931890	MO	WESTVIEW C-6
15.2	2928200	MO	SHELL KNOB 78
15.2	1732090	IL	POTOMAC CUSD 10
15.2	0620700	CA	LAKESIDE JOINT
15.2	0615480	CA	GOLDEN FEATHER UNION ELEMENTARY
15.0	5514880	WI	TIGERTON SCHOOL DISTRICT
15.0	5309600	WA	WATERVILLE SCHOOL DISTRICT
15.0	5003010	VT	CAVENDISH SCHOOL DISTRICT
15.0	4832010	TX	MURCHISON ISD
15.0	4672450	SD	TRIPP-DELMONT SCHOOL DISTRICT 33-5
15.0	4107980	OR	MCKENZIE SD 68
15.0	4031500	OK	WANETTE
15.0	4005280	OK	BRAGGS
15.0	3407710	NJ	ISLAND HEIGHTS
15.0	3402610	NJ	CALIFON
15.0	2924690	MO	PETTIS CO. R-XII
15.0	2904980	MO	BEVIER C-4
15.0	2715540	MN	IVANHOE PUBLIC SCHOOL DISTRICT
15.0	2623830	MI	MID PENINSULA SCHOOL DISTRICT
15.0	2009630	KS	MONTEZUMA
15.0	2006690	KS	GREELEY COUNTY SCHOOLS
15.0	1903720	IA	ANTHON-OTO COMM SCHOOL DISTRICT
15.0	1729520	IL	ODELL CCSD 435
15.0	1705160	IL	BARTELSO SD 57
15.0	0626460	CA	MUPU ELEMENTARY
14.8	5308790	WA	TEKOA SCHOOL DISTRICT
14.8	4832490	TX	NEW HOME ISD
14.8	4004830	OK	BLUEJACKET
14.8	3809180	ND	HEBRON 13
14.8	3175990	NE	RED CLOUD COMMUNITY SCHOOLS
14.8	3175360	NE	PAXTON CONSOLIDATED SCHOOLS
14.8	2920820	MO	MIAMI R-I
14.8	2905730	MO	DELTA C-7
14.8	2717460	MN	LAKE BENTON PUBLIC SCHOOL DISTRICT
14.8	2505430	MA	GRANVILLE
14.8	2305400	ME	EDGECOMB SCHOOL DEPARTMENT
14.8	1735610	IL	SCALES MOUND CUSD 211
14.8	1704340	IL	ASHLEY CCSD 15
14.8	0631020	CA	PLEASANT VALLEY JOINT UNION ELEMENTARY
14.8	0603610	CA	BAKER VALLEY UNIFIED
14.7	5513200	WI	RUBICON J6 SCHOOL DISTRICT
14.7	5101950	VA	HIGHLAND CO PBLC SCHS
14.7	4841790	TX	SULPHUR BLUFF ISD
14.7	4829370	TX	MATAGORDA ISD
14.7	4815870	TX	CROWELL ISD
14.7	4110200	OR	PROSPECT SD 59
14.7	4017310	OK	LEACH
14.7	4010050	OK	DOVER
14.7	3817130	ND	SOUTH HEART 9
14.7	3812020	ND	MAPLE VALLEY 4
14.7	3418030	NJ	WINFIELD TOWNSHIP
14.7	3178840	NE	WINSIDE PUBLIC SCHOOLS
14.7	3100111	NE	EUSTIS-FARNAM PUBLIC SCHOOLS
14.7	3011670	MT	FRONTIER ELEM
14.7	2922620	MO	NORBORNE R-VIII
14.7	2611970	MI	DETOUR AREA SCHOOLS
14.7	2105370	KY	SILVER GROVE INDEPENDENT
14.7	2005910	KS	ELWOOD
14.7	2005400	KS	DEERFIELD
14.7	1304680	GA	TALIAFERRO COUNTY
14.7	0604950	CA	BIG PINE UNIFIED
14.5	5008228	VT	MILLERS RUN USD #37
14.5	5007260	VT	SHARON SCHOOL DISTRICT
14.5	5005880	VT	NEW HAVEN SCHOOL DISTRICT
14.5	5002850	VT	CABOT SCHOOL DISTRICT
14.5	4900180	UT	DAGGETT DISTRICT
14.5	4641520	SD	LEMMON SCHOOL DISTRICT 52-2
14.5	4105250	OR	FOSSIL SD 21J
14.5	4031380	OK	WAINWRIGHT
14.5	4027420	OK	SHADY GROVE
14.5	3816980	ND	SOLEN 3
14.5	3812000	ND	MANVEL 125
14.5	3810600	ND	LAKOTA 66
14.5	3804140	ND	CENTRAL VALLEY 3
14.5	3178260	NE	WALLACE PUBLIC SCH DIST 65 R
14.5	3105220	NE	CLAY CENTER PUBLIC SCHOOLS
14.5	3011820	MT	GARDINER ELEM
14.5	2918450	MO	LESTERVILLE R-IV
14.5	2627180	MI	OWENDALE-GAGETOWN AREA SCHOOLS
14.5	2600014	MI	EWEN-TROUT CREEK CONSOLIDATED SCHOOL DISTRICT
14.5	2008040	KS	CREST
14.5	2003510	KS	ASHLAND
14.5	1601440	ID	HIGHLAND JOINT DISTRICT
14.5	0807050	CO	NORTH PARK SCHOOL DISTRICT R-1
14.5	0638040	CA	STONE CORRAL ELEMENTARY
14.5	0613740	CA	FIELDBROOK ELEMENTARY
14.5	0610230	CA	CUDDEBACK UNION ELEMENTARY
14.3	5514520	WI	STOCKBRIDGE SCHOOL DISTRICT
14.3	5505640	WI	GRANTON AREA SCHOOL DISTRICT
14.3	5005730	VT	MORETOWN SCHOOL DISTRICT
14.3	5003720	VT	EDEN SCHOOL DISTRICT
14.3	4901020	UT	TINTIC DISTRICT
14.3	4842000	TX	SWEET HOME ISD
14.3	4811850	TX	BUCKHOLTS ISD
14.3	4107740	OR	MARCOLA SD 79J
14.3	4106270	OR	HELIX SD 1
14.3	4008010	OK	CLEORA
14.3	3818660	ND	UNDERWOOD 8
14.3	3500790	NM	DORA MUNICIPAL SCHOOLS
14.3	3177190	NE	STERLING PUBLIC SCHOOLS
14.3	3169840	NE	DORCHESTER PUBLIC SCHOOLS
14.3	3026730	MT	TWIN BRIDGES K-12 SCHOOLS
14.3	3000006	MT	BROADUS ELEM
14.3	2926550	MO	RIPLEY CO. R-III
14.3	2926040	MO	RAYMONDVILLE R-VII
14.3	2713680	MN	HENDRICKS PUBLIC SCHOOL DISTRICT
14.3	2011970	KS	STAFFORD
14.3	1602430	ID	NORTH GEM DISTRICT
14.3	1601740	ID	KOOTENAI DISTRICT
14.3	0513260	AR	TURRELL SCHOOL DISTRICT
14.2	5501920	WI	BUTTERNUT SCHOOL DISTRICT
14.2	5309000	WA	TOUCHET SCHOOL DISTRICT
14.2	5306540	WA	PALOUSE SCHOOL DISTRICT
14.2	5001710	VT	ADDISON SCHOOL DISTRICT
14.2	4833340	TX	OAKWOOD ISD
14.2	4107710	OR	MAPLETON SD 32
14.2	3003760	MT	BIG SANDY ELEM
14.2	3000932	MT	SHIELDS VALLEY ELEM
14.2	2605690	MI	BIG BAY DE NOC SCHOOL DISTRICT
14.2	2312390	ME	SOUTHWEST HARBOR SCHOOL DEPARTMENT
14.2	2306180	ME	GREENBUSH SCHOOL DEPARTMENT
14.2	1922380	IA	PATON-CHURDAN COMM SCHOOL DISTRICT
14.2	1712030	IL	DELAND-WELDON CUSD 57
14.2	0803690	CO	ELBERT SCHOOL DISTRICT NO. 200
14.2	0629340	CA	PACIFIC ELEMENTARY
14.2	0627750	CA	NUESTRO ELEMENTARY
14.2	0605010	CA	BIG VALLEY JOINT UNIFIED
14.0	5304410	WA	LIND SCHOOL DISTRICT
14.0	4843170	TX	TRINIDAD ISD
14.0	4833090	TX	NORTHSIDE ISD
14.0	4104620	OR	ELKTON SD 34
14.0	3806210	ND	BELFIELD 13
14.0	3800045	ND	ELGIN-NEW LEIPZIG 49
14.0	3602880	NY	AMAGANSETT UNION FREE SCHOOL DISTRICT
14.0	3401230	NJ	BAY HEAD
14.0	3176400	NE	SANTEE COMMUNITY SCHOOLS
14.0	3000099	MT	HEART BUTTE K-12 SCHOOLS
14.0	2918420	MO	LEOPOLD R-III
14.0	2310020	ME	RANGELEY SCHOOL DEPARTMENT
14.0	2308940	ME	NOBLEBORO SCHOOL DEPARTMENT
14.0	1602760	ID	RICHFIELD DISTRICT
14.0	0807320	CO	WILEY SCHOOL DISTRICT NO. RE-13 JT
14.0	0805160	CO	LA VETA SCHOOL DISTRICT RE-2
14.0	0632250	CA	REEDS CREEK ELEMENTARY
14.0	0631620	CA	PRINCETON JOINT UNIFIED
14.0	0402760	AZ	ELFRIDA ELEMENTARY DISTRICT
13.8	5308730	WA	TAHOLAH SCHOOL DISTRICT
13.8	5004170	VT	GLOVER SCHOOL DISTRICT
13.8	4843110	TX	TRENT ISD
13.8	4832700	TX	NEWCASTLE ISD
13.8	4823040	TX	HERMLEIGH ISD
13.8	4679350	SD	WILLOW LAKE SCHOOL DISTRICT 12-3
13.8	4676740	SD	WAVERLY SCHOOL DISTRICT 14-5
13.8	4645450	SD	MARION SCHOOL DISTRICT 60-3
13.8	4619170	SD	DOLAND SCHOOL DISTRICT 56-2
13.8	4019980	OK	MILBURN
13.8	4006690	OK	CARNEY
13.8	3820190	ND	WISHEK 19
13.8	3812350	ND	MAX 50
13.8	3622200	NY	VAN HORNESVILLE-OWEN D YOUNG CENTRAL SCHOOL DISTRICT
13.8	3302520	NH	CORNISH SCHOOL DISTRICT
13.8	3177340	NE	SUMNER-EDDYVILLE-MILLER SCHS
13.8	3177100	NE	STAPLETON PUBLIC SCHOOLS
13.8	3173210	NE	LYONS-DECATUR NORTHEAST SCHS
13.8	3100066	NE	SILVER LAKE PUBLIC SCHOOLS
13.8	2916860	MO	OREGON-HOWELL R-III
13.8	2011040	KS	GOLDEN PLAINS
13.8	1718390	IL	HARTSBURG EMDEN CUSD 21
13.8	1700065	IL	SAUNEMIN CCSD 438
13.8	0636660	CA	SHILOH ELEMENTARY
13.8	0626340	CA	MT. BALDY JOINT ELEMENTARY
13.8	0200680	AK	SAINT MARY'S SCHOOL DISTRICT
13.7	4011430	OK	FARGO
13.7	3812920	ND	MIDWAY 128
13.7	3502490	NM	SPRINGER MUNICIPAL SCHOOLS
13.7	3105910	NE	DESHLER PUBLIC SCHOOLS
13.7	3100018	NE	WAUNETA-PALISADE PUBLIC SCHS
13.7	2622260	MI	MACKINAW CITY PUBLIC SCHOOLS
13.7	2314010	ME	WOODLAND SCHOOL DEPARTMENT
13.7	2312980	ME	TRENTON SCHOOL DEPARTMENT
13.7	2010980	KS	BLUE VALLEY
13.7	2008910	KS	LOGAN
13.7	1911520	IA	FARRAGUT COMM SCHOOL DISTRICT
13.7	1601680	ID	KENDRICK JOINT DISTRICT
13.7	0804740	CO	GENOA-HUGO SCHOOL DISTRICT NO. C-113
13.7	0605520	CA	BOLINAS-STINSON UNION
13.7	0604500	CA	BELLEVIEW ELEMENTARY
13.7	0402220	AZ	CONGRESS ELEMENTARY DISTRICT
13.5	5301890	WA	CURLEW SCHOOL DISTRICT
13.5	4831500	TX	MOTLEY COUNTY ISD
13.5	4819050	TX	FANNINDEL ISD
13.5	4032640	OK	WHITE ROCK
13.5	4010440	OK	EAGLETOWN
13.5	4004350	OK	BIG PASTURE
13.5	3631200	NY	WHEELERVILLE UNION FREE SCHOOL DISTRICT
13.5	3304530	NH	LYNDEBOROUGH SCHOOL DISTRICT
13.5	2928500	MO	SOUTH NODAWAY CO. R-IV
13.5	2904590	MO	BELLEVIEW R-III
13.5	2634620	MI	VANDERBILT AREA SCHOOLS
13.5	2625920	MI	NORTHPORT PUBLIC SCHOOL DISTRICT
13.5	2312960	ME	TREMONT SCHOOL DEPARTMENT
13.5	2011610	KS	WALLACE COUNTY SCHOOLS
13.5	2004170	KS	ALTOONA-MIDWAY
13.5	1711220	IL	CRESTON CCSD 161
13.5	0625110	CA	MISSION UNION ELEMENTARY
13.5	0620010	CA	KNIGHTS FERRY ELEMENTARY
13.5	0404530	AZ	MAINE CONSOLIDATED SCHOOL DISTRICT
13.3	5309060	WA	TROUT LAKE SCHOOL DISTRICT
13.3	5308850	WA	THORP SCHOOL DISTRICT
13.3	5305550	WA	NESPELEM SCHOOL DISTRICT
13.3	5008240	VT	CURRIER MEMORIAL USD #23
13.3	5007500	VT	SOUTH HERO SCHOOL DISTRICT
13.3	5006030	VT	NEWPORT TOWN SCHOOL DISTRICT
13.3	5004960	VT	JAY/WESTFIELD JOINT ELEMENTARY
13.3	5004860	VT	IRASBURG SCHOOL DISTRICT
13.3	4845840	TX	WILDORADO ISD
13.3	4843680	TX	UTOPIA ISD
13.3	4841700	TX	STRAWN ISD
13.3	4830480	TX	MIAMI ISD
13.3	4829940	TX	MCMULLEN COUNTY ISD
13.3	4827120	TX	LEGGETT ISD
13.3	4649650	SD	MOUNT VERNON SCHOOL DISTRICT 17-3
13.3	4100047	OR	IONE SD R2
13.3	4020190	OK	MONROE
13.3	4008610	OK	COPAN
13.3	3415840	NJ	STOW CREEK TOWNSHIP
13.3	3100148	NE	GREELEY-WOLBACH PUBLIC SCHOOLS
13.3	2926190	MO	RENICK R-V
13.3	2011790	KS	SOUTH HAVEN
13.3	1919800	IA	MOULTON-UDELL COMM SCHOOL DISTRICT
13.3	1602820	ID	ROCKLAND DISTRICT
13.3	0633690	CA	ROUND VALLEY JOINT ELEMENTARY
13.3	0603780	CA	BANGOR UNION ELEMENTARY
13.2	5511580	WI	PEPIN AREA SCHOOL DISTRICT
13.2	4833420	TX	OGLESBY ISD
13.2	4813770	TX	CHESTER ISD
13.2	4603780	SD	ARMOUR SCHOOL DISTRICT 21-1
13.2	4011850	OK	FOREST GROVE
13.2	3806930	ND	FLASHER 39
13.2	3306000	NH	RUMNEY SCHOOL DISTRICT
13.2	3175810	NE	POTTER-DIX PUBLIC SCHOOLS
13.2	3174340	NE	NEWMAN GROVE PUBLIC SCHOOLS
13.2	3100134	NE	WILCOX-HILDRETH PUBLIC SCHOOLS
13.2	1917880	IA	LUVERNE COMM SCHOOL DISTRICT
13.2	1711520	IL	CYPRESS SD 64
13.2	1703450	IL	ALLENDALE CCSD 17
13.2	0639690	CA	TRES PINOS UNION ELEMENTARY
13.0	4842780	TX	THROCKMORTON ISD
13.0	4609512	SD	BURKE SCHOOL DISTRICT 26-2
13.0	4017370	OK	LEEDEY
13.0	4015420	OK	INDIAHOMA
13.0	3818820	ND	VALLEY 12
13.0	3626130	NY	SCHROON LAKE CENTRAL SCHOOL DISTRICT
13.0	3501020	NM	FLOYD MUNICIPAL SCHOOLS
13.0	3500090	NM	ANIMAS PUBLIC SCHOOLS
13.0	3413380	NJ	PORT REPUBLIC
13.0	2310650	ME	MSAD 13
13.0	2011190	KS	ROLLA
13.0	1738550	IL	TAMAROA SCHOOL DIST 5
13.0	1721130	IL	KINGS CONS SD 144
13.0	0807260	CO	PRIMERO REORGANIZED SCHOOL DISTRICT NO. 2
13.0	0404860	AZ	MCNARY ELEMENTARY DISTRICT
12.8	5505370	WI	GILMANTON SCHOOL DISTRICT
12.8	5308580	WA	SUMMIT VALLEY SCHOOL DISTRICT
12.8	5007830	VT	STRAFFORD SCHOOL DISTRICT
12.8	5003120	VT	CHELSEA SCHOOL DISTRICT
12.8	4840290	TX	SILVERTON ISD
12.8	4823760	TX	HUCKABAY ISD
12.8	4810620	TX	BLUFF DALE ISD
12.8	4646260	SD	MCINTOSH SCHOOL DISTRICT 15-1
12.8	4619580	SD	JONES COUNTY SCHOOL DISTRICT 37-3
12.8	4029640	OK	TEMPLE
12.8	3104290	NE	BRADY PUBLIC SCHOOLS
12.8	3100133	NE	EXETER-MILLIGAN PUBLIC SCHOOLS
12.8	3000096	MT	NORTH STAR ELEM
12.8	2923400	MO	LUTIE R-VI
12.8	2905190	MO	BLACKWATER R-II
12.8	2709540	MN	COMFREY PUBLIC SCHOOL DISTRICT
12.8	2307100	ME	JONESPORT SCHOOL DEPARTMENT
12.8	2000020	KS	WESTERN PLAINS
12.8	1601900	ID	MACKAY JOINT DISTRICT
12.8	0611670	CA	DUNSMUIR ELEMENTARY
12.8	0401260	AZ	BONITA ELEMENTARY DISTRICT
12.7	5306630	WA	PATERSON SCHOOL DISTRICT
12.7	4831620	TX	MOUNT CALM ISD
12.7	4825290	TX	KELTON ISD
12.7	4809000	TX	AUSTWELL-TIVOLI ISD
12.7	3809000	ND	HATTON 7
12.7	3605010	NY	BOLTON CENTRAL SCHOOL DISTRICT
12.7	3176410	NE	SARGENT PUBLIC SCHOOLS
12.7	3174040	NE	MULLEN PUBLIC SCHOOLS
12.7	3173600	NE	MEDICINE VALLEY PUBLIC SCHOOLS
12.7	3172990	NE	LOOMIS PUBLIC SCHOOLS
12.7	3007710	MT	CRESTON ELEM
12.7	2932250	MO	WINSTON R-VI
12.7	2920750	MO	NORTH MERCER CO. R-III
12.7	2003430	KS	ARGONIA PUBLIC SCHOOLS
12.7	1740680	IL	NORTH WAMAC SD 186
12.7	1722860	IL	LICK CREEK CCSD 16
12.7	0806720	CO	SCHOOL DISTRICT NO. RE-11 IN THE COUNTY OF WELD AND STATE OF
12.7	0633210	CA	ROBERTS FERRY UNION ELEMENTARY
12.7	0622320	CA	LOLETA UNION ELEMENTARY
12.5	5008160	VT	TUNBRIDGE SCHOOL DISTRICT
12.5	5007140	VT	SALISBURY SCHOOL DISTRICT
12.5	5002940	VT	CANAAN SCHOOL DISTRICT
12.5	4827090	TX	LEFORS ISD
12.5	4813620	TX	CHANNING ISD
12.5	4808160	TX	AMHERST ISD
12.5	4109720	OR	PINE EAGLE SD 61
12.5	4017020	OK	DEER CREEK-LAMONT
12.5	4008310	OK	COLEMAN
12.5	3171010	NE	GILTNER PUBLIC SCHOOLS
12.5	3104870	NE	CEDAR BLUFFS PUBLIC SCHOOLS
12.5	3103060	NE	ANSLEY PUBLIC SCHOOLS
12.5	3100110	NE	SOUTH PLATTE PUBLIC SCHOOLS
12.5	3024150	MT	SHERIDAN ELEM
12.5	3012840	MT	PHILIPSBURG K-12 SCHOOLS
12.5	2922920	MO	NORTHWESTERN R-I
12.5	2506000	MA	HAWLEMONT
12.5	1921720	IA	OLIN CONSOLIDATED SCHOOL DISTRICT
12.5	1602060	ID	MEADOWS VALLEY DISTRICT
12.5	0806030	CO	SCHOOL DISTRICT NO. RE-5 PLATEAU
12.5	0800018	CO	IDALIA RJ-3 SCHOOL DISTRICT
12.5	0623460	CA	MAGNOLIA UNION ELEMENTARY
12.5	0617760	CA	HOWELL MOUNTAIN ELEMENTARY
12.3	5002310	VT	BOLTON SCHOOL DISTRICT
12.3	4834140	TX	PALO PINTO ISD
12.3	4831410	TX	MORGAN MILL ISD
12.3	4823700	TX	HUBBARD ISD
12.3	4815420	TX	COUPLAND ISD
12.3	4813890	TX	CHILLICOTHE ISD
12.3	4639990	SD	LAKE PRESTON SCHOOL DISTRICT 38-3
12.3	4609300	SD	HARDING COUNTY SCHOOL DISTRICT 31-1
12.3	4011880	OK	FORGAN
12.3	4003240	OK	ARNETT
12.3	3801950	ND	ANAMOOSE 14
12.3	3800027	ND	NEW ENGLAND 9
12.3	3502220	NM	RESERVE PUBLIC SCHOOLS
12.3	3401110	NJ	AVALON
12.3	3306360	NH	STEWARTSTOWN SCHOOL DISTRICT
12.3	3024930	MT	ST REGIS K-12 SCHOOLS
12.3	3017700	MT	MARION ELEM
12.3	3008880	MT	DESMET ELEM
12.3	2923790	MO	PEMISCOT CO. R-III
12.3	1929640	IA	WALNUT COMM SCHOOL DISTRICT
12.3	1704830	IL	AVON CUSD 176
12.3	0806780	CO	SCHOOL DISTRICT NO. R-4 IN THE COUNTY OF KIT CARSON AND STAT
12.3	0803930	CO	SCHOOL DISTRICT NO. RE-3 FRENCHMAN
12.3	0615810	CA	GRATTON ELEMENTARY
12.3	0407630	AZ	SELIGMAN UNIFIED DISTRICT
12.3	0400005	AZ	SALOME CONSOLIDATED ELEMENTARY DISTRICT
12.2	5303440	WA	COULEE-HARTLINE SCHOOL DISTRICT
12.2	5009150	VT	WHITINGHAM SCHOOL DISTRICT
12.2	4833960	TX	PAINT CREEK ISD
12.2	4825110	TX	KARNACK ISD
12.2	4808490	TX	APPLE SPRINGS ISD
12.2	4670140	SD	SUMMIT SCHOOL DISTRICT 54-6
12.2	4621400	SD	FREDERICK AREA SCHOOL DISTRICT 06-2
12.2	4027450	OK	SHADY POINT
12.2	4003690	OK	BEARDEN
12.2	3904969	OH	BETTSVILLE LOCAL
12.2	3806010	ND	EIGHT MILE 6
12.2	3616140	NY	KEENE CENTRAL SCHOOL DISTRICT
12.2	3404680	NJ	ELSINBORO TOWNSHIP
12.2	3000102	MT	DUTTON/BRADY K-12 SCHOOLS
12.2	2926610	MO	RISCO R-II
12.2	2905700	MO	BRADLEYVILLE R-I
12.2	2718390	MN	LYND PUBLIC SCHOOL DISTRICT
12.2	1723160	IL	LISBON CCSD 90
12.2	1714410	IL	ESWOOD CCSD 269
12.2	0800001	CO	CHEYENNE COUNTY SCHOOL DISTRICT NO. RE-5
12.2	0606540	CA	BURREL UNION ELEMENTARY
12.0	5508040	WI	LINN J4 SCHOOL DISTRICT
12.0	5301560	WA	COLUMBIA (STEVENS) SCHOOL DISTRICT
12.0	4837500	TX	ROCHELLE ISD
12.0	4821180	TX	GORDON ISD
12.0	4818660	TX	ETOILE ISD
12.0	4811550	TX	BROOKESMITH ISD
12.0	4632340	SD	HENRY SCHOOL DISTRICT 14-2
12.0	4202700	PA	AUSTIN AREA SD
12.0	4032730	OK	WHITESBORO
12.0	4018960	OK	MARBLE CITY
12.0	4014100	OK	HAYWOOD
12.0	4013600	OK	GYPSY
12.0	4013380	OK	GREENVILLE
12.0	4005820	OK	BUFFALO VALLEY
12.0	3818500	ND	TURTLE LAKE-MERCER 72
12.0	3813200	ND	MONTEFIORE 1
12.0	3174370	NE	NIOBRARA PUBLIC SCHOOLS
12.0	3028800	MT	WYOLA ELEM
12.0	2930300	MO	TINA-AVALON R-II
12.0	2925530	MO	PRAIRIE HOME R-V
12.0	2923670	MO	PATTONSBURG R-II
12.0	2923040	MO	OAK HILL R-I
12.0	2920370	MO	MARQUAND-ZION R-VI
12.0	2908730	MO	CHILHOWEE R-IV
12.0	2906480	MO	CALHOUN R-VIII
12.0	2311850	ME	MSAD 08
12.0	2009720	KS	MOSCOW PUBLIC SCHOOLS
12.0	2005760	KS	ELK VALLEY
12.0	1703420	IL	ALLEN-OTTER CREEK CCSD 65
12.0	0805940	CO	OTIS SCHOOL DISTRICT NO. R-3
12.0	0803270	CO	DEER TRAIL SCHOOL DISTRICT NO. 26J
12.0	0407920	AZ	SONOITA ELEMENTARY DISTRICT
12.0	0200730	AK	CHATHAM SCHOOL DISTRICT
12.0	0200700	AK	SOUTHEAST ISLAND SCHOOL DISTRICT
11.8	5008100	VT	TOWNSHEND SCHOOL DISTRICT
11.8	5006240	VT	ORLEANS ID SCHOOL DISTRICT
11.8	5005820	VT	MOUNT HOLLY SCHOOL DISTRICT
11.8	4836990	TX	RICHARDS ISD
11.8	4835890	TX	PRINGLE-MORSE CISD
11.8	4022920	OK	OLUSTEE
11.8	4006270	OK	CALVIN
11.8	3403630	NJ	DEAL BOROUGH
11.8	3000090	MT	NOXON ELEM
11.8	2915330	MO	HUME R-VIII
11.8	2904170	MO	BALLARD R-II
11.8	2005370	KS	CUNNINGHAM
11.8	1712390	IL	DODDS CCSD 7
11.8	1712270	IL	DIMMICK CCSD 175
11.8	0900930	CT	CORNWALL SCHOOL DISTRICT
11.8	0629160	CA	OUTSIDE CREEK ELEMENTARY
11.7	5603180	WY	PLATTE COUNTY SCHOOL DISTRICT #2
11.7	5007410	VT	SHOREHAM SCHOOL DISTRICT
11.7	5006270	VT	ORWELL SCHOOL DISTRICT
11.7	5002370	VT	BRAINTREE SCHOOL DISTRICT
11.7	4844250	TX	VYSEHRAD ISD
11.7	4809330	TX	BALMORHEA ISD
11.7	4800007	TX	PANTHER CREEK CISD
11.7	4032700	OK	WHITEFIELD
11.7	4003510	OK	BALKO
11.7	3621930	NY	OYSTERPONDS UNION FREE SCHOOL DISTRICT
11.7	3404650	NJ	ELMER BOROUGH
11.7	3100082	NE	STUART PUBLIC SCHOOLS
11.7	2906090	MO	BUCKLIN R-II
11.7	2629580	MI	REPUBLIC-MICHIGAMME SCHOOLS
11.7	2310620	ME	MSAD 12
11.7	1711730	IL	DAMIANSVILLE SD 62
11.7	0602070	CA	ALPINE COUNTY UNIFIED
11.5	5502400	WI	CASSVILLE SCHOOL DISTRICT
11.5	5005220	VT	LOWELL SCHOOL DISTRICT
11.5	4843400	TX	TURKEY-QUITAQUE ISD
11.5	4842570	TX	TEXLINE ISD
11.5	4835730	TX	PRAIRIE VALLEY ISD
11.5	4608230	SD	BRIDGEWATER SCHOOL DISTRICT 43-6
11.5	4027090	OK	SCHULTER
11.5	4023070	OK	OPTIMA
11.5	4016320	OK	KENWOOD
11.5	4013080	OK	GRACEMONT
11.5	3812030	ND	MAPLETON 7
11.5	3021330	MT	POTOMAC ELEM
11.5	2930600	MO	UNION STAR R-II
11.5	2930390	MO	TRI-COUNTY R-VII
11.5	2911580	MO	EVERTON R-III
11.5	2713040	MN	GRANADA HUNTLEY-EAST CHAIN
11.5	2709360	MN	CLIMAX PUBLIC SCHOOL DISTRICT
11.5	2003570	KS	ATTICA
11.5	1904740	IA	BENNETT COMM SCHOOL DISTRICT
11.5	1600330	ID	BLISS JOINT DISTRICT
11.5	1600138	ID	SALMON RIVER JOINT SCHOOL DIST
11.5	0406510	AZ	PINE STRAWBERRY ELEMENTARY DISTRICT
11.5	0406000	AZ	PATAGONIA ELEMENTARY DISTRICT
11.5	0400022	AZ	VERNON ELEMENTARY DISTRICT
11.3	5602670	WY	FREMONT COUNTY SCHOOL DISTRICT # 2
11.3	5008430	VT	WALDEN SCHOOL DISTRICT
11.3	5005970	VT	NEWFANE SCHOOL DISTRICT
11.3	5003330	VT	CORNWALL SCHOOL DISTRICT
11.3	5002670	VT	BROOKFIELD SCHOOL DISTRICT
11.3	5000003	VT	LAKEVIEW USD #43
11.3	4838160	TX	ROXTON ISD
11.3	4817130	TX	DIME BOX ISD
11.3	4110110	OR	PRAIRIE CITY SD 4
11.3	4029010	OK	STRINGTOWN
11.3	4025800	OK	REYDON
11.3	3406600	NJ	HAMPTON BOROUGH
11.3	3010950	MT	OLNEY-BISSELL ELEM
11.3	2928170	MO	SHELDON R-VIII
11.3	2913500	MO	HALE R-I
11.3	2004020	KS	OTIS-BISON
11.3	1700103	IL	NEW HOLLAND-MIDDLETOWN ED 88
11.3	0616530	CA	HAPPY CAMP UNION ELEMENTARY
11.2	5508070	WI	LINN J6 SCHOOL DISTRICT
11.2	5309900	WA	WILSON CREEK SCHOOL DISTRICT
11.2	5308310	WA	ST. JOHN SCHOOL DISTRICT
11.2	5008670	VT	WATERVILLE SCHOOL DISTRICT
11.2	5005280	VT	LUNENBURG SCHOOL DISTRICT
11.2	4833980	TX	PAINT ROCK ISD
11.2	4819500	TX	FOLLETT ISD
11.2	4676680	SD	WAUBAY SCHOOL DISTRICT 18-3
11.2	4620850	SD	EDGEMONT SCHOOL DISTRICT 23-1
11.2	3408430	NJ	LEBANON BOROUGH
11.2	3172720	NE	LEIGH COMMUNITY SCHOOLS
11.2	3013660	MT	HAYS-LODGE POLE K-12 SCHLS
11.2	2912690	MO	GRUNDY CO. R-V
11.2	2717880	MN	LANCASTER PUBLIC SCHOOL DISTRICT
11.2	2711460	MN	ELLSWORTH PUBLIC SCHOOL DISTRICT
11.2	2707110	MN	BROWNS VALLEY PUBLIC SCHOOL DIST.
11.2	2306330	ME	HARMONY SCHOOL DEPARTMENT
11.2	1923220	IA	POMEROY-PALMER COMM SCHOOL DISTRICT
11.2	1710860	IL	CORNELL CCSD 426
11.0	5511710	WI	PHELPS SCHOOL DISTRICT
11.0	5306330	WA	ORCHARD PRAIRIE SCHOOL DISTRICT
11.0	5005670	VT	MONTGOMERY SCHOOL DISTRICT
11.0	5003060	VT	CHARLESTON SCHOOL DISTRICT
11.0	4840200	TX	SIERRA BLANCA ISD
11.0	4827060	TX	LEARY ISD
11.0	4826970	TX	LAZBUDDIE ISD
11.0	4818840	TX	EXCELSIOR ISD
11.0	4800005	TX	BLACKWELL CISD
11.0	4622940	SD	FAITH SCHOOL DISTRICT 46-2
11.0	4106750	OR	JEWELL SD 8
11.0	4028110	OK	SPAVINAW
11.0	3805340	ND	DRAYTON 19
11.0	3630450	NY	WELLS CENTRAL SCHOOL DISTRICT
11.0	3629760	NY	WAINSCOTT COMMON SCHOOL DISTRICT
11.0	3502130	NM	QUEMADO INDEPENDENT SCHOOLS
11.0	3303720	NH	HILL SCHOOL DISTRICT
11.0	3100124	NE	BRUNING-DAVENPORT UNIFIED SYS
11.0	2929670	MO	STRASBURG C-3
11.0	2708940	MN	CHOKIO-ALBERTA PUBLIC SCHOOL DIST.
11.0	2300008	ME	FAYETTE SCHOOL DEPARTMENT
11.0	2006210	KS	FOWLER
11.0	1921810	IA	ORIENT-MACKSBURG COMM SCHOOL DISTRICT
11.0	1739660	IL	UNION SD 81
11.0	1723640	IL	BROOKLYN UD 188
11.0	0803510	CO	KIOWA COUNTY SCHOOL DISTRICT NO. RE-1
11.0	0625410	CA	MONTE RIO UNION ELEMENTARY
11.0	0403900	AZ	HYDER ELEMENTARY DISTRICT
11.0	0200030	AK	BRISTOL BAY BOROUGH SCHOOL DISTRICT
10.8	5008880	VT	WEST WINDSOR SCHOOL DISTRICT
10.8	5003540	VT	DOVER SCHOOL DISTRICT
10.8	4844520	TX	WALNUT SPRINGS ISD
10.8	4824660	TX	JAYTON-GIRARD ISD
10.8	4634440	SD	EDMUNDS CENTRAL SCHOOL DISTRICT 22-5
10.8	4616230	SD	CORSICA SCHOOL DISTRICT 21-2
10.8	4102160	OR	BLACHLY SD 90
10.8	4101200	OR	ALSEA SD 7J
10.8	4009360	OK	DAHLONEGAH
10.8	4002720	OK	ALINE-CLEO
10.8	3500330	NM	CARRIZOZO MUNICIPAL SCHOOLS
10.8	3306750	NH	UNITY SCHOOL DISTRICT
10.8	3174400	NE	NORTH LOUP SCOTIA PUBLIC SCHS
10.8	3170050	NE	ELGIN PUBLIC SCHOOLS
10.8	3005850	MT	VAUGHN ELEM
10.8	2635340	MI	WATERSMEET TOWNSHIP SCHOOL DISTRICT
10.8	2627390	MI	PALO COMMUNITY SCHOOL DISTRICT
10.8	2309650	ME	PERRY SCHOOL DEPARTMENT
10.8	1600540	ID	CAMAS COUNTY DISTRICT
10.8	0604980	CA	BIG SPRINGS UNION ELEMENTARY
10.8	0602250	CA	ALTA-DUTCH FLAT UNION ELEMENTARY
10.8	0600012	CA	TWIN RIDGES ELEMENTARY
10.7	5604380	WY	PARK COUNTY SCHOOL DISTRICT #16
10.7	5512030	WI	SOUTH SHORE SCHOOL DISTRICT
10.7	5301500	WA	COLTON SCHOOL DISTRICT
10.7	5008760	VT	WELLS SCHOOL DISTRICT
10.7	5007950	VT	SUTTON SCHOOL DISTRICT
10.7	5003360	VT	COVENTRY SCHOOL DISTRICT
10.7	5000026	VT	ATHENS/GRAFTON CONTRACT SCHOOL DISTRICT
10.7	4826700	TX	LANEVILLE ISD
10.7	4812540	TX	CALVERT ISD
10.7	4622560	SD	EUREKA SCHOOL DISTRICT 44-1
10.7	3502340	NM	SAN JON MUNICIPAL SCHOOLS
10.7	2911040	MO	PLAINVIEW R-VIII
10.7	2309990	ME	PRINCETON SCHOOL DEPARTMENT
10.7	0641220	CA	VISTA DEL MAR UNION
10.5	5509150	WI	MERCER SCHOOL DISTRICT
10.5	5005400	VT	MARLBORO SCHOOL DISTRICT
10.5	5002550	VT	BRIDPORT SCHOOL DISTRICT
10.5	4816350	TX	DAWSON ISD
10.5	4607670	SD	BONESTEEL-FAIRFAX SCHOOL DISTRICT 26-5
10.5	4400690	RI	NEW SHOREHAM
10.5	3816050	ND	ROLETTE 29
10.5	3814730	ND	PAGE 80
10.5	3807830	ND	GLEN ULLIN 48
10.5	3415810	NJ	STONE HARBOR
10.5	3403030	NJ	CHESILHURST BOROUGH
10.5	3306900	NH	WASHINGTON SCHOOL DISTRICT
10.5	3176980	NE	ST EDWARD PUBLIC SCHOOLS
10.5	3171370	NE	HAMPTON PUBLIC SCHOOLS
10.5	3100073	NE	ARNOLD PUBLIC SCHOOLS
10.5	3004890	MT	BROADVIEW ELEM
10.5	2733720	MN	NETT LAKE PUBLIC SCHOOL DISTRICT
10.5	2310830	ME	MSAD 19
10.5	2309560	ME	PEMBROKE SCHOOL DEPARTMENT
10.5	1600870	ID	CULDESAC JOINT DISTRICT
10.3	5516590	WI	WHITE LAKE SCHOOL DISTRICT
10.3	5307050	WA	LAKE QUINAULT SCHOOL DISTRICT
10.3	5006210	VT	ORANGE SCHOOL DISTRICT
10.3	5002730	VT	BROWNINGTON SCHOOL DISTRICT
10.3	4834560	TX	PENELOPE ISD
10.3	4824360	TX	IREDELL ISD
10.3	4809750	TX	BELLEVUE ISD
10.3	3812660	ND	MEDINA 3
10.3	3169780	NE	DODGE PUBLIC SCHOOLS
10.3	3019170	MT	NASHUA K-12 SCHOOLS
10.3	3002640	MT	BAINVILLE K-12 SCHOOLS
10.3	2928680	MO	SOUTHWEST LIVINGSTON CO. R-I
10.3	2718920	MN	GRYGLA PUBLIC SCHOOL DISTRICT
10.3	2312750	ME	SURRY SCHOOL DEPARTMENT
10.3	1927900	IA	TITONKA CONSOLIDATED SCHOOL DISTRICT
10.3	1736840	IL	SOUTH WILMINGTON CCSD 74
10.3	1703210	IL	AKIN CCSD 91
10.3	0802260	CO	ARRIBA-FLAGLER CONSOLIDATED SCHOOL DISTRICT NO. 20
10.3	0634080	CA	SAN ARDO UNION ELEMENTARY
10.3	0630390	CA	PINE RIDGE ELEMENTARY
10.2	5008580	VT	WASHINGTON SCHOOL DISTRICT
10.2	5002160	VT	BENSON SCHOOL DISTRICT
10.2	4840890	TX	SOUTHLAND ISD
10.2	4828800	TX	MALONE ISD
10.2	4821840	TX	GROOM ISD
10.2	4607800	SD	BOWDLE SCHOOL DISTRICT 22-1
10.2	4030390	OK	TUSKAHOMA
10.2	4024180	OK	PITTSBURG
10.2	4023700	OK	PECKHAM
10.2	3808460	ND	GRENORA 99
10.2	3410170	NJ	MILFORD BOROUGH
10.2	3172780	NE	LEWISTON CONSOLIDATED SCHOOLS
10.2	3028020	MT	WIBAUX K-12 SCHOOLS
10.2	3001860	MT	ALBERTON K-12 SCHOOLS
10.2	2916530	MO	KEYTESVILLE R-III
10.2	2911760	MO	FAIRFAX R-III
10.2	2611730	MI	DEERFIELD PUBLIC SCHOOLS
10.2	2305970	ME	GEORGETOWN SCHOOL DEPARTMENT
10.2	2004650	KS	CHASE-RAYMOND
10.2	2004500	KS	CEDAR VALE
10.2	1927480	IA	STRATFORD COMM SCHOOL DISTRICT
10.2	1720910	IL	KELL CONS SD 2
10.2	0806990	CO	VILAS SCHOOL DISTRICT RE-5
10.2	0620490	CA	LAGUNITA ELEMENTARY
10.0	5506390	WI	HERMAN #22 SCHOOL DISTRICT
10.0	5009540	VT	WORCESTER SCHOOL DISTRICT
10.0	5004710	VT	HOLLAND SCHOOL DISTRICT
10.0	4813380	TX	CENTERVILLE ISD
10.0	4023910	OK	PICKETT-CENTER
10.0	4020640	OK	MOYERS
10.0	3176650	NE	SHICKLEY PUBLIC SCHOOLS
10.0	3021960	MT	RAU ELEM
10.0	3014640	MT	HOT SPRINGS K-12
10.0	2921150	MO	HIGH POINT R-III
10.0	2916200	MO	JEFFERSON C-123
10.0	2912870	MO	GILMAN CITY R-IV
10.0	2011280	KS	PAWNEE HEIGHTS
10.0	1737440	IL	ST LIBORY CONS SD 30
10.0	1716320	IL	GEFF CCSD 14
10.0	0619860	CA	KIRKWOOD ELEMENTARY
10.0	0406150	AZ	PEARCE ELEMENTARY DISTRICT
9.8	4838280	TX	RULE ISD
9.8	4832880	TX	NORDHEIM ISD
9.8	4664140	SD	RUTLAND SCHOOL DISTRICT 39-4
9.8	4100003	OR	FALLS CITY SD 57
9.8	3173660	NE	MERIDIAN PUBLIC SCHOOLS
9.8	3171610	NE	HAY SPRINGS PUBLIC SCHOOLS
9.8	3015340	MT	JORDAN ELEM
9.8	3009180	MT	DRUMMOND ELEM
9.8	2916470	MO	KELSO C-7
9.8	2909090	MO	CLARKSBURG C-2
9.8	2105850	KY	WEST POINT INDEPENDENT
9.8	1911250	IA	EXIRA COMM SCHOOL DISTRICT
9.8	1723700	IL	LUDLOW CCSD 142
9.8	1711910	IL	DEER PARK CCSD 82
9.8	0904650	CT	UNION SCHOOL DISTRICT
9.8	0638520	CA	SURPRISE VALLEY JOINT UNIFIED
9.8	0609665	CA	LEGGETT VALLEY UNIFIED
9.7	5007380	VT	KILLINGTON SCHOOL DISTRICT
9.7	5006570	VT	POMFRET SCHOOL DISTRICT
9.7	4845990	TX	WILSON ISD
9.7	4831320	TX	MORAN ISD
9.7	4831200	TX	MONTAGUE ISD
9.7	4821480	TX	GRANDFALLS-ROYALTY ISD
9.7	4811400	TX	FORT ELLIOTT CISD
9.7	4601027	SD	OLDHAM - RAMONA SCHOOL DISTRICT 39-5
9.7	4016530	OK	KILDARE
9.7	4012840	OK	GOODLAND
9.7	4012000	OK	FORT SUPPLY
9.7	4005910	OK	BURLINGTON
9.7	3800024	ND	POWERS LAKE 27
9.7	3306450	NH	STRATFORD SCHOOL DISTRICT
9.7	3172210	NE	HYANNIS AREA SCHOOLS
9.7	3026880	MT	ULM ELEM
9.7	3002300	MT	ARROWHEAD ELEM
9.7	2910200	MO	COUCH R-I
9.7	2509840	MA	PROVINCETOWN
9.7	2004790	KS	CHEYLIN
9.7	1926670	IA	SOUTH PAGE COMM SCHOOL DISTRICT
9.7	1720010	IL	INA CCSD 8
9.7	1700323	IL	CRESCENT IROQUOIS CUSD 249
9.7	0606510	CA	BURNT RANCH ELEMENTARY
9.5	5309990	WA	WISHKAH VALLEY SCHOOL DISTRICT
9.5	4606960	SD	BIG STONE CITY SCHOOL DISTRICT 25-1
9.5	4102610	OR	CAMAS VALLEY SD 21J
9.5	3811700	ND	MADDOCK 9
9.5	3802170	ND	ASHLEY 9
9.5	3802014	ND	APPLE CREEK 39
9.5	3616530	NY	LAKE PLEASANT CENTRAL SCHOOL DISTRICT
9.5	3501290	NM	HONDO VALLEY PUBLIC SCHOOLS
9.5	3303275		SURRY SCHOOL DISTRICT
9.5	3025950	MT	TERRY K-12 SCHOOLS
9.5	3020790	MT	PIONEER ELEM
9.5	2906150	MO	COOPER CO. R-IV
9.5	1729700	IL	OHIO CCSD 17
9.5	1700120	IL	LOSTANT CUSD 425
9.5	0900630	CT	CANAAN SCHOOL DISTRICT
9.5	0806300	CO	MOUNTAIN VALLEY SCHOOL DISTRICT NO. RE 1
9.5	0637630	CA	SOUTHERN TRINITY JOINT UNIFIED
9.5	0636960	CA	SNELLING-MERCED FALLS UNION ELEMENTARY
9.5	0635940	CA	SAUCELITO ELEMENTARY
9.3	5505580	WI	GOODMAN-ARMSTRONG SCHOOL DISTRICT
9.3	5009060	VT	WEYBRIDGE SCHOOL DISTRICT
9.3	5003390	VT	CRAFTSBURY SCHOOL DISTRICT
9.3	4844490	TX	WALNUT BEND ISD
9.3	4842420	TX	TERRELL COUNTY ISD
9.3	4033330	OK	WYNONA
9.3	4025530	OK	RAVIA
9.3	3806690	ND	FAIRMOUNT 18
9.3	3414220	NJ	ROOSEVELT BOROUGH
9.3	3022710	MT	ROBERTS K-12 SCHOOLS
9.3	2003660	KS	AXTELL
9.3	1737020	IL	SPRING LAKE CCSD 606
9.3	0805040	CO	KIT CARSON SCHOOL DISTRICT NO. R-1
9.3	0601980	CA	ALLENSWORTH ELEMENTARY
9.3	0409120	AZ	WENDEN ELEMENTARY DISTRICT
9.3	0408430	AZ	PALOMA SCHOOL DISTRICT
9.2	5301050	WA	CENTERVILLE SCHOOL DISTRICT
9.2	5006900	VT	ROCHESTER SCHOOL DISTRICT
9.2	5002610	VT	BRIGHTON SCHOOL DISTRICT
9.2	4825410	TX	KENEDY COUNTY WIDE CSD
9.2	4016620	OK	KINTA
9.2	3815150	ND	PINGREE-BUCHANAN 10
9.2	3810980	ND	LEEDS 6
9.2	3800042	ND	MIDKOTA 7
9.2	3615270	NY	INDIAN LAKE CENTRAL SCHOOL DISTRICT
9.2	3501470	NM	LAKE ARTHUR MUNICIPAL SCHOOLS
9.2	3011420	MT	FRAZER ELEM
9.2	2929730	MO	SUCCESS R-VI
9.2	2721210	MN	MILROY PUBLIC SCHOOL DISTRICT
9.2	2713890	MN	HERMAN-NORCROSS SCHOOL DISTRICT
9.2	2632070	MI	SODUS TOWNSHIP S/D #5
9.2	0631920	CA	RAYMOND-KNOWLES UNION ELEMENTARY
9.2	0619170	CA	JUNCTION CITY ELEMENTARY
9.2	0408880	AZ	VALENTINE ELEMENTARY DISTRICT
9.0	5503750	WI	DOVER #1 SCHOOL DISTRICT
9.0	5305340	WA	MOUNT PLEASANT SCHOOL DISTRICT
9.0	5303360	WA	HARRINGTON SCHOOL DISTRICT
9.0	5300630	WA	BOISTFORT SCHOOL DISTRICT
9.0	5001740	VT	ALBANY SCHOOL DISTRICT
9.0	4823140	TX	HIGGINS ISD
9.0	4102580	OR	BUTTE FALLS SD 91
9.0	4029310	OK	SWEETWATER
9.0	4002580	OK	ALBION
9.0	3816470	ND	SAWYER 16
9.0	3800049	ND	FESSENDEN-BOWDON 25
9.0	3500840	NM	ELIDA MUNICIPAL SCHOOLS
9.0	3178990	NE	WYNOT PUBLIC SCHOOLS
9.0	3105010	NE	CHAMBERS PUBLIC SCHOOLS
9.0	3100067	NE	BANNER COUNTY PUBLIC SCHOOLS
9.0	3021000	MT	PLEVNA K-12 SCHOOLS
9.0	1909060	IA	DIAGONAL COMM SCHOOL DISTRICT
9.0	1727930	IL	NETTLE CREEK CCSD 24C
9.0	0607770	CA	CASTLE ROCK UNION ELEMENTARY
8.8	5001950	VT	BARNARD SCHOOL DISTRICT
8.8	4816320	TX	DARROUZETT ISD
8.8	4807500	TX	ADRIAN ISD
8.8	4669540	SD	STICKNEY SCHOOL DISTRICT 01-2
8.8	4629340	SD	GRANT-DEUEL SCHOOL DISTRICT 25-3
8.8	4101470	OR	ARLINGTON SD 3
8.8	4029340	OK	SWINK
8.8	4028620	OK	STIDHAM
8.8	4010680	OK	ELDORADO
8.8	3800016	ND	STRASBURG 15
8.8	3610230	NY	EDINBURG COMMON SCHOOL DISTRICT
8.8	3401290	NJ	BEACH HAVEN BOROUGH
8.8	3306870	NH	WARREN SCHOOL DISTRICT
8.8	3303120	NH	FREEDOM SCHOOL DISTRICT
8.8	3173440	NE	MAYWOOD PUBLIC SCHOOLS
8.8	3109120	NE	HAYES CENTER PUBLIC SCHOOLS
8.8	3105160	NE	CLARKSON PUBLIC SCHOOLS
8.8	3011650	MT	FROMBERG K-12
8.8	3009670	MT	EKALAKA ELEM
8.8	2624540	MI	MORAN TOWNSHIP SCHOOL DISTRICT
8.8	1928200	IA	TWIN RIVERS COMM SCHOOL DISTRICT
8.8	1740200	IL	VENICE CUSD 3
8.8	0626430	CA	MULBERRY ELEMENTARY
8.8	0614910	CA	GARFIELD ELEMENTARY
8.7	4607050	SD	BISON SCHOOL DISTRICT 52-1
8.7	4028920	OK	STRAIGHT
8.7	4003450	OK	AVANT
8.7	3619530	NY	MINERVA CENTRAL SCHOOL DISTRICT
8.7	3100068	NE	CEDAR RAPIDS PUBLIC SCHOOLS
8.7	3014430	MT	HOBSON K-12 SCHOOLS
8.7	3007980	MT	KINSEY ELEM
8.7	2910440	MO	DADEVILLE R-II
8.7	2004860	KS	CLAFLIN
8.7	1602400	ID	NEZPERCE JOINT DISTRICT
8.7	0638070	CA	STONY CREEK JOINT UNIFIED
8.7	0624780	CA	MIDWAY ELEMENTARY
8.7	0200300	AK	HOONAH CITY SCHOOL DISTRICT
8.5	5305970	WA	OAKESDALE SCHOOL DISTRICT
8.5	5304710	WA	MANSFIELD SCHOOL DISTRICT
8.5	5005580	VT	MIDDLETOWN SPRINGS SCHOOL DISTRICT
8.5	4828170	TX	LORAINE ISD
8.5	4809090	TX	AVINGER ISD
8.5	4103330	OR	CONDON SD 25J
8.5	3605370	NY	BRIDGEHAMPTON UNION FREE SCHOOL DISTRICT
8.5	3304920	NH	MONROE SCHOOL DISTRICT
8.5	3200150	NV	ESMERALDA COUNTY SCHOOL DISTRICT
8.5	3103210	NE	ARTHUR COUNTY SCHOOLS
8.5	3018170	MT	MEDICINE LAKE K-12 SCHOOLS
8.5	3016810	MT	LINCOLN K-12 SCHOOLS
8.5	2923250	MO	OSBORN R-O
8.5	2918330	MO	LEESVILLE R-IX
8.5	2911010	MO	SKYLINE R-II
8.5	2010470	KS	PALCO
8.5	2008700	KS	LEWIS
8.5	1737800	IL	STEWARD ESD 220
8.5	1704200	IL	ARMSTRONG-ELLIS CONS SD 61
8.5	0807110	CO	WALSH SCHOOL DISTRICT NO. RE-1
8.5	0806000	CO	PLATTE VALLEY SCHOOL DISTRICT NO. RE3
8.5	0605730	CA	BRADLEY UNION ELEMENTARY
8.5	0402130	AZ	COCHISE ELEMENTARY DISTRICT
8.3	4824900	TX	JONESBORO ISD
8.3	4012750	OK	GLOVER
8.3	3103120	NE	ARCADIA PUBLIC SCHOOLS
8.3	3100020	NE	EWING PUBLIC SCHOOLS
8.3	3024990	MT	STANFORD K-12 SCHOOLS
8.3	1909450	IA	DOWS COMM SCHOOL DISTRICT
8.3	1707740	IL	BUNCOMBE CONS SD 43
8.3	1700102	IL	BRUSSELS CUSD 42
8.3	0617580	CA	HORICON ELEMENTARY
8.3	0607350	CA	CANYON ELEMENTARY
8.2	5301860	WA	CRESTON SCHOOL DISTRICT
8.2	5008520	VT	WARDSBORO SCHOOL DISTRICT
8.2	5007920	VT	SUNDERLAND SCHOOL DISTRICT
8.2	5004920	VT	JAMAICA SCHOOL DISTRICT
8.2	4834380	TX	PATTON SPRINGS ISD
8.2	4635400	SD	HURLEY SCHOOL DISTRICT 60-2
8.2	4634600	SD	HOVEN SCHOOL DISTRICT 53-2
8.2	3813230	ND	MONTPELIER 14
8.2	3803590	ND	BURKE CENTRAL 36
8.2	3306270	NH	SOUTH HAMPTON SCHOOL DISTRICT
8.2	3305700	NH	PITTSBURG SCHOOL DISTRICT
8.2	3174310	NE	NEWCASTLE PUBLIC SCHOOLS
8.2	2921880	MO	MACON CO. R-IV
8.2	2906540	MO	CALLAO C-8
8.2	2707450	MN	CAMPBELL-TINTAH PUBLIC SCHOOL DIST.
8.2	2510230	MA	ROWE
8.2	2312140	ME	SEDGWICK SCHOOL DEPARTMENT
8.2	2305360	ME	EASTPORT SCHOOL DEPARTMENT
8.2	0805340	CO	LONE STAR SCHOOL DISTRICT NO. 101
8.2	0405760	AZ	TONTO BASIN ELEMENTARY DISTRICT
8.0	5007680	VT	STAMFORD SCHOOL DISTRICT
8.0	5005100	VT	LEICESTER SCHOOL DISTRICT
8.0	4837080	TX	RICHLAND SPRINGS ISD
8.0	4831380	TX	MORGAN ISD
8.0	4815570	TX	CRANFILLS GAP ISD
8.0	4813740	TX	CHEROKEE ISD
8.0	4811040	TX	BOYS RANCH ISD
8.0	4103960	OR	DOUGLAS COUNTY SD 15
8.0	4020040	OK	MILL CREEK
8.0	3176800	NE	SIOUX COUNTY PUBLIC SCHOOLS
8.0	3005010	MT	BROCKTON ELEM
8.0	3000008	MT	ASHLAND ELEM
8.0	2711610	MN	EVANSVILLE PUBLIC SCHOOL DISTRICT
8.0	2310680	ME	MSAD 14
8.0	1714940	IL	FARRINGTON CCSD 99
8.0	0635490	CA	SANTA CLARA ELEMENTARY
8.0	0630520	CA	PIONEER UNION ELEMENTARY
8.0	0621480	CA	LEWISTON ELEMENTARY
8.0	0404170	AZ	KIRKLAND ELEMENTARY DISTRICT
8.0	0200450	AK	KLAWOCK CITY SCHOOL DISTRICT
7.8	5007770	VT	STOCKBRIDGE SCHOOL DISTRICT
7.8	4678510	SD	WHITE LAKE SCHOOL DISTRICT 01-3
7.8	4110080	OR	POWERS SD 31
7.8	4018870	OK	MANNSVILLE
7.8	3801760	ND	ALEXANDER 2
7.8	3800023	ND	SCRANTON 33
7.8	3301710	NH	BATH SCHOOL DISTRICT
7.8	2928080	MO	SHAWNEE R-III
7.8	2923370	MO	THORNFIELD R-I
7.8	2912480	MO	STRAIN-JAPAN R-XVI
7.8	2006990	KS	HAVILAND
7.8	2005520	KS	DEXTER
7.8	1807500	IN	NEW HARMONY TOWN & TWP CON SCH
7.8	1729310	IL	OAKDALE CCSD 1
7.8	1724120	IL	MALDEN CCSD 84
7.8	1600570	ID	CAMBRIDGE JOINT DISTRICT
7.8	0807410	CO	WOODLIN SCHOOL DISTRICT NO. R-104
7.8	0802460	CO	BETHUNE SCHOOL DISTRICT NO. R- 5
7.8	0802220	CO	ARICKAREE SCHOOL DISTRICT NO. R-2
7.8	0627040	CA	MOUNTAIN UNION ELEMENTARY
7.8	0624330	CA	MCKITTRICK ELEMENTARY
7.7	5308280	WA	SPRAGUE SCHOOL DISTRICT
7.7	4828140	TX	LOOP ISD
7.7	4823160	TX	HIGH ISLAND ISD
7.7	4822850	TX	HEDLEY ISD
7.7	4021870	OK	GREASY
7.7	4012330	OK	GAGE
7.7	3819470	ND	WESTHOPE 17
7.7	3806360	ND	EMERADO 127
7.7	3176380	NE	SANDHILLS PUBLIC SCHOOLS
7.7	3172910	NE	LITCHFIELD PUBLIC SCHOOLS
7.7	2913440	MO	PLEASANT VIEW R-VI
7.7	1735100	IL	RUTLAND CCSD 230
7.7	1717190	IL	GRAND PRAIRIE CCSD 6
7.7	0606960	CA	CALIENTE UNION ELEMENTARY
7.6	2615480	MI	GALIEN TOWNSHIP SCHOOL DISTRICT
7.6	0803150	CO	CREED SCHOOL DISTRICT
7.5	5307680	WA	SATSOP SCHOOL DISTRICT
7.5	5302340	WA	EASTON SCHOOL DISTRICT
7.5	4840170	TX	SIDNEY ISD
7.5	4006930	OK	CAVE SPRINGS
7.5	3819680	ND	WHITE SHIELD 85
7.5	3501800	NM	MAXWELL MUNICIPAL SCHOOLS
7.5	3016110	MT	LAMOTTE ELEM
7.5	2912720	MO	GASCONADE C-4
7.5	2504920	MA	FLORIDA
7.5	1711700	IL	DALZELL SD 98
7.5	1602160	ID	MIDVALE DISTRICT
7.5	0604590	CA	BEND ELEMENTARY
7.5	0402490	AZ	DOUBLE ADOBE ELEMENTARY DISTRICT
7.4	4014820	OK	SKELLY
7.3	5307950	WA	SKAMANIA SCHOOL DISTRICT
7.3	5006090	VT	NORTH HERO SCHOOL DISTRICT
7.3	4842390	TX	TERLINGUA CSD
7.3	4840380	TX	SIVELLS BEND ISD
7.3	4652770	SD	OELRICHS SCHOOL DISTRICT 23-3
7.3	4024360	OK	PLEASANT GROVE
7.3	3814520	ND	OBERON 16
7.3	3810500	ND	KULM 7
7.3	3306990	NH	WENTWORTH SCHOOL DISTRICT
7.3	3303990	NH	JACKSON SCHOOL DISTRICT
7.3	3011340	MT	FORTINE ELEM
7.3	3009030	MT	DIXON ELEM
7.3	2926490	MO	RIDGEWAY R-V
7.3	2919950	MO	MANES R-V
7.3	2914520	MO	HOLLIDAY C-2
7.3	2309390	ME	OTIS SCHOOL DEPARTMENT
7.3	2009850	KS	PARADISE
7.3	2006870	KS	HAMILTON
7.3	1602280	ID	MULLAN DISTRICT
7.3	0200840	AK	YAKUTAT SCHOOL DISTRICT
7.3	0200360	AK	KAKE CITY SCHOOL DISTRICT
7.2	5605820	WY	WASHAKIE COUNTY SCHOOL DISTRICT #2
7.2	5007440	VT	SHREWSBURY SCHOOL DISTRICT
7.2	4822020	TX	GUTHRIE CSD
7.2	4005160	OK	BOWRING
7.2	3820130	ND	WING 28
7.2	3306390	NH	STODDARD SCHOOL DISTRICT
7.2	3305070	NH	NEW CASTLE SCHOOL DISTRICT
7.2	3303630	NH	HARRISVILLE SCHOOL DISTRICT
7.2	3172480	NE	KEYA PAHA COUNTY SCHOOLS
7.2	3023520	MT	SAVAGE ELEM
7.2	3021510	MT	POWER ELEM
7.2	2908790	MO	LIVINGSTON CO. R-III
7.2	2012900	KS	WESKAN
7.2	2005190	KS	COPELAND
7.2	0804620	CO	HINSDALE COUNTY SCHOOL DISTRICT NO. RE-1
7.2	0624690	CA	MERIDIAN ELEMENTARY
7.0	5605680	WY	SHERIDAN COUNTY SCHOOL DISTRICT #3
7.0	4822620	TX	HARROLD ISD
7.0	4815360	TX	COTTON CENTER ISD
7.0	4632430	SD	HERREID SCHOOL DISTRICT 10-1
7.0	4026580	OK	RYAL
7.0	4013680	OK	HANNA
7.0	3500001	NM	VAUGHN MUNICIPAL SCHOOLS
7.0	3406150	NJ	GREENWICH TOWNSHIP
7.0	3012180	MT	GERALDINE ELEM
7.0	3008700	MT	DEER PARK ELEM
7.0	2922470	MO	NEWTOWN-HARRIS R-III
7.0	2917910	MO	LAREDO R-VII
7.0	2905610	MO	BOSWORTH R-V
7.0	2617340	MI	HAGAR TOWNSHIP S/D #6
7.0	2309630	ME	PENOBSCOT SCHOOL DEPARTMENT
7.0	2003690	KS	B & B
7.0	1912600	IA	GILMORE CITY-BRADGATE COMM SCHOOL DISTRICT
7.0	1908190	IA	CORWITH-WESLEY COMM SCHOOL DISTRICT
7.0	1802730	IN	DEWEY TOWNSHIP SCHOOLS
7.0	0407430	AZ	SAN SIMON UNIFIED DISTRICT
7.0	0200670	AK	PRIBILOF SCHOOL DISTRICT
6.8	5510800	WI	NORWAY J7 SCHOOL DISTRICT
6.8	5008040	VT	TINMOUTH SCHOOL DISTRICT
6.8	4830660	TX	MIDWAY ISD
6.8	4828530	TX	LUEDERS-AVOCA ISD
6.8	4010410	OK	DUSTIN
6.8	3820340	ND	YELLOWSTONE 14
6.8	3813440	ND	MUNICH 19
6.8	3809130	ND	HAZELTON-MOFFIT-BRADDOCK 6
6.8	3500720	NM	DES MOINES MUNICIPAL SCHOOLS
6.8	3305670	NH	PIERMONT SCHOOL DISTRICT
6.8	3009120	MT	DODSON K12
6.8	2926940	MO	ROSCOE C-1
6.8	2006780	KS	GRINNELL PUBLIC SCHOOLS
6.8	1720190	IL	IRVINGTON CCSD 11
6.8	0635600	CA	SANTA CRUZ CITY HIGH
6.8	0624210	CA	MCCLOUD UNION ELEMENTARY
6.7	5006780	VT	READSBORO SCHOOL DISTRICT
6.7	4811910	TX	BUENA VISTA ISD
6.7	4809980	TX	BENJAMIN ISD
6.7	3501140	NM	GRADY MUNICIPAL SCHOOLS
6.7	3417040	NJ	WASHINGTON TOWNSHIP
6.7	3105310	NE	COLERIDGE COMMUNITY SCHOOLS
6.7	3018870	MT	MOORE ELEM
6.7	3011550	MT	FROID ELEM
6.7	2921180	MO	MONITEAU CO. R-V
6.7	2919920	MO	MALTA BEND R-V
6.7	2915630	MO	NORTH DAVIESS R-III
6.7	2905850	MO	BRECKENRIDGE R-I
6.7	2728960	MN	PINE POINT PUBLIC SCHOOL DISTRICT
6.7	2312300	ME	SOUTH BRISTOL SCHOOL DEPARTMENT
6.7	1725260	IL	MCCLELLAN CCSD 12
6.7	0802010	CO	AGUILAR REORGANIZED SCHOOL DISTRICT NO. 6
6.7	0631380	CA	POPE VALLEY UNION ELEMENTARY
6.6	1733900	IL	RIVERDALE SD 14
6.5	5304080	WA	KLICKITAT SCHOOL DISTRICT
6.5	5303000	WA	GARFIELD SCHOOL DISTRICT
6.5	5300510	WA	BICKLETON SCHOOL DISTRICT
6.5	5009420	VT	WOODBURY SCHOOL DISTRICT
6.5	4833570	TX	OLFEN ISD
6.5	4020010	OK	MILFAY
6.5	4018270	OK	LONE WOLF
6.5	4012180	OK	FREEDOM
6.5	3802840	ND	BILLINGS CO 1
6.5	3173560	NE	MC PHERSON COUNTY SCHOOLS
6.5	3105280	NE	CODY-KILGORE PUBLIC SCHS
6.5	2006630	KS	WHEATLAND
6.5	1709720	IL	CHERRY SD 92
6.5	1603030	ID	SOUTH LEMHI DISTRICT
6.5	0607260	CA	CAMPTONVILLE ELEMENTARY
6.3	5304150	WA	LACROSSE SCHOOL DISTRICT
6.3	5303270	WA	GREAT NORTHERN SCHOOL DISTRICT
6.3	4846410	TX	WOODSON ISD
6.3	4029760	OK	TERRAL
6.3	4029430	OK	TALOGA
6.3	4004360	OK	BILLINGS
6.3	3800043	ND	GACKLE-STREETER 56
6.3	3417400	NJ	WEST CAPE MAY
6.3	3100005	NE	HOWELLS PUBLIC SCHOOLS
6.3	3028470	MT	WINNETT K-12 SCHOOLS
6.3	3018240	MT	MELSTONE ELEM
6.3	3014340	MT	HINSDALE ELEM
6.3	2908340	MO	CENTERVILLE R-I
6.3	2300065	ME	CUTLER SCHOOL DEPARTMENT
6.3	0806930	CO	KIOWA COUNTY SCHOOL DISTRICT NO. RE-2
6.3	0804890	CO	KARVAL SCHOOL DISTRICT NO. RE 23
6.3	0623550	CA	MANCHESTER UNION ELEMENTARY
6.2	4820970	TX	GOLD BURG ISD
6.2	4818890	TX	EZZELL ISD
6.2	4103600	OR	HARNEY COUNTY SD 4
6.2	3904897	OH	PUT-IN-BAY LOCAL
6.2	3806910	ND	FINLEY-SHARON 19
6.2	3603000	NY	ANDES CENTRAL SCHOOL DISTRICT
6.2	3302550	NH	CROYDON SCHOOL DISTRICT
6.2	3178670	NE	WHEELER CENTRAL SCHOOLS
6.2	3176890	NE	SPALDING PUBLIC SCHOOLS
6.2	3013530	MT	HARRISON K-12 SCHOOLS
6.2	2921360	MO	MONTROSE R-XIV
6.2	2615510	MI	GLENN PUBLIC SCHOOL DISTRICT
6.2	0806510	CO	HI-PLAINS R-23
6.2	0634770	CA	SAN LUCAS UNION ELEMENTARY
6.0	5516530	WI	WEYERHAEUSER AREA SCHOOL DISTRICT
6.0	5006960	VT	ROXBURY SCHOOL DISTRICT
6.0	5002580	VT	BRIDGEWATER SCHOOL DISTRICT
6.0	4835820	TX	PRIDDY ISD
6.0	4011400	OK	FANSHAWE
6.0	4009480	OK	DAVIDSON
6.0	3805910	ND	EDINBURG 106
6.0	3800057	ND	LITCHVILLE-MARION 46
6.0	3414760	NJ	SEA ISLE CITY
6.0	3028380	MT	WINIFRED K-12 SCHOOLS
6.0	3023340	MT	RYEGATE K-12 SCHOOLS
6.0	3014040	MT	HIGHWOOD ELEM
6.0	3008860	MT	DENTON ELEM
6.0	2612660	MI	EASTON TOWNSHIP S/D #6
6.0	2308700	ME	NEW SWEDEN SCHOOL DEPARTMENT
6.0	0608730	CA	CITRUS SOUTH TULE ELEMENTARY
6.0	0401330	AZ	BOWIE UNIFIED DISTRICT
6.0	0200690	AK	SKAGWAY CITY SCHOOL DISTRICT
5.8	5309570	WA	WASHTUCNA SCHOOL DISTRICT
5.8	5006870	VT	RIPTON SCHOOL DISTRICT
5.8	4845240	TX	WESTHOFF ISD
5.8	4842720	TX	THREE WAY ISD
5.8	4106820	OR	JORDAN VALLEY SD 3
5.8	4016410	OK	KEYES
5.8	3170020	NE	ELBA PUBLIC SCHOOLS
5.8	3026640	MT	TURNER ELEM
5.8	3005550	MT	CARDWELL ELEM
5.8	2921030	MO	MIRABILE C-1
5.8	2910260	MO	CRAIG R-III
5.8	2300067	ME	MACHIASPORT SCHOOL DEPARTMENT
5.8	1719740	IL	HOYLETON CONS SD 29
5.8	0800019	CO	LIBERTY J-4 SCHOOL DISTRICT
5.7	5302640	WA	EVALINE SCHOOL DISTRICT
5.7	4825380	TX	KENDLETON ISD
5.7	4011580	OK	FELT
5.7	3818600	ND	TWIN BUTTES 37
5.7	3812430	ND	MCCLUSKY 19
5.7	3414820	NJ	SEASIDE PARK BOROUGH
5.7	3304650	NH	MARLOW SCHOOL DISTRICT
5.7	2629190	MI	POWELL TOWNSHIP SCHOOLS
5.7	2622230	MI	MACKINAC ISLAND PUBLIC SCHOOLS
5.7	2613680	MI	EXCELSIOR TOWNSHIP S/D #1
5.7	2303640	ME	BROOKSVILLE SCHOOL DEPARTMENT
5.7	2303610	ME	BROOKLIN SCHOOL DEPARTMENT
5.7	0627300	CA	NICASIO
5.6	5003750	VT	ELMORE SCHOOL DISTRICT
5.5	5302520	WA	ENDICOTT SCHOOL DISTRICT
5.5	4011450	OK	FARRIS
5.5	3177730	NE	THEDFORD PUBLIC SCHOOLS
5.5	3026520	MT	TROUT CREEK ELEM
5.5	3022370	MT	RICHEY ELEM
5.5	3009510	MT	EAST GLACIER PARK ELEM
5.5	3002430	MT	AUGUSTA ELEM
5.5	2709960	MN	CYRUS PUBLIC SCHOOL DISTRICT
5.5	1734650	IL	ROOKS CREEK CCSD 425
5.5	0409510	AZ	YARNELL ELEMENTARY DISTRICT
5.5	0400630	AZ	ALPINE ELEMENTARY DISTRICT
5.4	4013140	OK	GRAHAM
5.3	5307530	WA	ROOSEVELT SCHOOL DISTRICT
5.3	5300090	WA	ALMIRA SCHOOL DISTRICT
5.3	4033390	OK	YARBROUGH
5.3	4013740	OK	HARDESTY
5.3	3816510	ND	SELFRIDGE 8
5.3	3623970	NY	PUTNAM CENTRAL SCHOOL DISTRICT
5.3	3022230	MT	REED POINT ELEM
5.3	3013110	MT	GREENFIELD ELEM
5.3	2929850	MO	SWEDEBORG R-III
5.3	2928770	MO	SPICKARD R-II
5.3	2919320	MO	LURAY 33
5.3	2906450	MO	CAINSVILLE R-I
5.3	2510530	MA	SAVOY
5.3	2304080	ME	CASTINE SCHOOL DEPARTMENT
5.3	2302280	ME	ALEXANDER SCHOOL DEPARTMENT
5.3	2000013	KS	TRIPLAINS
5.3	0610980	CA	DELPHIC ELEMENTARY
5.2	5305040	WA	MILL A SCHOOL DISTRICT
5.2	5005910	VT	NEWARK SCHOOL DISTRICT
5.2	4101350	OR	ANNEX SD 29
5.2	3817520	ND	ST THOMAS 43
5.2	3620730	NY	NEWCOMB CENTRAL SCHOOL DISTRICT
5.2	3500630	NM	CORONA MUNICIPAL SCHOOLS
5.2	3173120	NE	LOUP COUNTY PUBLIC SCHOOLS
5.2	3017340	MT	LUSTRE ELEM
5.2	3016290	MT	LAVINA K-12 SCHOOLS
5.2	3015990	MT	LAMBERT ELEM
5.2	2927330	MO	HARDEMAN R-X
5.2	2310190	ME	ROBBINSTON SCHOOL DEPARTMENT
5.2	2306900	ME	JONESBORO SCHOOL DEPARTMENT
5.2	2004080	KS	BREWSTER
5.2	0804440	CO	SCHOOL DISTRICT NO. RE-12 IN THE COUNTY OF WELD AND STATE OF
5.0	5310020	WA	WISHRAM SCHOOL DISTRICT
5.0	5006390	VT	PEACHAM SCHOOL DISTRICT
5.0	4031670	OK	WASHITA HEIGHTS
5.0	3801680	ND	ADAMS 128
5.0	3800029	ND	DRAKE 57
5.0	3615330	NY	INLET COMMON SCHOOL DISTRICT
5.0	3411760	NJ	NORTHERN VALLEY REGIONAL
5.0	3015900	MT	UPPER WEST SHORE ELEM
5.0	3008130	MT	CUSTER K-12 SCHOOLS
4.8	5302160	WA	DIXIE SCHOOL DISTRICT
4.8	5006750	VT	READING SCHOOL DISTRICT
4.8	3304170	NH	LANDAFF SCHOOL DISTRICT
4.8	3028650	MT	WOODMAN ELEM
4.8	3015640	MT	KIRCHER ELEM
4.8	2922110	MO	NEW YORK R-IV
4.8	2920840	MO	MIAMI R-I
4.8	2920340	MO	MARK TWAIN R-VIII
4.8	2915240	MO	HUDSON R-IX
4.8	2600105	MI	BIG JACKSON SCHOOL DISTRICT
4.8	1603120	ID	SWAN VALLEY ELEMENTARY DIST
4.8	0402110	AZ	CLIFTON UNIFIED DISTRICT
4.7	5303030	WA	GLENWOOD SCHOOL DISTRICT
4.7	5004500	VT	HALIFAX SCHOOL DISTRICT
4.7	4827930	TX	LOHN ISD
4.7	4821560	TX	GRANDVIEW-HOPKINS ISD
4.7	4816650	TX	DELL CITY ISD
4.7	4003870	OK	BELL
4.7	3305250	NH	NEWINGTON SCHOOL DISTRICT
4.7	3173170	NE	LYNCH PUBLIC SCHOOLS
4.7	3022890	MT	ROSEBUD ELEM
4.7	3021720	MT	PRYOR ELEM
4.7	3018960	MT	MORIN ELEM
4.7	3000094	MT	WEST GLACIER ELEM
4.7	2910470	MO	DAVIS R-XII
4.7	2905400	MO	BONCL R-X
4.7	2628810	MI	PORT HOPE COMMUNITY SCHOOLS
4.7	2604350	MI	BEAVER ISLAND COMMUNITY SCHOOL
4.7	0604890	CA	BIG LAGOON UNION ELEMENTARY
4.7	0604860	CA	BIG CREEK ELEMENTARY
4.6	0623670	CA	MANTON JOINT UNION ELEMENTARY
4.5	5515570	WI	WASHINGTON SCHOOL DISTRICT
4.5	4021120	OK	NASHOBA
4.5	3817670	ND	STARKWEATHER 44
4.5	3502730	NM	WAGON MOUND PUBLIC SCHOOLS
4.5	3100040	NE	PRAGUE PUBLIC SCHOOLS
4.5	3021870	MT	RAPELJE ELEM
4.5	3020670	MT	PINE CREEK ELEM
4.5	3012600	MT	GOLDEN RIDGE ELEM
4.5	2920880	MO	MIDDLE GROVE C-1
4.5	2603660	MI	AUTRAIN-ONOTA PUBLIC SCHOOLS
4.5	2302500	ME	AIRLINE CSD
4.5	0637680	CA	SPENCER VALLEY ELEMENTARY
4.5	0404920	AZ	MCNEAL ELEMENTARY DISTRICT
4.4	4838670	TX	SAMNORWOOD ISD
4.3	5303870	WA	KELLER SCHOOL DISTRICT
4.3	4833210	TX	NOVICE ISD
4.3	4663400	SD	ROSLYN SCHOOL DISTRICT 18-2
4.3	3022920	MT	ROSEBUD K-12
4.3	3020240	MT	PENDROY ELEM
4.3	3012960	MT	GRASS RANGE ELEM
4.3	2927450	MO	OREARVILLE R-IV
4.3	2912840	MO	GILLIAM C-4
4.3	2311910	ME	MSAD 76
4.3	2300068	ME	WHITING SCHOOL DEPARTMENT
4.3	1923760	IA	PRESCOTT COMM SCHOOL DISTRICT
4.3	1727810	IL	NELSON PUBLIC SD NO 8
4.3	0642600	CA	WILLOW CREEK ELEMENTARY
4.3	0604560	CA	BELRIDGE ELEMENTARY
4.3	0409540	AZ	YOUNG ELEMENTARY DISTRICT
4.2	5306510	WA	PALISADES SCHOOL DISTRICT
4.2	5306270	WA	ONION CREEK SCHOOL DISTRICT
4.2	4828980	TX	MARATHON ISD
4.2	4812330	TX	BYERS ISD
4.2	4106600	OR	HUNTINGTON SD 16J
4.2	4106120	OR	HARPER SD 66
4.2	3800033	ND	FT RANSOM 6
4.2	3176080	NE	RISING CITY PUBLIC SCHOOLS
4.2	3014760	MT	HYSHAM K-12 SCHOOLS
4.2	2505760	MA	HANCOCK
4.2	2302950	ME	BEALS SCHOOL DEPARTMENT
4.2	2007080	KS	HEALY PUBLIC SCHOOLS
4.0	5301950	WA	DAMMAN SCHOOL DISTRICT
4.0	5300750	WA	BRINNON SCHOOL DISTRICT
4.0	5009450	VT	WOODFORD SCHOOL DISTRICT
4.0	5009120	VT	WHITING SCHOOL DISTRICT
4.0	5005760	VT	MORGAN SCHOOL DISTRICT
4.0	4831920	TX	MULLIN ISD
4.0	4006030	OK	BYARS
4.0	3820230	ND	WOLFORD 1
4.0	3306330	NH	STARK SCHOOL DISTRICT
4.0	3028140	MT	WILLOW CREEK ELEM
4.0	3019740	MT	OPHEIM K-12 SCHOOLS
4.0	3012210	MT	GERALDINE K-12
4.0	2636240	MI	WHITEFISH TOWNSHIP SCHOOLS
4.0	2312360	ME	SOUTHPORT SCHOOL DEPARTMENT
4.0	2311820	ME	MSAD 07
4.0	2305380	ME	EAST RANGE CSD
4.0	1727910	IL	NEPONSET CCSD 307
4.0	1722380	IL	LEEPERTOWN CCSD 175
4.0	0806090	CO	PRITCHETT SCHOOL DISTRICT NO. RE-3
4.0	0630090	CA	PENINSULA UNION
4.0	0626130	CA	MOUNTAIN HOUSE ELEMENTARY
4.0	0619980	CA	KNEELAND ELEMENTARY
4.0	0613860	CA	FLOURNOY UNION ELEMENTARY
4.0	0403660	AZ	HACKBERRY SCHOOL DISTRICT
4.0	0200330	AK	HYDABURG CITY SCHOOL DISTRICT
3.8	5307980	WA	SKYKOMISH SCHOOL DISTRICT
3.8	5303780	WA	KAHLOTUS SCHOOL DISTRICT
3.8	5007890	VT	SUDBURY SCHOOL DISTRICT
3.8	4836420	TX	RAMIREZ CSD
3.8	4109750	OR	PINEHURST SD 94
3.8	3803090	ND	BOWBELLS 14
3.8	3800825	ND	NEWBURG-UNITED 54
3.8	3625410	NY	SAGAPONACK COMMON SCHOOL DISTRICT
3.8	3617760	NY	LONG LAKE CENTRAL SCHOOL DISTRICT
3.8	3027730	MT	WESTBY K-12 SCHOOLS
3.8	3023370	MT	SACO ELEM
3.8	3016710	MT	LIMA K-12 SCHOOLS
3.8	2314771	ME	CHEBEAGUE ISLAND SCHOOL DEPARTMENT
3.8	0636240	CA	SEIAD ELEMENTARY
3.8	0617620	CA	HORNBROOK ELEMENTARY
3.7	5308490	WA	STEPTOE SCHOOL DISTRICT
3.7	5303720	WA	INDEX SCHOOL DISTRICT
3.7	5002700	VT	BROOKLINE SCHOOL DISTRICT
3.7	3817760	ND	STERLING 35
3.7	3812720	ND	MENOKEN 33
3.7	3305010	NH	NELSON SCHOOL DISTRICT
3.7	3012270	MT	GEYSER ELEM
3.7	3005330	MT	BYNUM ELEM
3.7	2916620	MO	KINGSTON 42
3.7	2304160	ME	CHARLOTTE SCHOOL DEPARTMENT
3.7	0802760	CO	CAMPO SCHOOL DISTRICT NO. RE-6
3.7	0407770	AZ	SKULL VALLEY ELEMENTARY DISTRICT
3.5	4843740	TX	VALENTINE ISD
3.5	4005310	OK	BRAMAN
3.5	3820400	ND	ZEELAND 4
3.5	3621540	NY	FIRE ISLAND UNION FREE SCHOOL DISTRICT
3.5	3026490	MT	TRINITY ELEM
3.5	3025530	MT	SWAN VALLEY ELEM
3.5	3008470	MT	DEER CREEK ELEM
3.5	2605100	MI	BERLIN TOWNSHIP S/D #3
3.5	1903030	IA	LINEVILLE-CLIO COMM SCHOOL DISTRICT
3.5	0629190	CA	OWENS VALLEY UNIFIED
3.5	0614970	CA	GAZELLE UNION ELEMENTARY
3.5	0409570	AZ	YUCCA ELEMENTARY DISTRICT
3.5	0401290	AZ	BOUSE ELEMENTARY DISTRICT
3.5	0400870	AZ	ASH CREEK ELEMENTARY DISTRICT
3.3	4841460	TX	STAR ISD
3.3	4104020	OR	DAYVILLE SD 16J
3.3	3811610	ND	LONE TREE 6
3.3	3027150	MT	VALLEY VIEW ELEM
3.3	2910230	MO	COWGILL R-VI
3.3	2634860	MI	VERONA TOWNSHIP S/D #1F
3.3	2626430	MI	ONEIDA TOWNSHIP S/D #3
3.3	2603960	MI	BANGOR TOWNSHIP S/D #8
3.3	2306810	ME	ISLESBORO SCHOOL DEPARTMENT
3.3	1926610	IA	SOUTH CLAY COMM SCHOOL DISTRICT
3.3	0621960	CA	LITTLE SHASTA ELEMENTARY
3.3	0618240	CA	INDIAN DIGGINGS ELEMENTARY
3.3	0610680	CA	DEATH VALLEY UNIFIED
3.3	0606000	CA	BRIDGEVILLE ELEMENTARY
3.3	0407680	AZ	SENTINEL ELEMENTARY DISTRICT
3.2	5004890	VT	ISLE LA MOTTE SCHOOL DISTRICT
3.2	3415780	NJ	STOCKTON BOROUGH
3.2	3306910	NH	WATERVILLE VALLEY SCHOOL DISTRICT
3.2	3023160	MT	ROY K-12 SCHOOLS
3.2	2929470	MO	STET R-XV
3.2	2304110	ME	CASWELL SCHOOL DEPARTMENT
3.2	1907650	IA	CLEARFIELD COMM SCHOOL DISTRICT
3.2	0615870	CA	GRAVES ELEMENTARY
3.2	0408460	AZ	HILLSIDE ELEMENTARY DISTRICT
3.2	0200715	AK	TANANA CITY SCHOOL DISTRICT
3.0	5004440	VT	GUILDHALL SCHOOL DISTRICT
3.0	3623130	NY	PISECO COMMON SCHOOL DISTRICT
3.0	3501320	NM	HOUSE MUNICIPAL SCHOOLS
3.0	3026460	MT	TREGO ELEM
3.0	3009090	MT	DODSON ELEM
3.0	2615090	MI	FREE SOIL COMMUNITY SCHOOLS
3.0	0804980	CO	KIM REORGANIZED SCHOOL DISTRICT NO. 88
3.0	0625650	CA	MONTGOMERY ELEMENTARY
3.0	0614130	CA	FORT ROSS ELEMENTARY
3.0	0608640	CA	CIENEGA UNION ELEMENTARY
3.0	0200010	AK	ALEUTIAN REGION SCHOOL DISTRICT
2.8	4817190	TX	DIVIDE ISD
2.8	4108460	OR	MONUMENT SD 8
2.8	4108280	OR	MITCHELL SD 55
2.8	4102190	OR	BLACK BUTTE SD 41
2.8	3816090	ND	ROOSEVELT 18
2.8	3810260	ND	KENSAL 19
2.8	3028860	MT	YELLOWSTONE ACADEMY ELEM
2.8	2609630	MI	CHURCH SCHOOL DISTRICT
2.8	2300009	ME	LONG ISLAND SCHOOL DEPARTMENT
2.8	0620430	CA	LAGUNA JOINT ELEMENTARY
2.8	0605190	CA	BITTERWATER-TULLY UNION ELEMENTARY
2.8	0405730	AZ	OWENS-WHITNEY ELEMENTARY DISTRICT
2.8	0405100	AZ	MOBILE ELEMENTARY DISTRICT
2.7	5006540	VT	PLYMOUTH SCHOOL DISTRICT
2.7	4817400	TX	DOSS CONSOLIDATED CSD
2.7	3017460	MT	ALDER ELEM
2.7	3017370	MT	LUTHER ELEM
2.7	3003270	MT	BELFRY K-12 SCHOOLS
2.7	3000004	MT	MOUNTAIN VIEW ELEM
2.7	2619290	MI	IONIA TOWNSHIP S/D #2
2.7	0621900	CA	LINNS VALLEY-POSO FLAT UNION
2.5	5301380	WA	QUEETS-CLEARWATER SCHOOL DISTRICT
2.5	5009270	VT	WINDHAM SCHOOL DISTRICT
2.5	3028500	MT	WISDOM ELEM
2.5	3027930	MT	WHITEWATER K-12 SCHOOLS
2.5	3027340	MT	VIDA ELEM
2.5	3013200	MT	HALL ELEM
2.5	3006030	MT	MCCORMICK ELEM
2.5	2610230	MI	COLFAX TOWNSHIP S/D #1F
2.5	2300004	ME	BRIDGEWATER SCHOOL DEPARTMENT
2.5	2006900	KS	HANSTON
2.5	0619230	CA	JUNCTION ELEMENTARY
2.3	4111640	OR	SPRAY SD 1
2.3	4104170	OR	DIAMOND SD 7
2.3	4031830	OK	WATSON
2.3	3007500	MT	COTTONWOOD ELEM
2.3	2921060	MO	MISSOURI CITY 56
2.3	0628830	CA	ORICK ELEMENTARY
2.3	0407380	AZ	SAN FERNANDO ELEMENTARY DISTRICT
2.2	5308430	WA	STEHEKIN SCHOOL DISTRICT
2.2	5308370	WA	STAR SCHOOL DISTRICT
2.2	5307860	WA	SHAW ISLAND SCHOOL DISTRICT
2.2	5302730	WA	EVERGREEN SCHOOL DISTRICT (STEVENS)
2.2	4839060	TX	SAN VICENTE ISD
2.2	4031420	OK	WAKITA
2.2	3808610	ND	HALLIDAY 19
2.2	3620520	NY	NEW SUFFOLK COMMON SCHOOL DISTRICT
2.2	3501920	NM	MOSQUERO MUNICIPAL SCHOOLS
2.2	3021480	MT	GARRISON ELEM
2.2	3015690	MT	KNEES ELEM
2.2	3014150	MT	COTTONWOOD ELEM
2.2	3002820	MT	BASIN ELEM
2.2	3002490	MT	AUCHARD CREEK ELEM
2.2	2913020	MO	GORIN R-III
2.2	0642420	CA	WHITMORE UNION ELEMENTARY
2.0	5308400	WA	STARBUCK SCHOOL DISTRICT
2.0	4101740	OR	BURNT RIVER SD 30J
2.0	4005190	OK	BOYNTON-MOTON
2.0	3024810	MT	SPRINGHILL ELEM
2.0	2600011	MI	SIGEL TOWNSHIP S/D #4F
2.0	2008520	KS	WEST SOLOMON VALLEY SCH
2.0	1600090	ID	ARBON ELEMENTARY DISTRICT
2.0	0618810	CA	JEFFERSON ELEMENTARY
2.0	0617640	CA	HOT SPRINGS ELEMENTARY
2.0	0614490	CA	FRENCH GULCH-WHISKEYTOWN ELEMENTARY
1.8	4107530	OR	LONG CREEK SD 17
1.8	4101500	OR	AROCK SD 81
1.8	3812120	ND	MARMARTH 12
1.8	3811540	ND	LITTLE HEART 4
1.8	3028910	MT	ZURICH ELEM
1.8	3022290	MT	REICHLE ELEM
1.8	3019980	MT	PARADISE ELEM
1.8	3018290	MT	MELVILLE ELEM
1.8	3000093	MT	LIBERTY ELEM
1.8	2926260	MO	REVERE C-3
1.8	2607470	MI	BURT TOWNSHIP SCHOOL DISTRICT
1.8	2313080	ME	VANCEBORO SCHOOL DEPARTMENT
1.8	0801980	CO	AGATE SCHOOL DISTRICT NO. 300
1.8	0621660	CA	LINCOLN ELEMENTARY
1.8	0619920	CA	KLAMATH RIVER UNION ELEMENTARY
1.8	0613710	CA	FEATHER FALLS UNION ELEMENTARY
1.8	0605490	CA	BOGUS ELEMENTARY
1.7	5300450	WA	BENGE SCHOOL DISTRICT
1.7	4112540	OR	UKIAH SD 80R
1.7	4109960	OR	PLUSH SD 18
1.7	3502280	NM	ROY MUNICIPAL SCHOOLS
1.7	3013890	MT	HELMVILLE ELEM
1.7	3009780	MT	ELLISTON ELEM
1.7	3008400	MT	LINDSAY ELEM
1.7	2009810	KS	MULLINVILLE
1.7	1602730	ID	PRAIRIE ELEMENTARY DISTRICT
1.5	5305820	WA	NORTH RIVER SCHOOL DISTRICT
1.5	4105020	OR	SOUTH HARNEY SD 33
1.5	3807950	ND	GOODRICH 16
1.5	3611100	NY	FISHERS ISLAND UNION FREE SCHOOL DISTRICT
1.5	3021150	MT	MIAMI ELEM
1.5	3015360	MT	JUDITH GAP ELEM
1.5	3012350	MT	GILDFORD COLONY ELEM
1.5	3002550	MT	AVON ELEM
1.5	2600010	MI	SIGEL TOWNSHIP S/D #3F
1.5	0623730	CA	MAPLE CREEK ELEMENTARY
1.5	0618270	CA	INDIAN SPRINGS ELEMENTARY
1.5	0401230	AZ	BLUE ELEMENTARY DISTRICT
1.4	5003660	VT	EAST HAVEN SCHOOL DISTRICT
1.4	0631140	CA	PLUM VALLEY ELEMENTARY
1.3	4111910	OR	SUNTEX SD 10
1.3	3817940	ND	SWEET BRIAR 17
1.3	3811970	ND	MANNING 45
1.3	3800056	ND	FORDVILLE-LANKIN 5
1.3	3019950	MT	OVANDO ELEM
1.3	3018060	MT	MCLEOD ELEM
1.3	3015060	MT	JACKSON ELEM
1.3	3011730	MT	GALATA ELEM
1.3	3010820	MT	WISE RIVER ELEM
1.3	3005760	MT	CARTER ELEM
1.3	2635790	MI	WELLS TOWNSHIP SCHOOL DISTRICT
1.3	2631830	MI	SIGEL TOWNSHIP S/D #6
1.3	2613140	MI	ELM RIVER TOWNSHIP SCHOOL DISTRICT
1.3	2603270	MI	ARVON TOWNSHIP SCHOOL DISTRICT
1.3	2307590	ME	FRENCHBORO SCHOOL DEPARTMENT
1.3	2304620	ME	CRANBERRY ISLES SCHOOL DEPARTMENT
1.3	0642630	CA	WILLOW GROVE UNION ELEMENTARY
1.3	0636810	CA	SILVER FORK ELEMENTARY
1.3	0611100	CA	DESERT CENTER UNIFIED
1.3	0610080	CA	COX BAR ELEMENTARY
1.2	4105310	OR	FRENCHGLEN SD 16
1.2	4104380	OR	DREWSEY SD 13
1.2	3814190	ND	NORTH CENTRAL 28
1.2	3802320	ND	BALDWIN 29
1.2	3018210	MT	MELROSE ELEM
1.2	3017520	MT	MALMBORG ELEM
1.2	3015510	MT	KESTER ELEM
1.2	3008730	MT	DEERFIELD ELEM
1.2	3008640	MT	DEEP CREEK ELEM
1.2	3008310	MT	DAVEY ELEM
1.2	3004050	MT	CLEVELAND ELEM
1.2	3003660	MT	SPRING CREEK ELEM
1.2	3003480	MT	BENTON LAKE ELEM
1.2	0640410	CA	UNION JOINT ELEMENTARY
1.2	0639750	CA	TRINITY CENTER ELEMENTARY
1.2	0625020	CA	MINERAL ELEMENTARY
1.2	0614040	CA	FORKS OF SALMON ELEMENTARY
1.2	0609240	CA	COFFEE CREEK ELEMENTARY
1.2	0400750	AZ	APACHE ELEMENTARY DISTRICT
1.0	4621300	SD	ELK MOUNTAIN SCHOOL DISTRICT 16-2
1.0	4106960	OR	JUNTURA SD 12
1.0	4024270	OK	PLAINVIEW
1.0	3815960	ND	ROBINSON 14
1.0	3806600	ND	EUREKA 19
1.0	3604758	NY	KIRYAS JOEL VILLAGE UNION FREE SCHOOL DISTRICT
1.0	3302940	NH	ERROL SCHOOL DISTRICT
1.0	3028550	MT	WOLF CREEK ELEM
1.0	3024690	MT	SPRING CREEK COLONY ELEM
1.0	3003990	MT	BIRNEY ELEM
1.0	3003600	MT	BIDDLE ELEM
1.0	2616560	MI	GRANT TOWNSHIP S/D #2
1.0	2314410	ME	MSAD 65
1.0	2313500	ME	WESLEY SCHOOL DEPARTMENT
1.0	2306780	ME	ISLE AU HAUT SCHOOL DEPARTMENT
1.0	1931890	IA	WODEN-CRYSTAL LAKE COMM SCHOOL DISTRICT
1.0	1602610	ID	PLEASANT VALLEY ELEM DIST
1.0	1600150	ID	AVERY SCHOOL DISTRICT
0.8	3904679	OH	KELLEYS ISLAND LOCAL
0.8	3800015	ND	NAUGHTON 25
0.8	3024780	MT	SPRINGDALE ELEM
0.8	3019310	MT	NORTH HARLEM COLONY ELEM
0.8	3018660	MT	MOLT ELEM
0.8	3012900	MT	GRANT ELEM
0.8	3012060	MT	SAND SPRINGS ELEM
0.8	3005130	MT	BRORSON ELEM
0.8	3004200	MT	BLOOMFIELD ELEM
0.8	3001950	MT	ALZADA ELEM
0.8	0629770	CA	PANOCHE ELEMENTARY
0.8	0627870	CA	OAK RUN ELEMENTARY
0.8	0620160	CA	LA GRANGE ELEMENTARY
0.8	0615990	CA	GREEN POINT ELEMENTARY
0.8	0612420	CA	ELKINS ELEMENTARY
0.8	0605250	CA	BLAKE ELEMENTARY
0.8	0600031	CA	PACIFIC UNIFIED
0.8	0200630	AK	PELICAN CITY SCHOOL DISTRICT
0.7	3815360	ND	PLEASANT VALLEY 35
0.7	3809810	ND	HORSE CREEK 32
0.7	3802240	ND	BAKKER 10
0.7	3028830	MT	YAAK ELEM
0.7	3026400	MT	TRAIL CREEK ELEM
0.7	3020170	MT	PASS CREEK ELEM
0.7	3015610	MT	KING COLONY ELEM
0.7	3013280	MT	HAWKS HOME ELEM
0.7	3012570	MT	GOLD CREEK ELEM
0.7	3008010	MT	S Y ELEM
0.7	3007950	MT	SPRING CREEK ELEM
0.7	3007030	MT	COHAGEN ELEM
0.7	3002570	MT	AYERS ELEM
0.7	2505340		GOSNOLD
0.7	1603210	ID	THREE CREEK JT ELEM DISTRICT
0.7	0632340	CA	KASHIA ELEMENTARY
0.5	4112360	OR	TROY SD 54
0.5	4104290	OR	DOUBLE O SD 28
0.5	4101590	OR	ASHWOOD SD 8
0.5	3023850	MT	SHAWMUT ELEM
0.5	3021030	MT	POLARIS ELEM
0.5	3020690	MT	PINE GROVE ELEM
0.5	3020220	MT	PEERLESS K-12 SCHOOLS
0.5	3013140	MT	GREYCLIFF ELEM
0.5	3011990	MT	ROSS ELEM
0.5	3010800	MT	FISHTAIL ELEM
0.5	3009330	MT	DUPUYER ELEM
0.5	3008040	MT	S H ELEM
0.5	3007350	MT	COOKE CITY ELEM
0.5	2312180	ME	SHIRLEY SCHOOL DEPARTMENT
0.5	2308340	ME	MONHEGAN PLT SCHOOL DEPT
0.5	0402460	AZ	CROWN KING ELEMENTARY DISTRICT
0.3	3800037	ND	CENTRAL ELEM 32
0.3	3020880	MT	PLEASANT VALLEY ELEM
0.3	3019530	MT	NYE ELEM
0.3	3015930	MT	SWAN LAKE-SALMON ELEM
0.3	3009000	MT	DIVIDE ELEM
0.3	3000007	MT	SOUTH STACEY ELEM
0.2	4109690	OR	PINE CREEK SD 5
0.2	3027960	MT	WHITLASH ELEM
0.2	3027480	MT	WARRICK ELEM
0.2	3025380	MT	SUNSET ELEM
0.2	3011910	MT	BIG DRY CREEK ELEM
0.2	3003000	MT	BEAR PAW ELEM
0.2	2606300	MI	BOIS BLANC PINES SCHOOL DISTRICT
0.0	4100990	OR	ADEL SD 21
0.0	3805670	ND	EARL 18
0.0	3016360	MT	LENNEP ELEM
0.0	3000089	MT	COTTONWOOD ELEM
0.0	0642510	CA	WILLIAM S. HART UNION HIGH
0.0	0638790	CA	TAMALPAIS UNION HIGH
0.0	0638640	CA	SWEETWATER UNION HIGH
0.0	0633980	CA	SALINAS UNION HIGH
0.0	0630250	CA	PETALUMA JOINT UNION HIGH
