73176	3620580	NEW YORK CITY PUBLIC SCHOOLS	
51287	0622710	LOS ANGELES UNIFIED	CA
31331	1709930	CITY OF CHICAGO SD 299	IL
27509	1200390	DADE	FL
24958	3200060	CLARK COUNTY SCHOOL DISTRICT	NV
20331	1200180	BROWARD	FL
17962	4823640	HOUSTON ISD	TX
15340	1200870	HILLSBOROUGH	FL
14885	4218990	PHILADELPHIA CITY SD	PA
14473	1500030	HAWAII DEPARTMENT OF EDUCATION	HI
14465	4816230	DALLAS ISD	TX
14223	1201440	ORANGE	FL
13750	1201500	PALM BEACH	FL
13198	5101260	FAIRFAX CO PBLC SCHS	VA
12707	1302550	GWINNETT COUNTY	GA
12256	3704720	WAKE COUNTY SCHOOLS	NC
11799	3702970	CHARLOTTE-MECKLENBURG SCHOOLS	NC
10795	2400480	MONTGOMERY COUNTY PUBLIC SCHOOLS	MD
10349	1200480	DUVAL	FL
10174	0634320	SAN DIEGO UNIFIED	CA
9036	2400510	PRINCE GEORGE'S COUNTY PUBLIC SCHOOLS	MD
8326	1301290	COBB COUNTY	GA
8279	2612000	DETROIT CITY SCHOOL DISTRICT	MI
8244	4816110	CYPRESS-FAIRBANKS ISD	TX
7989	1201590	POLK	FL
7918	1301740	DEKALB COUNTY	GA
7835	2400120	BALTIMORE COUNTY PUBLIC SCHOOLS	MD
7826	1201560	PINELLAS	FL
7743	3500060	ALBUQUERQUE PUBLIC SCHOOLS	NM
7648	2102990	JEFFERSON COUNTY	KY
7608	4833120	NORTHSIDE ISD	TX
7285	4808940	AUSTIN ISD	TX
7044	4819700	FORT WORTH ISD	TX
7029	1302280	FULTON COUNTY	GA
6606	1201080	LEE	FL
6528	0803360	SCHOOL DISTRICT NO. 1 IN THE COUNTY OF DENVER AND STATE OF C	CO
6423	4703180	DAVIDSON COUNTY	TN
6326	0622500	LONG BEACH UNIFIED	CA
6276	0804800	JEFFERSON COUNTY SCHOOL DISTRICT NO. R-1	CO
6248	2400090	BALTIMORE CITY PUBLIC SCHOOLS	MD
6245	5103130	PRINCE WILLIAM CO PBLC SCHS	VA
6238	5509600	MILWAUKEE SCHOOL DISTRICT	WI
6175	4900030	ALPINE DISTRICT	UT
5935	4900360	GRANITE DISTRICT	UT
5933	0614550	FRESNO UNIFIED	CA
5932	0404970	MESA UNIFIED DISTRICT	AZ
5839	4900210	DAVIS DISTRICT	UT
5742	2400060	ANNE ARUNDEL COUNTY PUBLIC SCHOOLS	MD
5723	3701920	GUILFORD COUNTY SCHOOLS	NC
5522	4502310	GREENVILLE 01	SC
5422	1201530	PASCO	FL
5340	5103840	VA BEACH CITY PBLC SCHS	VA
5321	4832940	NORTH EAST ISD	TX
5285	1200150	BREVARD	FL
5276	3904380	COLUMBUS CITY SCHOOL DISTRICT	OH
5258	5102250	LOUDOUN CO PBLC SCHS	VA
5162	4819650	FORT BEND ISD	TX
5149	4807710	ALDINE ISD	TX
5048	3200480	WASHOE COUNTY SCHOOL DISTRICT	NV
4991	4808700	ARLINGTON ISD	TX
4876	4900420	JORDAN DISTRICT	UT
4856	0408800	TUCSON UNIFIED DISTRICT	AZ
4749	4818300	EL PASO ISD	TX
4733	1201710	SEMINOLE	FL
4719	1201920	VOLUSIA	FL
4696	4825170	KATY ISD	TX
4653	0612330	ELK GROVE UNIFIED	CA
4586	0102370	MOBILE COUNTY	AL
4513	0635310	SANTA ANA UNIFIED	CA
4500	4838730	SAN ANTONIO ISD	TX
4415	4702220	KNOX COUNTY	TN
4408	1300120	ATLANTA PUBLIC SCHOOLS	GA
4379	3904378	CLEVELAND MUNICIPAL	OH
4352	4820340	GARLAND ISD	TX
4352	2502790	BOSTON	MA
4344	3701500	WINSTON SALEM/FORSYTH COUNTY SCHOOLS	NC
4325	0634410	SAN FRANCISCO UNIFIED	CA
4319	5100840	CHESTERFIELD CO PBLC SCHS	VA
4207	0634170	SAN BERNARDINO CITY UNIFIED	CA
4190	4835100	PLANO ISD	TX
4143	1201470	OSCEOLA	FL
4105	1301230	CLAYTON COUNTY	GA
4100	4827300	LEWISVILLE ISD	TX
4067	4834320	PASADENA ISD	TX
4034	0607440	CAPISTRANO UNIFIED	CA
4022	4815000	CONROE ISD	TX
4019	3700011	CUMBERLAND COUNTY SCHOOLS	NC
3995	5307710	SEATTLE PUBLIC SCHOOLS	WA
3989	0628050	OAKLAND UNIFIED	CA
3975	4811680	BROWNSVILLE ISD	TX
3955	0608610	CHULA VISTA ELEMENTARY	CA
3907	0609850	CORONA-NORCO UNIFIED	CA
3876	3174820	OMAHA PUBLIC SCHOOLS	NE
3825	2012990	WICHITA	KS
3805	4807830	ALIEF ISD	TX
3793	0633840	SACRAMENTO CITY UNIFIED	CA
3783	4110040	PORTLAND SD 1J	OR
3730	1201230	MANATEE	FL
3716	0200180	ANCHORAGE SCHOOL DISTRICT	AK
3706	2400420	HOWARD COUNTY PUBLIC SCHOOLS	MD
3705	1804770	INDIANAPOLIS PUBLIC SCHOOLS	IN
3689	2733840	ST. PAUL PUBLIC SCHOOL DISTRICT	MN
3634	5101890	HENRICO CO PBLC SCHS	VA
3597	4838080	ROUND ROCK ISD	TX
3590	0614880	GARDEN GROVE UNIFIED	CA
3587	4022770	OKLAHOMA CITY	OK
3556	2721240	MINNEAPOLIS PUBLIC SCHOOL DIST.	MN
3553	2200840	JEFFERSON PARISH	LA
3514	2200540	EAST BATON ROUGE PARISH	LA
3513	4703810	SHELBY COUNTY	TN
3491	0806900	ADAMS 12 FIVE STAR SCHOOLS	CO
3473	0401870	CHANDLER UNIFIED DISTRICT #80	AZ
3429	4501440	CHARLESTON 01	SC
3426	3411340	THE NEWARK PUBLIC SCHOOLS	NJ
3425	0403400	GILBERT UNIFIED DISTRICT	AZ
3419	4030240	TULSA	OK
3417	4820010	FRISCO ISD	TX
3408	4701590	HAMILTON COUNTY	TN
3400	1100030	DISTRICT OF COLUMBIA PUBLIC SCHOOLS	DC
3390	1200330	COLLIER	FL
3378	4825740	KLEIN ISD	TX
3366	0634620	SAN JUAN UNIFIED	CA
3314	1201770	ST. LUCIE	FL
3310	1201050	LAKE	FL
3304	0603630	BAKERSFIELD CITY	CA
3297	2200300	CADDO PARISH	LA
3294	1201260	MARION	FL
3265	3704620	UNION COUNTY PUBLIC SCHOOLS	NC
3243	1200510	ESCAMBIA	FL
3227	4825660	KILLEEN ISD	TX
3219	0638010	STOCKTON UNIFIED	CA
3211	0407750	DEER VALLEY UNIFIED DISTRICT	AZ
3207	4846680	YSLETA ISD	TX
3198	3904375	CINCINNATI CITY	OH
3160	1301110	CHEROKEE COUNTY	GA
3151	4843650	UNITED ISD	TX
3142	1201680	SARASOTA	FL
3137	1602100	MERIDIAN JOINT DISTRICT	ID
3120	4110820	SALEM-KEIZER SD 24J	OR
3105	4815270	CORPUS CHRISTI ISD	TX
3082	1713710	SD U-46	IL
3080	2101860	FAYETTE COUNTY	KY
3072	4840710	SOCORRO ISD	TX
3066	4101920	BEAVERTON SD 48J	OR
3058	0633150	RIVERSIDE UNIFIED	CA
3045	0613920	FONTANA UNIFIED	CA
3042	1302220	FORSYTH COUNTY	GA
2988	1302820	HENRY COUNTY	GA
2972	4502490	HORRY 01	SC
2921	2400330	FREDERICK COUNTY PUBLIC SCHOOLS	MD
2915	3701260	DURHAM PUBLIC SCHOOLS	NC
2911	4837020	RICHARDSON ISD	TX
2904	3605850	BUFFALO CITY SCHOOL DISTRICT	NY
2902	0609030	CLOVIS UNIFIED	CA
2898	4830390	MESQUITE ISD	TX
2895	1301020	CHATHAM COUNTY	GA
2847	2703180	ANOKA-HENNEPIN PUBLIC SCHOOL DIST.	MN
2832	4814280	CLEAR CREEK ISD	TX
2826	3172840	LINCOLN PUBLIC SCHOOLS	NE
2821	2929280	ST. LOUIS CITY	MO
2806	5100810	CHESAPEAKE CITY PBLC SCHS	VA
2804	0409060	WASHINGTON ELEMENTARY SCHOOL DISTRICT	AZ
2803	1201110	LEON	FL
2802	2400390	HARFORD COUNTY PUBLIC SCHOOLS	MD
2775	4841220	SPRING ISD	TX
2762	0406250	PEORIA UNIFIED SCHOOL DISTRICT	AZ
2759	0602610	ANAHEIM CITY	CA
2754	2201650	ST. TAMMANY PARISH	LA
2721	4824420	IRVING ISD	TX
2710	4900630	NEBO DISTRICT	UT
2709	0625800	MORENO VALLEY UNIFIED	CA
2704	0405930	PARADISE VALLEY UNIFIED DISTRICT	AZ
2695	3702370	JOHNSTON COUNTY SCHOOLS	NC
2690	4841100	SPRING BRANCH ISD	TX
2657	4823910	HUMBLE ISD	TX
2647	4827030	LEANDER ISD	TX
2647	0101920	JEFFERSON COUNTY	AL
2633	0634590	SAN JOSE UNIFIED	CA
2612	4818180	EDINBURG CISD	TX
2611	0626370	MT. DIABLO UNIFIED	CA
2607	1200300	CLAY	FL
2604	5102670	NORFOLK CITY PBLC SCHS	VA
2593	0102430	MONTGOMERY COUNTY	AL
2585	0614400	FREMONT UNIFIED	CA
2583	0600028	TEMECULA VALLEY UNIFIED	CA
2574	4834860	PHARR-SAN JUAN-ALAMO ISD	TX
2571	3624750	ROCHESTER CITY SCHOOL DISTRICT	NY
2568	4825260	KELLER ISD	TX
2568	1803630	FORT WAYNE COMMUNITY SCHOOLS	IN
2567	3701620	GASTON COUNTY SCHOOLS	NC
2558	4901200	WEBER DISTRICT	UT
2555	4703690	RUTHERFORD COUNTY	TN
2549	3904490	TOLEDO CITY	OH
2540	0631530	POWAY UNIFIED	CA
2524	1304380	RICHMOND COUNTY	GA
2514	4808130	AMARILLO ISD	TX
2512	4900142	CANYONS DISTRICT	UT
2501	2200330	CALCASIEU PARISH	LA
2495	0628470	ONTARIO-MONTCLAIR	CA
2493	0632550	WEST CONTRA COSTA UNIFIED	CA
2482	2201170	ORLEANS PARISH	LA
2451	2801320	DESOTO CO SCHOOL DIST	MS
2442	4828920	MANSFIELD ISD	TX
2425	1908970	DES MOINES INDEPENDENT COMM SCHOOL DISTRICT	IA
2420	1303870	MUSCOGEE COUNTY	GA
2418	1301500	COWETA COUNTY	GA
2406	0601332	TWIN RIVERS UNIFIED	CA
2394	4704530	WILLIAMSON COUNTY	TN
2394	0402690	DYSART UNIFIED DISTRICT	AZ
2356	4703030	MONTGOMERY COUNTY	TN
2354	0622230	LODI UNIFIED	CA
2335	2802190	JACKSON PUBLIC SCHOOL DIST	MS
2334	4818000	ECTOR COUNTY ISD	TX
2328	1201740	ST. JOHNS	FL
2322	4826130	LA JOYA ISD	TX
2322	3700530	CABARRUS COUNTY SCHOOLS	NC
2308	4501170	BERKELEY 01	SC
2295	2200870	LAFAYETTE PARISH	LA
2279	3407830	JERSEY CITY PUBLIC SCHOOLS	NJ
2275	0635130	SAN RAMON VALLEY UNIFIED	CA
2266	0625470	MONTEBELLO UNIFIED	CA
2262	4828500	LUBBOCK ISD	TX
2255	5102640	NEWPORT NEWS CITY PBLC SCHS	VA
2253	5308250	SPOKANE SCHOOL DISTRICT	WA
2252	5308700	TACOMA SCHOOL DISTRICT	WA
2242	0401680	CARTWRIGHT ELEMENTARY DISTRICT	AZ
2241	0612880	ESCONDIDO UNION	CA
2235	1201380	OKALOOSA	FL
2230	0628650	ORANGE UNIFIED	CA
2225	0633860	SADDLEBACK VALLEY UNIFIED	CA
2224	0609620	COMPTON UNIFIED	CA
2220	0629580	PALMDALE ELEMENTARY	CA
2219	0608460	CHINO VALLEY UNIFIED	CA
2218	1731740	PLAINFIELD SD 202	IL
2206	1304020	PAULDING COUNTY	GA
2200	4813050	CARROLLTON-FARMERS BRANCH ISD	TX
2192	4901140	WASHINGTON DISTRICT	UT
2182	0611110	DESERT SANDS UNIFIED	CA
2181	4900870	SALT LAKE DISTRICT	UT
2180	0641160	VISALIA UNIFIED	CA
2177	1741690	INDIAN PRAIRIE CUSD 204	IL
2170	0100270	BALDWIN COUNTY	AL
2166	4219170	PITTSBURGH SD	PA
2166	2010140	OLATHE	KS
2161	1734510	ROCKFORD SD 205	IL
2159	2916400	KANSAS CITY 33	MO
2159	0802490	BOULDER VALLEY SCHOOL DISTRICT NO. RE2	CO
2159	0636840	SIMI VALLEY UNIFIED	CA
2156	0631320	POMONA UNIFIED	CA
2152	1200030	ALACHUA	FL
2151	2634470	UTICA COMMUNITY SCHOOLS	MI
2150	0509000	LITTLE ROCK SCHOOL DISTRICT	AR
2149	0103030	SHELBY COUNTY	AL
2141	0805370	ST. VRAIN VALLEY SCHOOL DISTRICT NO. RE1J	CO
2138	0684500	IRVINE UNIFIED	CA
2132	0610290	CUPERTINO UNION	CA
2130	4503360	RICHLAND 01	SC
2126	4704020	SUMNER COUNTY	TN
2123	2511130	SPRINGFIELD	MA
2104	5400600	KANAWHA COUNTY SCHOOLS	WV
2095	0404230	KYRENE ELEMENTARY DISTRICT	AZ
2091	2011640	SHAWNEE MISSION PUB SCH	KS
2085	1600360	BOISE INDEPENDENT DISTRICT	ID
2080	3412690	PATERSON PUBLIC SCHOOLS	NJ
2078	4821420	GRAND PRAIRIE ISD	TX
2075	5304230	LAKE WASHINGTON SCHOOL DISTRICT	WA
2070	0803990	POUDRE SCHOOL DISTRICT R-1	CO
2063	1302610	HALL COUNTY	GA
2040	0632370	RIALTO UNIFIED	CA
2036	3700450	BUNCOMBE COUNTY SCHOOLS	NC
2035	1200090	BAY	FL
2034	0407570	SCOTTSDALE UNIFIED DISTRICT	AZ
2022	2732390	ROSEMOUNT-APPLE VALLEY-EAGAN	MN
2012	1302880	HOUSTON COUNTY	GA
2009	1300420	BIBB COUNTY	GA
2007	4816740	DENTON ISD	TX
2001	0100390	BIRMINGHAM CITY	AL
2000	5303960	KENT SCHOOL DISTRICT	WA
1996	2513230	WORCESTER	MA
1984	3703330	NEW HANOVER COUNTY SCHOOLS	NC
1979	4826580	LAMAR CISD	TX
1972	4826790	LAREDO ISD	TX
1965	3703450	ONSLOW COUNTY SCHOOLS	NC
1963	5508520	MADISON METROPOLITAN SCHOOL DISTRICT	WI
1961	4829670	MCALLEN ISD	TX
1953	4400900	PROVIDENCE	RI
1952	3631920	YONKERS CITY SCHOOL DISTRICT	NY
1952	2400210	CARROLL COUNTY PUBLIC SCHOOLS	MD
1946	2201020	LIVINGSTON PARISH	LA
1933	3904348	AKRON CITY	OH
1922	4829850	MCKINNEY ISD	TX
1922	2928860	SPRINGFIELD R-XII	MO
1915	5302700	EVERGREEN SCHOOL DISTRICT (CLARK)	WA
1906	4503390	RICHLAND 02	SC
1899	1301860	DOUGLAS COUNTY	GA
1893	5103660	STAFFORD CO PBLC SCHS	VA
1882	1201650	SANTA ROSA	FL
1876	3501500	LAS CRUCES PUBLIC SCHOOLS	NM
1875	0641190	VISTA UNIFIED	CA
1872	0630660	PLACENTIA-YORBA LINDA UNIFIED	CA
1870	4500720	AIKEN 01	SC
1862	0606810	CAJON VALLEY UNION	CA
1856	2201290	RAPIDES PARISH	LA
1850	3703930	PUBLIC SCHOOLS OF ROBESON COUNTY	NC
1850	0609390	COLTON JOINT UNIFIED	CA
1840	5103240	RICHMOND CITY PBLC SCHS	VA
1838	0629550	PALM SPRINGS UNIFIED	CA
1818	0616740	HAYWARD UNIFIED	CA
1817	3700030	ALAMANCE-BURLINGTON SCHOOLS	NC
1817	0615240	GLENDALE UNIFIED	CA
1815	0640150	TUSTIN UNIFIED	CA
1812	0606390	PANAMA-BUENA VISTA UNION	CA
1808	0629220	OXNARD	CA
1805	1803450	EVANSVILLE VANDERBURGH SCH CORP	IN
1797	3700012	PITT COUNTY SCHOOLS	NC
1797	2400270	CHARLES COUNTY PUBLIC SCHOOLS	MD
1796	1301410	COLUMBIA COUNTY	GA
1776	4830570	MIDLAND ISD	TX
1776	2611600	DEARBORN CITY SCHOOL DISTRICT	MI
1774	0623610	MANTECA UNIFIED	CA
1772	4834830	PFLUGERVILLE ISD	TX
1769	3702310	IREDELL-STATESVILLE SCHOOLS	NC
1767	5103640	SPOTSYLVANIA CO PBLC SCHS	VA
1762	4810230	BIRDVILLE ISD	TX
1760	0400600	ALHAMBRA ELEMENTARY DISTRICT	AZ
1758	0625130	MODESTO CITY ELEMENTARY	CA
1754	4502010	DORCHESTER 02	SC
1753	2725200	OSSEO PUBLIC SCHOOL DISTRICT	MN
1748	1200810	HERNANDO	FL
1746	0900450	BRIDGEPORT SCHOOL DISTRICT	CT
1744	4824990	JUDSON ISD	TX
1744	4502700	LEXINGTON 01	SC
1740	0600027	LAKE ELSINORE UNIFIED	CA
1739	3173740	MILLARD PUBLIC SCHOOLS	NE
1730	5309270	VANCOUVER SCHOOL DISTRICT	WA
1720	5100270	ARLINGTON CO PBLC SCHS	VA
1719	0804350	MESA COUNTY VALLEY SCHOOL DISTRICT NO. 51	CO
1709	4020250	MOORE	OK
1704	4824060	HURST-EULESS-BEDFORD ISD	TX
1691	0101800	HUNTSVILLE CITY	AL
1684	0613360	FAIRFIELD-SUISUN UNIFIED	CA
1681	4666270	SIOUX FALLS SCHOOL DISTRICT 49-5	SD
1679	2200270	BOSSIER PARISH	LA
1674	3628590	SYRACUSE CITY SCHOOL DISTRICT	NY
1671	2400660	WASHINGTION COUNTY PUBLIC SCHOOLS	MD
1669	0901920	HARTFORD SCHOOL DISTRICT	CT
1669	0641040	VICTOR ELEMENTARY	CA
1667	3904384	DAYTON CITY	OH
1663	2007950	KANSAS CITY	KS
1661	3404590	ELIZABETH PUBLIC SCHOOLS	NJ
1654	1000200	CHRISTINA SCHOOL DISTRICT	DE
1641	0628250	OCEANSIDE UNIFIED	CA
1640	0605580	SANTA MARIA-BONITA	CA
1636	4821150	GOOSE CREEK CISD	TX
1634	2012000	BLUE VALLEY	KS
1631	5507320	KENOSHA SCHOOL DISTRICT	WI
1629	0623340	MADERA UNIFIED	CA
1625	0639420	TORRANCE UNIFIED	CA
1623	0629490	PAJARO VALLEY UNIFIED	CA
1623	0627240	NEWPORT-MESA UNIFIED	CA
1622	0634880	SAN MARCOS UNIFIED	CA
1617	0616920	HEMET UNIFIED	CA
1615	1810290	SOUTH BEND COMMUNITY SCH CORP	IN
1615	0600014	HESPERIA UNIFIED	CA
1613	4100023	HILLSBORO SD 1J	OR
1611	2616440	GRAND RAPIDS PUBLIC SCHOOLS	MI
1606	2100510	BOONE COUNTY	KY
1600	3904480	SOUTH-WESTERN CITY	OH
1594	0629940	PASADENA UNIFIED	CA
1589	2926850	ROCKWOOD R-VI	MO
1587	5302820	FEDERAL WAY SCHOOL DISTRICT	WA
1586	4843470	TYLER ISD	TX
1583	0902790	NEW HAVEN SCHOOL DISTRICT	CT
1582	0408170	SUNNYSIDE UNIFIED DISTRICT	AZ
1576	0403420	GLENDALE ELEMENTARY DISTRICT	AZ
1575	0511850	PULASKI CO. SPEC. SCHOOL DIST.	AR
1571	1810650	HAMILTON SOUTHEASTERN SCHOOLS	IN
1563	0600029	MURRIETA VALLEY UNIFIED	CA
1562	0632070	REDLANDS UNIFIED	CA
1561	3701140	DAVIDSON COUNTY SCHOOLS	NC
1561	2200090	ASCENSION PARISH	LA
1559	5101800	HAMPTON CITY PBLC SCHS	VA
1559	4820250	GALENA PARK ISD	TX
1559	4010590	EDMOND	OK
1558	3704050	ROWAN-SALISBURY SCHOOLS	NC
1557	3704880	WAYNE COUNTY PUBLIC SCHOOLS	NC
1552	0512660	SPRINGDALE SCHOOL DISTRICT	AR
1546	1708550	CUSD 300	IL
1543	5512360	RACINE UNIFIED SCHOOL DISTRICT	WI
1543	4501110	BEAUFORT 01	SC
1533	0602430	ALVORD UNIFIED	CA
1531	3702010	HARNETT COUNTY SCHOOLS	NC
1527	0613140	EVERGREEN ELEMENTARY	CA
1525	0609070	COACHELLA VALLEY UNIFIED	CA
1521	0611460	DOWNEY UNIFIED	CA
1519	0613890	FOLSOM-CORDOVA UNIFIED	CA
1519	0407080	ROOSEVELT ELEMENTARY DISTRICT	AZ
1515	0619260	JURUPA UNIFIED	CA
1510	4834440	PEARLAND ISD	TX
1509	4844960	WESLACO ISD	TX
1509	2803830	RANKIN CO SCHOOL DIST	MS
1506	0616325	HACIENDA LA PUENTE UNIFIED	CA
1504	5306960	PUYALLUP SCHOOL DISTRICT	WA
1500	4809670	BEAUMONT ISD	TX
1500	2201200	OUACHITA PARISH	LA
1499	1303930	NEWTON COUNTY	GA
1492	1734740	SCHAUMBURG CCSD 54	IL
1489	4807890	ALLEN ISD	TX
1489	0691135	VAL VERDE UNIFIED	CA
1489	0614730	FULLERTON ELEMENTARY	CA
1487	2201680	TANGIPAHOA PARISH	LA
1485	4205310	CENTRAL BUCKS SD	PA
1485	0609640	CONEJO VALLEY UNIFIED	CA
1484	0627690	NORWALK-LA MIRADA UNIFIED	CA
1482	1710200	CICERO SD 99	IL
1481	5505820	GREEN BAY AREA PUBLIC SCHOOL DISTRICT	WI
1478	0635970	SAUGUS UNION	CA
1477	5302400	EDMONDS SCHOOL DISTRICT	WA
1475	0602310	ALUM ROCK UNION ELEMENTARY	CA
1473	5302670	EVERETT SCHOOL DISTRICT	WA
1473	0601620	ABC UNIFIED	CA
1459	0408310	TEMPE SCHOOL DISTRICT	AZ
1457	5305910	NORTHSHORE SCHOOL DISTRICT	WA
1457	0102220	MADISON COUNTY	AL
1449	2922800	NORTH KANSAS CITY 74	MO
1445	4220040	READING SD	PA
1442	3904676	OLENTANGY LOCAL	OH
1436	2628560	PLYMOUTH-CANTON COMMUNITY SCHOOLS	MI
1432	0406300	PHOENIX ELEMENTARY DISTRICT	AZ
1428	3703780	RANDOLPH COUNTY SCHOOLS	NC
1425	1001300	RED CLAY CONSOLIDATED SCHOOL DISTRICT	DE
1424	4202280	ALLENTOWN CITY SD	PA
1423	4025290	PUTNAM CITY	OK
1408	4822530	HARLINGEN CISD	TX
1406	0904830	WATERBURY SCHOOL DISTRICT	CT
1405	5303750	ISSAQUAH SCHOOL DISTRICT	WA
1401	0602850	ANTIOCH UNIFIED	CA
1397	1302130	FAYETTE COUNTY	GA
1396	1730270	OSWEGO CUSD 308	IL
1391	2201740	TERREBONNE PARISH	LA
1390	4808090	ALVIN ISD	TX
1388	4817390	DONNA ISD	TX
1388	3703270	NASH-ROCKY MOUNT SCHOOLS	NC
1388	0640980	VENTURA UNIFIED	CA
1387	0612960	ETIWANDA ELEMENTARY	CA
1382	2602820	ANN ARBOR PUBLIC SCHOOLS	MI
1376	4900120	CACHE DISTRICT	UT
1375	4503870	YORK 03	SC
1375	2908370	FT. ZUMWALT R-II	MO
1374	1200930	INDIAN RIVER	FL
1372	5303540	HIGHLINE SCHOOL DISTRICT	WA
1368	0620250	LA MESA-SPRING VALLEY	CA
1362	3904611	LAKOTA LOCAL	OH
1361	0620880	LANCASTER ELEMENTARY	CA
1357	0103390	TUSCALOOSA COUNTY	AL
1353	0626640	NAPA VALLEY UNIFIED	CA
1351	1740070	VALLEY VIEW CUSD 365U	IL
1350	4844280	WACO ISD	TX
1346	1730420	PALATINE CCSD 15	IL
1340	4814730	COMAL ISD	TX
1335	5300390	BELLEVUE SCHOOL DISTRICT	WA
1335	4817700	EAGLE MT-SAGINAW ISD	TX
1332	5400060	BERKELEY COUNTY SCHOOLS	WV
1332	1741250	WAUKEGAN CUSD 60	IL
1331	1602340	NAMPA SCHOOL DISTRICT	ID
1330	2913830	HAZELWOOD	MO
1327	5101830	HANOVER CO PBLC SCHS	VA
1327	0404380	LITCHFIELD ELEMENTARY DISTRICT	AZ
1326	2901000	COLUMBIA 93	MO
1324	1301830	DOUGHERTY COUNTY	GA
1321	4807440	ABILENE ISD	TX
1316	5300480	BETHEL SCHOOL DISTRICT	WA
1303	1201290	MARTIN	FL
1301	2918300	LEE'S SUMMIT R-VII	MO
1301	1805670	M S D LAWRENCE TOWNSHIP	IN
1296	0802580	SCHOOL DISTRICT 27J	CO
1295	4833180	NORTHWEST ISD	TX
1294	3605280	BRENTWOOD UNION FREE SCHOOL DISTRICT	NY
1292	4811790	BRYAN ISD	TX
1290	0200510	MATANUSKA-SUSITNA BOROUGH SCHOOL DISTRICT	AK
1287	3700690	CATAWBA COUNTY SCHOOLS	NC
1286	2733810	SOUTH WASHINGTON COUNTY SCHOOL DIST	MN
1286	2731800	ROCHESTER PUBLIC SCHOOL DISTRICT	MN
1279	2928950	FRANCIS HOWELL R-III	MO
1274	5306570	PASCO SCHOOL DISTRICT	WA
1274	3500010	RIO RANCHO PUBLIC SCHOOLS	NM
1268	0627810	OAK GROVE ELEMENTARY	CA
1263	0634920	SAN MATEO-FOSTER CITY	CA
1261	4104740	EUGENE SD 4J	OR
1260	4108830	NORTH CLACKAMAS SD 12	OR
1260	2400600	ST. MARY'S COUNTY PUBLIC SCHOOLS	MD
1253	0635430	SANTA CLARA UNIFIED	CA
1246	0618390	INGLEWOOD UNIFIED	CA
1242	0640740	VALLEJO CITY UNIFIED	CA
1241	4005490	BROKEN ARROW	OK
1240	4831040	MISSION CISD	TX
1240	2201560	ST. LANDRY PARISH	LA
1239	2503090	BROCKTON	MA
1238	1801200	CARMEL CLAY SCHOOLS	IN
1237	4800010	HAYS CISD	TX
1236	4503330	PICKENS 01	SC
1236	1727710	NAPERVILLE CUSD 203	IL
1234	1720580	JOLIET PSD 86	IL
1229	3502370	SANTA FE PUBLIC SCHOOLS	NM
1225	1803870	GARY COMMUNITY SCHOOL CORP	IN
1223	2923580	PARKWAY C-2	MO
1219	3700900	CLEVELAND COUNTY SCHOOLS	NC
1216	1812090	VIGO COUNTY SCHOOL CORP	IN
1214	0633930	SALINAS CITY ELEMENTARY	CA
1213	4101980	BEND-LAPINE ADMINISTRATIVE SD 1	OR
1213	1812810	M S D WAYNE TOWNSHIP	IN
1207	4203570	BETHLEHEM AREA SD	PA
1207	1908580	DAVENPORT COMM SCHOOL DISTRICT	IA
1207	0400680	AMPHITHEATER UNIFIED DISTRICT	AZ
1206	5303930	KENNEWICK SCHOOL DISTRICT	WA
1203	4502130	FLORENCE 01	SC
1201	4900810	PROVO DISTRICT	UT
1201	4838700	SAN ANGELO ISD	TX
1201	2609570	CHIPPEWA VALLEY SCHOOLS	MI
1200	0409600	YUMA ELEMENTARY DISTRICT	AZ
1199	1906540	CEDAR RAPIDS COMM SCHOOL DISTRICT	IA
1198	4502820	LEXINGTON 05	SC
1197	4817640	DUNCANVILLE ISD	TX
1196	0624600	MERCED CITY ELEMENTARY	CA
1188	5103000	PORTSMOUTH CITY PBLC SCHS	VA
1188	3904701	HILLIARD CITY	OH
1187	3402640	CAMDEN CITY PUBLIC SCHOOLS	NJ
1180	4901050	TOOELE DISTRICT	UT
1177	0904320	STAMFORD SCHOOL DISTRICT	CT
1177	0614370	FRANKLIN-MCKINLEY ELEMENTARY	CA
1175	2507020	LOWELL	MA
1173	0503060	BENTONVILLE SCHOOL DISTRICT	AR
1172	0633750	ROWLAND UNIFIED	CA
1169	2621150	LANSING PUBLIC SCHOOL DISTRICT	MI
1167	0629850	PARAMOUNT UNIFIED	CA
1166	3003870	BILLINGS ELEM	MT
1165	0603690	BALDWIN PARK UNIFIED	CA
1164	1704680	AURORA EAST USD 131	IL
1162	3703310	CRAVEN COUNTY SCHOOLS	NC
1162	3416230	TOMS RIVER REGIONAL SCHOOL DISTRICT	NJ
1159	2400150	CALVERT COUNTY PUBLIC SCHOOLS	MD
1159	0600047	TRACY JOINT UNIFIED	CA
1158	5310110	YAKIMA SCHOOL DISTRICT	WA
1158	1304410	ROCKDALE COUNTY	GA
1158	0633600	ROSEVILLE CITY ELEMENTARY	CA
1156	2400690	WICOMICO COUNTY PUBLIC SCHOOLS	MD
1155	4017250	LAWTON	OK
1155	3404500	EDISON TOWNSHIP PUBLIC SCHOOLS	NJ
1155	1804320	SCHOOL CITY OF HAMMOND	IN
1155	0607970	CENTRAL UNIFIED	CA
1149	2103090	KENTON COUNTY	KY
1147	2635190	WARREN CONSOLIDATED SCHOOLS	MI
1147	1737080	SPRINGFIELD SD 186	IL
1147	0805400	THOMPSON SCHOOL DISTRICT R-2J	CO
1146	0601950	ALISAL UNION	CA
1145	0511970	ROGERS SCHOOL DISTRICT	AR
1139	5305430	MUKILTEO SCHOOL DISTRICT	WA
1139	0200600	FAIRBANKS NORTH STAR BOROUGH SCHOOL DISTRICT	AK
1135	0629610	PALO ALTO UNIFIED	CA
1134	5307230	RENTON SCHOOL DISTRICT	WA
1133	2400240	CECIL COUNTY PUBLIC SCHOOLS	MD
1130	4815910	CROWLEY ISD	TX
1121	5500390	APPLETON AREA SCHOOL DISTRICT	WI
1121	1808820	M S D PERRY TOWNSHIP	IN
1120	3904504	WESTERVILLE CITY	OH
1119	4225290	WEST CHESTER AREA SD	PA
1117	3705020	WILSON COUNTY SCHOOLS	NC
1115	4844150	VICTORIA ISD	TX
1113	2801770	HARRISON CO SCHOOL DIST	MS
1113	1300840	CARROLL COUNTY	GA
1111	2012260	TOPEKA PUBLIC SCHOOLS	KS
1111	1200270	CITRUS	FL
1110	1200240	CHARLOTTE	FL
1102	2635160	WALLED LAKE CONSOLIDATED SCHOOLS	MI
1099	0600153	ALHAMBRA UNIFIED	CA
1098	4822470	HARLANDALE ISD	TX
1097	2619950	KALAMAZOO PUBLIC SCHOOLS	MI
1096	0506330	FORT SMITH SCHOOL DISTRICT	AR
1090	4019950	MIDWEST CITY-DEL CITY	OK
1090	0406210	PENDERGAST ELEMENTARY DISTRICT	AZ
1089	3904702	DUBLIN CITY	OH
1089	2200720	IBERIA PARISH	LA
1087	0642150	WESTMINSTER	CA
1087	0637380	SOUTH BAY UNION	CA
1086	2506660	LAWRENCE	MA
1086	1300330	BARTOW COUNTY	GA
1085	3304590	MANCHESTER SCHOOL DISTRICT	NH
1084	4021720	NORMAN	OK
1083	4817730	EAGLE PASS ISD	TX
1083	4030600	UNION	OK
1082	4845780	WICHITA FALLS ISD	TX
1081	5103710	SUFFOLK CITY PBLC SCHS	VA
1079	4900720	OGDEN CITY DISTRICT	UT
1077	2507110	LYNN	MA
1074	0600020	PLEASANTON UNIFIED	CA
1072	4704550	WILSON COUNTY	TN
1072	3501080	GADSDEN INDEPENDENT SCHOOLS	NM
1072	2915480	INDEPENDENCE 30	MO
1070	3625350	SACHEM CENTRAL SCHOOL DISTRICT	NY
1070	2200900	LAFOURCHE PARISH	LA
1069	2629940	ROCHESTER COMMUNITY SCHOOL DISTRICT	MI
1068	3702100	HENDERSON COUNTY SCHOOLS	NC
1067	5305850	NORTH THURSTON PUBLIC SCHOOLS	WA
1067	2102490	HARDIN COUNTY	KY
1066	5301410	CLOVER PARK SCHOOL DISTRICT	WA
1066	2931650	WENTZVILLE R-IV	MO
1063	4659820	RAPID CITY AREA SCHOOL DISTRICT 51-4	SD
1062	0600017	APPLE VALLEY UNIFIED	CA
1061	4703780	SEVIER COUNTY	TN
1061	0643470	YUBA CITY UNIFIED	CA
1060	2105730	WARREN COUNTY	KY
1059	1728620	MCLEAN COUNTY USD 5	IL
1058	1731230	PEORIA SD 150	IL
1056	2508430	NEW BEDFORD	MA
1056	0612090	EL MONTE CITY	CA
1052	5601980	LARAMIE COUNTY SCHOOL DISTRICT #1	WY
1051	2600015	WAYNE-WESTLAND COMMUNITY SCHOOL DISTRICT	MI
1050	4837650	ROCKWALL ISD	TX
1048	4703150	MURFREESBORO	TN
1048	2905310	BLUE SPRINGS R-IV	MO
1048	1305700	WHITFIELD COUNTY	GA
1047	5300300	AUBURN SCHOOL DISTRICT	WA
1047	5100120	ALEXANDRIA CITY PBLC SCHS	VA
1046	3703990	ROCKINGHAM COUNTY SCHOOLS	NC
1042	4846530	WYLIE ISD	TX
1041	1926400	SIOUX CITY COMM SCHOOL DISTRICT	IA
1041	0608370	CHICO UNIFIED	CA
1034	1602640	POCATELLO DISTRICT	ID
1033	3700420	BRUNSWICK COUNTY SCHOOLS	NC
1028	0639870	TULARE CITY	CA
1027	5103330	ROANOKE CO PBLC SCHS	VA
1025	4209300	ERIE CITY SD	PA
1024	2621840	LIVONIA PUBLIC SCHOOLS SCHOOL DISTRICT	MI
1023	2614520	FLINT SCHOOL DISTRICT OF THE CITY OF	MI
1023	0638670	SYLVAN UNION ELEMENTARY	CA
1021	1305390	WALTON COUNTY	GA
1020	5103300	ROANOKE CITY PBLC SCHS	VA
1017	0624540	MENIFEE UNION ELEMENTARY	CA
1016	0628140	OCEAN VIEW	CA
1015	4702580	MADISON COUNTY	TN
1012	1300290	BARROW COUNTY	GA
1011	3416290	TRENTON PUBLIC SCHOOLS	NJ
1011	0606450	BURBANK UNIFIED	CA
1008	0622110	LIVERMORE VALLEY JOINT UNIFIED	CA
1004	1803270	ELKHART COMMUNITY SCHOOLS	IN
1002	5101470	FREDERICK CO PBLC SCHS	VA
1002	1301170	CLARKE COUNTY	GA
1002	0627180	NEWHALL	CA
1001	3702680	LINCOLN COUNTY SCHOOLS	NC
999	3703090	MOORE COUNTY SCHOOLS	NC
998	3412540	PASSAIC CITY PUBLIC SCHOOLS	NJ
998	0608130	CERES UNIFIED	CA
997	0404630	MARANA UNIFIED DISTRICT	AZ
996	0604440	BELLFLOWER UNIFIED	CA
996	0100007	HOOVER CITY	AL
995	0623160	LYNWOOD UNIFIED	CA
993	5100090	ALBEMARLE CO PBLC SCHS	VA
992	1302400	GLYNN COUNTY	GA
991	1000230	COLONIAL SCHOOL DISTRICT	DE
991	0600158	TURLOCK UNIFIED	CA
990	1737170	ST CHARLES CUSD 303	IL
989	3700480	BURKE COUNTY SCHOOLS	NC
987	1200540	FLAGLER	FL
985	4108040	MEDFORD SD 549C	OR
979	4840950	SOUTHWEST ISD	TX
979	2711370	ELK RIVER PUBLIC SCHOOL DISTRICT	MN
977	0616050	GREENFIELD UNION	CA
977	0611850	EAST WHITTIER CITY ELEMENTARY	CA
975	4818150	EDGEWOOD ISD	TX
972	5401620	WOOD COUNTY SCHOOLS	WV
972	4112240	TIGARD-TUALATIN SD 23J	OR
971	5301110	CENTRAL VALLEY SCHOOL DISTRICT	WA
971	1808910	M S D PIKE TOWNSHIP	IN
970	2100750	BULLITT COUNTY	KY
967	2731780	ROBBINSDALE PUBLIC SCHOOL DISTRICT	MN
967	1914700	IOWA CITY COMM SCHOOL DISTRICT	IA
966	2508610	NEWTON	MA
965	0632130	REDWOOD CITY ELEMENTARY	CA
962	1742180	CUSD 200	IL
957	0402860	FLAGSTAFF UNIFIED DISTRICT	AZ
954	1704710	AURORA WEST USD 129	IL
952	4811190	BRAZOSPORT ISD	TX
951	4821660	GRAPEVINE-COLLEYVILLE ISD	TX
949	4500900	ANDERSON 05	SC
948	5300380	BATTLE GROUND SCHOOL DISTRICT	WA
948	0626910	NEW HAVEN UNIFIED	CA
947	5604510	NATRONA COUNTY SCHOOL DISTRICT #1	WY
946	4110520	REYNOLDS SD 7	OR
943	5400180	CABELL COUNTY SCHOOLS	WV
943	4217280	NORTH PENN SD	PA
941	3700580	CALDWELL COUNTY SCHOOLS	NC
941	1811340	TIPPECANOE SCHOOL CORP	IN
937	3418120	WOODBRIDGE TOWNSHIP SCHOOL DISTRICT	NJ
937	0617850	HUENEME ELEMENTARY	CA
935	0616680	HAWTHORNE	CA
933	1200840	HIGHLANDS	FL
932	4224320	UPPER DARBY SD	PA
932	1300001	TROUP COUNTY	GA
930	5401230	RALEIGH COUNTY SCHOOLS	WV
928	1001240	BRANDYWINE SCHOOL DISTRICT	DE
926	0600036	NATOMAS UNIFIED	CA
924	4838790	SAN BENITO CISD	TX
924	1600930	BONNEVILLE JOINT DISTRICT	ID
923	4839480	SCHERTZ-CIBOLO-U CITY ISD	TX
923	4702760	MAURY COUNTY	TN
921	0625530	MONTEREY PENINSULA UNIFIED	CA
917	4207710	DOWNINGTOWN AREA SD	PA
917	3304980	NASHUA SCHOOL DISTRICT	NH
917	0601710	ADELANTO ELEMENTARY	CA
915	5515780	WAUKESHA SCHOOL DISTRICT	WI
912	1812360	M S D WARREN TOWNSHIP	IN
911	4816530	DEER PARK ISD	TX
909	2504830	FALL RIVER	MA
907	2802790	MADISON CO SCHOOL DIST	MS
907	0640590	VACAVILLE UNIFIED	CA
906	0642120	WESTSIDE UNION ELEMENTARY	CA
905	2918540	LIBERTY 53	MO
904	5104150	YORK CO PBLC SCHS	VA
904	0626190	MOUNTAIN VIEW ELEMENTARY	CA
903	2614610	FOREST HILLS PUBLIC SCHOOLS	MI
901	1201620	PUTNAM	FL
900	4900090	BOX ELDER DISTRICT	UT
898	0604800	BERRYESSA UNION ELEMENTARY	CA
897	0600013	ROCKLIN UNIFIED	CA
895	2104530	OLDHAM COUNTY	KY
895	1711350	CRYSTAL LAKE CCSD 47	IL
894	4502580	LANCASTER 01	SC
894	0623430	MAGNOLIA ELEMENTARY	CA
893	3602460	ALBANY CITY SCHOOL DISTRICT	NY
892	4703600	ROBERTSON COUNTY	TN
892	3904436	MAUMEE CITY	OH
892	0605910	BRENTWOOD UNION ELEMENTARY	CA
891	4106000	GRESHAM-BARLOW SD 10J	OR
891	3700720	CHAPEL HILL-CARRBORO CITY SCHOOLS	NC
886	0403780	HIGLEY UNIFIED SCHOOL DISTRICT	AZ
885	2634260	TROY SCHOOL DISTRICT	MI
885	0401710	CASA GRANDE ELEMENTARY DISTRICT	AZ
884	4828740	MAGNOLIA ISD	TX
883	2912300	FOX C-6	MO
881	4700300	BLOUNT COUNTY	TN
881	2103720	MADISON COUNTY	KY
880	2927060	ST. JOSEPH	MO
880	0630990	PLEASANT VALLEY	CA
880	0610890	DELANO UNION ELEMENTARY	CA
880	0607200	CAMPBELL UNION	CA
878	5103390	ROCKINGHAM CO PBLC SCHS	VA
878	4704080	TIPTON COUNTY	TN
878	1807410	NEW ALBANY-FLOYD CO CON SCH	IN
875	0610050	COVINA-VALLEY UNIFIED	CA
874	4814430	CLINT ISD	TX
873	4816620	DEL VALLE ISD	TX
872	3904463	PARMA CITY	OH
872	0615180	GILROY UNIFIED	CA
871	2632310	SOUTHFIELD PUBLIC SCHOOL DISTRICT	MI
870	3620700	NEWBURGH CITY SCHOOL DISTRICT	NY
870	2912010	FERGUSON-FLORISSANT R-II	MO
869	4842960	TOMBALL ISD	TX
868	3406540	HAMILTON TOWNSHIP	NJ
866	4207110	CUMBERLAND VALLEY SD	PA
865	3629880	WAPPINGERS CENTRAL SCHOOL DISTRICT	NY
865	0634710	SAN LORENZO UNIFIED	CA
862	5304860	MARYSVILLE SCHOOL DISTRICT	WA
861	2101470	DAVIESS COUNTY	KY
860	0607500	CARLSBAD UNIFIED	CA
859	4213140	LANCASTER SD	PA
858	1812720	M S D WASHINGTON TOWNSHIP	IN
857	4205400	CENTRAL DAUPHIN SD	PA
857	3500990	FARMINGTON MUNICIPAL SCHOOLS	NM
856	2008400	LAWRENCE	KS
856	0903090	NORWALK SCHOOL DISTRICT	CT
854	1302520	SPALDING COUNTY	GA
854	0403960	ISAAC ELEMENTARY DISTRICT	AZ
853	0600016	UPLAND UNIFIED	CA
853	0101290	ELMORE COUNTY	AL
851	3905045	MASON CITY SCHOOL DISTRICT	OH
847	0641280	WALNUT VALLEY UNIFIED	CA
845	4832400	NEW CANEY ISD	TX
842	2742160	WAYZATA PUBLIC SCHOOL DISTRICT	MN
842	0635250	SANGER UNIFIED	CA
837	4206960	COUNCIL ROCK SD	PA
837	0626670	NATIONAL ELEMENTARY	CA
835	5307320	RICHLAND SCHOOL DISTRICT	WA
835	4223640	TREDYFFRIN-EASTTOWN SD	PA
834	2628830	PORT HURON AREA SCHOOL DISTRICT	MI
834	1201350	NASSAU	FL
833	0600064	PORTERVILLE UNIFIED	CA
832	4807350	COLLEGE STATION ISD	TX
831	4503900	YORK 04	SC
831	3501110	GALLUP-MCKINLEY CTY SCHOOLS	NM
831	1800630	MONROE COUNTY COM SCH CORP	IN
830	1803940	GREATER CLARK COUNTY SCHOOLS	IN
830	0901020	DANBURY SCHOOL DISTRICT	CT
828	4218840	PENNSBURY SD	PA
828	4103940	DAVID DOUGLAS SD 40	OR
827	4216980	NORRISTOWN AREA SD	PA
827	1301980	EFFINGHAM COUNTY	GA
826	0635700	SANTA MONICA-MALIBU UNIFIED	CA
825	1800360	BARTHOLOMEW CON SCHOOL CORP	IN
824	5101320	FAUQUIER CO PBLC SCHS	VA
823	2705790	BLOOMINGTON PUBLIC SCHOOL DISTRICT	MN
822	0630180	PERRIS ELEMENTARY	CA
821	2621870	L'ANSE CREUSE PUBLIC SCHOOLS	MI
819	3502250	ROSWELL INDEPENDENT SCHOOLS	NM
819	2633870	TRAVERSE CITY AREA PUBLIC SCHOOLS	MI
818	1200360	COLUMBIA	FL
816	4111670	SPRINGFIELD SD 19	OR
814	4815210	COPPELL ISD	TX
814	4703480	PUTNAM COUNTY	TN
814	3612630	GREECE CENTRAL SCHOOL DISTRICT	NY
813	3800014	BISMARCK 1	ND
813	2635310	WATERFORD SCHOOL DISTRICT	MI
812	0402430	CREIGHTON ELEMENTARY DISTRICT	AZ
811	1300930	CATOOSA COUNTY	GA
810	4820600	GEORGETOWN ISD	TX
809	4400240	CRANSTON	RI
809	0630600	PITTSBURG UNIFIED	CA
808	4840680	SOUTH SAN ANTONIO ISD	TX
808	4838900	SAN FELIPE-DEL RIO CISD	TX
808	4703990	SULLIVAN COUNTY	TN
808	0902670	NEW BRITAIN SCHOOL DISTRICT	CT
805	5300420	BELLINGHAM SCHOOL DISTRICT	WA
805	4501860	DARLINGTON 01	SC
804	0638220	SULPHUR SPRINGS UNION	CA
803	5301080	CENTRAL KITSAP SCHOOL DISTRICT	WA
802	1000080	APPOQUINIMINK SCHOOL DISTRICT	DE
800	0103360	TUSCALOOSA CITY	AL
799	4700001	HAMBLEN COUNTY	TN
799	2614070	FARMINGTON PUBLIC SCHOOL DISTRICT	MI
799	1601530	IDAHO FALLS DISTRICT	ID
798	4503060	OCONEE 01	SC
798	3806780	FARGO 1	ND
796	3403000	CHERRY HILL PUBLIC SCHOOLS	NJ
794	0503750	CABOT SCHOOL DISTRICT	AR
793	0901530	FAIRFIELD SCHOOL DISTRICT	CT
792	5400510	HARRISON COUNTY SCHOOLS	WV
792	4812180	BURLESON ISD	TX
792	3404230	EAST ORANGE SCHOOL DISTRICT	NJ
792	0408850	VAIL UNIFIED DISTRICT	AZ
791	5104020	WILLIAMSBURG-JAMES CITY PBLC SCHS	VA
790	3620490	NEW ROCHELLE CITY SCHOOL DISTRICT	NY
789	2717780	LAKEVILLE PUBLIC SCHOOL DISTRICT	MN
788	3904410	HAMILTON CITY	OH
788	3704950	WILKES COUNTY SCHOOLS	NC
788	1600780	COEUR D'ALENE DISTRICT	ID
787	5100300	AUGUSTA CO PBLC SCHS	VA
787	0629700	PALOS VERDES PENINSULA UNIFIED	CA
786	4503630	SPARTANBURG 06	SC
786	3904371	CANTON CITY	OH
785	0624090	MARYSVILLE JOINT UNIFIED	CA
784	4502550	KERSHAW 01	SC
784	1930480	WATERLOO COMM SCHOOL DISTRICT	IA
784	0904920	WEST HARTFORD SCHOOL DISTRICT	CT
784	0612750	ENCINITAS UNION ELEMENTARY	CA
783	4837140	RIO GRANDE CITY CISD	TX
782	2103210	LAUREL COUNTY	KY
782	0643080	WOODLAND JOINT UNIFIED	CA
781	0603600	AZUSA UNIFIED	CA
780	2711040	DULUTH PUBLIC SCHOOL DISTRICT	MN
779	3013040	GREAT FALLS ELEM	MT
779	1909480	DUBUQUE COMM SCHOOL DISTRICT	IA
778	3627060	SMITHTOWN CENTRAL SCHOOL DISTRICT	NY
778	0634440	SAN JACINTO UNIFIED	CA
776	3416380	UNION CITY SCHOOL DISTRICT	NJ
776	3175270	PAPILLION-LA VISTA PUBLIC SCHS	NE
775	3631470	WILLIAMSVILLE CENTRAL SCHOOL DISTRICT	NY
775	2923550	PARK HILL	MO
774	4817850	EAST CENTRAL ISD	TX
774	3626670	SHENENDEHOWA CENTRAL SCHOOL DISTRICT	NY
774	3403300	CLIFTON PUBLIC SCHOOLS	NJ
774	2101150	CHRISTIAN COUNTY	KY
773	4211700	HAZLETON AREA SD	PA
772	4400840	PAWTUCKET	RI
771	3904689	PICKERINGTON LOCAL	OH
771	2200030	ACADIA PARISH	LA
769	5400930	MONONGALIA COUNTY SCHOOLS	WV
769	3702560	LEE COUNTY SCHOOLS	NC
769	1302190	FLOYD COUNTY	GA
769	0621000	LAS VIRGENES UNIFIED	CA
767	3629370	UTICA CITY SCHOOL DISTRICT	NY
766	4700330	BRADLEY COUNTY	TN
766	3704080	RUTHERFORD COUNTY SCHOOLS	NC
766	0101230	DOTHAN CITY	AL
761	1808760	PENN-HARRIS-MADISON SCH CORP	IN
761	0642000	WEST COVINA UNIFIED	CA
761	0638460	SUNNYVALE	CA
760	0622410	LOMPOC UNIFIED	CA
759	5100360	BEDFORD CO PBLC SCHS	VA
759	1807650	NOBLESVILLE SCHOOLS	IN
759	0623080	LUCIA MAR UNIFIED	CA
759	0611490	DRY CREEK JOINT ELEMENTARY	CA
758	5504050	EAU CLAIRE AREA SCHOOL DISTRICT	WI
758	3626010	SCHENECTADY CITY SCHOOL DISTRICT	NY
758	1714460	EVANSTON CCSD 65	IL
758	0624500	MILPITAS UNIFIED	CA
758	0619700	KINGS CANYON JOINT UNIFIED	CA
757	1303300	LIBERTY COUNTY	GA
756	1719830	CONS SD 158	IL
755	2201830	VERNON PARISH	LA
754	2920670	MEHLVILLE R-IX	MO
753	4900390	IRON DISTRICT	UT
753	1303390	LOWNDES COUNTY	GA
752	4015720	JENKS	OK
752	3619200	MIDDLE COUNTRY CENTRAL SCHOOL DISTRICT	NY
752	1743110	WOODLAND CCSD 50	IL
751	1812390	WARRICK COUNTY SCHOOL CORP	IN
751	0601770	ALAMEDA UNIFIED	CA
749	1300630	BULLOCH COUNTY	GA
748	2201080	CITY OF MONROE SCHOOL DISTRICT	LA
748	0612180	EL RANCHO UNIFIED	CA
747	3904610	FAIRFIELD CITY	OH
746	2733510	ST. CLOUD PUBLIC SCHOOL DISTRICT	MN
745	4828290	LOS FRESNOS CISD	TX
745	3410110	MIDDLETOWN TOWNSHIP PUBLIC SCHOOLS	NJ
745	2616350	GRAND BLANC COMMUNITY SCHOOLS	MI
744	4502280	GEORGETOWN 01	SC
744	0635810	SANTA ROSA ELEMENTARY	CA
743	4219500	POCONO MOUNTAIN SD	PA
743	0400960	AVONDALE ELEMENTARY DISTRICT	AZ
742	0504590	CONWAY SCHOOL DISTRICT	AR
741	4503510	SPARTANBURG 02	SC
741	3701200	DUPLIN COUNTY SCHOOLS	NC
740	3406030	GLOUCESTER TOWNSHIP PUBLIC SCHOOLS	NJ
740	0402320	COOLIDGE UNIFIED DISTRICT	AZ
739	3100016	GRAND ISLAND PUBLIC SCHOOLS	NE
739	2633540	TAYLOR SCHOOL DISTRICT	MI
738	3904513	WORTHINGTON CITY	OH
738	0100240	AUTAUGA COUNTY	AL
736	3904736	NORTHWEST LOCAL	OH
736	0618030	HUNTINGTON BEACH CITY ELEMENTARY	CA
736	0101020	CULLMAN COUNTY	AL
735	3702610	LENOIR COUNTY PUBLIC SCHOOLS	NC
735	3200120	ELKO COUNTY SCHOOL DISTRICT	NV
734	4401110	WARWICK	RI
734	0404500	MADISON ELEMENTARY DISTRICT	AZ
733	5102520	MONTGOMERY CO PBLC SCHS	VA
733	1903690	ANKENY COMM SCHOOL DISTRICT	IA
733	1805450	LAKE CENTRAL SCHOOL CORP	IN
733	0625860	MORONGO UNIFIED	CA
732	2630390	SAGINAW SCHOOL DISTRICT OF THE CITY OF	MI
732	2201800	VERMILION PARISH	LA
732	0622740	LOS BANOS UNIFIED	CA
731	4835400	PORT ARTHUR ISD	TX
730	1000680	INDIAN RIVER SCHOOL DISTRICT	DE
729	1709420	CHAMPAIGN CUSD 4	IL
729	0625830	MORGAN HILL UNIFIED	CA
725	5308160	SOUTH KITSAP SCHOOL DISTRICT	WA
725	1742210	WHEELING CCSD 21	IL
724	2201620	ST. MARY PARISH	LA
723	3904426	LORAIN CITY	OH
723	0506120	FAYETTEVILLE SCHOOL DISTRICT	AR
722	4817070	DICKINSON ISD	TX
722	2802160	JACKSON CO SCHOOL DIST	MS
722	2628740	PONTIAC CITY SCHOOL DISTRICT	MI
721	4839930	SHARYLAND ISD	TX
721	0101380	ETOWAH COUNTY	AL
718	0642140	WESTERN PLACER UNIFIED	CA
717	2707290	BURNSVILLE PUBLIC SCHOOL DISTRICT	MN
717	2618990	HURON VALLEY SCHOOLS	MI
716	2708190	EASTERN CARVER COUNTY PUBLIC SCHOOL	MN
714	1303510	MARIETTA CITY	GA
714	0643560	YUCAIPA-CALIMESA JOINT UNIFIED	CA
711	1711850	DECATUR SD 61	IL
711	1300780	CAMDEN COUNTY	GA
709	5401200	PUTNAM COUNTY SCHOOLS	WV
708	5513650	SHEBOYGAN AREA SCHOOL DISTRICT	WI
707	4221090	SCRANTON SD	PA
707	2722950	MOUNDS VIEW PUBLIC SCHOOL DISTRICT	MN
706	3417700	WEST WINDSOR-PLAINSBORO REGIONAL SCHOOL DISTRICT	NJ
705	3412930	PERTH AMBOY PUBLIC SCHOOLS	NJ
705	0100540	CALHOUN COUNTY	AL
702	3904635	WEST CLERMONT LOCAL	OH
702	3700750	CHATHAM COUNTY SCHOOLS	NC
702	1305370	WALKER COUNTY	GA
702	0404290	LAVEEN ELEMENTARY DISTRICT	AZ
700	4502730	LEXINGTON 02	SC
700	3701530	FRANKLIN COUNTY SCHOOLS	NC
700	1301380	COLQUITT COUNTY	GA
699	4842330	TEMPLE ISD	TX
699	4101120	GREATER ALBANY PUBLIC SD 8J	OR
698	2714220	EDEN PRAIRIE PUBLIC SCHOOL DISTRICT	MN
697	3500570	CLOVIS MUNICIPAL SCHOOLS	NM
697	3416800	CITY OF VINELAND BOARD OF EDUCATION	NJ
696	5511190	OSHKOSH AREA SCHOOL DISTRICT	WI
696	5400840	MERCER COUNTY SCHOOLS	WV
696	5308020	SNOHOMISH SCHOOL DISTRICT	WA
696	3411220	NEW BRUNSWICK PUBLIC SCHOOLS	NJ
696	2723850	NORTH ST PAUL-MAPLEWOOD OAKDALE DIS	MN
696	0101140	DEKALB COUNTY	AL
695	4809570	BASTROP ISD	TX
695	3103810	BELLEVUE PUBLIC SCHOOLS	NE
695	1713770	COMM CONS SD 59	IL
695	0642450	WHITTIER CITY ELEMENTARY	CA
694	0102070	LEE COUNTY	AL
692	2916190	JEFFERSON CITY	MO
692	2201440	ST. CHARLES PARISH	LA
692	0901710	GREENWICH SCHOOL DISTRICT	CT
692	0635880	SANTEE	CA
691	4809860	BELTON ISD	TX
691	4208850	EASTON AREA SD	PA
690	3616230	KENMORE-TONAWANDA UNION FREE SCHOOL DISTRICT	NY
689	4828110	LONGVIEW ISD	TX
689	3501260	HOBBS MUNICIPAL SCHOOLS	NM
688	3621210	NORTH SYRACUSE CENTRAL SCHOOL DISTRICT	NY
688	3613290	HALF HOLLOW HILLS CENTRAL SCHOOL DISTRICT	NY
687	5507020	JANESVILLE SCHOOL DISTRICT	WI
687	4500780	ANDERSON 01	SC
687	0637530	SOUTH SAN FRANCISCO UNIFIED	CA
687	0404720	MARICOPA UNIFIED SCHOOL DISTRICT	AZ
686	4205550	CHAMBERSBURG AREA SD	PA
686	3704320	STANLY COUNTY SCHOOLS	NC
686	1930930	WEST DES MOINES COMM SCHOOL DISTRICT	IA
686	1603240	TWIN FALLS DISTRICT	ID
685	3407560	HOWELL TOWNSHIP PUBLIC SCHOOLS	NJ
685	2007890	GEARY COUNTY SCHOOLS	KS
685	0902400	MERIDEN SCHOOL DISTRICT	CT
685	0510680	N. LITTLE ROCK SCHOOL DISTRICT	AR
684	4501500	CHEROKEE 01	SC
684	2620340	KENTWOOD PUBLIC SCHOOLS	MI
684	1803750	FRANKLIN TOWNSHIP COM SCH CORP	IN
683	3704140	SAMPSON COUNTY SCHOOLS	NC
681	2802400	LAMAR COUNTY SCHOOL DISTRICT	MS
680	4813590	CHANNELVIEW ISD	TX
680	3702250	HOKE COUNTY SCHOOLS	NC
680	0605610	BONITA UNIFIED	CA
680	0604290	BEAUMONT UNIFIED	CA
678	5400570	JEFFERSON COUNTY SCHOOLS	WV
677	2804470	VICKSBURG WARREN SCHOOL DIST	MS
677	2711670	MINNETONKA PUBLIC SCHOOL DISTRICT	MN
676	4502340	GREENWOOD 50	SC
676	4021000	MUSTANG	OK
676	0102100	LIMESTONE COUNTY	AL
675	4812810	CANYON ISD	TX
674	2509870	QUINCY	MA
674	1800270	AVON COMMUNITY SCHOOL CORP	IN
673	4218510	PARKLAND SD	PA
673	3620100	MOUNT VERNON SCHOOL DISTRICT	NY
673	3619230	LONGWOOD CENTRAL SCHOOL DISTRICT	NY
673	3603270	ARLINGTON CENTRAL SCHOOL DISTRICT	NY
672	0614220	FOUNTAIN VALLEY ELEMENTARY	CA
671	1802850	EAST ALLEN COUNTY SCHOOLS	IN
670	5601470	CAMPBELL COUNTY SCHOOL DISTRICT #1	WY
670	4023280	OWASSO	OK
670	0806480	SCHOOL DISTRICT NO. 3 IN THE COUNTY OF EL PASO AND STATE OF	CO
670	0602160	ALTA LOMA ELEMENTARY	CA
669	2711250	EDINA PUBLIC SCHOOL DISTRICT	MN
669	2105260	SCOTT COUNTY	KY
669	1908220	COUNCIL BLUFFS COMM SCHOOL DISTRICT	IA
669	0402400	CRANE ELEMENTARY DISTRICT	AZ
668	3618690	WILLIAM FLOYD UNION FREE SCHOOL DISTRICT	NY
668	3409270	OLD BRIDGE TOWNSHIP SCHOOL DISTRICT	NJ
668	0621690	LINCOLN UNIFIED	CA
666	3407740	JACKSON TOWNSHIP SCHOOL DISTRICT	NJ
666	1600600	VALLIVUE SCHOOL DISTRICT	ID
664	5102940	PITTSYLVANIA CO PBLC SCHS	VA
664	2504980	FRAMINGHAM	MA
664	0612030	EL CENTRO ELEMENTARY	CA
663	3904516	YOUNGSTOWN CITY SCHOOLS	OH
663	3402220	BRICK TOWNSHIP PUBLIC SCHOOLS	NJ
663	2738190	STILLWATER AREA PUBLIC SCHOOL DIST.	MN
662	2802280	JONES CO SCHOOL DIST	MS
662	0634680	SAN LEANDRO UNIFIED	CA
662	0618870	JEFFERSON ELEMENTARY	CA
662	0606900	CALEXICO UNIFIED	CA
661	4816860	DESOTO ISD	TX
660	0200390	KENAI PENINSULA BOROUGH SCHOOL DISTRICT	AK
659	0604740	BERKELEY UNIFIED	CA
658	5304920	MEAD SCHOOL DISTRICT	WA
658	4828550	LUFKIN ISD	TX
658	4113170	WEST LINN-WILSONVILLE SD 3J	OR
658	0600032	REDONDO BEACH UNIFIED	CA
658	0103062	ST CLAIR COUNTY	AL
657	4701020	DICKSON COUNTY	TN
657	3402280	BRIDGEWATER-RARITAN REGIONAL SCHOOL DISTRICT	NJ
656	5306180	OLYMPIA SCHOOL DISTRICT	WA
656	4503720	SUMTER 02	SC
656	2604260	BAY CITY SCHOOL DISTRICT	MI
654	4828890	MANOR ISD	TX
654	4226820	YORK CITY SD	PA
652	4704380	WASHINGTON COUNTY	TN
652	0608070	CENTRALIA ELEMENTARY	CA
651	1800150	ANDERSON COMMUNITY SCHOOL CORP	IN
651	0621210	LAWNDALE ELEMENTARY	CA
650	0622590	LOS ALAMITOS UNIFIED	CA
650	0402920	FLORENCE UNIFIED SCHOOL DISTRICT	AZ
649	3704410	SURRY COUNTY SCHOOLS	NC
648	3501680	LOS LUNAS PUBLIC SCHOOLS	NM
648	3401260	BAYONNE BOARD OF EDUCATION	NJ
648	2926070	RAYTOWN C-2	MO
647	5307920	SHORELINE SCHOOL DISTRICT	WA
646	3701800	GRANVILLE COUNTY SCHOOLS	NC
645	4208550	EAST PENN SD	PA
645	1705050	BARRINGTON CUSD 220	IL
643	3700630	CARTERET COUNTY PUBLIC SCHOOLS	NC
643	0100420	BLOUNT COUNTY	AL
641	5102340	LYNCHBURG CITY PBLC SCHS	VA
641	4813230	CEDAR HILL ISD	TX
641	3200300	LYON COUNTY SCHOOL DISTRICT	NV
641	2635910	WEST OTTAWA PUBLIC SCHOOL DISTRICT	MI
640	3415210	SOUTH BRUNSWICK SCHOOL DISTRICT	NJ
640	2511520	TAUNTON	MA
639	4819560	FORNEY ISD	TX
639	2628950	PORTAGE PUBLIC SCHOOLS	MI
638	2400030	ALLEGANY COUNTY PUBLIC SCHOOLS	MD
638	0607800	CASTRO VALLEY UNIFIED	CA
638	0400295	KINGMAN UNIFIED SCHOOL DISTRICT	AZ
637	4503690	SUMTER 17	SC
635	0102010	LAUDERDALE COUNTY	AL
634	0635360	SANTA BARBARA ELEMENTARY	CA
634	0627060	NEWARK UNIFIED	CA
634	0602970	ARCADIA UNIFIED	CA
633	4216410	NESHAMINY SD	PA
633	0806150	PUEBLO COUNTY SCHOOL DISTRICT 70	CO
632	3630360	WEBSTER CENTRAL SCHOOL DISTRICT	NY
632	2509720	PLYMOUTH	MA
632	0616470	HANFORD ELEMENTARY	CA
632	0100008	MADISON CITY	AL
631	1305310	VALDOSTA CITY	GA
630	4700180	BEDFORD COUNTY	TN
630	3904481	SPRINGFIELD CITY	OH
630	3704650	VANCE COUNTY SCHOOLS	NC
629	0503690	BRYANT SCHOOL DISTRICT	AR
628	4819830	FRENSHIP ISD	TX
627	2605850	BIRMINGHAM PUBLIC SCHOOLS	MI
627	2505970	HAVERHILL	MA
626	5305220	MOSES LAKE SCHOOL DISTRICT	WA
626	0613500	FALLBROOK UNION ELEMENTARY	CA
625	4222560	SPRING-FORD AREA SD	PA
625	3620340	CLARKSTOWN CENTRAL SCHOOL DISTRICT	NY
625	0403060	FOWLER ELEMENTARY DISTRICT	AZ
624	0610740	DEL MAR UNION ELEMENTARY	CA
623	1713970	ELMHURST SD 205	IL
622	2104950	PULASKI COUNTY	KY
621	3703570	PENDER COUNTY SCHOOLS	NC
621	2201590	ST. MARTIN PARISH	LA
619	1729250	OAK PARK ESD 97	IL
618	4217010	NORTH ALLEGHENY SD	PA
618	4205860	CHESTER-UPLAND SD	PA
618	1201320	MONROE	FL
618	0617340	HOLLISTER	CA
617	5304200	LAKE STEVENS SCHOOL DISTRICT	WA
617	0610620	DAVIS JOINT UNIFIED	CA
616	2507170	MALDEN	MA
615	4836660	RED OAK ISD	TX
615	3407680	IRVINGTON BOARD OF EDUCATION	NJ
615	1302310	GAINESVILLE CITY	GA
614	1201980	WALTON	FL
614	0404440	LITTLETON ELEMENTARY DISTRICT	AZ
612	4832370	NEW BRAUNFELS ISD	TX
612	3413140	PLAINFIELD PUBLIC SCHOOLS	NJ
612	0614940	GARVEY ELEMENTARY	CA
611	5306690	PENINSULA SCHOOL DISTRICT	WA
610	4109330	OREGON CITY SD 62	OR
610	3627810	EAST RAMAPO CENTRAL SCHOOL DISTRICT (SPRING VALLEY)	NY
609	3409720	MARLBORO TOWNSHIP BOARD OF EDUCATION	NJ
609	1301350	COFFEE COUNTY	GA
608	0627720	NOVATO UNIFIED	CA
607	0801950	SCHOOL DISTRICT N. 14 IN THE COUNTY OF ADAMS & STATE OF COLO	CO
606	2742360	WHITE BEAR LAKE SCHOOL DISTRICT	MN
606	1807320	MUNCIE COMMUNITY SCHOOLS	IN
606	1705790	BELVIDERE CUSD 100	IL
606	0103450	WALKER COUNTY	AL
606	0100660	CHILTON COUNTY	AL
605	1728140	NEW LENOX SD 122	IL
605	0900510	BRISTOL SCHOOL DISTRICT	CT
604	1809150	PORTAGE TOWNSHIP SCHOOLS	IN
603	5101050	CULPEPER CO PBLC SCHS	VA
603	4202340	ALTOONA AREA SD	PA
603	3417280	WAYNE TOWNSHIP PUBLIC SCHOOLS	NJ
603	3405490	FRANKLIN TOWNSHIP PUBLIC SCHOOLS	NJ
601	4901080	UINTAH DISTRICT	UT
601	1000190	CAPITAL SCHOOL DISTRICT	DE
600	2916350	JOPLIN SCHOOLS	MO
600	1201800	SUMTER	FL
599	5100600	CAMPBELL CO PBLC SCHS	VA
598	5308610	SUMNER SCHOOL DISTRICT	WA
598	4702130	JOHNSON CITY	TN
598	3622470	PATCHOGUE-MEDFORD UNION FREE SCHOOL DISTRICT	NY
598	2733000	SHAKOPEE PUBLIC SCHOOL DISTRICT	MN
598	1304980	TIFT COUNTY	GA
597	3819410	WEST FARGO 6	ND
597	2712270	FOREST LAKE PUBLIC SCHOOL DISTRICT	MN
596	0102480	MORGAN COUNTY	AL
595	4839990	SHELDON ISD	TX
594	4225830	WEST SHORE SD	PA
594	1930510	WAUKEE COMM SCHOOL DISTRICT	IA
592	3904373	CENTERVILLE CITY	OH
592	3417070	WASHINGTON TOWNSHIP PUBLIC SCHOOLS	NJ
592	3200390	CARSON CITY SCHOOL DISTRICT	NV
591	3700330	BEAUFORT COUNTY SCHOOLS	NC
591	1725110	MAYWOOD-MELROSE PARK-BROADVIEW 89	IL
591	1301620	DALTON CITY	GA
591	0606360	BUENA PARK ELEMENTARY	CA
590	5516260	WEST ALLIS-WEST MILWAUKEE SCHOOL DISTRICT	WI
590	1801020	BROWNSBURG COMMUNITY SCH CORP	IN
588	5400720	MARION COUNTY SCHOOLS	WV
588	4503660	SPARTANBURG 07	SC
588	2618720	HOWELL PUBLIC SCHOOLS	MI
588	1303840	MURRAY COUNTY	GA
587	3404110	EAST BRUNSWICK PUBLIC SCHOOLS	NJ
587	2623820	MIDLAND PUBLIC SCHOOLS	MI
586	3904510	WILLOUGHBY-EASTLAKE CITY	OH
586	2511880	WACHUSETT	MA
586	1304200	POLK COUNTY	GA
586	0636970	SNOWLINE JOINT UNIFIED	CA
586	0403870	HUMBOLDT UNIFIED DISTRICT	AZ
585	3904438	MEDINA CITY SD	OH
585	1300570	BRYAN COUNTY	GA
584	1805400	LAFAYETTE SCHOOL CORPORATION	IN
583	0641580	WASHINGTON UNIFIED	CA
582	3904734	FOREST HILLS LOCAL	OH
582	2718780	MANKATO PUBLIC SCHOOL DISTRICT	MN
582	1704140	ARLINGTON HEIGHTS SD 25	IL
582	0103180	TALLADEGA COUNTY	AL
581	4844800	WEATHERFORD ISD	TX
581	3614010	HAVERSTRAW-STONY POINT CSD (NORTH ROCKLAND)	NY
581	0401380	BUCKEYE ELEMENTARY DISTRICT	AZ
580	0620190	LA HABRA CITY ELEMENTARY	CA
579	0621420	LENNOX	CA
578	4826190	LA PORTE ISD	TX
578	2730060	PRIOR LAKE-SAVAGE AREA SCHOOLS	MN
578	2103030	JESSAMINE COUNTY	KY
577	4817760	EANES ISD	TX
576	4844730	WAXAHACHIE ISD	TX
576	1801440	CENTER GROVE COM SCH CORP	IN
575	5309660	WENATCHEE SCHOOL DISTRICT	WA
575	3702040	HAYWOOD COUNTY SCHOOLS	NC
575	0626280	MOUNTAIN VIEW WHISMAN	CA
574	1734990	ROUND LAKE CUSD 116	IL
573	5308760	TAHOMA SCHOOL DISTRICT	WA
573	4833060	NORTH FOREST ISD	TX
573	4503600	SPARTANBURG 05	SC
573	4206240	COATESVILLE AREA SD	PA
573	3703870	RICHMOND COUNTY SCHOOLS	NC
572	3904549	MENTOR EXEMPTED VILLAGE	OH
572	3409390	MANALAPAN-ENGLISHTOWN REGIONAL SCHOOLS	NJ
571	4838970	SAN MARCOS CISD	TX
571	2625740	GROSSE POINTE PUBLIC SCHOOLS	MI
570	5515900	WAUSAU SCHOOL DISTRICT	WI
570	2507740	METHUEN	MA
570	0633480	ROSEDALE UNION ELEMENTARY	CA
570	0600019	DUBLIN UNIFIED	CA
570	0406810	QUEEN CREEK UNIFIED DISTRICT	AZ
569	1713320	EAST ST LOUIS SD 189	IL
568	4815240	COPPERAS COVE ISD	TX
568	1302940	JACKSON COUNTY	GA
568	0403240	GADSDEN ELEMENTARY DISTRICT	AZ
567	3614130	HEMPSTEAD UNION FREE SCHOOL DISTRICT	NY
566	4218750	PENNRIDGE SD	PA
566	3904737	OAK HILLS LOCAL	OH
566	3904418	KETTERING CITY	OH
566	3703480	ORANGE COUNTY SCHOOLS	NC
565	4702100	JEFFERSON COUNTY	TN
565	4214160	LOWER MERION SD	PA
565	3618630	MASSAPEQUA UNION FREE SCHOOL DISTRICT	NY
564	4501560	CHESTERFIELD 01	SC
564	3701320	EDGECOMBE COUNTY PUBLIC SCHOOLS	NC
564	0606270	BUCKEYE UNION ELEMENTARY	CA
563	4033480	YUKON	OK
563	2804320	TUPELO PUBLIC SCHOOL DIST	MS
563	2400540	QUEEN ANNE'S COUNTY PUBLIC SCHOOLS	MD
563	2102710	HENDERSON COUNTY	KY
563	0635220	SAN YSIDRO ELEMENTARY	CA
563	0615510	GOLETA UNION ELEMENTARY	CA
562	3904440	MIDDLETOWN CITY	OH
562	2503150	BROOKLINE	MA
562	0101170	DECATUR CITY	AL
561	3631260	WHITE PLAINS CITY SCHOOL DISTRICT	NY
561	1302580	HABERSHAM COUNTY	GA
561	1201410	OKEECHOBEE	FL
560	4226300	WILKES-BARRE AREA SD	PA
559	3404560	EGG HARBOR TOWNSHIP SCHOOL DISTRICT	NJ
559	3000005	HELENA ELEM	MT
559	2632250	SOUTH LYON COMMUNITY SCHOOLS	MI
559	2630030	ROCKFORD PUBLIC SCHOOLS	MI
559	0640320	UNION ELEMENTARY	CA
558	3904724	BEAVERCREEK CITY	OH
558	2634560	VAN BUREN PUBLIC SCHOOLS	MI
558	1200780	HENDRY	FL
557	4222440	SENECA VALLEY SD	PA
557	4215330	MILLCREEK TOWNSHIP SD	PA
557	3904487	SYLVANIA CITY	OH
557	3904394	ELYRIA CITY SCHOOLS	OH
557	0102700	PHENIX CITY	AL
556	2619620	JACKSON PUBLIC SCHOOLS	MI
556	2104800	PIKE COUNTY	KY
556	1730220	ORLAND SD 135	IL
555	4839690	SEGUIN ISD	TX
555	4826470	LAKE TRAVIS ISD	TX
555	4701740	HAWKINS COUNTY	TN
555	4202040	ABINGTON SD	PA
555	2609900	CLARKSTON COMMUNITY SCHOOL DISTRICT	MI
554	4211580	HARRISBURG CITY SD	PA
554	3813030	MINOT 1	ND
554	2802550	LEE COUNTY SCHOOL DISTRICT	MS
554	0634800	SAN LUIS COASTAL UNIFIED	CA
553	1000180	CAESAR RODNEY SCHOOL DISTRICT	DE
552	4900510	LOGAN CITY DISTRICT	UT
552	2620730	LAKE ORION COMMUNITY SCHOOLS	MI
552	0622650	LOS ALTOS ELEMENTARY	CA
551	0625770	MORELAND	CA
551	0610440	CYPRESS ELEMENTARY	CA
550	5101920	HENRY CO PBLC SCHS	VA
550	3904366	BRUNSWICK CITY	OH
550	1802490	CROWN POINT COMMUNITY SCH CORP	IN
549	4840080	SHERMAN ISD	TX
549	4830600	MIDLOTHIAN ISD	TX
549	4010920	ENID	OK
548	2803480	PASCAGOULA SCHOOL DIST	MS
548	1712540	DOWNERS GROVE GSD 58	IL
547	4208670	EAST STROUDSBURG AREA SD	PA
547	4204590	BUTLER AREA SD	PA
547	1812420	WARSAW COMMUNITY SCHOOLS	IN
546	5101440	FRANKLIN CO PBLC SCHS	VA
546	4700900	CUMBERLAND COUNTY	TN
545	3018570	MISSOULA ELEM	MT
545	2711820	FARMINGTON PUBLIC SCHOOL DISTRICT	MN
544	4813020	CARROLL ISD	TX
544	3617520	LIVERPOOL CENTRAL SCHOOL DISTRICT	NY
543	2103960	MCCRACKEN COUNTY	KY
542	5103900	WASHINGTON CO PBLC SCHS	VA
542	2006390	GARDEN CITY	KS
542	1726400	MOLINE USD 40	IL
541	5302940	FRANKLIN PIERCE SCHOOL DISTRICT	WA
541	2005490	DE SOTO	KS
540	4830640	MIDWAY ISD	TX
540	4203330	BENSALEM TOWNSHIP SD	PA
538	3904696	GAHANNA-JEFFERSON CITY	OH
537	4703590	ROANE COUNTY	TN
537	3904445	NEWARK CITY	OH
537	3411460	NORTH BERGEN SCHOOL DISTRICT	NJ
537	2011370	SALINA	KS
536	1716920	GLENVIEW CCSD 34	IL
535	4222770	STATE COLLEGE AREA SD	PA
535	2201140	NATCHITOCHES PARISH	LA
535	2105320	SHELBY COUNTY	KY
535	1713530	EDWARDSVILLE CUSD 7	IL
535	1200960	JACKSON	FL
534	3608130	COMMACK UNION FREE SCHOOL DISTRICT	NY
533	3904697	GROVEPORT MADISON LOCAL	OH
533	3609840	EAST MEADOW UNION FREE SCHOOL DISTRICT	NY
533	3416500	TWP OF UNION BOARD OF EDUCATION	NJ
533	2714260	HOPKINS PUBLIC SCHOOL DISTRICT	MN
532	4831260	MONTGOMERY ISD	TX
532	4203960	BOYERTOWN AREA SD	PA
532	3410560	MONTCLAIR PUBLIC SCHOOLS	NJ
532	2600005	BATTLE CREEK PUBLIC SCHOOLS	MI
532	1802880	SCHOOL CITY OF EAST CHICAGO	IN
531	5401500	WAYNE COUNTY SCHOOLS	WV
531	2625980	NORTHVILLE PUBLIC SCHOOLS	MI
530	5504680	FOND DU LAC SCHOOL DISTRICT	WI
530	4845900	WILLIS ISD	TX
530	3619650	MONROE-WOODBURY CENTRAL SCHOOL DISTRICT	NY
530	3617160	LEVITTOWN UNION FREE SCHOOL DISTRICT	NY
530	3610620	ELMONT UNION FREE SCHOOL DISTRICT	NY
530	2914340	HICKMAN MILLS C-1	MO
530	2102860	HOPKINS COUNTY	KY
529	4823250	HIGHLAND PARK ISD	TX
529	4701470	GREENE COUNTY	TN
529	0803540	EAGLE COUNTY SCHOOL DISTRICT NO. RE 50	CO
528	5102360	MANASSAS CITY PBLC SCHS	VA
528	2926670	RIVERVIEW GARDENS	MO
528	2503660	CHICOPEE	MA
527	4110350	REDMOND SD 2J	OR
526	4814310	CLEBURNE ISD	TX
525	4202790	AVON GROVE SD	PA
525	1803930	GOSHEN COMMUNITY SCHOOLS	IN
525	0901260	EAST HARTFORD SCHOOL DISTRICT	CT
524	5501050	BELOIT SCHOOL DISTRICT	WI
524	3417760	WESTFIELD PUBLIC SCHOOLS	NJ
524	3413050	PISCATAWAY TOWNSHIP SCHOOLS	NJ
524	2005460	DERBY	KS
523	3412480	PARSIPPANY-TROY HILLS TOWNSHIP SCHOOLS	NJ
523	1917220	LINN-MAR COMM SCHOOL DISTRICT	IA
522	4503210	ORANGEBURG 05	SC
521	3407230	HILLSBOROUGH TOWNSHIP PUBLIC SCHOOL DISTRICT	NJ
521	2802430	LAUDERDALE CO SCHOOL DIST	MS
520	2630210	ROSEVILLE COMMUNITY SCHOOLS	MI
520	2505010	FRANKLIN	MA
520	2309930	PORTLAND PUBLIC SCHOOLS	ME
520	0401460	SIERRA VISTA UNIFIED DISTRICT	AZ
519	3610560	ELMIRA CITY SCHOOL DISTRICT	NY
519	1725290	MCHENRY CCSD 15	IL
518	4820280	GALVESTON ISD	TX
518	4211790	HEMPFIELD  SD	PA
518	3415330	SOUTH ORANGE-MAPLEWOOD SCHOOL DISTRICT	NJ
517	5514640	SUN PRAIRIE AREA SCHOOL DISTRICT	WI
517	3606870	CENTRAL ISLIP UNION FREE SCHOOL DISTRICT	NY
517	2510050	REVERE	MA
517	1302430	GORDON COUNTY	GA
516	4702190	KINGSPORT	TN
516	4221870	SOUDERTON AREA SD	PA
516	0904230	SOUTHINGTON SCHOOL DISTRICT	CT
515	4827720	LITTLE ELM ISD	TX
515	1200600	GADSDEN	FL
515	0603420	ATWATER ELEMENTARY	CA
515	0400001	CAVE CREEK UNIFIED DISTRICT	AZ
514	4704350	WARREN COUNTY	TN
514	3620820	NIAGARA FALLS CITY SCHOOL DISTRICT	NY
514	1813080	WESTFIELD-WASHINGTON SCHOOLS	IN
513	4832090	NACOGDOCHES ISD	TX
513	2200150	AVOYELLES PARISH	LA
513	1805370	KOKOMO SCHOOL CORPORATION	IN
513	0632760	RIO ELEMENTARY	CA
513	0100210	AUBURN CITY	AL
512	1800030	M S D SOUTHWEST ALLEN COUNTY SCHLS	IN
512	0902310	MANCHESTER SCHOOL DISTRICT	CT
511	0904440	STRATFORD SCHOOL DISTRICT	CT
510	5304470	LONGVIEW SCHOOL DISTRICT	WA
510	2802910	MERIDIAN PUBLIC SCHOOL DIST	MS
509	5516290	WEST BEND SCHOOL DISTRICT	WI
509	5308670	SUNNYSIDE SCHOOL DISTRICT	WA
509	3628200	THREE VILLAGE CENTRAL SCHOOL DISTRICT	NY
509	2201890	WEBSTER PARISH	LA
509	1802640	M S D DECATUR TOWNSHIP	IN
509	1718240	HARLEM UD 122	IL
508	5308040	SNOQUALMIE VALLEY SCHOOL DISTRICT	WA
508	3808130	GRAND FORKS 1	ND
507	3616290	KINGSTON CITY SCHOOL DISTRICT	NY
507	2512840	WEYMOUTH	MA
507	1808250	NORTHWEST ALLEN COUNTY SCHOOLS	IN
507	1712120	CCSD 62	IL
507	0636270	SELMA UNIFIED	CA
507	0103430	VESTAVIA HILLS CITY	AL
506	4702340	LAWRENCE COUNTY	TN
506	2503270	CAMBRIDGE	MA
506	0621930	LITTLE LAKE CITY ELEMENTARY	CA
505	5514490	STEVENS POINT AREA PUBLIC SCHOOL DISTRICT	WI
505	2617910	HARTLAND CONSOLIDATED SCHOOLS	MI
505	0902520	MILFORD SCHOOL DISTRICT	CT
504	5515990	WAUWATOSA SCHOOL DISTRICT	WI
504	3700960	COLUMBUS COUNTY SCHOOLS	NC
504	0904620	TRUMBULL SCHOOL DISTRICT	CT
504	0615270	GLENDORA UNIFIED	CA
503	1301890	LAURENS COUNTY	GA
503	0620790	LAKESIDE UNION ELEMENTARY	CA
502	0904950	WEST HAVEN SCHOOL DISTRICT	CT
500	3417580	WEST NEW YORK BOARD OF EDUCATION	NJ
500	0607950	CENTRAL ELEMENTARY	CA
499	4700570	CHEATHAM COUNTY	TN
499	3904550	MILFORD EXEMPTED VILLAGE	OH
499	3701170	DAVIE COUNTY SCHOOLS	NC
498	2635820	WEST BLOOMFIELD SCHOOL DISTRICT	MI
498	1809690	MERRILLVILLE COMMUNITY SCHOOL	IN
498	1733000	QUINCY SD 172	IL
498	0608760	CLAREMONT UNIFIED	CA
498	0403010	FLOWING WELLS UNIFIED DISTRICT	AZ
497	2732430	ROSEVILLE PUBLIC SCHOOL DISTRICT	MN
496	4204230	BRISTOL TOWNSHIP SD	PA
496	4108010	MCMINNVILLE SD 40	OR
496	3904823	WASHINGTON LOCAL	OH
496	2005580	DODGE CITY	KS
496	1734410	ROCK ISLAND SD 41	IL
496	0628080	OAKLEY UNION ELEMENTARY	CA
495	3704380	STOKES COUNTY SCHOOLS	NC
494	4821390	GRANBURY ISD	TX
493	2733790	ST. MICHAEL-ALBERTVILLE SCHOOL DIST	MN
493	2616380	GRAND HAVEN AREA PUBLIC SCHOOLS	MI
493	2201530	ST. JOHN THE BAPTIST PARISH	LA
493	1717280	GRANITE CITY CUSD 9	IL
492	5400300	FAYETTE COUNTY SCHOOLS	WV
492	3625770	SARATOGA SPRINGS CITY SCHOOL DISTRICT	NY
492	2706090	BRAINERD PUBLIC SCHOOL DISTRICT	MN
492	0625690	MOORPARK UNIFIED	CA
492	0600048	PASO ROBLES JOINT UNIFIED	CA
492	0101770	HOUSTON COUNTY	AL
491	4503840	YORK 02	SC
491	4102800	CENTENNIAL SD 28J	OR
491	3904395	EUCLID CITY	OH
491	2501950	ANDOVER	MA
491	0610260	CULVER CITY UNIFIED	CA
490	4842480	TEXARKANA ISD	TX
490	3702940	MCDOWELL COUNTY SCHOOLS	NC
490	3619320	MIDDLETOWN CITY SCHOOL DISTRICT	NY
490	1600510	CALDWELL DISTRICT	ID
489	4845540	WHITE SETTLEMENT ISD	TX
488	5305130	MONROE SCHOOL DISTRICT	WA
488	2922890	NORTHWEST R-I	MO
488	2101950	FLOYD COUNTY	KY
488	1300210	BALDWIN COUNTY	GA
487	3630780	WEST SENECA CENTRAL SCHOOL DISTRICT	NY
487	1303960	OCONEE COUNTY	GA
486	5305400	MOUNT VERNON SCHOOL DISTRICT	WA
486	0635090	SAN RAFAEL CITY ELEMENTARY	CA
485	2801860	HINDS CO SCHOOL DIST	MS
485	2506840	LEXINGTON	MA
485	1806570	MICHIGAN CITY AREA SCHOOLS	IN
485	0628710	ORCUTT UNION ELEMENTARY	CA
483	3904700	REYNOLDSBURG CITY	OH
483	1915450	JOHNSTON COMM SCHOOL DISTRICT	IA
483	1801890	CLARK-PLEASANT COM SCHOOL CORP	IN
483	0604020	BARSTOW UNIFIED	CA
482	5103810	TAZEWELL CO PBLC SCHS	VA
482	4810710	BOERNE ISD	TX
482	0600025	MANHATTAN BEACH UNIFIED	CA
481	4900600	MURRAY DISTRICT	UT
481	1805580	LAPORTE COMMUNITY SCHOOL CORP	IN
481	1711790	DANVILLE CCSD 118	IL
480	4020970	MUSKOGEE	OK
479	4824030	HUNTSVILLE ISD	TX
479	3904420	LANCASTER CITY	OH
479	2801620	GREENVILLE PUBLIC SCHOOLS	MS
479	1201830	SUWANNEE	FL
478	1926820	SOUTHEAST POLK COMM SCHOOL DISTRICT	IA
478	1700119	NORTH SHORE SD 112	IL
477	3608160	CONNETQUOT CENTRAL SCHOOL DISTRICT	NY
477	3500030	ALAMOGORDO PUBLIC SCHOOLS	NM
477	1304440	ROME CITY	GA
477	0630780	PLACERVILLE UNION ELEMENTARY	CA
476	5501770	ELMBROOK SCHOOL DISTRICT	WI
476	1739510	TROY CCSD 30C	IL
475	3703540	ELIZABETH CITY-PASQUOTANK PUBLIC SCHOOLS	NC
475	3628560	SYOSSET CENTRAL SCHOOL DISTRICT	NY
475	1712000	DEKALB CUSD 428	IL
475	0901620	GLASTONBURY SCHOOL DISTRICT	CT
474	5103090	PRINCE GEORGE CO PBLC SCHS	VA
474	4501830	COLLETON 01	SC
474	3904360	BEREA CITY	OH
474	2602790	ANCHOR BAY SCHOOL DISTRICT	MI
474	1802800	DUNELAND SCHOOL CORPORATION	IN
474	0640300	UKIAH UNIFIED	CA
473	3704200	SCOTLAND COUNTY SCHOOLS	NC
473	3170110	ELKHORN PUBLIC SCHOOLS	NE
473	2926640	RITENOUR	MO
473	2503540	CHELSEA	MA
473	0904740	WALLINGFORD SCHOOL DISTRICT	CT
472	5305760	NORTH KITSAP SCHOOL DISTRICT	WA
472	5104080	WISE CO PBLC SCHS	VA
472	4107020	KLAMATH COUNTY SD	OR
472	3500300	CARLSBAD MUNICIPAL SCHOOLS	NM
472	2009140	MAIZE	KS
472	1730840	PARK RIDGE CCSD 64	IL
472	1710650	COLLINSVILLE CUSD 10	IL
472	1705220	BATAVIA USD 101	IL
472	1703150	ADDISON SD 4	IL
471	4826670	LANCASTER ISD	TX
471	2510770	SHREWSBURY	MA
471	2506270	HOLYOKE	MA
470	3905042	SPRINGBORO COMMUNITY CITY	OH
470	1743330	WOODSTOCK CUSD 200	IL
469	5507530	LA CROSSE SCHOOL DISTRICT	WI
469	4701290	FRANKLIN COUNTY	TN
469	3629280	UNIONDALE UNION FREE SCHOOL DISTRICT	NY
469	3417610	WEST ORANGE PUBLIC SCHOOLS	NJ
468	4107230	LAKE OSWEGO SD 7J	OR
468	4103480	CORVALLIS SD 509J	OR
468	3400960	ATLANTIC CITY PUBLIC SCHOOLS	NJ
468	2931440	WAYNESVILLE R-VI	MO
468	2636485	WOODHAVEN-BROWNSTOWN SCHOOL DISTRICT	MI
468	2009180	MANHATTAN-OGDEN	KS
467	4700090	ANDERSON COUNTY	TN
467	3621270	NORTHPORT-EAST NORTHPORT UNION FREE SCHOOL DISTRICT	NY
467	2801710	GULFPORT SCHOOL DIST	MS
466	4110710	DOUGLAS COUNTY SD 4	OR
466	2200630	EVANGELINE PARISH	LA
465	2930450	TROY R-III	MO
464	4808310	ANGLETON ISD	TX
464	2618840	HUDSONVILLE PUBLIC SCHOOL DISTRICT	MI
464	1303270	LEE COUNTY	GA
463	5101110	DANVILLE CITY PBLC SCHS	VA
463	2003360	ANDOVER	KS
463	1001620	SMYRNA SCHOOL DISTRICT	DE
463	0404280	LAKE HAVASU UNIFIED DISTRICT	AZ
462	5400690	LOGAN COUNTY SCHOOLS	WV
462	4207230	DALLASTOWN AREA SD	PA
462	2708100	CENTENNIAL PUBLIC SCHOOL DISTRICT	MN
462	0101320	ENTERPRISE CITY	AL
461	4901110	WASATCH DISTRICT	UT
461	4842510	TEXAS CITY ISD	TX
461	3904875	HUBER HEIGHTS CITY	OH
461	2400720	WORCESTER COUNTY PUBLIC SCHOOLS	MD
461	1811970	VALPARAISO COMMUNITY SCHOOLS	IN
461	1305430	WARE COUNTY	GA
460	4837740	ROMA ISD	TX
460	4829160	MARSHALL ISD	TX
460	1602670	POST FALLS DISTRICT	ID
460	0508040	WEST MEMPHIS SCHOOL DISTRICT	AR
459	4815330	CORSICANA ISD	TX
459	4211760	HEMPFIELD AREA SD	PA
459	3610890	FAIRPORT CENTRAL SCHOOL DISTRICT	NY
459	3200090	DOUGLAS COUNTY SCHOOL DISTRICT	NV
459	2626130	NOVI COMMUNITY SCHOOL DISTRICT	MI
459	2506780	LEOMINSTER	MA
458	5510320	NEENAH JOINT SCHOOL DISTRICT	WI
458	5309450	WALLA WALLA PUBLIC SCHOOLS	WA
458	4105160	FOREST GROVE SD 15	OR
458	2502670	BILLERICA	MA
458	2102010	FRANKLIN COUNTY	KY
458	1703600	ALTON CUSD 11	IL
458	0405670	OSBORN ELEMENTARY DISTRICT	AZ
457	5103510	SHENANDOAH CO PBLC SCHS	VA
457	4401200	WOONSOCKET	RI
457	3500390	CENTRAL CONSOLIDATED SCHOOLS	NM
457	1741550	WEST CHICAGO ESD 33	IL
456	3627300	SOUTH HUNTINGTON UNION FREE SCHOOL DISTRICT	NY
456	3617380	LINDENHURST UNION FREE SCHOOL DISTRICT	NY
456	3611550	FREEPORT UNION FREE SCHOOL DISTRICT	NY
456	3604870	BINGHAMTON CITY SCHOOL DISTRICT	NY
456	0805790	MONTROSE COUNTY SCHOOL DISTRICT RE-1J	CO
455	4218930	PERKIOMEN VALLEY SD	PA
455	4113530	WOODBURN SD 103	OR
454	2510890	SOMERVILLE	MA
452	4205490	CENTRAL YORK SD	PA
452	0600065	DINUBA UNIFIED	CA
451	3410500	MONROE TOWNSHIP BOARD OF EDUCATION	NJ
451	0513410	VAN BUREN SCHOOL DISTRICT	AR
450	3178660	WESTSIDE COMMUNITY SCHOOLS	NE
449	3411490	NORTH BRUNSWICK TOWNSHIP PUBLIC SCHOOLS	NJ
449	0901860	HAMDEN SCHOOL DISTRICT	CT
448	4835070	PLAINVIEW ISD	TX
448	4102040	BETHEL SD 52	OR
448	2200180	BEAUREGARD PARISH	LA
447	4824100	HUTTO ISD	TX
447	3703630	PERSON COUNTY SCHOOLS	NC
447	3413830	RIDGEWOOD PUBLIC SCHOOLS	NJ
447	1201140	LEVY	FL
447	0405530	NOGALES UNIFIED DISTRICT	AZ
446	3410950	MOUNT LAUREL TOWNSHIP SCHOOL DISTRICT	NJ
446	3408220	LAKEWOOD TOWNSHIP	NJ
446	2200990	LINCOLN PARISH	LA
446	0404320	LIBERTY ELEMENTARY DISTRICT	AZ
445	4830250	MERCEDES ISD	TX
445	4503030	NEWBERRY 01	SC
445	3405640	FREEHOLD TOWNSHIP SCHOOL DISTRICT	NJ
445	2923730	RAYMORE-PECULIAR R-II	MO
445	1720760	KANKAKEE SD 111	IL
444	5509510	MIDDLETON-CROSS PLAINS AREA SCHOOL DISTRICT	WI
444	4214580	MANHEIM TOWNSHIP SD	PA
444	3904493	UPPER ARLINGTON CITY	OH
444	3610980	FARMINGDALE UNION FREE SCHOOL DISTRICT	NY
444	0632640	RINCON VALLEY UNION ELEMENTARY	CA
443	3904499	WARREN CITY	OH
443	3904421	LEBANON CITY	OH
443	2502940	BRAINTREE	MA
442	4700510	CARTER COUNTY	TN
442	4700420	CAMPBELL COUNTY	TN
442	4028680	STILLWATER	OK
442	3410470	MONROE TOWNSHIP BOARD OF EDUCATION	NJ
442	2707200	BUFFALO-HANOVER-MONTROSE PUBLIC SCH	MN
442	2621180	LAPEER COMMUNITY SCHOOLS	MI
442	0625320	MONROVIA UNIFIED	CA
442	0508280	JONESBORO SCHOOL DISTRICT	AR
442	0407300	SAHUARITA UNIFIED DISTRICT	AZ
442	0403990	J O COMBS UNIFIED SCHOOL DISTRICT	AZ
441	3904439	MIAMISBURG CITY	OH
441	2509630	PITTSFIELD	MA
441	0609940	COTATI-ROHNERT PARK UNIFIED	CA
440	2509360	PEABODY	MA
439	3904484	STRONGSVILLE CITY	OH
439	3703120	MOORESVILLE GRADED SCHOOL DISTRICT	NC
439	2624150	MONROE PUBLIC SCHOOLS	MI
439	0905040	WESTPORT SCHOOL DISTRICT	CT
439	0632310	RESCUE UNION ELEMENTARY	CA
438	0621330	LEMON GROVE	CA
437	5300810	CAMAS SCHOOL DISTRICT	WA
437	4818540	ENNIS ISD	TX
437	4226580	WILSON  SD	PA
437	3616620	LAKELAND CENTRAL SCHOOL DISTRICT	NY
437	3408820	LIVINGSTON PUBLIC SCHOOLS	NJ
437	2503030	BRIDGEWATER-RAYNHAM	MA
437	1719290	HINSDALE CCSD 181	IL
437	1717520	GRAYSLAKE CCSD 46	IL
437	0804260	ROARING FORK SCHOOL DISTRICT NO. RE-1	CO
437	0101830	JACKSON COUNTY	AL
436	4702520	LOUDON COUNTY	TN
436	3702430	KANNAPOLIS CITY SCHOOLS	NC
436	3616680	LANCASTER CENTRAL SCHOOL DISTRICT	NY
436	1601770	KUNA JOINT DISTRICT	ID
436	0630030	PATTERSON JOINT UNIFIED	CA
435	3623160	PITTSFORD CENTRAL SCHOOL DISTRICT	NY
435	2508370	NEEDHAM	MA
435	1743960	YORKVILLE CUSD 115	IL
435	0636800	SIERRA SANDS UNIFIED	CA
435	0632040	REDDING ELEMENTARY	CA
434	5305940	OAK HARBOR SCHOOL DISTRICT	WA
434	3904699	NEW ALBANY-PLAIN LOCAL	OH
434	2617520	HAMTRAMCK SCHOOL DISTRICT OF THE CITY OF	MI
434	1802830	ZIONSVILLE COMMUNITY SCHOOLS	IN
434	0614790	GALT JOINT UNION ELEMENTARY	CA
433	4211670	HAVERFORD TOWNSHIP SD	PA
433	4205190	CENTENNIAL SD	PA
433	2003200	AUBURN WASHBURN	KS
432	4812780	CANUTILLO ISD	TX
432	2922530	NIXA PUBLIC SCHOOLS	MO
432	1726310	MINOOKA CCSD 201	IL
432	0606570	BURTON ELEMENTARY	CA
431	5605302	SWEETWATER COUNTY SCHOOL DISTRICT #1	WY
431	2504770	EVERETT	MA
430	5309100	TUMWATER SCHOOL DISTRICT	WA
430	4819380	FLOUR BLUFF ISD	TX
430	1716380	GENEVA CUSD 304	IL
430	0100006	MARSHALL COUNTY	AL
429	4809200	AZLE ISD	TX
429	4220100	RED LION AREA SD	PA
429	3705040	YADKIN COUNTY SCHOOLS	NC
429	2502190	ATTLEBORO	MA
428	3904993	PLAIN LOCAL	OH
428	3004560	BOZEMAN ELEM	MT
428	1718570	HAWTHORN CCSD 73	IL
427	3904379	CLEVELAND HEIGHTS-UNIVERSITY HEIGHTS CITY	OH
427	1804710	HUNTINGTON CO COM SCH CORP	IN
427	0101620	GADSDEN CITY	AL
426	5101620	GLOUCESTER CO PBLC SCHS	VA
426	1200750	HARDEE	FL
425	3904387	DELAWARE CITY	OH
425	2636660	ZEELAND PUBLIC SCHOOLS	MI
425	2624840	MUSKEGON PUBLIC SCHOOLS OF THE CITY OF	MI
425	2600016	CRESTWOOD SCHOOL DISTRICT	MI
425	2200810	JEFFERSON DAVIS PARISH	LA
425	1706480	BLOOMINGTON SD 87	IL
425	0631860	RAVENSWOOD CITY ELEMENTARY	CA
425	0612810	ENTERPRISE ELEMENTARY	CA
424	2636630	YPSILANTI COMMUNITY SCHOOLS	MI
423	5506690	HUDSON SCHOOL DISTRICT	WI
423	4105910	GRANTS PASS SD 7	OR
423	3414670	SCOTCH PLAINS-FANWOOD SCHOOL DISTRICT	NJ
423	2606870	BRIGHTON AREA SCHOOLS	MI
423	1721900	LAKE ZURICH CUSD 95	IL
422	5510830	OAK CREEK-FRANKLIN JOINT SCHOOL DISTRICT	WI
422	4217370	NORTHAMPTON AREA SD	PA
422	4003630	BARTLESVILLE	OK
422	3904985	JACKSON LOCAL	OH
422	3401830	BLOOMFIELD BOARD OF EDUCATION	NJ
422	3172390	KEARNEY PUBLIC SCHOOLS	NE
422	2721420	MOORHEAD PUBLIC SCHOOL DISTRICT	MN
421	3700090	ALEXANDER COUNTY SCHOOLS	NC
420	0635730	SANTA PAULA ELEM	CA
419	3624690	RIVERHEAD CENTRAL SCHOOL DISTRICT	NY
419	2918690	LINDBERGH SCHOOLS	MO
419	1301710	DECATUR COUNTY	GA
418	3414640	SAYREVILLE PUBLIC SCHOOLS	NJ
417	4700690	CLEVELAND	TN
417	4202590	ARMSTRONG SD	PA
417	2923430	OZARK R-VI	MO
417	0631710	RAMONA CITY UNIFIED	CA
416	4821720	GREENVILLE ISD	TX
416	4226460	WILLIAMSPORT AREA SD	PA
416	3904419	LAKEWOOD CITY	OH
416	2803360	OCEAN SPRINGS SCHOOL DIST	MS
416	0636990	SOLANA BEACH ELEMENTARY	CA
416	0605790	BRAWLEY ELEMENTARY	CA
415	4219890	QUAKERTOWN COMMUNITY SD	PA
415	3612510	GREAT NECK UNION FREE SCHOOL DISTRICT	NY
415	2501980	ARLINGTON	MA
414	5101770	HALIFAX CO PBLC SCHS	VA
414	4818060	EDCOUCH-ELSA ISD	TX
414	4502610	LAURENS 55	SC
414	4215270	MIDLAND BOROUGH SD	PA
414	3621570	OCEANSIDE UNION FREE SCHOOL DISTRICT	NY
414	3500690	DEMING PUBLIC SCHOOLS	NM
414	2616470	GRANDVILLE PUBLIC SCHOOLS	MI
414	2611430	DAVISON COMMUNITY SCHOOLS	MI
414	1600660	CASSIA COUNTY JOINT DISTRICT	ID
414	0903120	NORWICH SCHOOL DISTRICT	CT
414	0902490	MIDDLETOWN SCHOOL DISTRICT	CT
413	5513170	D C EVEREST AREA SCHOOL DISTRICT	WI
413	4844430	WALLER ISD	TX
413	3418060	WINSLOW TOWNSHIP SCHOOL DISTRICT	NJ
413	1305550	WAYNE COUNTY	GA
413	0901470	ENFIELD SCHOOL DISTRICT	CT
412	3604080	BAY SHORE UNION FREE SCHOOL DISTRICT	NY
412	3407890	KEARNY	NJ
412	3402250	BRIDGETON PUBLIC SCHOOLS	NJ
412	2201410	ST. BERNARD PARISH	LA
412	2100081	MUHLENBERG COUNTY	KY
412	1303150	JONES COUNTY	GA
412	0624570	MENLO PARK CITY ELEMENTARY	CA
411	3404890	EVESHAM TOWNSHIP SCHOOL DISTRICT	NJ
411	2923700	PATTONVILLE R-III	MO
411	2512630	WESTFIELD	MA
411	1200420	DESOTO	FL
411	0402530	DOUGLAS UNIFIED DISTRICT	AZ
410	4702820	MCMINN COUNTY	TN
410	4501530	CHESTER 01	SC
410	4007620	CHOCTAW-NICOMA PARK	OK
410	3904547	MARYSVILLE EXEMPTED VILLAGE	OH
410	2925450	POPLAR BLUFF R-I	MO
410	2512270	WELLESLEY	MA
410	0627450	NORRIS ELEMENTARY	CA
410	0406730	PRESCOTT UNIFIED DISTRICT	AZ
409	4215290	MIFFLIN COUNTY SD	PA
409	4106300	HERMISTON SD 8	OR
409	2618480	HOLT PUBLIC SCHOOLS	MI
409	1809510	RICHMOND COMMUNITY SCHOOLS	IN
409	0605880	BREA-OLINDA UNIFIED	CA
408	3603870	BALDWINSVILLE CENTRAL SCHOOL DISTRICT	NY
408	3401650	BERNARDS TOWNSHIP PUBLIC SCHOOLS	NJ
408	1742600	WILMETTE SD 39	IL
408	1710470	CCSD 93	IL
408	0400790	APACHE JUNCTION UNIFIED DISTRICT	AZ
407	4701260	FRANKLIN SSD	TN
407	3625170	RUSH-HENRIETTA CENTRAL SCHOOL DISTRICT	NY
407	1706090	BERWYN SOUTH SD 100	IL
406	4819950	FRIENDSWOOD ISD	TX
406	4818810	EVERMAN ISD	TX
406	2502310	BARNSTABLE	MA
405	4702670	MARSHALL COUNTY	TN
405	3904467	PRINCETON CITY	OH
405	2400180	CAROLINE COUNTY PUBLIC SCHOOLS	MD
405	1806510	M S D MARTINSVILLE SCHOOLS	IN
405	0401500	BULLHEAD CITY SCHOOL DISTRICT	AZ
404	4807800	ALICE ISD	TX
404	2636570	WYOMING PUBLIC SCHOOLS	MI
404	2504890	FITCHBURG	MA
404	1200060	BAKER	FL
404	0500026	PINE BLUFF SCHOOL DISTRICT	AR
403	4226390	WILLIAM PENN SD	PA
403	3408610	LINDEN CITY BOARD OF EDUCATION	NJ
403	2632340	SOUTHGATE COMMUNITY SCHOOL DISTRICT	MI
403	2503510	CHELMSFORD	MA
402	3200360	NYE COUNTY SCHOOL DISTRICT	NV
402	2800630	BILOXI PUBLIC SCHOOL DIST	MS
402	2512660	WESTFORD	MA
402	1806840	SCHOOL CITY OF MISHAWAKA	IN
401	5302310	EASTMONT SCHOOL DISTRICT	WA
401	4840920	SOUTHSIDE ISD	TX
401	4400330	EAST PROVIDENCE	RI
401	3618240	MAMARONECK UNION FREE SCHOOL DISTRICT	NY
401	2704440	BEMIDJI PUBLIC SCHOOL DISTRICT	MN
401	2508340	NATICK	MA
401	2101200	CLARK COUNTY	KY
401	0634425	SAN GABRIEL UNIFIED	CA
400	1719500	HOMER CCSD 33C	IL
399	3904872	NORTHMONT CITY	OH
399	3904475	SHAKER HEIGHTS CITY	OH
399	3623010	PINE BUSH CENTRAL SCHOOL DISTRICT	NY
398	5103870	WARREN CO PBLC SCHS	VA
398	3904483	STOW-MUNROE FALLS CITY SCHOOL DISTRICT	OH
398	1601920	MADISON DISTRICT	ID
397	5506630	HOWARD-SUAMICO SCHOOL DISTRICT	WI
397	1807860	NORTH LAWRENCE COM SCHOOLS	IN
397	0512060	RUSSELLVILLE SCHOOL DISTRICT	AR
396	4220370	RIDLEY SD	PA
395	2201860	WASHINGTON PARISH	LA
395	2006420	GARDNER EDGERTON	KS
394	3413650	RANDOLPH TOWNSHIP SCHOOLS	NJ
393	5310140	YELM SCHOOL DISTRICT	WA
393	5102010	ISLE OF WIGHT CO PBLC SCHS	VA
393	4703000	MONROE COUNTY	TN
393	2733330	SPRING LAKE PARK PUBLIC SCHOOLS	MN
393	2006540	GODDARD	KS
393	1721270	KIRBY SD 140	IL
393	0639630	TRAVIS UNIFIED	CA
392	5300660	BREMERTON SCHOOL DISTRICT	WA
392	5300240	ARLINGTON SCHOOL DISTRICT	WA
392	5100060	ACCOMACK CO PBLC SCHS	VA
392	4218270	OWEN J ROBERTS SD	PA
392	4216110	MT LEBANON SD	PA
392	4108720	NEWBERG SD 29J	OR
392	3910000	FINDLAY CITY	OH
392	3404320	EAST WINDSOR REGIONAL SCHOOL DISTRICT	NJ
392	1920130	MUSCATINE COMM SCHOOL DISTRICT	IA
392	0608190	CHARTER OAK UNIFIED	CA
391	2630090	ROMEO COMMUNITY SCHOOLS	MI
391	2612450	EAST DETROIT PUBLIC SCHOOLS	MI
391	0904050	SHELTON SCHOOL DISTRICT	CT
390	4400270	CUMBERLAND	RI
390	3624900	ROME CITY SCHOOL DISTRICT	NY
390	3500900	ESPANOLA PUBLIC SCHOOLS	NM
390	2618420	HOLLAND CITY SCHOOL DISTRICT	MI
390	2307320	LEWISTON PUBLIC SCHOOLS	ME
390	0903810	RIDGEFIELD SCHOOL DISTRICT	CT
389	4900750	PARK CITY DISTRICT	UT
389	3405190	FLEMINGTON-RARITAN REGIONAL SCHOOL DISTRICT	NJ
389	2607620	CALEDONIA COMMUNITY SCHOOLS	MI
389	1716800	GLEN ELLYN SD 41	IL
389	1705610	BELLEVILLE SD 118	IL
388	3600971	NORTH COLONIE CSD	NY
387	4222860	STROUDSBURG AREA SD	PA
387	3623580	PORT WASHINGTON UNION FREE SCHOOL DISTRICT	NY
387	3615630	JAMESTOWN CITY SCHOOL DISTRICT	NY
387	3302610	DERRY SCHOOL DISTRICT	NH
387	2904620	BELTON 124	MO
387	1201950	WAKULLA	FL
387	0806240	GARFIELD SCHOOL DISTRICT NO. RE-2	CO
387	0630230	PETALUMA CITY ELEMENTARY	CA
386	4824590	JACKSONVILLE ISD	TX
386	4702370	LEBANON	TN
386	4219290	PLEASANT VALLEY SD	PA
386	4111290	SHERWOOD SD 88J	OR
386	3621900	ORCHARD PARK CENTRAL SCHOOL DISTRICT	NY
386	3614340	HICKSVILLE UNION FREE SCHOOL DISTRICT	NY
386	1000170	CAPE HENLOPEN SCHOOL DISTRICT	DE
385	4503810	YORK 01	SC
385	3615570	ITHACA CITY SCHOOL DISTRICT	NY
385	2008730	LIBERAL	KS
385	1706510	COOK COUNTY SD 130	IL
385	0604530	BELMONT-REDWOOD SHORES ELEMENTARY	CA
385	0603270	ARVIN UNION	CA
385	0600034	WINDSOR UNIFIED	CA
384	4702700	MARYVILLE	TN
384	4217940	NORWIN SD	PA
384	3700390	BLADEN COUNTY SCHOOLS	NC
384	2201230	PLAQUEMINES PARISH	LA
384	0901050	DARIEN SCHOOL DISTRICT	CT
384	0641250	WALNUT CREEK ELEMENTARY	CA
383	5309180	UNIVERSITY PLACE SCHOOL DISTRICT	WA
383	5101860	HARRISONBURG CITY PBLC SCHS	VA
383	2507320	MARLBOROUGH	MA
383	0902910	NEWTOWN SCHOOL DISTRICT	CT
383	0637560	SOUTH WHITTIER ELEMENTARY	CA
382	4836000	PROSPER ISD	TX
382	4004500	BIXBY	OK
382	2604830	BENTON HARBOR AREA SCHOOLS	MI
382	1713140	EAST MAINE SD 63	IL
381	4204890	CANON-MCMILLAN SD	PA
381	1600270	BLACKFOOT DISTRICT	ID
380	4214250	METHACTON SD	PA
380	4205010	CARLISLE AREA SD	PA
380	3910014	RIVERSIDE LOCAL	OH
380	3904486	SYCAMORE COMMUNITY CITY	OH
380	3701110	DARE COUNTY SCHOOLS	NC
380	2802730	LOWNDES CO SCHOOL DIST	MS
379	4225950	WYOMING VALLEY WEST SD	PA
379	2707410	CAMBRIDGE-ISANTI PUBLIC SCHOOL DIST	MN
379	2630300	SCHOOL DISTRICT OF THE CITY OF ROYAL OAK	MI
379	2201110	MOREHOUSE PARISH	LA
379	0638980	TEMPLE CITY UNIFIED	CA
378	5515330	VERONA AREA SCHOOL DISTRICT	WI
378	5401050	OHIO COUNTY SCHOOLS	WV
378	4400210	COVENTRY	RI
378	3700240	ASHEBORO CITY SCHOOLS	NC
378	3623220	PLAINVIEW-OLD BETHPAGE CENTRAL SCHOOL DISTRICT	NY
378	3410320	MILLVILLE BOARD OF EDUCATION	NJ
378	2916770	KIRKWOOD R-VII	MO
378	1803690	FRANKLIN COMMUNITY SCHOOL CORP	IN
378	1304620	SUMTER COUNTY	GA
377	3904829	AUSTINTOWN LOCAL	OH
377	3904422	LIMA CITY	OH
377	3410810	MORRIS SCHOOL DISTRICT	NJ
376	1907860	COLLEGE COMM SCHOOL DISTRICT	IA
375	5309720	WEST VALLEY SCHOOL DISTRICT (YAKIMA)	WA
375	5102820	ORANGE CO PBLC SCHS	VA
375	3405760	GARFIELD PUBLIC SCHOOL DISTRICT	NJ
375	2200039	ZACHARY COMMUNITY SCHOOL DISTRICT	LA
375	1738220	SUMMIT HILL SD 161	IL
375	0619490	KERMAN UNIFIED	CA
375	0607140	CAMBRIAN	CA
375	0600062	OAKDALE JOINT UNIFIED	CA
374	5308460	STEILACOOM HIST. SCHOOL DISTRICT	WA
374	4218630	PENN MANOR SD	PA
374	3625950	SCARSDALE UNION FREE SCHOOL DISTRICT	NY
374	3412270	ORANGE BOARD OF EDUCATION	NJ
374	3410200	MILLBURN TOWNSHIP SCHOOLS	NJ
374	2733540	ST. FRANCIS PUBLIC SCHOOL DISTRICT	MN
374	2508730	NORTH ATTLEBOROUGH	MA
374	0621450	RICHLAND UNION ELEMENTARY	CA
373	5400390	GREENBRIER COUNTY SCHOOLS	WV
373	4831760	MOUNT PLEASANT ISD	TX
373	4815750	CROSBY ISD	TX
373	0607740	CASTAIC UNION	CA
372	5300003	KELSO SCHOOL DISTRICT	WA
372	4838220	ROYSE CITY ISD	TX
372	4210590	GARNET VALLEY SD	PA
372	2614820	FRASER PUBLIC SCHOOLS	MI
372	1724480	KANELAND CUSD 302	IL
372	0635590	SANTA CRUZ CITY ELEMENTARY	CA
371	3608400	CORNING CITY SCHOOL DISTRICT	NY
371	2912290	FORT OSAGE R-I	MO
371	2604470	BEDFORD PUBLIC SCHOOLS	MI
371	1808970	PLAINFIELD COMMUNITY SCH CORP	IN
371	1601570	JEFFERSON COUNTY JT DISTRICT	ID
371	0641400	WASCO UNION ELEMENTARY	CA
370	3405730	GALLOWAY TOWNSHIP PUBLIC SCHOOLS	NJ
370	2630660	SALINE AREA SCHOOLS	MI
370	2103150	KNOX COUNTY	KY
370	2007620	HUTCHINSON PUBLIC SCHOOLS	KS
370	1802400	CONCORD COMMUNITY SCHOOLS	IN
369	3904383	CUYAHOGA FALLS CITY	OH
369	3702190	HICKORY CITY SCHOOLS	NC
369	2926220	REPUBLIC R-III	MO
369	2508700	NORTH ANDOVER	MA
369	2104050	MEADE COUNTY	KY
369	2103810	MARSHALL COUNTY	KY
369	1729760	O FALLON CCSD 90	IL
369	1304890	THOMAS COUNTY	GA
368	4503480	SPARTANBURG 01	SC
368	4224820	WARREN COUNTY SD	PA
368	4206660	CONNELLSVILLE AREA SD	PA
368	3904820	ANTHONY WAYNE LOCAL	OH
368	3904429	MANSFIELD CITY	OH
368	2927830	SEDALIA 200	MO
368	2616410	GRAND LEDGE PUBLIC SCHOOLS	MI
368	2510380	SALEM	MA
368	1918720	MARSHALLTOWN COMM SCHOOL DISTRICT	IA
368	0620310	LAFAYETTE ELEMENTARY	CA
367	3630690	WEST ISLIP UNION FREE SCHOOL DISTRICT	NY
367	2928920	ST. CHARLES R-VI	MO
367	1731080	PEKIN PSD 108	IL
367	0803480	DURANGO SCHOOL DISTRICT NO. 9-R	CO
367	0100330	BESSEMER CITY	AL
366	4900240	DUCHESNE DISTRICT	UT
366	4211610	HATBORO-HORSHAM SD	PA
366	3904558	PERRYSBURG EXEMPTED VILLAGE	OH
366	3904433	MARION CITY	OH
366	3613080	GUILDERLAND CENTRAL SCHOOL DISTRICT	NY
366	2513200	WOBURN	MA
366	0904590	TORRINGTON SCHOOL DISTRICT	CT
366	0901770	GROTON SCHOOL DISTRICT	CT
366	0102040	LAWRENCE COUNTY	AL
365	4900930	SEVIER DISTRICT	UT
365	3904515	XENIA COMMUNITY CITY	OH
365	3611670	FRONTIER CENTRAL SCHOOL DISTRICT	NY
365	2507560	MEDFORD	MA
365	2200750	IBERVILLE PARISH	LA
365	1906510	CEDAR FALLS COMM SCHOOL DISTRICT	IA
365	0803330	DELTA COUNTY JOINT DISTRICT NO. 50	CO
365	0200001	LOWER KUSKOKWIM SCHOOL DISTRICT	AK
365	0101350	ESCAMBIA COUNTY	AL
364	5100420	BOTETOURT CO PBLC SCHS	VA
364	4832280	NEDERLAND ISD	TX
364	4824930	JOSHUA ISD	TX
364	4503780	WILLIAMSBURG 01	SC
364	1740350	SD 45 DUPAGE COUNTY	IL
364	0401050	BALSZ ELEMENTARY DISTRICT	AZ
363	5510890	OCONOMOWOC AREA SCHOOL DISTRICT	WI
363	5508610	MANITOWOC SCHOOL DISTRICT	WI
363	3623760	POUGHKEEPSIE CITY SCHOOL DISTRICT	NY
363	2512000	WALTHAM	MA
363	2104250	MONTGOMERY COUNTY	KY
363	1303480	MADISON COUNTY	GA
363	0637200	SONOMA VALLEY UNIFIED	CA
363	0637050	SOLEDAD UNIFIED	CA
363	0634290	SAN CARLOS ELEMENTARY	CA
363	0611910	EASTSIDE UNION ELEMENTARY	CA
362	4207530	DELAWARE VALLEY SD	PA
362	3607590	CLARENCE CENTRAL SCHOOL DISTRICT	NY
362	2501680	ACTON	MA
362	1706060	BERWYN NORTH SD 98	IL
361	4825590	KERRVILLE ISD	TX
361	2513110	WINCHESTER	MA
361	2102540	HARLAN COUNTY	KY
361	1805190	JENNINGS COUNTY SCHOOLS	IN
361	1302460	GRADY COUNTY	GA
361	0502960	BENTON SCHOOL DISTRICT	AR
360	4024690	PONCA CITY	OK
360	2801200	COLUMBUS MUNICIPAL SCHOOL DIST	MS
359	5517070	WISCONSIN RAPIDS SCHOOL DISTRICT	WI
359	4844160	VIDOR ISD	TX
359	4834980	PINE TREE ISD	TX
359	3617670	LOCKPORT CITY SCHOOL DISTRICT	NY
359	2627240	OXFORD COMMUNITY SCHOOLS	MI
358	5400540	JACKSON COUNTY SCHOOLS	WV
358	4816410	DAYTON ISD	TX
358	4702310	LAUDERDALE COUNTY	TN
358	4216500	WOODLAND HILLS SD	PA
358	2804050	SOUTH PANOLA SCHOOL DISTRICT	MS
358	2621600	LINCOLN PARK SCHOOL DISTRICT OF THE CITY OF	MI
358	2606090	BLOOMFIELD HILLS SCHOOLS	MI
358	2200510	DESOTO PARISH	LA
357	2703450	AUSTIN PUBLIC SCHOOL DISTRICT	MN
356	4827870	LOCKHART ISD	TX
356	4700630	CLAIBORNE COUNTY	TN
356	1300870	CARROLLTON CITY	GA
355	5102280	LOUISA CO PBLC SCHS	VA
355	4815180	LUBBOCK-COOPER ISD	TX
355	4800008	DRIPPING SPRINGS ISD	TX
355	4219050	PHOENIXVILLE AREA SD	PA
355	3603840	BALDWIN UNION FREE SCHOOL DISTRICT	NY
355	3412810	PEMBERTON TOWNSHIP SCHOOLS	NJ
355	2731750	RICHFIELD PUBLIC SCHOOL DISTRICT	MN
355	2100300	BARREN COUNTY	KY
355	1601860	LEWISTON INDEPENDENT DISTRICT	ID
355	0607900	CENTER JOINT UNIFIED	CA
354	3904427	LOVELAND CITY	OH
354	3608310	COPIAGUE UNION FREE SCHOOL DISTRICT	NY
354	3604710	BETHLEHEM CENTRAL SCHOOL DISTRICT	NY
354	2801090	CLINTON PUBLIC SCHOOL DIST	MS
354	2618450	HOLLY AREA SCHOOL DISTRICT	MI
354	0621360	LEMOORE UNION ELEMENTARY	CA
354	0603840	BANNING UNIFIED	CA
353	5502550	CHIPPEWA FALLS AREA UNIFIED SCHOOL DISTRICT	WI
353	4817610	DUMAS ISD	TX
353	4213440	LEBANON SD	PA
353	4107500	LINCOLN COUNTY SD	OR
353	3904660	SOLON CITY	OH
353	3408940	LONG BRANCH PUBLIC SCHOOLS	NJ
353	2728050	OWATONNA PUBLIC SCHOOL DISTRICT	MN
353	1711250	CRETE MONEE CUSD 201U	IL
353	1302700	HARRIS COUNTY	GA
353	0200210	JUNEAU BOROUGH SCHOOL DISTRICT	AK
352	5302850	FERNDALE SCHOOL DISTRICT	WA
352	3500180	BELEN CONSOLIDATED SCHOOLS	NM
352	2101020	CARTER COUNTY	KY
352	0505680	EL DORADO SCHOOL DISTRICT	AR
352	0401760	CATALINA FOOTHILLS UNIFIED DISTRICT	AZ
351	5507470	KIMBERLY AREA SCHOOL DISTRICT	WI
351	4843800	VALLEY VIEW ISD	TX
351	3904992	PERRY LOCAL	OH
351	3904492	TROY CITY	OH
351	2506090	HINGHAM	MA
351	0900750	CHESHIRE SCHOOL DISTRICT	CT
351	0807350	WELD COUNTY REORGANIZED SCHOOL DISTRICT NO. RE-4	CO
351	0613080	EUREKA UNION	CA
351	0513110	TEXARKANA SCHOOL DISTRICT	AR
350	4106900	THREE RIVERS/JOSEPHINE COUNTY SD	OR
350	3630630	WEST GENESEE CENTRAL SCHOOL DISTRICT	NY
350	3627210	SOUTH COLONIE CENTRAL SCHOOL DISTRICT	NY
350	2907460	CARTHAGE R-IX	MO
350	2804140	STARKVILLE SCHOOL DISTRICT	MS
350	1736810	BURBANK SD 111	IL
350	1711980	DEERFIELD SD 109	IL
349	5102460	MECKLENBURG CO PBLC SCHS	VA
349	2801800	HATTIESBURG PUBLIC SCHOOL DIST	MS
349	1721030	KILDEER COUNTRYSIDE CCSD 96	IL
349	1304110	PICKENS COUNTY	GA
349	0604110	BASSETT UNIFIED	CA
349	0603300	ATASCADERO UNIFIED	CA
348	5103520	SMYTH CO PBLC SCHS	VA
348	4835430	PORT NECHES-GROVES ISD	TX
348	4811280	BRENHAM ISD	TX
348	4807590	ALAMO HEIGHTS ISD	TX
348	3410590	MONTGOMERY TOWNSHIP SCHOOL DISTRICT	NJ
348	3406270	HACKENSACK CITY	NJ
348	2507350	MARSHFIELD	MA
348	2105880	WHITLEY COUNTY	KY
348	1809370	WEST CLARK COMMUNITY SCHOOLS	IN
348	1807140	MOORESVILLE CON SCHOOL CORP	IN
348	0609120	COALINGA-HURON UNIFIED	CA
347	5510060	MUKWONAGO SCHOOL DISTRICT	WI
347	4102640	CANBY SD 86	OR
347	3170710	FREMONT PUBLIC SCHOOLS	NE
347	2742270	WEST ST. PAUL-MENDOTA HTS.-EAGAN	MN
347	1709960	CHICAGO HEIGHTS SD 170	IL
347	0614700	FRUITVALE ELEMENTARY	CA
347	0102490	MOUNTAIN BROOK CITY	AL
347	0100005	ALBERTVILLE CITY	AL
346	4704290	UNION COUNTY	TN
346	4219470	COLONIAL SD	PA
346	4202850	PINE-RICHLAND SD	PA
346	3410980	MOUNT OLIVE TOWNSHIP SCHOOL DISTRICT	NJ
346	2509990	READING	MA
346	2507230	MANSFIELD	MA
346	1806390	MARION COMMUNITY SCHOOLS	IN
346	1716080	GALESBURG CUSD 205	IL
346	0624870	MILL VALLEY ELEMENTARY	CA
346	0620460	PACIFICA	CA
346	0616080	GREENFIELD UNION ELEMENTARY	CA
345	5400900	MINGO COUNTY SCHOOLS	WV
345	4703240	OAK RIDGE	TN
345	2100900	CAMPBELL COUNTY	KY
344	4810200	BIG SPRING ISD	TX
344	3904396	FAIRBORN CITY	OH
344	3615090	HUNTINGTON UNION FREE SCHOOL DISTRICT	NY
344	0635790	SANTA RITA UNION ELEMENTARY	CA
343	3905044	LITTLE MIAMI LOCAL	OH
343	3620910	NORTH BABYLON UNION FREE SCHOOL DISTRICT	NY
343	3618120	MAHOPAC CENTRAL SCHOOL DISTRICT	NY
343	3301740	BEDFORD SCHOOL DISTRICT	NH
343	2400300	DORCHESTER COUNTY PUBLIC SCHOOLS	MD
342	5103150	PULASKI CO PBLC SCHS	VA
342	5102910	PETERSBURG CITY PBLC SCHS	VA
342	3623460	PORT CHESTER-RYE UNION FREE SCHOOL DISTRICT	NY
342	3412870	PENNSAUKEN TOWNSHIP BOARD OF EDUCATION	NJ
342	2803990	SIMPSON CO SCHOOL DIST	MS
342	2605010	BERKLEY SCHOOL DISTRICT	MI
342	2104590	OWENSBORO INDEPENDENT	KY
342	0902850	NEW MILFORD SCHOOL DISTRICT	CT
342	0637950	STANISLAUS UNION ELEMENTARY	CA
342	0627590	NORTH MONTEREY COUNTY UNIFIED	CA
341	5510170	MUSKEGO-NORWAY SCHOOL DISTRICT	WI
341	4704470	WEAKLEY COUNTY	TN
341	3700270	ASHEVILLE CITY SCHOOLS	NC
341	2915600	JACKSON R-II	MO
341	2620280	KENOWA HILLS PUBLIC SCHOOLS	MI
341	1806600	MIDDLEBURY COMMUNITY SCHOOLS	IN
339	5308340	STANWOOD-CAMANO SCHOOL DISTRICT	WA
339	5302280	EAST VALLEY SCHOOL DISTRICT (SPOKANE)	WA
339	4221200	SHALER AREA SD	PA
339	3910029	WADSWORTH CITY	OH
339	3630960	WESTBURY UNION FREE SCHOOL DISTRICT	NY
339	3622020	OSSINING UNION FREE SCHOOL DISTRICT	NY
339	3615300	INDIAN RIVER CENTRAL SCHOOL DISTRICT	NY
339	3302460	CONCORD SCHOOL DISTRICT	NH
339	2922650	NORMANDY	MO
339	2801740	HANCOCK CO SCHOOL DIST	MS
339	2511340	SUDBURY	MA
339	1300660	BURKE COUNTY	GA
338	3904401	FREMONT CITY	OH
338	3619680	VALLEY CENTRAL SCHOOL DISTRICT (MONTGOMERY)	NY
338	3600008	SOUTH COUNTRY CENTRAL SCHOOL DISTRICT	NY
338	1810080	SEYMOUR COMMUNITY SCHOOLS	IN
338	1700110	NORTH CHICAGO SD 187	IL
338	0610350	CUTLER-OROSI JOINT UNIFIED	CA
338	0604620	BENICIA UNIFIED	CA
337	4702640	MARION COUNTY	TN
337	4700750	COCKE COUNTY	TN
337	4206840	CORNWALL-LEBANON SD	PA
337	4026880	SAND SPRINGS	OK
337	3904822	SPRINGFIELD LOCAL	OH
337	2918270	LEBANON R-III	MO
337	2007050	HAYSVILLE	KS
337	1725020	MATTESON ESD 162	IL
337	0622830	LOS GATOS UNION ELEMENTARY	CA
336	5101170	DINWIDDIE CO PBLC SCHS	VA
336	5100660	CAROLINE CO PBLC SCHS	VA
336	4807780	ALEDO ISD	TX
336	4216380	NAZARETH AREA SD	PA
336	3904811	AVON LOCAL	OH
336	3416830	VOORHEES TOWNSHIP BOARD OF EDUCATION	NJ
336	3304410	LONDONDERRY SCHOOL DISTRICT	NH
336	2502640	BEVERLY	MA
335	5400090	BOONE COUNTY  SCHOOLS	WV
335	3620850	NIAGARA-WHEATFIELD CENTRAL SCHOOL DISTRICT	NY
335	2632280	SOUTH REDFORD SCHOOL DISTRICT	MI
335	2512930	WHITMAN-HANSON	MA
335	1721870	LAKE VILLA CCSD 41	IL
335	1300900	CARTERSVILLE CITY	GA
335	0902640	NAUGATUCK SCHOOL DISTRICT	CT
334	4845600	WHITEHOUSE ISD	TX
334	4212725	KEYSTONE CENTRAL SD	PA
334	3628320	RAMAPO CENTRAL SCHOOL DISTRICT (SUFFERN)	NY
334	3100022	NORTH PLATTE PUBLIC SCHOOLS	NE
334	2733780	ST. LOUIS PARK PUBLIC SCHOOL DIST.	MN
334	1723460	LOMBARD SD 44	IL
334	1305280	THOMASTON-UPSON COUNTY	GA
334	0905130	WILTON SCHOOL DISTRICT	CT
334	0904110	SIMSBURY SCHOOL DISTRICT	CT
334	0636030	SAVANNA ELEMENTARY	CA
334	0623010	LOWELL JOINT	CA
334	0621870	LINDSAY UNIFIED	CA
334	0612690	EMPIRE UNION ELEMENTARY	CA
333	4822170	HALLSVILLE ISD	TX
333	4205760	CHELTENHAM TOWNSHIP SD	PA
333	2801680	GRENADA SCHOOL DIST	MS
333	1741190	WAUCONDA CUSD 118	IL
333	0102970	SELMA CITY	AL
332	5514670	SUPERIOR SCHOOL DISTRICT	WI
332	5400750	MARSHALL COUNTY SCHOOLS	WV
332	4212690	KENNETT CONSOLIDATED SD	PA
332	3622710	PENFIELD CENTRAL SCHOOL DISTRICT	NY
332	3614460	HILTON CENTRAL SCHOOL DISTRICT	NY
332	2101350	COVINGTON INDEPENDENT	KY
332	1721600	LA GRANGE SD 102	IL
332	1704920	BALL CHATHAM CUSD 5	IL
332	1703840	ANTIOCH CCSD 34	IL
331	3606570	CARMEL CENTRAL SCHOOL DISTRICT	NY
331	2921810	NEOSHO R-V	MO
331	2621570	LINCOLN CONSOLIDATED SCHOOL DISTRICT	MI
331	0633390	ROMOLAND ELEMENTARY	CA
331	0101530	FLORENCE CITY	AL
330	5104110	WYTHE CO PBLC SCHS	VA
330	4839270	SANTA FE ISD	TX
330	2931530	WEBSTER GROVES	MO
330	2801560	GEORGE CO SCHOOL DIST	MS
330	1712420	DOLTON SD 149	IL
329	4702880	MCNAIRY COUNTY	TN
329	4225110	WAYNESBORO AREA SD	PA
329	4202400	WISSAHICKON SD	PA
329	2630120	ROMULUS COMMUNITY SCHOOLS	MI
329	1800840	CLAY COMMUNITY SCHOOLS	IN
329	1708040	CAHOKIA CUSD 187	IL
328	5510470	NEW BERLIN SCHOOL DISTRICT	WI
328	5401170	PRESTON COUNTY SCHOOLS	WV
328	4809450	BARBERS HILL ISD	TX
328	4224960	WARWICK SD	PA
328	4218960	PETERS TOWNSHIP SD	PA
328	4107380	LEBANON COMMUNITY SD 9	OR
328	3904830	BOARDMAN LOCAL	OH
328	3629640	VICTOR CENTRAL SCHOOL DISTRICT	NY
327	4102940	CENTRAL POINT SD 6	OR
327	3905002	HUDSON CITY	OH
327	3619950	BEDFORD CENTRAL SCHOOL DISTRICT	NY
327	2630450	SAGINAW TOWNSHIP COMMUNITY SCHOOLS	MI
327	1303570	MCDUFFIE COUNTY	GA
327	0638770	TAHOE-TRUCKEE UNIFIED	CA
327	0611520	DUARTE UNIFIED	CA
327	0507890	HOT SPRINGS SCHOOL DISTRICT	AR
326	5401260	RANDOLPH COUNTY SCHOOLS	WV
326	3628950	TROY CITY SCHOOL DISTRICT	NY
326	2507980	MILTON	MA
326	1810440	SOUTH MADISON COM SCH CORP	IN
326	0638880	TEHACHAPI UNIFIED	CA
325	3406510	HAMILTON TOWNSHIP SCHOOL DISTRICT	NJ
325	3401350	BELLEVILLE PUBLIC SCHOOLS	NJ
325	0903537	REGIONAL SCHOOL DISTRICT 15	CT
324	5103030	POWHATAN CO PBLC SCHS	VA
324	4210860	GOVERNOR MIFFLIN SD	PA
324	3904450	NORTH CANTON CITY	OH
324	3702760	MACON COUNTY SCHOOLS	NC
324	2626280	OKEMOS PUBLIC SCHOOLS	MI
324	1739960	URBANA SD 116	IL
324	0902700	NEW CANAAN SCHOOL DISTRICT	CT
324	0637890	STANDARD ELEMENTARY	CA
324	0606480	BURLINGAME ELEMENTARY	CA
324	0500015	SHERIDAN SCHOOL DISTRICT	AR
323	5506030	HAMILTON SCHOOL DISTRICT	WI
323	3701950	HALIFAX COUNTY SCHOOLS	NC
323	3415900	SUMMIT PUBLIC SCHOOLS	NJ
323	3409870	MEDFORD TOWNSHIP PUBLIC SCHOOLS	NJ
323	2932010	WILLARD R-II	MO
323	2629460	REDFORD UNION SCHOOLS DISTRICT NO. 1	MI
323	2102300	GRAYSON COUNTY	KY
323	0637500	SOUTH PASADENA UNIFIED	CA
323	0512210	SEARCY SCHOOL DISTRICT	AR
322	4900150	CARBON DISTRICT	UT
322	3703060	MONTGOMERY COUNTY SCHOOLS	NC
322	3630120	WATERTOWN CITY SCHOOL DISTRICT	NY
322	3403900	DEPTFORD TOWNSHIP PUBLIC SCHOOL DISTRICT	NJ
322	2102280	GRAVES COUNTY	KY
322	1602250	MOUNTAIN HOME DISTRICT	ID
322	1601800	LAKELAND DISTRICT	ID
322	0633240	ROBLA ELEMENTARY	CA
321	4816710	DENISON ISD	TX
321	4502190	FLORENCE 03	SC
321	4210070	FOX CHAPEL AREA SD	PA
321	3404980	FAIR LAWN PUBLIC SCHOOLS	NJ
321	3400004	THE SCHOOL DISTRICT OF THE CHATHAMS	NJ
321	2931500	WEBB CITY R-VII	MO
321	2713530	HASTINGS PUBLIC SCHOOL DISTRICT	MN
321	1804050	GREENFIELD-CENTRAL COM SCHOOLS	IN
321	1302040	EMANUEL COUNTY	GA
321	0633570	ROSEMEAD ELEMENTARY	CA
320	5100690	CARROLL CO PBLC SCHS	VA
320	4821780	GREGORY-PORTLAND ISD	TX
320	4503750	UNION 01	SC
320	4203510	BETHEL PARK SD	PA
320	3704830	WATAUGA COUNTY SCHOOLS	NC
320	2612420	EAST CHINA SCHOOL DISTRICT	MI
320	2104410	NELSON COUNTY	KY
320	2005940	EMPORIA	KS
320	1729190	OAK LAWN-HOMETOWN SD 123	IL
319	5104050	WINCHESTER CITY PBLC SCHS	VA
319	4502970	MARLBORO 01	SC
319	4209270	EPHRATA AREA SD	PA
319	3905007	TWINSBURG CITY	OH
319	2502490	BELMONT	MA
319	2400630	TALBOT COUNTY PUBLIC SCHOOLS	MD
319	2104770	PERRY COUNTY	KY
319	1905790	BURLINGTON COMM SCHOOL DISTRICT	IA
319	0904170	SOUTH WINDSOR SCHOOL DISTRICT	CT
319	0629820	PARADISE UNIFIED	CA
318	4210870	GREAT VALLEY SD	PA
318	4209480	EXETER TOWNSHIP SD	PA
318	3611760	GARDEN CITY UNION FREE SCHOOL DISTRICT	NY
318	3418000	WILLINGBORO PUBLIC SCHOOL DISTRICT	NJ
318	3005280	BUTTE ELEM	MT
318	2619830	JENISON PUBLIC SCHOOLS	MI
318	2507860	MILFORD	MA
318	1301560	CRISP COUNTY	GA
318	1001080	MILFORD SCHOOL DISTRICT	DE
318	0620850	LAMONT ELEMENTARY	CA
317	3904441	MT HEALTHY CITY	OH
317	2721390	MONTICELLO PUBLIC SCHOOL DISTRICT	MN
317	2511580	TEWKSBURY	MA
317	2201380	SABINE PARISH	LA
317	2200060	ALLEN PARISH	LA
316	3904454	NORTH ROYALTON CITY	OH
316	2201350	RICHLAND PARISH	LA
316	1904860	BETTENDORF COMM SCHOOL DISTRICT	IA
316	1806030	LOGANSPORT COMMUNITY SCH CORP	IN
316	1707170	INDIAN SPRINGS SD 109	IL
315	4602070	ABERDEEN SCHOOL DISTRICT 06-1	SD
315	4009570	DEER CREEK	OK
315	3630030	WASHINGTONVILLE CENTRAL SCHOOL DISTRICT	NY
315	1922110	OTTUMWA COMM SCHOOL DISTRICT	IA
314	5101980	HOPEWELL CITY PBLC SCHS	VA
314	4222400	SOUTHEAST DELCO SD	PA
314	2504360	DUDLEY-CHARLTON REG	MA
314	2103480	LINCOLN COUNTY	KY
314	1000790	LAKE FOREST SCHOOL DISTRICT	DE
314	0408490	TOLLESON ELEMENTARY DISTRICT	AZ
313	5304980	MERCER ISLAND SCHOOL DISTRICT	WA
313	4842450	TERRELL ISD	TX
313	2913140	GRANDVIEW C-4	MO
313	2715030	INVER GROVE HEIGHTS SCHOOLS	MN
313	1304050	PEACH COUNTY	GA
313	1001530	SEAFORD SCHOOL DISTRICT	DE
313	0102650	PELL CITY	AL
313	0100013	TRUSSVILLE CITY	AL
312	3614850	HORSEHEADS CENTRAL SCHOOL DISTRICT	NY
312	3603480	AUBURN CITY SCHOOL DISTRICT	NY
312	3415690	STAFFORD TOWNSHIP SCHOOL DISTRICT	NJ
312	3408100	LACEY TOWNSHIP SCHOOL DISTRICT	NJ
312	2913080	GRAIN VALLEY R-V	MO
312	2803030	NATCHEZ-ADAMS SCHOOL DIST	MS
312	2711760	FARIBAULT PUBLIC SCHOOL DISTRICT	MN
312	2511970	WALPOLE	MA
312	2504320	DRACUT	MA
312	0902880	NEWINGTON SCHOOL DISTRICT	CT
312	0100630	CHEROKEE COUNTY	AL
311	5400450	HANCOCK COUNTY SCHOOLS	WV
311	4843720	UVALDE CISD	TX
311	4501920	DILLON 04	SC
311	3905001	GREEN LOCAL	OH
311	2907120	CAPE GIRARDEAU 63	MO
311	2905760	BRANSON R-IV	MO
311	2803900	SCOTT CO SCHOOL DIST	MS
311	2803520	PEARL PUBLIC SCHOOL DIST	MS
311	2607890	CARMAN-AINSWORTH COMMUNITY SCHOOLS	MI
311	2504950	FOXBOROUGH	MA
311	1717040	WOODRIDGE SD 68	IL
311	0102635	OXFORD CITY	AL
310	5102100	KING GEO CO PBLC SCHS	VA
310	4206480	CONESTOGA VALLEY SD	PA
310	4104500	EAGLE POINT SD 9	OR
310	3910012	MOUNT VERNON CITY	OH
310	3619560	MINISINK VALLEY CENTRAL SCHOOL DISTRICT	NY
310	3609630	EAST GREENBUSH CENTRAL SCHOOL DISTRICT	NY
310	1903540	AMES COMM SCHOOL DISTRICT	IA
310	0102580	OPELIKA CITY	AL
309	5400780	MASON COUNTY SCHOOLS	WV
309	4809720	BEEVILLE ISD	TX
309	4704500	WHITE COUNTY	TN
309	4222470	SOUTH WESTERN SD	PA
309	3904453	NORTH RIDGEVILLE CITY	OH
309	3611880	GATES-CHILI CENTRAL SCHOOL DISTRICT	NY
309	3609720	EAST ISLIP UNION FREE SCHOOL DISTRICT	NY
309	2742720	WILLMAR PUBLIC SCHOOL DISTRICT	MN
308	4814370	CLEVELAND ISD	TX
308	4701410	GILES COUNTY	TN
308	4207830	DUBOIS AREA SD	PA
308	3606900	CENTRAL SQUARE CENTRAL SCHOOL DISTRICT	NY
308	3305940	ROCHESTER SCHOOL DISTRICT	NH
308	0634230	SAN BRUNO PARK ELEMENTARY	CA
308	0407890	SOMERTON ELEMENTARY DISTRICT	AZ
307	5307740	SEDRO-WOOLLEY SCHOOL DISTRICT	WA
307	5100780	CHARLOTTESVILLE CTY PBLC SCHS	VA
307	4841820	SULPHUR SPRINGS ISD	TX
307	4818360	ELGIN ISD	TX
307	4202970	BALDWIN-WHITEHALL SD	PA
307	3904435	MASSILLON CITY	OH
307	3618330	FAYETTEVILLE-MANLIUS CENTRAL SCHOOL DISTRICT	NY
307	3606990	CHAPPAQUA CENTRAL SCHOOL DISTRICT	NY
307	1304560	STEPHENS COUNTY	GA
307	0610770	DEL NORTE COUNTY UNIFIED	CA
307	0508610	LAKE HAMILTON SCHOOL DISTRICT	AR
306	5504830	FRANKLIN PUBLIC SCHOOL DISTRICT	WI
306	4701650	HARDEMAN COUNTY	TN
306	4217520	NORTHEASTERN YORK SD	PA
306	3630540	WEST BABYLON UNION FREE SCHOOL DISTRICT	NY
306	3603930	BALLSTON SPA CENTRAL SCHOOL DISTRICT	NY
306	3304740	MERRIMACK SCHOOL DISTRICT	NH
306	2906990	CAMDENTON R-III	MO
306	2104500	OHIO COUNTY	KY
306	1728890	NORTH PALOS SD 117	IL
306	0512450	SILOAM SPRINGS SCHOOL DISTRICT	AR
306	0500043	MOUNTAIN HOME SCHOOL DISTRICT	AR
305	5100210	AMHERST CO PBLC SCHS	VA
305	4825620	KILGORE ISD	TX
305	3702880	MARTIN COUNTY SCHOOLS	NC
305	3620940	NORTH BELLMORE UNION FREE SCHOOL DISTRICT	NY
305	1706000	BERKELEY SD 87	IL
305	0509390	MARION SCHOOL DISTRICT	AR
305	0200130	GALENA CITY SCHOOL DISTRICT	AK
304	5306480	OTHELLO SCHOOL DISTRICT	WA
304	4812480	CALHOUN COUNTY ISD	TX
304	2803530	PETAL SCHOOL DIST	MS
304	1807260	MT VERNON COMMUNITY SCH CORP	IN
304	1708730	CARY CCSD 26	IL
304	0626220	MOUNTAIN VIEW ELEMENTARY	CA
303	4827780	LIVINGSTON ISD	TX
303	4700780	COFFEE COUNTY	TN
303	4226250	WHITEHALL-COPLAY SD	PA
303	4207080	CRAWFORD CENTRAL SD	PA
303	3702340	JACKSON COUNTY SCHOOLS	NC
303	3608880	DEER PARK UNION FREE SCHOOL DISTRICT	NY
303	3410650	MONTVILLE TOWNSHIP SCHOOL DISTRICT	NJ
303	2917820	LADUE	MO
303	1810140	SHELBYVILLE CENTRAL SCHOOLS	IN
302	4823010	HEREFORD ISD	TX
302	4701170	FAYETTE COUNTY	TN
302	4224480	UPPER MERION AREA SD	PA
302	4224210	UNIONVILLE-CHADDS FORD SD	PA
302	4210980	GREATER LATROBE SD	PA
302	4106510	HOOD RIVER COUNTY SD	OR
302	2614550	FLUSHING COMMUNITY SCHOOLS	MI
302	1305670	WHITE COUNTY	GA
302	1303420	LUMPKIN COUNTY	GA
302	0632610	RIM OF THE WORLD UNIFIED	CA
302	0401940	CHINLE UNIFIED DISTRICT	AZ
301	5103420	RUSSELL CO PBLC SCHS	VA
301	4224390	UPPER DUBLIN SD	PA
301	4218660	PENN-TRAFFORD SD	PA
301	3910003	SIDNEY CITY	OH
301	3904351	ASHTABULA AREA CITY	OH
301	3015450	KALISPELL ELEM	MT
301	1724720	PRAIRIE-HILLS ESD 144	IL
301	1715900	FREEPORT SD 145	IL
301	0600069	VALLEY CENTER-PAUMA UNIFIED	CA
300	4825680	KINGSVILLE ISD	TX
300	3904800	LICKING HEIGHTS LOCAL	OH
300	3629430	VALLEY STREAM 13 UNION FREE SCHOOL DISTRICT	NY
300	1724780	MARQUARDT SD 15	IL
300	0619440	KEPPEL UNION ELEMENTARY	CA
300	0613800	FILLMORE UNIFIED	CA
299	5301230	CHENEY SCHOOL DISTRICT	WA
299	4829010	MARBLE FALLS ISD	TX
299	4813530	LUMBERTON ISD	TX
299	4222590	SPRING GROVE AREA SD	PA
299	3607530	CHURCHVILLE-CHILI CENTRAL SCHOOL DISTRICT	NY
298	4813170	CASTLEBERRY ISD	TX
298	3905043	KINGS LOCAL	OH
298	3306060	SALEM SCHOOL DISTRICT	NH
298	2628140	PINCKNEY COMMUNITY SCHOOLS	MI
298	2106000	WOODFORD COUNTY	KY
298	2100570	BOWLING GREEN INDEPENDENT	KY
298	1923110	PLEASANT VALLEY COMM SCHOOL DISTRICT	IA
297	5401650	WYOMING COUNTY SCHOOLS	WV
297	4826430	LAKE DALLAS ISD	TX
297	4209120	ELIZABETHTOWN AREA SD	PA
297	4007740	CLAREMORE	OK
297	3904424	LOGAN-HOCKING LOCAL	OH
297	2636540	WYANDOTTE SCHOOL DISTRICT OF THE CITY OF	MI
297	2103060	JOHNSON COUNTY	KY
297	1811190	SUNMAN-DEARBORN COM SCH CORP	IN
297	1724600	MARION CUSD 2	IL
296	4224570	UPPER SAINT CLAIR SD	PA
296	4217220	NORTH HILLS SD	PA
296	3620880	NISKAYUNA CENTRAL SCHOOL DISTRICT	NY
296	2931110	WASHINGTON	MO
296	2504860	FALMOUTH	MA
296	2400360	GARRETT COUNTY PUBLIC SCHOOLS	MD
296	1803510	FAYETTE COUNTY SCHOOL CORP	IN
296	1602190	MINIDOKA COUNTY JOINT DISTRICT	ID
296	0901560	FARMINGTON SCHOOL DISTRICT	CT
295	3906190	ADAMS COUNTY/OHIO VALLEY LOCAL	OH
295	3904505	WEST CARROLLTON CITY	OH
295	3610710	UNION-ENDICOTT CENTRAL SCHOOL DISTRICT	NY
295	3408400	LAWRENCE TOWNSHIP PUBLIC SCHOOLS	NJ
295	3402460	BURLINGTON TOWNSHIP BOARD OF EDUCATION	NJ
295	2723880	NORTHFIELD PUBLIC SCHOOL DISTRICT	MN
295	2615540	GARDEN CITY PUBLIC SCHOOLS	MI
295	2311790	RSU 06/MSAD 06	ME
295	0408820	UNION ELEMENTARY DISTRICT	AZ
294	5400870	MINERAL COUNTY SCHOOLS	WV
294	4700360	BRISTOL	TN
294	2504620	EASTON	MA
294	2504020	DARTMOUTH	MA
294	2012360	TURNER-KANSAS CITY	KS
294	1804110	GREENWOOD COMMUNITY SCH CORP	IN
294	0633900	SALIDA UNION ELEMENTARY	CA
294	0602450	AMADOR COUNTY UNIFIED	CA
294	0100600	CHAMBERS COUNTY	AL
293	4401020	SOUTH KINGSTOWN	RI
293	4400750	NORTH KINGSTOWN	RI
293	3701080	CURRITUCK COUNTY SCHOOLS	NC
293	3622050	OSWEGO CITY SCHOOL DISTRICT	NY
293	3410710	MOORESTOWN TOWNSHIP PUBLIC SCHOOL DISTRICT	NJ
293	3200030	CHURCHILL COUNTY SCHOOL DISTRICT	NV
293	2803450	OXFORD SCHOOL DISTRICT	MS
293	2602730	ALPENA PUBLIC SCHOOLS	MI
293	1712700	DUNLAP CUSD 323	IL
293	0628170	OCEAN VIEW	CA
292	4400120	CENTRAL FALLS	RI
292	4010290	DUNCAN	OK
292	1801590	DEKALB CO CTL UNITED SCH DIST	IN
292	0616300	CUCAMONGA ELEMENTARY	CA
291	4838850	SAN ELIZARIO ISD	TX
291	4703510	RHEA COUNTY	TN
291	3700180	ANSON COUNTY SCHOOLS	NC
291	3624990	ROOSEVELT UNION FREE SCHOOL DISTRICT	NY
291	2501800	AGAWAM	MA
291	1601590	JEROME JOINT DISTRICT	ID
291	1303720	MONROE COUNTY	GA
290	5300001	ENUMCLAW SCHOOL DISTRICT	WA
290	4218300	OXFORD AREA SD	PA
290	3904804	SOUTHWEST LICKING LOCAL	OH
290	3405310	FORT LEE PUBLIC SCHOOLS	NJ
290	3302640	DOVER SCHOOL DISTRICT	NH
290	3174430	NORFOLK PUBLIC SCHOOLS	NE
290	2633420	SWARTZ CREEK COMMUNITY SCHOOLS	MI
290	2624750	MT. PLEASANT CITY SCHOOL DISTRICT	MI
290	2102250	GRANT COUNTY	KY
290	1705760	BELLWOOD SD 88	IL
289	5600730	ALBANY COUNTY SCHOOL DISTRICT #1	WY
289	5103460	SALEM CITY PBLC SCHS	VA
289	4502070	EDGEFIELD 01	SC
289	4214940	MCKEESPORT AREA SD	PA
289	3904657	OLMSTED FALLS CITY	OH
289	3306720	TIMBERLANE REGIONAL SCHOOL DISTRICT	NH
289	1738460	SYCAMORE CUSD 427	IL
288	5300780	BURLINGTON-EDISON SCHOOL DISTRICT	WA
288	3303930	HUDSON SCHOOL DISTRICT	NH
288	2926890	ROLLA 31	MO
288	2513050	WILMINGTON	MA
288	0641880	WEAVER UNION	CA
288	0618210	IMPERIAL UNIFIED	CA
287	3613980	HAUPPAUGE UNION FREE SCHOOL DISTRICT	NY
287	3416890	WALL TOWNSHIP PUBLIC SCHOOLS	NJ
287	1918780	MASON CITY COMM SCHOOL DISTRICT	IA
287	0626400	MT. PLEASANT ELEMENTARY	CA
286	5308970	TOPPENISH SCHOOL DISTRICT	WA
286	4219350	PLUM BOROUGH SD	PA
286	4218590	PENN HILLS SD	PA
286	4207680	DOVER AREA SD	PA
286	3904609	EDGEWOOD CITY	OH
286	3904430	MAPLE HEIGHTS CITY	OH
286	3704530	TRANSYLVANIA COUNTY SCHOOLS	NC
286	2703060	ALEXANDRIA PUBLIC SCHOOL DISTRICT	MN
286	2620850	LAKEVIEW SCH. DISTRICT (CALHOUN)	MI
286	0629910	PARLIER UNIFIED	CA
285	3904452	NORTH OLMSTED CITY	OH
285	3904364	BRECKSVILLE-BROADVIEW HEIGHTS CITY	OH
285	3613740	HARRISON CENTRAL SCHOOL DISTRICT	NY
285	3403570	CRANFORD PUBLIC SCHOOL DISTRICT	NJ
285	2732820	SARTELL-ST. STEPHEN SCHOOL DISTRICT	MN
285	2723430	NEW PRAGUE AREA SCHOOLS	MN
285	2623250	MATTAWAN CONSOLIDATED SCHOOL	MI
285	1302250	FRANKLIN COUNTY	GA
285	0629100	OROVILLE CITY ELEMENTARY	CA
285	0101760	HOMEWOOD CITY	AL
284	5507290	KAUKAUNA AREA SCHOOL DISTRICT	WI
284	5401470	UPSHUR COUNTY SCHOOLS	WV
284	4825200	KAUFMAN ISD	TX
284	4702490	LINCOLN COUNTY	TN
284	4676620	WATERTOWN SCHOOL DISTRICT 14-4	SD
284	4206550	CONEWAGO VALLEY SD	PA
284	4032370	WESTERN HEIGHTS	OK
284	3904812	AVON LAKE CITY	OH
284	3413200	PLEASANTVILLE PUBLIC SCHOOL DISTRICT	NJ
284	2925230	PLATTE CO. R-III	MO
284	2511250	STOUGHTON	MA
284	2200480	CONCORDIA PARISH	LA
284	1802970	EAST NOBLE SCHOOL CORP	IN
284	1302340	GILMER COUNTY	GA
284	0620640	LAKE TAHOE UNIFIED	CA
284	0600063	WATERFORD UNIFIED	CA
283	5303150	GRANDVIEW SCHOOL DISTRICT	WA
283	5101380	FLUVANNA CO PBLC SCHS	VA
283	4701400	GIBSON CO SP DIST	TN
283	4002850	ALTUS	OK
283	3904519	AMHERST EXEMPTED VILLAGE	OH
283	3904460	OREGON CITY	OH
283	3412420	PARAMUS PUBLIC SCHOOLS	NJ
283	2911910	FARMINGTON R-VII	MO
283	0901800	GUILFORD SCHOOL DISTRICT	CT
283	0624030	MARTINEZ UNIFIED	CA
283	0619680	KING CITY UNION	CA
282	5509060	MENOMONEE FALLS SCHOOL DISTRICT	WI
282	4703270	OBION COUNTY	TN
282	4221810	SOLANCO SD	PA
282	4214100	LOWER DAUPHIN SD	PA
282	3904353	BARBERTON CITY	OH
282	2803660	PONTOTOC CO SCHOOL DIST	MS
282	2629540	REETHS-PUFFER SCHOOLS	MI
282	2508790	NORTH MIDDLESEX	MA
282	2503240	BURLINGTON	MA
282	0622170	LIVINGSTON UNION	CA
281	4827510	LINDALE ISD	TX
281	4503180	ORANGEBURG 04	SC
281	3616260	KINGS PARK CENTRAL SCHOOL DISTRICT	NY
281	2920610	MCDONALD CO. R-I	MO
281	2732880	SAUK RAPIDS-RICE PUBLIC SCHOOLS	MN
281	0802790	FREMONT RE-1	CO
281	0402370	COTTONWOOD-OAK CREEK ELEMENTARY DISTRICT	AZ
280	5515810	WAUNAKEE COMMUNITY SCHOOL DISTRICT	WI
280	4212840	KISKI AREA SD	PA
280	3904870	MAD RIVER LOCAL	OH
280	3606630	CARTHAGE CENTRAL SCHOOL DISTRICT	NY
280	3600125	EASTPORT-SOUTH MANOR CSD	NY
280	3409750	MATAWAN-ABERDEEN REGIONAL SCHOOL DISTRICT	NJ
280	2512510	WEST SPRINGFIELD	MA
280	2314784	RSU 23	ME
280	1807440	NEW CASTLE COMMUNITY SCH CORP	IN
280	1804590	SCHOOL CITY OF HOBART	IN
280	1724330	MANNHEIM SD 83	IL
279	5401020	NICHOLAS COUNTY SCHOOLS	WV
279	4812420	CALALLEN ISD	TX
279	4701050	DYER COUNTY	TN
279	4215830	MOON AREA SD	PA
279	3904506	WESTLAKE CITY	OH
279	3613350	HAMBURG CENTRAL SCHOOL DISTRICT	NY
279	2201500	ST. JAMES PARISH	LA
279	2100120	ANDERSON COUNTY	KY
279	2011490	SEAMAN	KS
278	4500810	ANDERSON 02	SC
278	4222600	SPRINGFIELD SD	PA
278	3904479	SOUTH EUCLID-LYNDHURST CITY	OH
278	3615780	BROOKHAVEN-COMSEWOGUE UNION FREE SCHOOL DISTRICT	NY
278	2709510	COLUMBIA HEIGHTS PUBLIC SCHOOL DIST	MN
278	0611280	DIXON UNIFIED	CA
277	5103480	SCOTT CO PBLC SCHS	VA
277	4818280	EL CAMPO ISD	TX
277	4702550	MACON COUNTY	TN
277	4027570	SHAWNEE	OK
277	3176860	SO SIOUX CITY COMMUNITY SCHS	NE
277	2625560	NILES COMMUNITY SCHOOLS	MI
277	2617160	GREENVILLE PUBLIC SCHOOLS	MI
277	1928680	URBANDALE COMM SCHOOL DISTRICT	IA
277	0624230	MCFARLAND UNIFIED	CA
276	5400660	LINCOLN COUNTY SCHOOLS	WV
276	4840740	SOMERSET ISD	TX
276	4834290	PARIS ISD	TX
276	3904909	TEAYS VALLEY LOCAL	OH
276	3611700	FULTON CITY SCHOOL DISTRICT	NY
276	3417520	WEST MILFORD TOWNSHIP PUBLIC SCHOOLS	NJ
276	3417130	WASHINGTON TOWNSHIP	NJ
276	3411880	NUTLEY PUBLIC SCHOOL DISTRICT	NJ
276	2614460	FITZGERALD PUBLIC SCHOOLS	MI
276	1706750	BOURBONNAIS SD 53	IL
276	0601860	ALBANY CITY UNIFIED	CA
275	5503210	DE PERE SCHOOL DISTRICT	WI
275	4809630	BAY CITY ISD	TX
275	3904694	CANAL WINCHESTER LOCAL	OH
275	3904517	ZANESVILLE CITY	OH
275	3500120	ARTESIA PUBLIC SCHOOLS	NM
275	3416080	TEANECK PUBLIC SCHOOL	NJ
275	3171580	HASTINGS PUBLIC SCHOOLS	NE
275	2801050	CLARKSDALE MUNICIPAL SCHOOL DIST	MS
275	2622050	LOWELL AREA SCHOOLS	MI
275	2507620	MELROSE	MA
275	1907710	CLINTON COMM SCHOOL DISTRICT	IA
275	1600002	LAKE PEND OREILLE DISTRICT	ID
275	0905070	WETHERSFIELD SCHOOL DISTRICT	CT
274	5505160	GERMANTOWN SCHOOL DISTRICT	WI
274	3614280	HERRICKS UNION FREE SCHOOL DISTRICT	NY
274	3407530	HOPEWELL VALLEY REGIONAL SCHOOL DISTRICT	NJ
274	2713170	GRAND RAPIDS PUBLIC SCHOOL DISTRICT	MN
274	2607560	BYRON CENTER PUBLIC SCHOOLS	MI
274	2201920	WEST BATON ROUGE PARISH	LA
274	1720280	JACKSONVILLE SD 117	IL
274	1300690	BUTTS COUNTY	GA
273	5506540	HOLMEN SCHOOL DISTRICT	WI
273	5307900	SHELTON SCHOOL DISTRICT	WA
273	4819350	FLORESVILLE ISD	TX
273	4026910	SAPULPA	OK
273	3105340	COLUMBUS PUBLIC SCHOOLS	NE
273	2800390	ALCORN SCHOOL DIST	MS
273	2602520	ALLEN PARK PUBLIC SCHOOLS	MI
273	2101230	CLAY COUNTY	KY
273	0804830	WELD COUNTY SCHOOL DISTRICT NO. RE-5J	CO
273	0600052	EUREKA CITY SCHOOLS	CA
273	0506990	GREENWOOD SCHOOL DISTRICT	AR
272	4811700	BROWNWOOD ISD	TX
272	4207290	DANIEL BOONE AREA SD	PA
272	3611460	FRANKLIN SQUARE UNION FREE SCHOOL DISTRICT	NY
272	3411160	NEPTUNE TOWNSHIP SCHOOL DISTRICT	NJ
272	2503990	DANVERS	MA
272	2302820	BANGOR PUBLIC SCHOOLS	ME
272	1715700	FRANKFORT CCSD 157C	IL
271	5503510	KETTLE MORAINE SCHOOL DISTRICT	WI
271	5102850	PAGE CO PBLC SCHS	VA
271	4843350	TULOSO-MIDWAY ISD	TX
271	4224000	TWIN VALLEY SD	PA
271	4215030	MECHANICSBURG AREA SD	PA
271	3904464	PIQUA CITY	OH
271	3616080	KATONAH-LEWISBORO UNION FREE SCHOOL DISTRICT	NY
271	3402820	CARTERET PUBLIC SCHOOLS	NJ
271	2913650	HANNIBAL 60	MO
271	1805790	LEBANON COMMUNITY SCHOOL CORP	IN
271	1743860	ZION ESD 6	IL
271	1722800	LIBERTYVILLE SD 70	IL
271	1304140	PIERCE COUNTY	GA
271	0629640	PALO VERDE UNIFIED	CA
271	0513080	GREENE CO. TECH SCHOOL DIST.	AR
271	0102400	MONROE COUNTY	AL
270	5508820	MARSHFIELD UNIFIED SCHOOL DISTRICT	WI
270	5002820	BURLINGTON SCHOOL DISTRICT	VT
270	4701680	HARDIN COUNTY	TN
270	3905004	NORDONIA HILLS CITY	OH
270	3629970	WARWICK VALLEY CENTRAL SCHOOL DISTRICT	NY
270	3606330	CANANDAIGUA CITY SCHOOL DISTRICT	NY
270	3412060	TOWNSHIP OF OCEAN SCHOOLS	NJ
270	3171220	GRETNA PUBLIC SCHOOLS	NE
270	2928260	SIKESTON R-6	MO
270	1300720	CALHOUN CITY	GA
270	0900120	AVON SCHOOL DISTRICT	CT
269	5306820	PORT ANGELES SCHOOL DISTRICT	WA
269	5300330	BAINBRIDGE ISLAND SCHOOL DISTRICT	WA
269	4202100	ALBERT GALLATIN AREA SD	PA
269	3904437	MAYFIELD CITY	OH
269	3904404	GARFIELD HEIGHTS CITY SCHOOLS	OH
269	3904390	EAST CLEVELAND CITY SCHOOL DISTRICT	OH
269	3700780	CHEROKEE COUNTY SCHOOLS	NC
269	3615180	HYDE PARK CENTRAL SCHOOL DISTRICT	NY
269	2705460	BIG LAKE PUBLIC SCHOOL DISTRICT	MN
269	2617760	HARPER WOODS THE SCHOOL DISTRICT OF THE CITY OF	MI
269	2615870	GIBRALTAR SCHOOL DISTRICT	MI
269	2507770	MIDDLEBOROUGH	MA
269	1302730	HART COUNTY	GA
269	1300600	BUFORD CITY	GA
269	0102310	MARION COUNTY	AL
268	5509030	MENASHA JOINT SCHOOL DISTRICT	WI
268	4841520	STEPHENVILLE ISD	TX
268	4701860	HICKMAN COUNTY	TN
268	4401140	WEST WARWICK	RI
268	4220550	ROSE TREE MEDIA SD	PA
268	4207590	DERRY TOWNSHIP SD	PA
268	3602970	AMSTERDAM CITY SCHOOL DISTRICT	NY
268	3416110	TENAFLY PUBLIC SCHOOLS	NJ
268	2803630	PICAYUNE SCHOOL DIST	MS
268	2302610	AUBURN PUBLIC SCHOOLS	ME
268	1809060	PLYMOUTH COMMUNITY SCHOOL CORP	IN
268	1600300	BLAINE COUNTY DISTRICT	ID
268	1302670	HARALSON COUNTY	GA
268	0628860	ORINDA UNION ELEMENTARY	CA
267	4828380	LOVEJOY ISD	TX
267	4703330	OVERTON COUNTY	TN
267	4219920	RADNOR TOWNSHIP SD	PA
267	3627780	SPENCERPORT CENTRAL SCHOOL DISTRICT	NY
267	3624780	ROCKVILLE CENTRE UNION FREE SCHOOL DISTRICT	NY
267	3621240	NORTH TONAWANDA CITY SCHOOL DISTRICT	NY
267	3415510	SPARTA TOWNSHIP PUBLIC SCHOOLS	NJ
267	1713170	EAST MOLINE SD 37	IL
267	1304770	TATTNALL COUNTY	GA
267	0622560	LOOMIS UNION ELEMENTARY	CA
267	0620130	LA CANADA UNIFIED	CA
266	4834170	PAMPA ISD	TX
266	3605580	BROCKPORT CENTRAL SCHOOL DISTRICT	NY
266	3416710	VERNON TOWNSHIP SCHOOL DISTRICT	NJ
266	2511910	WAKEFIELD	MA
266	1911820	FORT DODGE COMM SCHOOL DISTRICT	IA
266	0618840	JEFFERSON ELEMENTARY	CA
266	0102880	RUSSELL COUNTY	AL
265	5511100	OREGON SCHOOL DISTRICT	WI
265	4826040	LA FERIA ISD	TX
265	2804530	WAYNE CO SCHOOL DIST	MS
265	2512600	WESTBOROUGH	MA
265	2008430	LEAVENWORTH	KS
265	1802280	WHITLEY CO CONS SCHOOLS	IN
264	5309480	WAPATO SCHOOL DISTRICT	WA
264	4834050	PALESTINE ISD	TX
264	3631980	YORKTOWN CENTRAL SCHOOL DISTRICT	NY
264	3615390	WEST IRONDEQUOIT CENTRAL SCHOOL DISTRICT	NY
264	2802100	ITAWAMBA CO SCHOOL DIST	MS
264	2510560	SCITUATE	MA
264	2509420	PEMBROKE	MA
264	2506330	HOPKINTON	MA
264	1807350	SCHOOL TOWN OF MUNSTER	IN
264	1202010	WASHINGTON	FL
263	5512330	PULASKI COMMUNITY SCHOOL DISTRICT	WI
263	4846710	ZAPATA COUNTY ISD	TX
263	4830060	MEDINA VALLEY ISD	TX
263	4808280	ANDREWS ISD	TX
263	4502520	JASPER 01	SC
263	4210230	FRANKLIN REGIONAL SD	PA
263	3910032	WOOSTER CITY	OH
263	3414340	ROXBURY TOWNSHIP PUBLIC SCHOOLS	NJ
263	3200210	HUMBOLDT COUNTY SCHOOL DISTRICT	NV
263	2802850	MARSHALL CO SCHOOL DIST	MS
263	2503300	CANTON	MA
263	1805280	KANKAKEE VALLEY SCHOOL CORP	IN
263	1723850	LYONS SD 103	IL
263	1707290	LEMONT-BROMBEREK CSD 113A	IL
263	1301650	DAWSON COUNTY	GA
263	0407520	SANTA CRUZ VALLEY UNIFIED DISTRICT	AZ
262	5309780	WHITE RIVER SCHOOL DISTRICT	WA
262	4841070	SPLENDORA ISD	TX
262	4210620	GATEWAY SD	PA
262	4109480	PARKROSE SD 3	OR
262	2624690	MOUNT CLEMENS COMMUNITY SCHOOL DISTRICT	MI
262	2624120	MONA SHORES PUBLIC SCHOOL DISTRICT	MI
262	2608520	CEDAR SPRINGS PUBLIC SCHOOLS	MI
262	2507260	MARBLEHEAD	MA
262	1803660	COMMUNITY SCHOOLS OF FRANKFORT	IN
262	0904680	VERNON SCHOOL DISTRICT	CT
261	4400030	BARRINGTON	RI
261	3904986	LAKE LOCAL	OH
261	3904606	WESTERN BROWN LOCAL	OH
261	2200120	ASSUMPTION PARISH	LA
261	0600006	ROSS VALLEY ELEMENTARY	CA
260	5500960	BEAVER DAM UNIFIED SCHOOL DISTRICT	WI
260	5302880	FIFE SCHOOL DISTRICT	WA
260	4841280	SPRINGTOWN ISD	TX
260	3904738	SOUTHWEST LOCAL	OH
260	3904474	SANDUSKY CITY	OH
260	3501740	LOVINGTON MUNICIPAL SCHOOLS	NM
260	3414130	ROCKAWAY TOWNSHIP SCHOOL DISTRICT	NJ
260	3401560	BERKELEY TOWNSHIP	NJ
260	2802520	LEAKE CO SCHOOL DIST	MS
260	2603690	AVONDALE SCHOOL DISTRICT	MI
260	2103540	LOGAN COUNTY	KY
260	1737350	TRIAD CUSD 2	IL
260	1200900	HOLMES	FL
259	4835190	PLEASANTON ISD	TX
259	4826160	LA MARQUE ISD	TX
259	4701770	HAYWOOD COUNTY	TN
259	4701440	GRAINGER COUNTY	TN
259	4607950	BRANDON VALLEY SCHOOL DISTRICT 49-2	SD
259	4218390	PALMYRA AREA SD	PA
259	3910015	PAINESVILLE CITY LOCAL	OH
259	3904408	WINTON WOODS CITY	OH
259	3415360	SOUTH PLAINFIELD PUBLIC SCHOOLS	NJ
259	2635520	WAVERLY COMMUNITY SCHOOLS	MI
259	2508310	NASHOBA	MA
259	1724940	MASCOUTAH CUD 19	IL
259	1707830	CENTRAL CUSD 301	IL
259	0609690	CORCORAN JOINT UNIFIED	CA
259	0100360	BIBB COUNTY	AL
258	5400810	MCDOWELL COUNTY SCHOOLS	WV
258	5307770	SELAH SCHOOL DISTRICT	WA
258	4830950	MINERAL WELLS ISD	TX
258	4812120	BURKBURNETT ISD	TX
258	3702640	LEXINGTON CITY SCHOOLS	NC
258	3629610	VESTAL CENTRAL SCHOOL DISTRICT	NY
258	3625260	RYE CITY SCHOOL DISTRICT	NY
258	3605460	BRIGHTON CENTRAL SCHOOL DISTRICT	NY
258	2103360	LETCHER COUNTY	KY
258	1811460	TRI-CREEK SCHOOL CORPORATION	IN
258	1804980	JAY SCHOOL CORP	IN
258	1700010	BEACH PARK CCSD 3	IL
258	0628320	OLD ADOBE UNION	CA
258	0619800	KINGSBURG ELEMENTARY CHARTER	CA
257	4826490	LAKE WORTH ISD	TX
257	3910017	BEDFORD CITY	OH
257	3700930	CLINTON CITY SCHOOLS	NC
257	3613620	HARBORFIELDS CENTRAL SCHOOL DISTRICT	NY
257	3500150	AZTEC MUNICIPAL SCHOOLS	NM
257	2916450	KEARNEY R-I	MO
257	2612030	DEXTER COMMUNITY SCHOOL DISTRICT	MI
257	1718450	HARVEY SD 152	IL
257	1301680	DECATUR CITY	GA
257	1300480	BRANTLEY COUNTY	GA
257	0905190	WINDHAM SCHOOL DISTRICT	CT
257	0101110	DALLAS COUNTY	AL
256	5304560	RIVERVIEW SCHOOL DISTRICT	WA
256	4846500	WYLIE ISD	TX
256	3624030	QUEENSBURY UNION FREE SCHOOL DISTRICT	NY
256	3413530	RAHWAY PUBLIC SCHOOL DISTRICT	NJ
256	2733270	SOUTH ST. PAUL PUBLIC SCHOOL DIST.	MN
256	1300060	APPLING COUNTY	GA
256	0606870	CALAVERAS UNIFIED	CA
256	0604830	BEVERLY HILLS UNIFIED	CA
255	4808870	ATHENS ISD	TX
255	4701800	HENDERSON COUNTY	TN
255	4205910	CHICHESTER SD	PA
255	2914430	HILLSBORO R-III	MO
255	2741460	WACONIA PUBLIC SCHOOL DISTRICT	MN
255	2012180	SHAWNEE HEIGHTS	KS
255	1304170	PIKE COUNTY	GA
255	0806810	SUMMIT SCHOOL DISTRICT NO. RE 1	CO
254	5102190	LEE CO PBLC SCHS	VA
254	4219680	POTTSTOWN SD	PA
254	4111720	ST HELENS SD 502	OR
254	4010350	DURANT	OK
254	3624840	ROCKY POINT UNION FREE SCHOOL DISTRICT	NY
254	3617730	LONG BEACH CITY SCHOOL DISTRICT	NY
254	3407800	JEFFERSON TOWNSHIP	NJ
254	2907350	CARL JUNCTION R-I	MO
254	2800900	CANTON PUBLIC SCHOOL DIST	MS
254	2633090	STURGIS PUBLIC SCHOOLS	MI
254	1914640	INDIANOLA COMM SCHOOL DISTRICT	IA
254	1712450	DOLTON SD 148	IL
254	0631980	RED BLUFF UNION ELEMENTARY	CA
254	0502250	ALMA SCHOOL DISTRICT	AR
253	5509570	MILTON SCHOOL DISTRICT	WI
253	4224540	UPPER PERKIOMEN SD	PA
253	4221570	SHIPPENSBURG AREA SD	PA
253	3904511	WILMINGTON CITY	OH
253	3627450	SOUTH ORANGETOWN CENTRAL SCHOOL DISTRICT	NY
253	3608430	CORNWALL CENTRAL SCHOOL DISTRICT	NY
253	2931020	WARRENSBURG R-VI	MO
253	2510470	SANDWICH	MA
253	2310770	RSU 17/MSAD 17	ME
253	2103780	MARION COUNTY	KY
253	0905220	WINDSOR SCHOOL DISTRICT	CT
253	0903030	NORTH HAVEN SCHOOL DISTRICT	CT
253	0902550	MONROE SCHOOL DISTRICT	CT
253	0606780	CABRILLO UNIFIED	CA
252	4822970	HENDERSON ISD	TX
252	4400065	BRISTOL WARREN	RI
252	4205700	CHARTIERS VALLEY SD	PA
252	3702160	HERTFORD COUNTY SCHOOLS	NC
252	3502520	TAOS MUNICIPAL SCHOOLS	NM
252	2803060	NESHOBA COUNTY SCHOOL DISTRICT	MS
252	2626760	ORCHARD VIEW SCHOOLS	MI
252	2200690	GRANT PARISH	LA
252	1722020	LANSING SD 158	IL
252	0627850	OAK PARK UNIFIED	CA
252	0407240	SAFFORD UNIFIED DISTRICT	AZ
252	0101590	FRANKLIN COUNTY	AL
251	5400420	HAMPSHIRE COUNTY SCHOOLS	WV
251	4800011	ALVARADO ISD	TX
251	4211940	HOLLIDAYSBURG AREA SD	PA
251	3501170	GRANTS-CIBOLA COUNTY SCHOOLS	NM
251	2730030	PRINCETON PUBLIC SCHOOL DISTRICT	MN
251	2626190	OAK PARK SCHOOL DISTRICT OF THE CITY OF	MI
251	2610110	CLIO AREA SCHOOL DISTRICT	MI
251	2512810	WESTWOOD	MA
251	2200660	FRANKLIN PARISH	LA
251	1200120	BRADFORD	FL
250	4224790	WALLINGFORD-SWARTHMORE SD	PA
250	4103660	COOS BAY SD 9	OR
250	3418360	WYCKOFF TOWNSHIP PUBLIC SCHOOLS	NJ
250	3404920	EWING TOWNSHIP PUBLIC SCHOOLS	NJ
250	2614280	FERNDALE PUBLIC SCHOOLS	MI
250	2509060	NORWOOD	MA
250	2505370	GRAFTON	MA
250	2504140	DENNIS-YARMOUTH	MA
250	2100620	BOYD COUNTY	KY
250	0604380	BELLEVUE UNION ELEMENTARY	CA
250	0100510	BUTLER COUNTY	AL
249	5515750	WATERTOWN UNIFIED SCHOOL DISTRICT	WI
249	4502790	LEXINGTON 04	SC
249	4218580	PENN-DELCO SD	PA
249	4109510	PENDLETON SD 16	OR
249	2923460	MERAMEC VALLEY R-III	MO
249	2802460	LAUREL SCHOOL DISTRICT	MS
249	2723820	NORTH BRANCH PUBLIC SCHOOLS	MN
249	2314793	RSU 14	ME
249	2312330	SOUTH PORTLAND PUBLIC SCHOOLS	ME
249	0902820	NEW LONDON SCHOOL DISTRICT	CT
248	4703870	SMITH COUNTY	TN
248	4202010	ABINGTON HEIGHTS SD	PA
248	3904625	NORTHEASTERN LOCAL	OH
248	3501650	LOS ALAMOS PUBLIC SCHOOLS	NM
248	1812240	WA-NEE COMMUNITY SCHOOLS	IN
247	4219200	PITTSTON AREA SD	PA
247	3701830	GREENE COUNTY SCHOOLS	NC
247	3631320	WHITESBORO CENTRAL SCHOOL DISTRICT	NY
247	2744070	WINONA AREA PUBLIC SCHOOL DISTRICT	MN
247	2702970	ALBERT LEA PUBLIC SCHOOL DISTRICT	MN
247	1742310	STERLING CUSD 5	IL
247	1725050	MATTOON CUSD 2	IL
247	1300360	BEN HILL COUNTY	GA
247	0613290	FAIRFAX ELEMENTARY	CA
246	5605695	SHERIDAN COUNTY SCHOOL DISTRICT #2	WY
246	4827690	LITTLE CYPRESS-MAURICEVILLE CISD	TX
246	0510440	NETTLETON SCHOOL DISTRICT	AR
246	0502880	BEEBE SCHOOL DISTRICT	AR
246	0101560	FORT PAYNE CITY	AL
246	0100120	ATHENS CITY	AL
245	5503180	DE FOREST AREA SCHOOL DISTRICT	WI
245	5103930	WAYNESBORO CITY PBLC SCHS	VA
245	4812220	BURNET CISD	TX
245	4222380	SOUTHERN YORK COUNTY SD	PA
245	4216620	NEW CASTLE AREA SD	PA
245	4108820	NORTH BEND SD 13	OR
245	3904350	ASHLAND CITY	OH
245	3704920	WHITEVILLE CITY SCHOOLS	NC
245	3501890	MORIARTY-EDGEWQOD SCHOOL DISTRICT	NM
245	2623850	MILAN AREA SCHOOLS	MI
245	2616110	GODWIN HEIGHTS PUBLIC SCHOOLS	MI
245	1301770	DODGE COUNTY	GA
245	0103480	WASHINGTON COUNTY	AL
244	5301140	CENTRALIA SCHOOL DISTRICT	WA
244	4837440	ROBSTOWN ISD	TX
244	4500690	ABBEVILLE 60	SC
244	4013560	GUTHRIE	OK
244	3625050	ROSLYN UNION FREE SCHOOL DISTRICT	NY
244	3500240	BLOOMFIELD SCHOOLS	NM
244	2930660	UNIVERSITY CITY	MO
244	1303780	MORGAN COUNTY	GA
243	5506600	HORTONVILLE AREA SCHOOL DISTRICT	WI
243	4900960	SOUTH SANPETE DISTRICT	UT
243	4826640	LAMPASAS ISD	TX
243	4400780	NORTH PROVIDENCE	RI
243	4210950	GREATER JOHNSTOWN SD	PA
243	3628500	SWEET HOME CENTRAL SCHOOL DISTRICT	NY
243	3610080	EASTCHESTER UNION FREE SCHOOL DISTRICT	NY
243	3500210	BERNALILLO PUBLIC SCHOOLS	NM
243	3411640	NORTH PLAINFIELD BORO	NJ
243	2612600	EAST LANSING SCHOOL DISTRICT	MI
243	2509450	PENTUCKET	MA
243	2314670	RSU 57/MSAD 57	ME
243	2105100	ROWAN COUNTY	KY
243	1806120	MADISON CONSOLIDATED SCHOOLS	IN
243	1715420	FLOSSMOOR SD 161	IL
243	1305850	WORTH COUNTY	GA
243	1301470	COOK COUNTY	GA
243	0642990	WISEBURN ELEMENTARY	CA
242	4814670	COLUMBIA-BRAZORIA ISD	TX
242	4225200	WEST ALLEGHENY SD	PA
242	4223760	TRINITY AREA SD	PA
242	4214790	MARS AREA SD	PA
242	3700210	ASHE COUNTY SCHOOLS	NC
242	3629850	WANTAGH UNION FREE SCHOOL DISTRICT	NY
242	3623190	PLAINEDGE UNION FREE SCHOOL DISTRICT	NY
242	3618270	MANHASSET UNION FREE SCHOOL DISTRICT	NY
242	3413410	PRINCETON PUBLIC SCHOOLS	NJ
242	2804260	TISHOMINGO CO SP MUN SCH DIST	MS
242	2801980	HOLMES CO SCHOOL DIST	MS
242	1602130	MIDDLETON DISTRICT	ID
242	0901290	EAST HAVEN SCHOOL DISTRICT	CT
242	0100030	ALEXANDER CITY	AL
241	4608520	BROOKINGS SCHOOL DISTRICT 05-1	SD
241	4219650	POTTSGROVE SD	PA
241	4210710	GETTYSBURG AREA SD	PA
241	4029380	TAHLEQUAH	OK
241	3904817	MIDVIEW LOCAL	OH
241	3703900	ROANOKE RAPIDS CITY SCHOOLS	NC
241	2610620	COMSTOCK PARK PUBLIC SCHOOLS	MI
241	2601950	ADRIAN SCHOOL DISTRICT OF THE CITY OF	MI
241	2504410	DUXBURY	MA
241	2103990	MCCREARY COUNTY	KY
241	1811100	M S D STEUBEN COUNTY	IN
241	1805550	WAWASEE COMMUNITY SCHOOL CORP	IN
241	0506900	GREENBRIER SCHOOL DISTRICT	AR
240	5509130	MEQUON-THIENSVILLE SCHOOL DISTRICT	WI
240	5101710	GREENE CO PBLC SCHS	VA
240	2714970	HUTCHINSON PUBLIC SCHOOL DISTRICT	MN
240	2700017	CHISAGO LAKES SCHOOL DISTRICT	MN
240	2009960	NEWTON	KS
240	0506270	FORREST CITY SCHOOL DISTRICT	AR
239	5505940	GREENFIELD SCHOOL DISTRICT	WI
239	4703090	MORGAN COUNTY	TN
239	4216200	MUHLENBERG SD	PA
239	4213320	LAUREL HIGHLANDS SD	PA
239	4212170	INTERBORO SD	PA
239	4107080	KLAMATH FALLS CITY SCHOOLS	OR
239	3904624	TECUMSEH LOCAL	OH
239	3904495	VANDALIA-BUTLER CITY	OH
239	2804230	TATE CO SCHOOL DIST	MS
239	2510620	SHARON	MA
239	2505280	GLOUCESTER	MA
239	1300390	BERRIEN COUNTY	GA
238	5102390	MANASSAS PARK CITY PBLC SCHS	VA
238	4835850	PRINCETON ISD	TX
238	4828680	MABANK ISD	TX
238	3904498	WAPAKONETA CITY	OH
238	3625920	SAYVILLE UNION FREE SCHOOL DISTRICT	NY
238	3619740	MONTICELLO CENTRAL SCHOOL DISTRICT	NY
238	2905430	NORTH ST. FRANCOIS CO. R-I	MO
238	2803540	PEARL RIVER CO SCHOOL DIST	MS
238	2614250	FENTON AREA PUBLIC SCHOOLS	MI
238	2310530	SCARBOROUGH PUBLIC SCHOOLS	ME
238	1804560	SCHOOL TOWN OF HIGHLAND	IN
238	1304950	THOMASVILLE CITY	GA
238	1302100	FANNIN COUNTY	GA
238	1201860	TAYLOR	FL
237	5504290	ELKHORN AREA SCHOOL DISTRICT	WI
237	5400150	BROOKE COUNTY SCHOOLS	WV
237	5101510	FREDERICKSBURG CITY PBLC SCHS	VA
237	4704200	TULLAHOMA	TN
237	3409330	MAHWAH TOWNSHIP PUBLIC SCHOOLS	NJ
237	2932100	WINDSOR C-1	MO
237	2930570	UNION R-XI	MO
237	2618030	HAZEL PARK SCHOOL DISTRICT OF THE CITY OF	MI
237	2511740	TRITON	MA
237	1739030	CCSD 146	IL
237	1733690	RIDGELAND SD 122	IL
237	0615780	GRASS VALLEY ELEMENTARY	CA
237	0605670	BONSALL UNION ELEMENTARY	CA
237	0513530	VILONIA SCHOOL DISTRICT	AR
236	4824630	JASPER ISD	TX
236	4813650	CHAPEL HILL ISD	TX
236	4008850	COWETA	OK
236	3904887	TRI-VALLEY LOCAL	OH
236	3904507	WHITEHALL CITY	OH
236	3604140	BEACON CITY SCHOOL DISTRICT	NY
236	3176470	SCOTTSBLUFF PUBLIC SCHOOLS	NE
236	2634680	VAN DYKE PUBLIC SCHOOLS	MI
236	2611550	DEWITT PUBLIC SCHOOLS	MI
236	2505730	HAMPDEN-WILBRAHAM	MA
236	1916680	LEWIS CENTRAL COMM SCHOOL DISTRICT	IA
236	1303630	MERIWETHER COUNTY	GA
236	0500019	BATESVILLE SCHOOL DISTRICT	AR
236	0500017	PARAGOULD SCHOOL DISTRICT	AR
236	0101730	HARTSELLE CITY	AL
235	4823820	HUFFMAN ISD	TX
235	4206270	COCALICO SD	PA
235	4106740	JEFFERSON COUNTY SD 509J	OR
235	3502100	PORTALES MUNICIPAL SCHOOLS	NM
235	2802640	LINCOLN CO SCHOOL DIST	MS
235	2801490	FORREST COUNTY SCHOOL DISTRICT	MS
235	2801290	COVINGTON CO SCHOOLS	MS
235	2800750	CLEVELAND SCHOOL DIST	MS
235	2610140	COLDWATER COMMUNITY SCHOOLS	MI
235	2509930	RANDOLPH	MA
235	1302010	ELBERT COUNTY	GA
235	0902280	MADISON SCHOOL DISTRICT	CT
235	0614950	GATEWAY UNIFIED	CA
235	0503320	BLYTHEVILLE SCHOOL DISTRICT	AR
235	0405400	MURPHY ELEMENTARY DISTRICT	AZ
234	5309690	WEST VALLEY SCHOOL DISTRICT (SPOKANE)	WA
234	5305370	EAST VALLEY SCHOOL DISTRICT (YAKIMA)	WA
234	4842280	TAYLOR ISD	TX
234	4208820	EASTERN LANCASTER COUNTY SD	PA
234	4203000	BANGOR AREA SD	PA
234	3904788	MADISON LOCAL	OH
234	3622650	PEEKSKILL CITY SCHOOL DISTRICT	NY
234	3619110	MERRICK UNION FREE SCHOOL DISTRICT	NY
234	3612180	GLEN COVE CITY SCHOOL DISTRICT	NY
234	3609990	EAST SYRACUSE-MINOA CENTRAL SCHOOL DISTRICT	NY
234	3003290	BELGRADE ELEM	MT
234	2801650	GREENWOOD PUBLIC SCHOOL DISTRICT	MS
234	2621120	LAMPHERE PUBLIC SCHOOLS	MI
234	1305490	WASHINGTON COUNTY	GA
234	0900420	BRANFORD SCHOOL DISTRICT	CT
233	5300030	ABERDEEN SCHOOL DISTRICT	WA
233	4631350	HARRISBURG SCHOOL DISTRICT 41-2	SD
233	4218740	PENNCREST SD	PA
233	4217760	NORTHERN YORK COUNTY SD	PA
233	4212600	JUNIATA COUNTY SD	PA
233	3904849	HIGHLAND LOCAL	OH
233	3904448	NEW PHILADELPHIA CITY	OH
233	3904363	BOWLING GREEN CITY SCHOOL DISTRICT	OH
233	3627240	SOUTH GLENS FALLS CENTRAL SCHOOL DISTRICT	NY
233	3615540	ISLIP UNION FREE SCHOOL DISTRICT	NY
233	2627210	OWOSSO PUBLIC SCHOOLS	MI
233	2314700	RSU 60/MSAD 60	ME
233	0608520	CHOWCHILLA ELEMENTARY	CA
232	5309540	WASHOUGAL SCHOOL DISTRICT	WA
232	4703720	SCOTT COUNTY	TN
232	4224750	WALLENPAUPACK AREA SD	PA
232	4214760	MARPLE NEWTOWN SD	PA
232	3904489	TIFFIN CITY	OH
232	3904400	FRANKLIN CITY	OH
232	3811820	MANDAN 1	ND
232	3629790	WALLKILL CENTRAL SCHOOL DISTRICT	NY
232	3609690	EAST IRONDEQUOIT CENTRAL SCHOOL DISTRICT	NY
232	3415990	SWEDESBORO-WOOLWICH BOARD OF EDUCATION	NJ
232	2632670	LAKE SHORE PUBLIC SCHOOLS (MACOMB)	MI
232	2620880	LAKEVIEW PUBLIC SCHOOLS (MACOMB)	MI
232	2504200	DIGHTON-REHOBOTH	MA
232	2100150	ASHLAND INDEPENDENT	KY
232	1303000	JEFF DAVIS COUNTY	GA
232	0637620	SOUTHERN KERN UNIFIED	CA
232	0101050	DALE COUNTY	AL
231	5100510	BUCHANAN CO PBLC SCHS	VA
231	4503150	ORANGEBURG 03	SC
231	4202440	AMBRIDGE AREA SD	PA
231	3703360	NEWTON CONOVER CITY SCHOOLS	NC
231	3620400	NEW HYDE PARK-GARDEN CITY PARK UNION FREE SCHOOL DISTRICT	NY
231	3602920	AMHERST CENTRAL SCHOOL DISTRICT	NY
231	2512060	WAREHAM	MA
231	2100870	CALLOWAY COUNTY	KY
231	2100390	BELL COUNTY	KY
231	0620070	KONOCTI UNIFIED	CA
230	4843200	TRINITY ISD	TX
230	4823100	HIDALGO ISD	TX
230	4816500	DECATUR ISD	TX
230	3904674	BIG WALNUT LOCAL	OH
230	3904349	ALLIANCE CITY	OH
230	2912030	FESTUS R-VI	MO
230	2800840	BROOKHAVEN SCHOOL DIST	MS
230	2635220	WARREN WOODS PUBLIC SCHOOLS	MI
230	2503840	CONCORD	MA
230	2105070	ROCKCASTLE COUNTY	KY
230	2102580	HARRISON COUNTY	KY
230	0624900	MILLBRAE ELEMENTARY	CA
230	0100720	CLARKE COUNTY	AL
229	5302460	ELLENSBURG SCHOOL DISTRICT	WA
229	4217310	NORTH POCONO SD	PA
229	4003180	ARDMORE	OK
229	3904998	COPLEY-FAIRLAWN CITY	OH
229	3904945	MADISON LOCAL	OH
229	3605310	BREWSTER CENTRAL SCHOOL DISTRICT	NY
229	2201770	UNION PARISH	LA
229	2102400	GREENUP COUNTY	KY
229	1810710	SOUTHERN HANCOCK CO COM SCH CORP	IN
229	1305040	TOOMBS COUNTY	GA
229	0100990	CULLMAN CITY	AL
228	4400540	JOHNSTON	RI
228	4207650	DONEGAL SD	PA
228	4103860	DALLAS SD 2	OR
228	3904416	KENT CITY	OH
228	3502430	SILVER CONSOLIDATED SCHOOLS	NM
228	3416470	BARNEGAT TOWNSHIP SCHOOL DISTRICT	NJ
228	2931050	WARREN CO. R-III	MO
228	2804620	WEST POINT SCHOOL DIST	MS
228	2627930	PUBLIC SCHOOLS OF PETOSKEY	MI
228	2010710	PITTSBURG	KS
228	1810360	SOUTH HARRISON COM SCHOOLS	IN
228	1727210	MOUNT PROSPECT SD 57	IL
228	0900210	BERLIN SCHOOL DISTRICT	CT
228	0632880	RIPON UNIFIED	CA
228	0600061	RIVERBANK UNIFIED	CA
228	0405190	MOHAVE VALLEY ELEMENTARY DISTRICT	AZ
227	4841350	STAFFORD MSD	TX
227	4400570	LINCOLN	RI
227	4213110	LAMPETER-STRASBURG SD	PA
227	3904695	HAMILTON LOCAL	OH
227	3612270	GLOVERSVILLE CITY SCHOOL DISTRICT	NY
227	3605940	BURNT HILLS-BALLSTON LAKE CENTRAL SCHOOL DISTRICT	NY
227	3600016	AVERILL PARK CENTRAL SCHOOL DISTRICT	NY
227	3413680	HAZLET TOWNSHIP PUBLIC SCHOOLS	NJ
227	3407410	HOLMDEL TOWNSHIP SCHOOL DISTRICT	NJ
227	3407290	HILLSIDE BOARD OF EDUCATION	NJ
227	3307170	WINDHAM SCHOOL DISTRICT	NH
227	2607590	CADILLAC AREA PUBLIC SCHOOLS	MI
227	1920610	NEWTON COMM SCHOOL DISTRICT	IA
227	1715930	FREMONT SD 79	IL
226	4701980	HUMPHREYS COUNTY	TN
226	4700990	DEKALB COUNTY	TN
226	4501770	CLARENDON 02	SC
226	4222350	SOUTHERN LEHIGH SD	PA
226	4203480	BERWICK AREA SD	PA
226	4103720	CROOK COUNTY SD	OR
226	3904987	LOUISVILLE CITY	OH
226	2920430	MARSHFIELD R-I	MO
226	2801220	COPIAH CO SCHOOL DIST	MS
226	2633810	THORNAPPLE KELLOGG SCHOOL DISTRICT	MI
226	2509030	NORWELL	MA
226	1813110	WESTVIEW SCHOOL CORPORATION	IN
226	1300240	BANKS COUNTY	GA
225	5513050	RIVER FALLS SCHOOL DISTRICT	WI
225	5509090	MENOMONIE AREA SCHOOL DISTRICT	WI
225	4825500	KENNEDALE ISD	TX
225	4820500	GATESVILLE ISD	TX
225	4808550	ARANSAS COUNTY ISD	TX
225	4502640	LAURENS 56	SC
225	4225980	WEST YORK AREA SD	PA
225	4224150	UNIONTOWN AREA SD	PA
225	3904831	CANFIELD LOCAL	OH
225	3904456	NORWALK CITY	OH
225	3700660	CASWELL COUNTY SCHOOLS	NC
225	3416980	WARREN TOWNSHIP SCHOOLS	NJ
225	2510500	SAUGUS	MA
225	2505070	FREETOWN-LAKEVILLE	MA
225	2105160	RUSSELL COUNTY	KY
224	5510620	NEW RICHMOND SCHOOL DISTRICT	WI
224	4502100	FAIRFIELD 01	SC
224	4021630	NOBLE	OK
224	3904615	TALAWANDA CITY	OH
224	2619800	JEFFERSON SCHOOLS (MONROE)	MI
224	2614730	FOWLERVILLE COMMUNITY SCHOOLS	MI
224	2201260	POINTE COUPEE PARISH	LA
224	2104650	PADUCAH INDEPENDENT	KY
224	1803960	GREATER JASPER CON SCHS	IN
224	1303030	JEFFERSON CITY	GA
224	0635910	SARATOGA UNION ELEMENTARY	CA
223	5602760	UINTA COUNTY SCHOOL DISTRICT #1	WY
223	5514550	STOUGHTON AREA SCHOOL DISTRICT	WI
223	5509810	MONONA GROVE SCHOOL DISTRICT	WI
223	5306220	OMAK SCHOOL DISTRICT	WA
223	4832190	NAVASOTA ISD	TX
223	4820220	GAINESVILLE ISD	TX
223	4211010	GREENCASTLE-ANTRIM SD	PA
223	4100048	NORTH WASCO COUNTY SD 21	OR
223	3904719	KENSTON LOCAL	OH
223	3621480	NYACK UNION FREE SCHOOL DISTRICT	NY
223	3417430	WEST DEPTFORD TOWNSHIP PUBLIC SCHOOLS	NJ
223	3408850	LODI PUBLIC SCHOOLS	NJ
223	2600013	MARQUETTE AREA PUBLIC SCHOOLS	MI
223	2400570	SOMERSET COUNTY PUBLIC SCHOOLS	MD
223	2100070	ALLEN COUNTY	KY
223	0904560	TOLLAND SCHOOL DISTRICT	CT
223	0508670	LAKESIDE SCHOOL DISTRICT	AR
223	0100930	COVINGTON COUNTY	AL
222	4701080	DYERSBURG	TN
222	3904869	TROTWOOD-MADISON CITY	OH
222	3622680	PELHAM UNION FREE SCHOOL DISTRICT	NY
222	3417100	ROBBINSVILLE PUBLIC SCHOOLS	NJ
222	2804110	SOUTH TIPPAH SCHOOL DIST	MS
222	1920940	NORTH SCOTT COMM SCHOOL DISTRICT	IA
222	1730300	OTTAWA ESD 141	IL
222	0904890	WATERTOWN SCHOOL DISTRICT	CT
222	0603480	AUBURN UNION ELEMENTARY	CA
222	0514140	WHITE HALL SCHOOL DISTRICT	AR
222	0102730	PICKENS COUNTY	AL
221	4826310	LA VERNIA ISD	TX
221	4815510	CRANDALL ISD	TX
221	4222170	SOUTH EASTERN SD	PA
221	4205460	CRESTWOOD SD	PA
221	3401500	BERGENFIELD BOROUGH SCHOOL DISTRICT	NJ
221	2804020	SMITH CO SCHOOL DIST	MS
221	0611760	EARLIMART ELEMENTARY	CA
221	0407700	SHOW LOW UNIFIED DISTRICT	AZ
220	5308130	TUKWILA SCHOOL DISTRICT	WA
220	4813110	CARTHAGE ISD	TX
220	4226850	YORK SUBURBAN SD	PA
220	3910019	MARIETTA CITY	OH
220	3904718	CHARDON LOCAL	OH
220	2804350	UNION CO SCHOOL DIST	MS
220	2802880	MCCOMB SCHOOL DISTRICT	MS
220	2802670	LONG BEACH SCHOOL DIST	MS
220	2621690	LINDEN COMMUNITY SCHOOLS	MI
220	2619250	IONIA PUBLIC SCHOOLS	MI
220	2506390	HUDSON	MA
220	2310500	SANFORD PUBLIC SCHOOLS	ME
220	2105400	SIMPSON COUNTY	KY
220	1303060	JEFFERSON COUNTY	GA
220	0634860	SAN MARINO UNIFIED	CA
220	0620370	LAGUNA BEACH UNIFIED	CA
219	5501890	BURLINGTON AREA SCHOOL DISTRICT	WI
219	4833010	NORTH LAMAR ISD	TX
219	4400150	CHARIHO	RI
219	4203240	BELLEFONTE AREA SD	PA
219	4023970	PIEDMONT	OK
219	3612330	GOSHEN CENTRAL SCHOOL DISTRICT	NY
219	3409150	LOWER TOWNSHIP ELEMENTARY SCHOOL DISTRICT	NJ
219	2916290	JENNINGS	MO
219	2804170	STONE CO SCHOOL DIST	MS
219	2620820	LAKESHORE SCHOOL DISTRICT (BERRIEN)	MI
219	2615730	GAYLORD COMMUNITY SCHOOLS	MI
219	0900840	COLCHESTER SCHOOL DISTRICT	CT
219	0638700	TAFT CITY	CA
219	0632270	REEF-SUNSET UNIFIED	CA
219	0622890	LOS NIETOS	CA
218	4224510	UPPER MORELAND TOWNSHIP SD	PA
218	4221540	SHIKELLAMY SD	PA
218	3619410	MILLER PLACE UNION FREE SCHOOL DISTRICT	NY
218	2910500	DESOTO 73	MO
218	2504050	DEDHAM	MA
218	2314779	RSU 18	ME
218	2007020	HAYS	KS
218	1809480	RICHLAND-BEAN BLOSSOM C S C	IN
218	0627200	NEWMAN-CROWS LANDING UNIFIED	CA
218	0609780	CORNING UNION ELEMENTARY	CA
217	5508910	MCFARLAND SCHOOL DISTRICT	WI
217	4827240	LEVELLAND ISD	TX
217	4826280	LA VEGA ISD	TX
217	3403780	DELRAN TOWNSHIP SCHOOL DISTRICT	NJ
217	2615390	FRUITPORT COMMUNITY SCHOOLS	MI
217	2104110	MERCER COUNTY	KY
217	1303360	LONG COUNTY	GA
217	0633510	ROSELAND	CA
216	4900900	SAN JUAN DISTRICT	UT
216	4211400	HAMPTON TOWNSHIP SD	PA
216	3905016	HOWLAND LOCAL	OH
216	3627180	SOMERS CENTRAL SCHOOL DISTRICT	NY
216	3611160	FLORAL PARK-BELLEROSE UNION FREE SCHOOL DISTRICT	NY
216	3607020	GRAND ISLAND CENTRAL SCHOOL DISTRICT	NY
216	3406900	HARRISON TOWNSHIP SCHOOL DISTRICT	NJ
216	2606570	BRANDON SCHOOL DISTRICT IN THE COUNTIES OF OAKLAND AND LAPEE	MI
216	2508820	NORTH READING	MA
216	1717800	GURNEE SD 56	IL
216	0600022	MENDOTA UNIFIED	CA
216	0101660	GENEVA COUNTY	AL
215	4900540	MILLARD DISTRICT	UT
215	4210920	GREENSBURG SALEM SD	PA
215	4208580	EAST PENNSBORO AREA SD	PA
215	3904374	CHILLICOTHE CITY	OH
215	3417820	WESTWOOD REGIONAL SCHOOL DISTRICT	NJ
215	2718750	MAHTOMEDI PUBLIC SCHOOL DISTRICT	MN
215	2612480	EAST GRAND RAPIDS PUBLIC SCHOOLS	MI
215	1800240	SOUTH DEARBORN COM SCHOOL CORP	IN
215	1703900	APTAKISIC-TRIPP CCSD 102	IL
215	0507380	HARRISON SCHOOL DISTRICT	AR
214	5103600	SOUTHAMPTON CO PBLC SCHS	VA
214	4701230	FENTRESS COUNTY	TN
214	4500870	ANDERSON 04	SC
214	4401170	WESTERLY	RI
214	4219710	POTTSVILLE AREA SD	PA
214	4109270	ONTARIO SD 8C	OR
214	3604740	BETHPAGE UNION FREE SCHOOL DISTRICT	NY
214	3175900	RALSTON PUBLIC SCHOOLS	NE
214	2006660	GREAT BEND	KS
214	2006330	FT LEAVENWORTH	KS
214	1721750	LAKE FOREST SD 67	IL
214	1304260	PUTNAM COUNTY	GA
214	0103210	TALLAPOOSA COUNTY	AL
213	4502850	MARION 01	SC
213	3403930	DOVER PUBLIC SCHOOL DISTRICT	NJ
213	2626010	NORTHWEST COMMUNITY SCHOOLS	MI
213	2506240	HOLLISTON	MA
213	2505790	HANOVER	MA
213	1718990	HIGHLAND CUSD 5	IL
213	0643200	WRIGHT ELEMENTARY	CA
213	0514430	WYNNE SCHOOL DISTRICT	AR
212	5514040	SOUTH MILWAUKEE SCHOOL DISTRICT	WI
212	5500540	ASHWAUBENON SCHOOL DISTRICT	WI
212	5103690	STAUNTON CITY PBLC SCHS	VA
212	4203870	BLUE MOUNTAIN SD	PA
212	3626370	NORTH SHORE CENTRAL SCHOOL DISTRICT	NY
212	3609090	JAMESVILLE-DEWITT CENTRAL SCHOOL DISTRICT	NY
212	3413290	POINT PLEASANT BOROUGH BOARD OF EDUCATION	NJ
212	2802700	LOUISVILLE MUNICIPAL SCHOOL DIST	MS
212	2802580	LEFLORE CO SCHOOL DIST	MS
212	2620070	KEARSLEY COMMUNITY SCHOOL DISTRICT	MI
212	2612990	EDWARDSBURG PUBLIC SCHOOLS	MI
212	2105490	SPENCER COUNTY	KY
212	2102040	FORT THOMAS INDEPENDENT	KY
212	1732970	QUEEN BEE SD 16	IL
212	1724060	MAHOMET-SEYMOUR CUSD 3	IL
212	0803090	MONTEZUMA-CORTEZ SCHOOL DISTRICT NO. RE-1	CO
212	0504380	CLARKSVILLE SCHOOL DISTRICT	AR
211	5605762	SWEETWATER COUNTY SCHOOL DISTRICT #2	WY
211	5514910	TOMAH AREA SCHOOL DISTRICT	WI
211	4220400	RINGGOLD SD	PA
211	4013590	GUYMON	OK
211	3904468	RAVENNA CITY	OH
211	3904352	ATHENS CITY	OH
211	3409450	MANCHESTER TOWNSHIP SCHOOL DISTRICT	NJ
211	3172810	LEXINGTON PUBLIC SCHOOLS	NE
211	2507050	LUDLOW	MA
211	2103870	MASON COUNTY	KY
211	0513930	WATSON CHAPEL SCHOOL DISTRICT	AR
210	5516620	WHITEFISH BAY SCHOOL DISTRICT	WI
210	4700600	CHESTER COUNTY	TN
210	2710230	DETROIT LAKES PUBLIC SCHOOL DIST.	MN
210	2633720	TECUMSEH PUBLIC SCHOOLS	MI
210	2623460	MELVINDALE-NORTH ALLEN PARK SCHOOLS	MI
210	1810950	SPENCER-OWEN COMMUNITY SCHOOLS	IN
210	0607980	CENTRAL UNION ELEMENTARY	CA
210	0102940	SCOTTSBORO CITY	AL
209	5516320	WEST DE PERE SCHOOL DISTRICT	WI
209	5507620	LAKE GENEVA J1 SCHOOL DISTRICT	WI
209	5100960	COLONIAL HEIGHTS CITY PBLC SCHS	VA
209	4503540	SPARTANBURG 03	SC
209	3625800	SAUGERTIES CENTRAL SCHOOL DISTRICT	NY
209	3623520	PORT JERVIS CITY SCHOOL DISTRICT	NY
209	3413710	READINGTON TOWNSHIP PUBLIC SCHOOL DISTRICT	NJ
209	2911650	EXCELSIOR SPRINGS 40	MO
209	2804770	YAZOO CITY MUNICIPAL SCHOOL DIST	MS
209	2703870	BECKER PUBLIC SCHOOL DISTRICT	MN
209	2617970	HASTINGS AREA SCHOOL DISTRICT	MI
209	2506990	LONGMEADOW	MA
209	1803700	FRANKLIN COUNTY COM SCH CORP	IN
209	1721180	KINNIKINNICK CCSD 131	IL
209	0901440	ELLINGTON SCHOOL DISTRICT	CT
209	0621990	LIVE OAK ELEMENTARY	CA
208	5306900	PROSSER SCHOOL DISTRICT	WA
208	4503570	SPARTANBURG 04	SC
208	4225590	WEST JEFFERSON HILLS SD	PA
208	4214550	MANHEIM CENTRAL SD	PA
208	4111580	SOUTH LANE SD 45J3	OR
208	4108310	MOLALLA RIVER SD 35	OR
208	3904391	EAST LIVERPOOL CITY	OH
208	3617910	LYNBROOK UNION FREE SCHOOL DISTRICT	NY
208	2633840	THREE RIVERS COMMUNITY SCHOOLS	MI
208	2507530	MEDFIELD	MA
208	2504500	EAST LONGMEADOW	MA
208	2100720	BRECKINRIDGE COUNTY	KY
208	0600039	DELHI UNIFIED	CA
208	0101410	EUFAULA CITY	AL
207	5511010	ONALASKA SCHOOL DISTRICT	WI
207	5102610	NEW KENT CO PBLC SCHS	VA
207	4840230	SILSBEE ISD	TX
207	4224970	WAYNE HIGHLANDS SD	PA
207	3703420	NORTHAMPTON COUNTY SCHOOLS	NC
207	3608460	CORTLAND CITY SCHOOL DISTRICT	NY
207	2623070	MASON PUBLIC SCHOOLS (INGHAM)	MI
207	1301080	CHATTOOGA COUNTY	GA
207	0500044	MAGNOLIA SCHOOL DISTRICT	AR
206	5502460	CEDARBURG SCHOOL DISTRICT	WI
206	4221120	SELINSGROVE AREA SD	PA
206	4212150	INDIANA AREA SD	PA
206	3904634	GOSHEN LOCAL	OH
206	3904358	BELLEFONTAINE CITY	OH
206	3800038	DICKINSON 1	ND
206	2730480	RED WING PUBLIC SCHOOL DISTRICT	MN
206	2509000	NORTON	MA
206	2507680	MENDON-UPTON	MA
206	1807560	NEW PRAIRIE UNITED SCHOOL CORP	IN
206	0900270	BETHEL SCHOOL DISTRICT	CT
206	0636820	SILVER VALLEY UNIFIED	CA
206	0612840	ESCALON UNIFIED	CA
206	0609870	CORONADO UNIFIED	CA
206	0102520	MUSCLE SHOALS CITY	AL
205	5500810	BARABOO SCHOOL DISTRICT	WI
205	4840650	SNYDER ISD	TX
205	4220580	SOUTH FAYETTE TOWNSHIP SD	PA
205	4033180	WOODWARD	OK
205	4019440	MCALESTER	OK
205	3904449	NILES CITY	OH
205	3700360	BERTIE COUNTY SCHOOLS	NC
205	3616440	LACKAWANNA CITY SCHOOL DISTRICT	NY
205	3413590	RAMSEY PUBLIC SCHOOLS	NJ
205	2508880	NORTHBOROUGH	MA
205	1810020	SCOTT COUNTY SCHOOL DISTRICT 2	IN
205	0903520	REGIONAL SCHOOL DISTRICT 10	CT
205	0625230	MOJAVE UNIFIED	CA
205	0101740	HENRY COUNTY	AL
204	5605830	TETON COUNTY SCHOOL DISTRICT #1	WY
204	4102840	CENTRAL SD 13J	OR
204	3904917	AURORA CITY	OH
204	3904409	GREENVILLE CITY	OH
204	3602940	AMITYVILLE UNION FREE SCHOOL DISTRICT	NY
204	2635550	WAYLAND UNION SCHOOLS	MI
204	2632820	ST. JOHNS PUBLIC SCHOOLS	MI
204	2101320	CORBIN INDEPENDENT	KY
204	1740500	CCSD 89	IL
204	1709600	CHARLESTON CUSD 1	IL
204	0602100	ALPINE UNION ELEMENTARY	CA
204	0507680	HELENA/ W.HELENA SCHOOL DIST.	AR
204	0407820	SNOWFLAKE UNIFIED DISTRICT	AZ
204	0100840	COLBERT COUNTY	AL
203	5101740	GREENSVILLE CO PBLC SCHS	VA
203	4207200	DALLAS SD	PA
203	3904614	ROSS LOCAL	OH
203	2512210	WAYLAND	MA
203	2508580	NEWBURYPORT	MA
203	1700112	STREATOR ESD 44	IL
203	0904860	WATERFORD SCHOOL DISTRICT	CT
203	0642960	WINTON	CA
202	4839630	SEALY ISD	TX
202	4832310	NEEDVILLE ISD	TX
202	4827420	LIBERTY HILL ISD	TX
202	4819840	FREDERICKSBURG ISD	TX
202	4619410	DOUGLAS SCHOOL DISTRICT 51-1	SD
202	4209780	FLEETWOOD AREA SD	PA
202	3631710	HEWLETT-WOODMERE UNION FREE SCHOOL DISTRICT	NY
202	3414280	ROSELLE PUBLIC SCHOOLS	NJ
202	2625950	NORTHVIEW PUBLIC SCHOOLS	MI
202	2623040	MARYSVILLE PUBLIC SCHOOLS	MI
202	2617250	GULL LAKE COMMUNITY SCHOOLS	MI
202	2608770	CHARLOTTE PUBLIC SCHOOLS	MI
202	2508940	NORTHBRIDGE	MA
202	2003450	ARKANSAS CITY	KS
202	1705910	BENSENVILLE SD 2	IL
201	5504740	FORT ATKINSON SCHOOL DISTRICT	WI
201	4821060	GONZALES ISD	TX
201	4811640	BROWNSBORO ISD	TX
201	4701500	GREENEVILLE	TN
201	4669930	MEADE SCHOOL DISTRICT 46-1	SD
201	4223010	SUSQUEHANNA TOWNSHIP SD	PA
201	4215720	MONTOUR SD	PA
201	4109630	PHOENIX-TALENT SD 4	OR
201	3904389	DOVER CITY	OH
201	3629490	VALLEY STREAM 30 UNION FREE SCHOOL DISTRICT	NY
201	3615900	JOHNSON CITY CENTRAL SCHOOL DISTRICT	NY
201	2630990	SAULT STE. MARIE AREA SCHOOLS	MI
201	2502100	ASHLAND	MA
201	2200960	LASALLE PARISH	LA
201	1305250	UNION COUNTY	GA
201	0619140	JULIAN UNION ELEMENTARY	CA
201	0613200	EXETER UNION ELEMENTARY	CA
201	0101890	JASPER CITY	AL
200	5513950	SLINGER SCHOOL DISTRICT	WI
200	5304620	LYNDEN SCHOOL DISTRICT	WA
200	4823790	HUDSON ISD	TX
200	4704230	UNICOI COUNTY	TN
200	4223850	TUNKHANNOCK AREA SD	PA
200	4212480	JERSEY SHORE AREA SD	PA
200	3904848	CLOVERLEAF LOCAL	OH
200	3904412	HILLSBORO CITY	OH
200	3619500	MINEOLA UNION FREE SCHOOL DISTRICT	NY
200	2611610	DEARBORN HEIGHTS SCHOOL DISTRICT #7	MI
200	2314590	RSU 54/MSAD 54	ME
200	1812120	VINCENNES COMMUNITY SCH CORP	IN
200	1305340	VIDALIA CITY	GA
200	0628270	OJAI UNIFIED	CA
200	0405820	PAGE UNIFIED DISTRICT	AZ
199	5605220	FREMONT COUNTY SCHOOL DISTRICT #25	WY
199	4111040	SCIO SD 95	OR
199	3905005	REVERE LOCAL	OH
199	3616830	LAWRENCE UNION FREE SCHOOL DISTRICT	NY
199	3404740	ENGLEWOOD PUBLIC SCHOOL DISTRICT	NJ
199	3403870	DENVILLE TOWNSHIP BOARD OF EDUCATION	NJ
199	3304830	MILFORD SCHOOL DISTRICT	NH
199	3304050	KEENE SCHOOL DISTRICT	NH
199	2725080	ORONO PUBLIC SCHOOL DISTRICT	MN
199	2105520	TAYLOR COUNTY	KY
199	2102160	GARRARD COUNTY	KY
199	1931350	WESTERN DUBUQUE COMM SCHOOL DISTRICT	IA
199	1741070	WATERLOO CUSD 5	IL
199	1725920	MIDLOTHIAN SD 143	IL
199	0901320	EAST LYME SCHOOL DISTRICT	CT
199	0101710	HALE COUNTY	AL
199	0100780	CLEBURNE COUNTY	AL
198	4810890	BORGER ISD	TX
198	4501080	BARNWELL 45	SC
198	4208790	EASTERN YORK SD	PA
198	3622560	PEARL RIVER UNION FREE SCHOOL DISTRICT	NY
198	2712420	FRIDLEY PUBLIC SCHOOL DISTRICT	MN
198	2612690	EATON RAPIDS PUBLIC SCHOOLS	MI
198	1812900	WEST NOBLE SCHOOL CORPORATION	IN
198	1742840	WINNETKA SD 36	IL
198	0628680	ORCHARD ELEMENTARY	CA
197	5604060	LINCOLN COUNTY SCHOOL DISTRICT #2	WY
197	5306930	PULLMAN SCHOOL DISTRICT	WA
197	3702820	MADISON COUNTY SCHOOLS	NC
197	3600004	ROTTERDAM-MOHONASEN CENTRAL SCHOOL DISTRICT	NY
197	2629910	RIVERVIEW COMMUNITY SCHOOL DISTRICT	MI
197	2314773	RSU 21	ME
197	2314768	RSU 75/MSAD 75	ME
197	2101740	ERLANGER-ELSMERE INDEPENDENT	KY
197	1812880	FRANKTON-LAPEL COMMUNITY SCHS	IN
197	1802550	DANVILLE COMMUNITY SCHOOL CORP	IN
197	1714100	ELMWOOD PARK CUSD 401	IL
197	1712330	DIXON USD 170	IL
197	1602220	MOSCOW DISTRICT	ID
197	0624000	MARK WEST UNION ELEMENTARY	CA
197	0612210	EL SEGUNDO UNIFIED	CA
197	0600035	FARMERSVILLE UNIFIED	CA
197	0507840	HOPE SCHOOL DISTRICT	AR
196	5509210	MERRILL AREA SCHOOL DISTRICT	WI
196	5307080	QUINCY SCHOOL DISTRICT	WA
196	4813320	CENTER ISD	TX
196	4811310	BRIDGE CITY ISD	TX
196	3904470	ROCKY RIVER CITY	OH
196	3606060	BYRAM HILLS CENTRAL SCHOOL DISTRICT	NY
196	2744160	WORTHINGTON PUBLIC SCHOOL DISTRICT	MN
196	2628530	PLAINWELL COMMUNITY SCHOOLS	MI
196	2012510	VALLEY CENTER PUB SCH	KS
196	1708280	CANTON UNION SD 66	IL
196	1706120	BETHALTO CUSD 8	IL
196	1600960	PRESTON JOINT DISTRICT	ID
196	0900060	ANSONIA SCHOOL DISTRICT	CT
196	0611220	DIXIE ELEMENTARY	CA
196	0103150	TALLADEGA CITY	AL
195	4839750	SEMINOLE ISD	TX
195	4211880	HIGHLANDS SD	PA
195	4206780	CONRAD WEISER AREA SD	PA
195	4203660	BIG SPRING SD	PA
195	3904579	SHAWNEE LOCAL	OH
195	3904455	NORTON CITY	OH
195	3628650	UNION FREE SCHOOL DISTRICT OF THE TARRYTOWNS	NY
195	3407350	HOBOKEN PUBLIC SCHOOLS	NJ
195	3405430	FRANKLIN TOWNSHIP BOARD OF EDUCATION	NJ
195	3402580	CALDWELL-WEST CALDWELL PUBLIC SCHOOLS	NJ
195	2802340	KOSCIUSKO SCHOOL DISTRICT	MS
195	2635970	WESTWOOD HEIGHTS SCHOOLS	MI
195	2602220	ALLEGAN PUBLIC SCHOOLS	MI
195	2101760	ESTILL COUNTY	KY
195	2100540	BOURBON COUNTY	KY
195	1804470	WESTERN SCHOOL CORP	IN
195	1730600	PALOS CCSD 118	IL
195	0637290	SOQUEL UNION ELEMENTARY	CA
195	0620820	LAMMERSVILLE ELEMENTARY	CA
194	4839180	SANGER ISD	TX
194	4808340	ANNA ISD	TX
194	4002430	ADA	OK
194	3904561	TIPP CITY EXEMPTED VILLAGE	OH
194	3626840	SHOREHAM-WADING RIVER CENTRAL SCHOOL DISTRICT	NY
194	3618660	MASSENA CENTRAL SCHOOL DISTRICT	NY
194	3408700	LITTLE EGG HARBOR TOWNSHIP SCHOOL DISTRICT	NJ
194	2905370	BOLIVAR R-I	MO
194	2604530	BELDING AREA SCHOOL DISTRICT	MI
194	2502430	BELCHERTOWN	MA
194	2202010	WINN PARISH	LA
194	1802660	DELAWARE COMMUNITY SCHOOL CORP	IN
194	1800450	BEECH GROVE CITY SCHOOLS	IN
194	1718420	HARVARD CUSD 50	IL
194	1713560	EFFINGHAM CUSD 40	IL
194	1601020	EMMETT INDEPENDENT DIST	ID
194	1303690	MITCHELL COUNTY	GA
194	1301870	DUBLIN CITY	GA
194	0903840	ROCKY HILL SCHOOL DISTRICT	CT
194	0902580	MONTVILLE SCHOOL DISTRICT	CT
194	0900540	BROOKFIELD SCHOOL DISTRICT	CT
194	0625740	MORAGA ELEMENTARY	CA
194	0604230	BEAR VALLEY UNIFIED	CA
194	0103580	WINSTON COUNTY	AL
193	5307830	SEQUIM SCHOOL DISTRICT	WA
193	4820190	FORT STOCKTON ISD	TX
193	4703450	POLK COUNTY	TN
193	3704500	THOMASVILLE CITY SCHOOLS	NC
193	3628050	STARPOINT CENTRAL SCHOOL DISTRICT	NY
193	3626310	SCOTIA-GLENVILLE CENTRAL SCHOOL DISTRICT	NY
193	2618330	HIGHLAND PARK CITY SCHOOLS	MI
193	2500001	QUABBIN	MA
193	1723730	WILL COUNTY SD 92	IL
193	1303210	LAMAR COUNTY	GA
193	0902730	NEW FAIRFIELD SCHOOL DISTRICT	CT
193	0630330	PIEDMONT CITY UNIFIED	CA
193	0500049	DEQUEEN SCHOOL DISTRICT	AR
192	5300150	ANACORTES SCHOOL DISTRICT	WA
192	4900660	NORTH SANPETE DISTRICT	UT
192	4500840	ANDERSON 03	SC
192	4225680	WEST MIFFLIN AREA SD	PA
192	4008370	COLLINSVILLE	OK
192	2803240	NORTH PIKE SCHOOL DIST	MS
192	2617940	HASLETT PUBLIC SCHOOLS	MI
192	2617400	HAMILTON COMMUNITY SCHOOLS	MI
192	2505500	GROTON-DUNSTABLE	MA
192	2103240	LAWRENCE COUNTY	KY
192	1719530	HOMEWOOD SD 153	IL
192	0902070	KILLINGLY SCHOOL DISTRICT	CT
192	0604260	BEARDSLEY ELEMENTARY	CA
192	0513380	VALLEY VIEW SCHOOL DISTRICT	AR
191	5401560	WETZEL COUNTY SCHOOLS	WV
191	4900570	MORGAN DISTRICT	UT
191	4703360	PARIS	TN
191	4400090	BURRILLVILLE	RI
191	4222740	TUSCARORA SD	PA
191	4203210	BELLE VERNON AREA SD	PA
191	3910030	CELINA CITY	OH
191	3620040	MOUNT SINAI UNION FREE SCHOOL DISTRICT	NY
191	3304760	MERRIMACK VALLEY SCHOOL DISTRICT	NH
191	2608580	CENTER LINE PUBLIC SCHOOLS	MI
191	2507590	MEDWAY	MA
191	2303150	BIDDEFORD PUBLIC SCHOOLS	ME
191	2004050	BONNER SPRINGS	KS
191	2000015	OTTAWA	KS
191	1726370	MOKENA SD 159	IL
191	1716350	GENESEO CUSD 228	IL
191	1201200	MADISON	FL
191	0903270	PLAINFIELD SCHOOL DISTRICT	CT
190	5513410	SAUK PRAIRIE SCHOOL DISTRICT	WI
190	5103370	ROCKBRIDGE CO PBLC SCHS	VA
190	5101590	GILES CO PBLC SCHS	VA
190	4821360	GRAHAM ISD	TX
190	4680430	YANKTON SCHOOL DISTRICT 63-3	SD
190	3904577	ELIDA LOCAL	OH
190	3405970	GLEN ROCK PUBLIC SCHOOL DISTRICT	NJ
190	2802370	LAFAYETTE CO SCHOOL DIST	MS
190	2635940	WESTERN SCHOOL DISTRICT	MI
190	2512180	WATERTOWN	MA
190	2508850	NORTHAMPTON	MA
190	2314790	RSU 24	ME
190	2100630	BOYLE COUNTY	KY
190	1812450	WASHINGTON COM SCHOOLS	IN
190	1809750	RUSH COUNTY SCHOOLS	IN
190	1704050	SUMMIT SD 104	IL
189	5301170	CHEHALIS SCHOOL DISTRICT	WA
189	5102880	PATRICK CO PBLC SCHS	VA
189	4225740	WEST PERRY SD	PA
189	4218030	OCTORARA AREA SD	PA
189	3904354	BAY VILLAGE CITY	OH
189	3621120	NORTH MERRICK UNION FREE SCHOOL DISTRICT	NY
189	3620370	NEW HARTFORD CENTRAL SCHOOL DISTRICT	NY
189	3403990	DUMONT BOARD OF EDUCATION	NJ
189	2803000	MOSS POINT SEPARATE SCHOOL DIST	MS
189	2800870	CALHOUN CO SCHOOL DIST	MS
189	2104740	PENDLETON COUNTY	KY
189	1811580	TWIN LAKES SCHOOL CORP	IN
189	1706270	BIG HOLLOW SD 38	IL
189	0903539	REGIONAL SCHOOL DISTRICT 17	CT
189	0600043	SCOTTS VALLEY UNIFIED	CA
188	5503060	CUDAHY SCHOOL DISTRICT	WI
188	5305010	MERIDIAN SCHOOL DISTRICT	WA
188	4836240	QUINLAN ISD	TX
188	4827390	LIBERTY-EYLAU ISD	TX
188	4208460	EASTERN LEBANON COUNTY SD	PA
188	3904727	BELLBROOK-SUGARCREEK LOCAL SCHOOL DISTRICT	OH
188	3904405	GENEVA AREA CITY	OH
188	3904386	DEFIANCE CITY	OH
188	3819880	WILLISTON 1	ND
188	2632370	SPARTA AREA SCHOOLS	MI
188	2104890	POWELL COUNTY	KY
188	1736300	ESD 159	IL
188	1726800	MORTON CUSD 709	IL
188	0804020	WELD COUNTY REORGANIZED SCHOOL DISTRICT NO. RE-8	CO
188	0634740	SAN LORENZO VALLEY UNIFIED	CA
187	5511640	PEWAUKEE SCHOOL DISTRICT	WI
187	5301320	CLARKSTON SCHOOL DISTRICT	WA
187	4224650	VALLEY VIEW SD	PA
187	3910027	PORTSMOUTH CITY	OH
187	2921840	NEVADA R-V	MO
187	2803750	PRENTISS CO SCHOOL DIST	MS
187	2801260	CORINTH SCHOOL DIST	MS
187	2633900	TRENTON PUBLIC SCHOOLS	MI
187	2632850	ST. JOSEPH PUBLIC SCHOOLS	MI
187	2505130	GARDNER	MA
187	2306060	GORHAM PUBLIC SCHOOLS	ME
187	1921240	NORWALK COMM SCHOOL DISTRICT	IA
187	0102910	RUSSELLVILLE CITY	AL
186	4502670	LEE 01	SC
186	4502430	HAMPTON 01	SC
186	3904769	WEST HOLMES LOCAL	OH
186	3904555	NEW RICHMOND EXEMPTED VILLAGE	OH
186	3904539	GRANVILLE EXEMPTED VILLAGE	OH
186	3904415	JACKSON CITY	OH
186	3900094	MONROE LOCAL SCHOOL DISTRICT	OH
186	3402160	BRANCHBURG TOWNSHIP	NJ
186	2634950	VICKSBURG COMMUNITY SCHOOLS	MI
186	2510860	SOMERSET	MA
186	2502460	BELLINGHAM	MA
186	2003630	AUGUSTA	KS
186	1732370	POSEN-ROBBINS ESD 143-5	IL
186	1730810	PARK FOREST SD 163	IL
186	1714550	EVERGREEN PARK ESD 124	IL
186	1200630	GILCHRIST	FL
186	0905010	WESTON SCHOOL DISTRICT	CT
186	0200480	KODIAK ISLAND BOROUGH SCHOOL DISTRICT	AK
186	0101950	LAMAR COUNTY	AL
185	5514160	SPARTA AREA SCHOOL DISTRICT	WI
185	5302070	DEER PARK SCHOOL DISTRICT	WA
185	4900270	EMERY DISTRICT	UT
185	4835250	POINT ISABEL ISD	TX
185	4814970	CONNALLY ISD	TX
185	4203688	BLACKHAWK SD	PA
185	3910010	MIAMI TRACE LOCAL	OH
185	3904943	LEXINGTON LOCAL	OH
185	3704740	WARREN COUNTY SCHOOLS	NC
185	3610680	ELWOOD UNION FREE SCHOOL DISTRICT	NY
185	3604110	BAYPORT-BLUE POINT UNION FREE SCHOOL DISTRICT	NY
185	2511220	STONEHAM	MA
185	2511010	SOUTHBRIDGE	MA
185	2103120	KNOTT COUNTY	KY
185	1809000	EAST PORTER COUNTY SCHOOL CORP	IN
185	1713240	EAST PEORIA SD 86	IL
185	0905280	WOLCOTT SCHOOL DISTRICT	CT
184	4845950	WILLS POINT ISD	TX
184	4835010	PITTSBURG ISD	TX
184	4400870	PORTSMOUTH	RI
184	4213500	LEHIGHTON AREA SD	PA
184	4100020	NORTH SANTIAM SD 29J	OR
184	4027750	SKIATOOK	OK
184	3705070	YANCEY COUNTY SCHOOLS	NC
184	3614190	HENDRICK HUDSON CENTRAL SCHOOL DISTRICT	NY
184	3414460	RUTHERFORD PUBLIC SCHOOLS	NJ
184	3412960	PHILLIPSBURG SCHOOL DISTRICT	NJ
184	3411910	OAKLAND BOARD OF EDUCATION	NJ
184	3406570	HAMMONTON SCHOOL DISTRICT	NJ
184	2916740	KIRKSVILLE R-III	MO
184	1728980	NORTHBROOK SD 28	IL
184	0606750	BYRON UNION ELEMENTARY	CA
184	0506060	CAMDEN FAIRVIEW SCHOOL DIST.	AR
184	0406070	PAYSON UNIFIED DISTRICT	AZ
183	5400990	MORGAN COUNTY SCHOOLS	WV
183	5400630	LEWIS COUNTY SCHOOLS	WV
183	4648390	MITCHELL SCHOOL DISTRICT 17-2	SD
183	4012720	GLENPOOL	OK
183	3615810	JERICHO UNION FREE SCHOOL DISTRICT	NY
183	3603990	BATAVIA CITY SCHOOL DISTRICT	NY
183	3409600	MANTUA TOWNSHIP BOARD OF EDUCATION	NJ
183	3408640	LINDENWOLD BOARD OF EDUCATION	NJ
183	3406390	HADDONFIELD BOARD OF EDUCATION	NJ
183	2613500	ESCANABA AREA PUBLIC SCHOOLS	MI
183	2607080	FLAT ROCK COMMUNITY SCHOOLS	MI
183	2100270	BARDSTOWN INDEPENDENT	KY
183	2100030	ADAIR COUNTY	KY
182	5513530	SEYMOUR COMMUNITY SCHOOL DISTRICT	WI
182	5509990	MOUNT HOREB AREA SCHOOL DISTRICT	WI
182	5100152	ALLEGHANY CO PBLC SCHS	VA
182	4701830	HENRY COUNTY	TN
182	4207320	DANVILLE AREA SD	PA
182	4010740	ELK CITY	OK
182	3616560	EVANS-BRANT CENTRAL SCHOOL DISTRICT (LAKE SHORE)	NY
182	3615510	ISLAND TREES UNION FREE SCHOOL DISTRICT	NY
182	2925500	POTOSI R-III	MO
182	2200780	JACKSON PARISH	LA
182	2103180	LARUE COUNTY	KY
182	1727540	MUNDELEIN ESD 75	IL
182	1601110	FREMONT COUNTY JOINT DISTRICT	ID
182	0409160	WHITERIVER UNIFIED DISTRICT	AZ
182	0102640	OZARK CITY	AL
181	5512660	REEDSBURG SCHOOL DISTRICT	WI
181	5401320	ROANE COUNTY SCHOOLS	WV
181	5309360	WAHLUKE SCHOOL DISTRICT	WA
181	5103060	PRINCE EDWARD CO PBLC SCHS	VA
181	4820700	GILMER ISD	TX
181	4703750	SEQUATCHIE COUNTY	TN
181	4031350	WAGONER	OK
181	3904919	FIELD LOCAL	OH
181	3904675	BUCKEYE VALLEY LOCAL	OH
181	3626400	SEAFORD UNION FREE SCHOOL DISTRICT	NY
181	2314795	RSU 10	ME
181	2313560	WESTBROOK PUBLIC SCHOOLS	ME
181	0614250	FOWLER UNIFIED	CA
181	0100090	ANNISTON CITY	AL
180	5512060	PORTAGE COMMUNITY SCHOOL DISTRICT	WI
180	5512000	PORT WASHINGTON-SAUKVILLE SCHOOL DISTRICT	WI
180	5102120	KING WILLIAM CO PBLC SCHS	VA
180	5101650	GOOCHLAND CO PBLC SCHS	VA
180	4400630	MIDDLETOWN	RI
180	4204020	BRADFORD AREA SD	PA
180	4019860	MIAMI	OK
180	3608970	YORKSHIRE-PIONEER CENTRAL SCHOOL DISTRICT	NY
180	2913760	HARRISONVILLE R-IX	MO
180	2504440	EAST BRIDGEWATER	MA
180	2101050	CASEY COUNTY	KY
180	1921870	OSKALOOSA COMM SCHOOL DISTRICT	IA
180	1808220	NORTHERN WELLS COM SCHOOLS	IN
180	1802460	CRAWFORDSVILLE COM SCHOOLS	IN
180	1800690	NORTH HARRISON COM SCHOOL CORP	IN
180	1738700	TAYLORVILLE CUSD 3	IL
180	1734260	ROCHELLE CCSD 231	IL
180	1726100	MILLBURN CCSD 24	IL
180	1201890	UNION	FL
180	0805730	MOFFAT COUNTY SCHOOL DISTRICT RE: NO. 1	CO
180	0103120	SYLACAUGA CITY	AL
179	4818900	FABENS ISD	TX
179	2803690	PONTOTOC CITY SCHOOLS	MS
179	2802820	MARION CO SCHOOL DIST	MS
179	2622970	MARSHALL PUBLIC SCHOOLS	MI
179	2101920	FLEMING COUNTY	KY
179	1806870	MISSISSINEWA COMMUNITY SCHOOL CORP	IN
179	1804170	GRIFFITH PUBLIC SCHOOLS	IN
179	1727390	MT ZION CUSD 3	IL
179	1304500	SCREVEN COUNTY	GA
179	1300540	BROOKS COUNTY	GA
179	0903210	ORANGE SCHOOL DISTRICT	CT
179	0806660	STEAMBOAT SPRINGS SCHOOL DISTRICT NO. RE 2	CO
179	0101470	FAYETTE COUNTY	AL
178	3910011	WASHINGTON COURT HOUSE CITY	OH
178	3904865	SWITZERLAND OF OHIO LOCAL	OH
178	3703720	POLK COUNTY SCHOOLS	NC
178	2920410	MARSHALL	MO
178	2612150	DOWAGIAC UNION SCHOOL DISTRICT	MI
178	2610830	COOPERSVILLE AREA PUBLIC SCHOOL DISTRICT	MI
178	2601980	AIRPORT COMMUNITY SCHOOLS	MI
178	2507140	LYNNFIELD	MA
178	2502220	AUBURN	MA
178	2200240	CITY OF BOGALUSA SCHOOL DISTRICT	LA
178	1736480	SKOKIE SD 69	IL
178	1718810	HERRIN CUSD 4	IL
178	1001850	WOODBRIDGE SCHOOL DISTRICT	DE
178	0903538	REGIONAL SCHOOL DISTRICT 16	CT
178	0400003	CHINO VALLEY UNIFIED DISTRICT	AZ
177	4834470	PEARSALL ISD	TX
177	4655260	PIERRE SCHOOL DISTRICT 32-2	SD
177	4400990	SMITHFIELD	RI
177	4226730	WYOMING AREA SD	PA
177	4217640	NORTHERN LEBANON SD	PA
177	4200824	CENTRAL VALLEY SD	PA
177	4025200	PRYOR	OK
177	3910018	WARREN LOCAL	OH
177	3618150	MAINE-ENDWELL CENTRAL SCHOOL DISTRICT	NY
177	3305820	PORTSMOUTH SCHOOL DISTRICT	NH
177	2617730	HARPER CREEK COMMUNITY SCHOOLS	MI
177	2502400	BEDFORD	MA
177	2501860	AMESBURY	MA
177	2105130	RUSSELL INDEPENDENT	KY
177	2103390	LEWIS COUNTY	KY
177	1736450	SKOKIE SD 68	IL
177	1733990	RIVERSIDE SD 96	IL
177	1721450	DARIEN SD 61	IL
177	1720430	JERSEY CUSD 100	IL
177	0903990	SEYMOUR SCHOOL DISTRICT	CT
177	0101200	DEMOPOLIS CITY	AL
176	5506090	HARTFORD J1 SCHOOL DISTRICT	WI
176	5401380	TAYLOR COUNTY SCHOOLS	WV
176	4900450	JUAB DISTRICT	UT
176	4819170	FERRIS ISD	TX
176	4704440	WAYNE COUNTY	TN
176	4400300	EAST GREENWICH	RI
176	4222790	STEEL VALLEY SD	PA
176	4221930	SOUTH BUTLER COUNTY SD	PA
176	4215210	MIDD-WEST SD	PA
176	4211730	SAUCON VALLEY SD	PA
176	3904768	EAST HOLMES LOCAL	OH
176	3616740	LANSINGBURGH CENTRAL SCHOOL DISTRICT	NY
176	3614970	HUDSON FALLS CENTRAL SCHOOL DISTRICT	NY
176	2909720	CLAYTON	MO
176	2804290	TUNICA COUNTY SCHOOL DISTRICT	MS
176	2709420	CLOQUET PUBLIC SCHOOL DISTRICT	MN
176	2105790	WAYNE COUNTY	KY
176	1804260	HAMILTON HEIGHTS SCHOOL CORP	IN
176	1804080	GREENSBURG COMMUNITY SCHOOLS	IN
176	1720880	KEENEYVILLE SD 20	IL
176	1000810	LAUREL SCHOOL DISTRICT	DE
176	0100960	CRENSHAW COUNTY	AL
176	0100100	ARAB CITY	AL
175	5515660	WATERFORD GRADED J1 SCHOOL DISTRICT	WI
175	5100450	BRISTOL CITY PBLC SCHS	VA
175	4845090	WEST ORANGE-COVE CISD	TX
175	4844110	VERNON ISD	TX
175	4834650	PERRYTON ISD	TX
175	4007560	CHICKASHA	OK
175	3906568	GALLIA COUNTY LOCAL	OH
175	3904988	MARLINGTON LOCAL	OH
175	3904488	TALLMADGE CITY	OH
175	3904482	STEUBENVILLE CITY	OH
175	3631800	WYANDANCH UNION FREE SCHOOL DISTRICT	NY
175	3410020	MIDDLE TOWNSHIP PUBLIC SCHOOLS	NJ
175	3409240	MADISON PUBLIC SCHOOLS	NJ
175	2902910	AFFTON 101	MO
175	2804440	WALTHALL CO SCHOOL DIST	MS
175	2602550	ALLENDALE PUBLIC SCHOOLS	MI
175	2510170	ROCKLAND	MA
175	2502820	BOURNE	MA
175	1734320	ROCHESTER CUSD 3A	IL
175	1602910	SHELLEY JOINT DISTRICT	ID
175	0903300	PLAINVILLE SCHOOL DISTRICT	CT
175	0626820	NEVADA CITY ELEMENTARY	CA
175	0617190	HILLSBOROUGH CITY ELEMENTARY	CA
175	0600046	GONZALES UNIFIED	CA
174	5503640	DELAVAN-DARIEN SCHOOL DISTRICT	WI
174	5304260	LAKEWOOD SCHOOL DISTRICT	WA
174	5101140	DICKENSON CO PBLC SCHS	VA
174	4813960	CHINA SPRING ISD	TX
174	4809360	BANDERA ISD	TX
174	4672090	TODD COUNTY SCHOOL DISTRICT 66-1	SD
174	4221240	SHAMOKIN AREA SD	PA
174	4216290	GREATER NANTICOKE AREA SD	PA
174	4013530	GROVE	OK
174	3904393	EATON COMMUNITY CITY	OH
174	3904369	CAMBRIDGE CITY	OH
174	3700840	EDENTON-CHOWAN SCHOOLS	NC
174	3621720	OLEAN CITY SCHOOL DISTRICT	NY
174	3411310	NEW PROVIDENCE BOARD OF EDUCATION	NJ
174	3402030	BORDENTOWN REGIONAL	NJ
174	3302970	EXETER SCHOOL DISTRICT	NH
174	3104100	BLAIR COMMUNITY SCHOOLS	NE
174	2928410	SMITHVILLE R-II	MO
174	1731770	PLANO CUSD 88	IL
174	0904470	SUFFIELD SCHOOL DISTRICT	CT
174	0807380	WOODLAND PARK SCHOOL DISTRICT NO. RE-2	CO
174	0630450	PINER-OLIVET UNION ELEMENTARY	CA
174	0627780	NUVIEW UNION	CA
174	0406580	BLUE RIDGE UNIFIED DISTRICT	AZ
173	4842030	SWEETWATER ISD	TX
173	4812990	CARRIZO SPRINGS CISD	TX
173	4226550	WILSON AREA SD	PA
173	4211340	HAMBURG AREA SD	PA
173	4024870	POTEAU	OK
173	3502310	RUIDOSO MUNICIPAL SCHOOLS	NM
173	3415390	SOUTH RIVER PUBLIC SCHOOLS	NJ
173	3404660	ELMWOOD PARK BOARD OF EDUCATION	NJ
173	2927570	SAVANNAH R-III	MO
173	2921100	MOBERLY	MO
173	2920810	MEXICO 59	MO
173	2908250	CENTER 58	MO
173	2718240	LITTLE FALLS PUBLIC SCHOOL DISTRICT	MN
173	2633930	TRI COUNTY AREA SCHOOLS	MI
173	2314791	RSU 20	ME
173	2008340	LANSING	KS
173	0607560	CARPINTERIA UNIFIED	CA
173	0100012	BOAZ CITY	AL
172	4704050	SWEETWATER	TN
172	4110980	SCAPPOOSE SD 1J	OR
172	3910020	CLYDE-GREEN SPRINGS EXEMPTED VILLAGE	OH
172	3904847	BUCKEYE LOCAL	OH
172	3904619	GRAHAM LOCAL	OH
172	3614700	HONEOYE FALLS-LIMA CENTRAL SCHOOL DISTRICT	NY
172	3303330	GOVERNOR WENTWORTH REG SCHOOL DISTRICT	NH
172	2924530	PERRY CO. 32	MO
172	2921120	MONETT R-I	MO
172	2618930	HURON SCHOOL DISTRICT	MI
172	2101650	ELIZABETHTOWN INDEPENDENT	KY
172	1908520	DALLAS CENTER-GRIMES COMM SCHOOL DISTRICT	IA
172	1304320	RABUN COUNTY	GA
172	1303990	OGLETHORPE COUNTY	GA
172	1301590	DADE COUNTY	GA
172	0804920	WELD COUNTY REORGANIZED SCHOOL DISTRICT NO. RE-3	CO
172	0512520	SO. CONWAY CO. SCHOOL DISTRICT	AR
171	5306450	ORTING SCHOOL DISTRICT	WA
171	4824180	INGLESIDE ISD	TX
171	3904826	JONATHAN ALDER LOCAL	OH
171	3703210	MOUNT AIRY CITY SCHOOLS	NC
171	3416200	TINTON FALLS SCHOOL DISTRICT	NJ
171	3409180	LUMBERTON TOWNSHIP BOARD OF EDUCATION	NJ
171	3406990	HAWTHORNE BOARD OF EDUCATION	NJ
171	2803120	NEW ALBANY PUBLIC SCHOOLS	MS
171	2713980	HIBBING PUBLIC SCHOOL DISTRICT	MN
171	2632550	SPRING LAKE PUBLIC SCHOOLS	MI
171	2605780	BIG RAPIDS PUBLIC SCHOOLS	MI
171	2506540	KINGSTON	MA
171	2100810	BUTLER COUNTY	KY
171	2009390	MCPHERSON	KS
171	1808850	PERU COMMUNITY SCHOOLS	IN
171	1723090	LINCOLNSHIRE-PRAIRIEVIEW SD 103	IL
171	1715480	FOREST RIDGE SD 142	IL
171	1302490	GREENE COUNTY	GA
171	1300440	BLECKLEY COUNTY	GA
171	0621810	LINDEN UNIFIED	CA
171	0617220	HILMAR UNIFIED	CA
170	5500360	ANTIGO UNIFIED SCHOOL DISTRICT	WI
170	4836540	RAYMONDVILLE ISD	TX
170	4226010	MIFFLINBURG AREA SD	PA
170	4217850	NORTHWESTERN LEHIGH SD	PA
170	4215480	MILTON AREA SD	PA
170	4215240	MIDDLETOWN AREA SD	PA
170	4206590	CONNEAUT SD	PA
170	4111970	SWEET HOME SD 55	OR
170	4107200	LA GRANDE SD 1	OR
170	4008070	CLINTON	OK
170	3416740	VERONA  PUBLIC SCHOOLS	NJ
170	3412840	PENNS GROVE-CARNEYS POINT REGIONAL SCHOOL DISTRICT	NJ
170	3305550	PELHAM SCHOOL DISTRICT	NH
170	2912550	FULTON 58	MO
170	2710060	DASSEL-COKATO PUBLIC SCHOOL DIST.	MN
170	2608940	CHELSEA SCHOOL DISTRICT	MI
170	2501650	ABINGTON	MA
170	2200210	BIENVILLE PARISH	LA
170	2102940	JACKSON COUNTY	KY
170	2004200	BUHLER	KS
170	1725000	MASSAC UD 1	IL
170	1301920	EARLY COUNTY	GA
170	0904380	STONINGTON SCHOOL DISTRICT	CT
170	0903240	OXFORD SCHOOL DISTRICT	CT
170	0643020	WOODLAKE UNION ELEMENTARY	CA
170	0600033	DOS PALOS ORO LOMA JOINT UNIFIED	CA
170	0102790	PIKE COUNTY	AL
169	4700120	ATHENS	TN
169	3905039	VINTON COUNTY LOCAL	OH
169	3904884	FRANKLIN LOCAL	OH
169	3409210	LYNDHURST SCHOOL DISTRICT	NJ
169	2722920	WESTONKA PUBLIC SCHOOL DISTRICT	MN
169	2512750	WESTON	MA
169	2311370	RSU 35/MSAD 35	ME
169	1922470	PELLA COMM SCHOOL DISTRICT	IA
169	1806090	MACONAQUAH SCHOOL CORP	IN
169	0408280	TANQUE VERDE UNIFIED DISTRICT	AZ
168	5400030	BARBOUR COUNTY SCHOOLS	WV
168	5307470	ROCHESTER SCHOOL DISTRICT	WA
168	5307350	RIDGEFIELD SCHOOL DISTRICT	WA
168	5102790	NOTTOWAY CO PBLC SCHS	VA
168	5102400	MARTINSVILLE CITY PBLC SCHS	VA
168	4845380	WHARTON ISD	TX
168	4843920	VAN ISD	TX
168	4202670	ATHENS AREA SD	PA
168	4102780	CASCADE SD 5	OR
168	4101560	ASHLAND SD 5	OR
168	3904953	UNION-SCIOTO LOCAL	OH
168	3904885	MAYSVILLE LOCAL	OH
168	3904540	GREENFIELD EXEMPTED VILLAGE	OH
168	3904457	NORWOOD CITY	OH
168	3630330	WAYNE CENTRAL SCHOOL DISTRICT	NY
168	3620190	NANUET UNION FREE SCHOOL DISTRICT	NY
168	3615360	IROQUOIS CENTRAL SCHOOL DISTRICT	NY
168	2919170	LOGAN-ROGERSVILLE R-VIII	MO
168	2802940	MONROE CO SCHOOL DIST	MS
168	2802490	LAWRENCE CO SCHOOL DIST	MS
168	2619100	IMLAY CITY COMMUNITY SCHOOLS	MI
168	2502040	ASHBURNHAM-WESTMINSTER	MA
168	2314330	RSU 49/MSAD 49	ME
168	0902160	LEDYARD SCHOOL DISTRICT	CT
168	0508130	HUNTSVILLE SCHOOL DISTRICT	AR
168	0506090	FARMINGTON SCHOOL DISTRICT	AR
167	4834550	PECOS-BARSTOW-TOYAH ISD	TX
167	4823430	HONDO ISD	TX
167	4811340	BRIDGEPORT ISD	TX
167	4700240	BENTON COUNTY	TN
167	4221840	SOMERSET AREA SD	PA
167	4212540	JIM THORPE AREA SD	PA
167	3904403	GALLIPOLIS CITY	OH
167	3700300	AVERY COUNTY SCHOOLS	NC
167	3409990	METUCHEN PUBLIC SCHOOLS	NJ
167	2602640	ALMA PUBLIC SCHOOLS	MI
167	2501890	AMHERST	MA
167	2105820	WEBSTER COUNTY	KY
167	2102760	HENRY COUNTY	KY
167	1807230	YORKTOWN COMMUNITY SCHOOLS	IN
167	1718270	HARRISBURG CUSD 3	IL
167	1703480	ALSIP-HAZLGRN-OAKLWN SD 126	IL
167	1302970	JASPER COUNTY	GA
166	5509840	MONROE SCHOOL DISTRICT	WI
166	5505910	GREENDALE SCHOOL DISTRICT	WI
166	4837170	RIO HONDO ISD	TX
166	4221330	SHARON CITY SD	PA
166	4209090	ELIZABETH FORWARD SD	PA
166	3904527	CARROLLTON EXEMPTED VILLAGE	OH
166	3904425	LONDON CITY	OH
166	3413890	RIVER EDGE SCHOOLS	NJ
166	3400930	ASBURY PARK SCHOOL DISTRICT	NJ
166	3005140	BROWNING ELEM	MT
166	2627060	OTSEGO PUBLIC SCHOOLS	MI
166	2201950	WEST CARROLL PARISH	LA
166	2105640	UNION COUNTY	KY
166	2103840	MARTIN COUNTY	KY
166	2102640	HART COUNTY	KY
166	1741820	WESTERN SPRINGS SD 101	IL
166	1735370	SANDWICH CUSD 430	IL
165	5513620	SHAWANO SCHOOL DISTRICT	WI
165	5400480	HARDY COUNTY SCHOOLS	WV
165	4845120	WEST OSO ISD	TX
165	4840350	SINTON ISD	TX
165	4835910	PROGRESO ISD	TX
165	4827450	LIBERTY ISD	TX
165	4500002	DORCHESTER 04	SC
165	4222620	SPRINGFIELD TOWNSHIP SD	PA
165	3904838	WEST BRANCH LOCAL	OH
165	3904681	PERKINS LOCAL	OH
165	3704440	SWAIN COUNTY SCHOOLS	NC
165	2716980	KASSON-MANTORVILLE SCHOOL DISTRICT	MN
165	2710170	DELANO PUBLIC SCHOOL DISTRICT	MN
165	1200210	CALHOUN	FL
165	0200003	LOWER YUKON SCHOOL DISTRICT	AK
165	0102190	MACON COUNTY	AL
164	4838360	RUSK ISD	TX
164	4703960	STEWART COUNTY	TN
164	4702160	JOHNSON COUNTY	TN
164	4700450	CANNON COUNTY	TN
164	4503460	SALUDA 01	SC
164	3905006	SPRINGFIELD LOCAL	OH
164	3904494	URBANA CITY	OH
164	3617700	LOCUST VALLEY CENTRAL SCHOOL DISTRICT	NY
164	3606240	CAMDEN CENTRAL SCHOOL DISTRICT	NY
164	3302480	CONTOOCOOK VALLEY SCHOOL DISTRICT	NH
164	2910770	DEXTER R-XI	MO
164	2801590	GREENE COUNTY SCHOOL DISTRICT	MS
164	2625680	NORTH BRANCH AREA SCHOOLS	MI
164	2603900	BANGOR TOWNSHIP SCHOOLS	MI
164	2013050	WINFIELD	KS
164	2007650	INDEPENDENCE	KS
164	1802610	DECATUR COUNTY COM SCHOOLS	IN
164	1734540	ROCKTON SD 140	IL
164	0103330	TROY CITY	AL
163	5100240	APPOMATTOX CO PBLC SCHS	VA
163	4221150	YOUGH SD	PA
163	3600013	ONEIDA CITY SCHOOL DISTRICT	NY
163	3403360	CLINTON TOWNSHIP	NJ
163	3401530	BERKELEY HEIGHTS PUBLIC SCHOOLS	NJ
163	3303870	HOOKSETT SCHOOL DISTRICT	NH
163	2201980	WEST FELICIANA PARISH	LA
163	2200600	EAST FELICIANA PARISH	LA
163	1805520	LAKELAND SCHOOL CORPORATION	IN
163	0902970	NORTH BRANFORD SCHOOL DISTRIC	CT
163	0633110	RIVER DELTA JOINT UNIFIED	CA
163	0607530	CARMEL UNIFIED	CA
162	5302610	EPHRATA SCHOOL DISTRICT	WA
162	4702970	MILAN	TN
162	4701530	GRUNDY COUNTY	TN
162	4220640	SAINT MARYS AREA SD	PA
162	4218090	OIL CITY AREA SD	PA
162	4203180	BEDFORD AREA SD	PA
162	3904923	STREETSBORO CITY	OH
162	3904883	EAST MUSKINGUM LOCAL	OH
162	3904844	RIVER VALLEY LOCAL	OH
162	3904630	BATAVIA LOCAL	OH
162	3904376	CIRCLEVILLE CITY	OH
162	3620460	NEW PALTZ CENTRAL SCHOOL DISTRICT	NY
162	3618180	MALONE CENTRAL SCHOOL DISTRICT	NY
162	3611970	GENEVA CITY SCHOOL DISTRICT	NY
162	3412900	PEQUANNOCK TOWNSHIP SCHOOL DISTRICT	NJ
162	3406690	HANOVER TOWNSHIP BOARD OF EDUCATION	NJ
162	2632300	SOUTH HAVEN PUBLIC SCHOOLS	MI
162	2511430	SWAMPSCOTT	MA
162	1927390	STORM LAKE COMM SCHOOL DISTRICT	IA
162	1804350	HANOVER COMMUNITY SCHOOL CORP	IN
162	1803480	FAIRFIELD COMMUNITY SCHOOLS	IN
162	0639180	THERMALITO UNION ELEMENTARY	CA
162	0629370	PACIFIC GROVE UNIFIED	CA
162	0626490	MUROC JOINT UNIFIED	CA
162	0403500	GLOBE UNIFIED DISTRICT	AZ
162	0100185	SARALAND CITY	AL
161	4219800	PUNXSUTAWNEY AREA SD	PA
161	4206150	CLEARFIELD AREA SD	PA
161	4010650	EL RENO	OK
161	3904780	INDIAN CREEK LOCAL	OH
161	3303240	GOFFSTOWN SCHOOL DISTRICT	NH
161	2929100	ST. CLAIR R-XIII	MO
161	2916500	KENNETT 39	MO
161	2104290	MORGAN COUNTY	KY
161	1737680	STEGER SD 194	IL
161	1733210	RANTOUL CITY SD 137	IL
161	1710530	COAL CITY CUSD 1	IL
161	0630900	PLEASANT GROVE JOINT UNION	CA
160	5602070	PARK COUNTY SCHOOL DISTRICT # 6	WY
160	5310050	WOODLAND SCHOOL DISTRICT	WA
160	5305730	NORTH FRANKLIN SCHOOL DISTRICT	WA
160	5300570	BLAINE SCHOOL DISTRICT	WA
160	4831170	MONAHANS-WICKETT-PYOTE ISD	TX
160	4212030	HOPEWELL AREA SD	PA
160	3904905	NORTHERN LOCAL	OH
160	3703000	MITCHELL COUNTY SCHOOLS	NC
160	2802070	INDIANOLA SCHOOL DIST	MS
160	2610860	CORUNNA PUBLIC SCHOOLS	MI
160	2510980	SOUTHBOROUGH	MA
160	1812180	M S D WABASH COUNTY SCHOOLS	IN
160	1300810	CANDLER COUNTY	GA
160	0630930	PLEASANT RIDGE UNION ELEMENTARY	CA
160	0403040	FOUNTAIN HILLS UNIFIED DISTRICT	AZ
159	5510590	NEW LONDON SCHOOL DISTRICT	WI
159	5007470	SOUTH BURLINGTON SCHOOL DISTRICT	VT
159	4828710	MADISONVILLE CISD	TX
159	4222050	SOUTH MIDDLETON SD	PA
159	3904990	NORTHWEST LOCAL	OH
159	3904377	CLAYMONT CITY	OH
159	3607230	CHEEKTOWAGA CENTRAL SCHOOL DISTRICT	NY
159	3604410	BELLMORE UNION FREE SCHOOL DISTRICT	NY
159	2929760	SULLIVAN	MO
159	2632220	SOUTH LAKE SCHOOLS	MI
159	2627660	PAW PAW PUBLIC SCHOOL DISTRICT	MI
159	2611140	CROSWELL-LEXINGTON COMMUNITY SCHOOLS	MI
159	2310710	RSU 15/MSAD 15	ME
159	2302640	AUGUSTA PUBLIC SCHOOLS	ME
159	1812870	WEST LAFAYETTE COM SCHOOL CORP	IN
159	1708640	CARTERVILLE CUSD 5	IL
158	5308550	SULTAN SCHOOL DISTRICT	WA
158	5101350	FLOYD CO PBLC SCHS	VA
158	4837410	ROBINSON ISD	TX
158	4221660	SLIPPERY ROCK AREA SD	PA
158	4212090	HUNTINGDON AREA SD	PA
158	4211220	GROVE CITY AREA SD	PA
158	3910006	SALEM CITY	OH
158	3403270	CLIFFSIDE PARK SCHOOL DISTRICT	NJ
158	2904020	AURORA R-VIII	MO
158	2513290	WRENTHAM	MA
158	2105550	TODD COUNTY	KY
158	1706930	BRADLEY SD 61	IL
158	0900990	CROMWELL SCHOOL DISTRICT	CT
158	0502430	ARKADELPHIA SCHOOL DISTRICT	AR
157	5515840	WAUPACA SCHOOL DISTRICT	WI
157	4223220	TAMAQUA AREA SD	PA
157	4216740	NEW KENSINGTON-ARNOLD SD	PA
157	4209990	FORT LEBOEUF SD	PA
157	4108520	MORROW SD 1	OR
157	3904834	POLAND LOCAL	OH
157	3904628	CLARK-SHAWNEE LOCAL	OH
157	3904458	OAKWOOD CITY	OH
157	3620640	NEWARK CENTRAL SCHOOL DISTRICT	NY
157	2706240	BROOKLYN CENTER SCHOOL DISTRICT	MN
157	2510590	SEEKONK	MA
157	2314776	RSU 02	ME
157	2314240	RSU 51/MSAD 51	ME
157	1805340	KNOX COMMUNITY SCHOOL CORP	IN
157	1713290	EAST RICHLAND CUSD 1	IL
157	1300510	BREMEN CITY	GA
157	1200450	DIXIE	FL
157	0503150	BERRYVILLE SCHOOL DISTRICT	AR
157	0409430	WINDOW ROCK UNIFIED DISTRICT	AZ
156	4108160	MILTON-FREEWATER UNIFIED SD 7	OR
156	3904402	GALION CITY	OH
156	3904362	BEXLEY CITY	OH
156	3620160	MOUNT PLEASANT CENTRAL SCHOOL DISTRICT	NY
156	3502460	SOCORRO CONSOLIDATED SCHOOLS	NM
156	3414850	SECAUCUS BOARD OF EDUCATION	NJ
156	3100098	GERING PUBLIC SCHOOLS	NE
156	2929170	CENTRAL R-III	MO
156	2804200	SUNFLOWER CO SCHOOL DIST	MS
156	2804080	SOUTH PIKE SCHOOL DIST	MS
156	2610080	CLINTONDALE COMMUNITY SCHOOLS	MI
156	2509270	OXFORD	MA
156	1807290	M S D MOUNT VERNON	IN
156	1805460	LAKE RIDGE SCHOOLS	IN
156	1735460	CCSD 168	IL
156	1733810	RIVER FOREST SD 90	IL
156	0901680	GRANBY SCHOOL DISTRICT	CT
156	0900810	CLINTON SCHOOL DISTRICT	CT
156	0632160	REED UNION ELEMENTARY	CA
156	0600045	ORLAND JOINT UNIFIED	CA
156	0504930	DARDANELLE SCHOOL DISTRICT	AR
155	5400120	BRAXTON COUNTY SCHOOLS	WV
155	4812060	BULLARD ISD	TX
155	4808910	AUBREY ISD	TX
155	4211820	HERMITAGE SD	PA
155	4210650	GENERAL MCLANE SD	PA
155	4013890	HARRAH	OK
155	3904648	RIVER VIEW LOCAL	OH
155	3614640	HOMER CENTRAL SCHOOL DISTRICT	NY
155	3304140	LACONIA SCHOOL DISTRICT	NH
155	3100088	NORRIS SCHOOL DIST 160	NE
155	3007110	COLUMBIA FALLS ELEM	MT
155	2609560	CHIPPEWA HILLS SCHOOL DISTRICT	MI
155	2314785	RSU 19	ME
155	2310590	RSU 11/MSAD 11	ME
155	2303780	BRUNSWICK PUBLIC SCHOOLS	ME
155	2104440	NEWPORT INDEPENDENT	KY
155	2100330	BATH COUNTY	KY
155	1736750	SOUTH HOLLAND SD 151	IL
155	1720490	JOHNSBURG CUSD 12	IL
155	0903535	REGIONAL SCHOOL DISTRICT 13	CT
155	0642810	WILSONA ELEMENTARY	CA
155	0642330	WHEATLAND	CA
155	0620910	LARKSPUR-CORTE MADERA	CA
155	0509240	MALVERN SCHOOL DISTRICT	AR
155	0200150	KETCHIKAN GATEWAY BOROUGH SCHOOL DISTRICT	AK
154	5301630	COLVILLE SCHOOL DISTRICT	WA
154	5101290	FALLS CHURCH CITY PBLC SCHS	VA
154	4809810	BELLVILLE ISD	TX
154	4211490	HARBOR CREEK SD	PA
154	4211420	HANOVER AREA SD	PA
154	4203450	BERMUDIAN SPRINGS SD	PA
154	3904908	LOGAN ELM LOCAL	OH
154	3904472	ST MARYS CITY	OH
154	3415630	SPRINGFIELD PUBLIC SCHOOLS	NJ
154	3409660	MAPLE SHADE SCHOOLS	NJ
154	3403150	CLARK TOWNSHIP PUBLIC SCHOOLS	NJ
154	2723490	NEW ULM PUBLIC SCHOOL DISTRICT	MN
154	2511460	SWANSEA	MA
154	2400450	KENT COUNTY PUBLIC SCHOOLS	MD
154	2003780	BASEHOR-LINWOOD	KS
154	1809810	SALEM COMMUNITY SCHOOLS	IN
154	1807770	NORTH GIBSON SCHOOL CORP	IN
154	1709540	CHANNAHON SD 17	IL
154	0622380	LAS LOMITAS ELEMENTARY	CA
154	0617040	HERMOSA BEACH CITY ELEMENTARY	CA
154	0500042	HAMBURG SCHOOL DISTRICT	AR
154	0101690	GUNTERSVILLE CITY	AL
153	5007050	RUTLAND CITY SCHOOL DISTRICT	VT
153	4838190	ROYAL ISD	TX
153	4701110	ELIZABETHTON	TN
153	4226070	WESTERN WAYNE SD	PA
153	4029610	TECUMSEH	OK
153	4006870	CATOOSA	OK
153	3910016	ORANGE CITY	OH
153	3904359	BELLEVUE CITY	OH
153	3624960	RONDOUT VALLEY CENTRAL SCHOOL DISTRICT	NY
153	3607470	CHITTENANGO CENTRAL SCHOOL DISTRICT	NY
153	3501530	LAS VEGAS CITY PUBLIC SCHOOLS	NM
153	2925330	PLEASANT HILL R-III	MO
153	2314789	RSU 05	ME
153	2314772	RSU 01 - LKRSU	ME
153	1803990	GREENCASTLE COMMUNITY SCH CORP	IN
153	1732850	PROSPECT HEIGHTS SD 23	IL
153	1727340	MOUNT VERNON SD 80	IL
153	1719970	IL VALLEY CENTRAL USD 321	IL
153	1302070	EVANS COUNTY	GA
153	0639000	TEMPLETON UNIFIED	CA
153	0628950	ORO GRANDE ELEMENTARY	CA
153	0509840	MONTICELLO SCHOOL DISTRICT	AR
152	4217730	NORTHERN TIOGA SD	PA
152	3905028	INDIAN VALLEY LOCAL SCHOOLS	OH
152	3904877	MORGAN LOCAL	OH
152	3904682	VERMILION LOCAL	OH
152	3904399	FOSTORIA CITY	OH
152	3407260	HILLSDALE BOARD OF EDUCATION	NJ
152	2713920	HERMANTOWN PUBLIC SCHOOL DISTRICT	MN
152	2636600	YALE PUBLIC SCHOOLS	MI
152	2636300	WHITEHALL DISTRICT SCHOOLS	MI
152	2620160	KELLOGGSVILLE PUBLIC SCHOOLS	MI
152	2619140	SCHOOL DISTRICT OF THE CITY OF INKSTER	MI
152	2310950	RSU 22/MSAD 22	ME
152	2105580	TRIGG COUNTY	KY
152	1800390	BATESVILLE COMMUNITY SCH CORP	IN
152	1710440	CLINTON CUSD 15	IL
152	1200720	HAMILTON	FL
151	4666930	SPEARFISH SCHOOL DISTRICT 40-2	SD
151	4214190	LOWER MORELAND TOWNSHIP SD	PA
151	4207560	DERRY AREA SD	PA
151	3904500	WARRENSVILLE HEIGHTS CITY	OH
151	3306080	SANBORN REGIONAL SCHOOL DISTRICT	NH
151	3305520	OYSTER RIVER COOP SCHOOL DISTRICT	NH
151	2923100	ODESSA R-VII	MO
151	2502715	BLACKSTONE-MILLVILLE	MA
151	2311880	RSU 09/MSAD 09	ME
151	1916530	LE MARS COMM SCHOOL DISTRICT	IA
151	1810590	SOUTH VERMILLION COM SCH CORP	IN
151	0804470	GUNNISON WATERSHED SCHOOL DISTRICT RE1J	CO
151	0409460	WINSLOW UNIFIED DISTRICT	AZ
150	5102980	POQUOSON CITY PBLC SCHS	VA
150	5003240	COLCHESTER SCHOOL DISTRICT	VT
150	4812750	CANTON ISD	TX
150	4635480	HURON SCHOOL DISTRICT 02-2	SD
150	4502760	LEXINGTON 03	SC
150	4216170	MOUNT PLEASANT AREA SD	PA
150	4213020	LAKE-LEHMAN SD	PA
150	3629460	VALLEY STREAM 24 UNION FREE SCHOOL DISTRICT	NY
150	3622170	OWEGO-APALACHIN CENTRAL SCHOOL DISTRICT	NY
150	3619170	MEXICO CENTRAL SCHOOL DISTRICT	NY
150	3618600	CHEEKTOWAGA-MARYVALE UNION FREE SCHOOL DISTRICT	NY
150	3617190	LEWISTON-PORTER CENTRAL SCHOOL DISTRICT	NY
150	3609420	DUNKIRK CITY SCHOOL DISTRICT	NY
150	2931680	WEST PLAINS R-VII	MO
150	2804680	WESTERN LINE SCHOOL DISTRICT	MS
150	2718940	MARSHALL PUBLIC SCHOOL DISTRICT	MN
150	2635850	WEST BRANCH-ROSE CITY AREA SCHOOLS	MI
150	2610590	COMSTOCK PUBLIC SCHOOLS	MI
150	2513170	WINTHROP	MA
150	2506480	IPSWICH	MA
150	1919890	MOUNT PLEASANT COMM SCHOOL DISTRICT	IA
150	1811370	TIPPECANOE VALLEY SCHOOL CORP	IN
150	0403820	HOLBROOK UNIFIED DISTRICT	AZ
150	0200625	NORTHWEST ARCTIC BOROUGH SCHOOL DISTRICT	AK
150	0103510	WILCOX COUNTY	AL
150	0102820	RANDOLPH COUNTY	AL
149	5601030	CARBON COUNTY SCHOOL DISTRICT #1	WY
149	5512720	RHINELANDER SCHOOL DISTRICT	WI
149	5508700	MARINETTE SCHOOL DISTRICT	WI
149	5500510	ASHLAND SCHOOL DISTRICT	WI
149	5302130	DIERINGER SCHOOL DISTRICT	WA
149	5102580	NELSON CO PBLC SCHS	VA
149	4222060	SOUTH PARK SD	PA
149	4213980	LITTLESTOWN AREA SD	PA
149	3602520	ALBION CENTRAL SCHOOL DISTRICT	NY
149	3411580	NORTH HANOVER TOWNSHIP SCHOOL DISTRICT	NJ
149	3410050	MIDDLESEX BOROUGH PUBLIC SCHOOLS	NJ
149	3405580	FREEHOLD BOROUGH PUBLIC SCHOOLS	NJ
149	3402400	BUENA REGIONAL SCHOOL DISTRICT	NJ
149	3103600	BEATRICE PUBLIC SCHOOLS	NE
149	2803930	SENATOBIA MUNICIPAL SCHOOL DIST	MS
149	2711880	FERGUS FALLS PUBLIC SCHOOL DISTRICT	MN
149	2636450	WILLOW RUN COMMUNITY SCHOOLS	MI
149	2629120	PORTLAND PUBLIC SCHOOLS	MI
149	2010500	PAOLA	KS
149	1911850	FORT MADISON COMM SCHOOL DISTRICT	IA
149	1807900	NORTH MONTGOMERY COM SCH CORP	IN
149	1800960	BROWN COUNTY SCHOOL CORPORATION	IN
149	1300150	BACON COUNTY	GA
149	0600060	HUGHSON UNIFIED	CA
149	0103240	TALLASSEE CITY	AL
149	0100750	CLAY COUNTY	AL
148	5512810	RICE LAKE AREA SCHOOL DISTRICT	WI
148	4826610	LAMESA ISD	TX
148	4822410	HARDIN-JEFFERSON ISD	TX
148	4808580	ARANSAS PASS ISD	TX
148	4205430	CENTRAL GREENE SD	PA
148	4203120	BEAVER AREA SD	PA
148	3904914	WAVERLY CITY	OH
148	3904642	BEAVER LOCAL	OH
148	3904639	CLINTON-MASSIE LOCAL	OH
148	3904528	CHAGRIN FALLS EXEMPTED VILLAGE	OH
148	3624240	RED HOOK CENTRAL SCHOOL DISTRICT	NY
148	3622920	PHOENIX CENTRAL SCHOOL DISTRICT	NY
148	3613530	HAMPTON BAYS UNION FREE SCHOOL DISTRICT	NY
148	3603180	ARDSLEY UNION FREE SCHOOL DISTRICT	NY
148	3416620	UPPER SADDLE RIVER SCHOOL DISTRICT	NJ
148	3411280	NEW MILFORD SCHOOL DISTRICT	NJ
148	2926160	REEDS SPRING R-IV	MO
148	2803720	POPLARVILLE SEPARATE SCHOOL DIST	MS
148	2627810	PENNFIELD SCHOOLS	MI
148	2624720	MT. MORRIS CONSOLIDATED SCHOOLS	MI
148	2622200	LUDINGTON AREA SCHOOL DISTRICT	MI
148	2607320	BULLOCK CREEK SCHOOL DISTRICT	MI
148	2511760	TYNGSBOROUGH	MA
148	2314787	RSU 13	ME
148	2200040	CITY OF BAKER SCHOOL DISTRICT	LA
148	2011850	SPRING HILL	KS
148	1800570	BLACKFORD COUNTY SCHOOLS	IN
148	1727610	MURPHYSBORO CUSD 186	IL
148	1710740	COLUMBIA CUSD 4	IL
148	1700222	NIPPERSINK SD 2	IL
148	0625980	MOTHER LODE UNION ELEMENTARY	CA
148	0620730	LAKESIDE UNION	CA
148	0600051	GRIDLEY UNIFIED	CA
147	4820760	GLADEWATER ISD	TX
147	4215750	MONTOURSVILLE AREA SD	PA
147	4213590	LEWISBURG AREA SD	PA
147	4210440	FREEPORT AREA SD	PA
147	4210200	FRANKLIN AREA SD	PA
147	4206860	CORRY AREA SD	PA
147	4205370	CENTRAL COLUMBIA SD	PA
147	4108880	NORTH MARION SD 15	OR
147	3607980	COHOES CITY SCHOOL DISTRICT	NY
147	3415960	SUSSEX-WANTAGE REGIONAL SCHOOL DISTRICT	NJ
147	3409120	PENNSVILLE PUBLIC SCHOOL DISTRICT	NJ
147	3405880	GLASSBORO PUBLIC SCHOOLS	NJ
147	3013560	HAVRE ELEM	MT
147	2738160	STEWARTVILLE PUBLIC SCHOOL DISTRICT	MN
147	2511850	UXBRIDGE	MA
147	2100990	CARROLL COUNTY	KY
147	1808900	PIKE COUNTY SCHOOL CORP	IN
147	1805700	LAWRENCEBURG COM SCHOOL CORP	IN
147	1800420	BAUGO COMMUNITY SCHOOLS	IN
147	1718480	W HARVEY-DIXMOOR PSD 147	IL
147	0607680	CASCADE UNION ELEMENTARY	CA
147	0405980	PARKER UNIFIED SCHOOL DISTRICT	AZ
146	5304950	MEDICAL LAKE SCHOOL DISTRICT	WA
146	4844010	VENUS ISD	TX
146	4830420	MEXIA ISD	TX
146	4823280	HILLSBORO ISD	TX
146	4218360	PALMERTON AREA SD	PA
146	3904999	COVENTRY LOCAL	OH
146	3904874	VALLEY VIEW LOCAL	OH
146	3904367	BRYAN CITY	OH
146	3610200	EDGEMONT UNION FREE SCHOOL DISTRICT	NY
146	3413950	RIVER VALE PUBLC SCHOOLS	NJ
146	3013310	HARDIN ELEM	MT
146	2803780	QUITMAN SCHOOL DIST	MS
146	2803150	NEWTON COUNTY SCHOOL DISTRICT	MS
146	2500002	SPENCER-E BROOKFIELD	MA
146	2102220	GLASGOW INDEPENDENT	KY
146	2100690	BREATHITT COUNTY	KY
146	1703930	ARBOR PARK SD 145	IL
146	1302790	HEARD COUNTY	GA
145	5506000	WHITNALL SCHOOL DISTRICT	WI
145	5305790	NORTH MASON SCHOOL DISTRICT	WA
145	5305310	MOUNT BAKER SCHOOL DISTRICT	WA
145	4841190	SPRING HILL ISD	TX
145	4815930	CRYSTAL CITY ISD	TX
145	4813290	CELINA ISD	TX
145	4219860	QUAKER VALLEY SD	PA
145	4210110	NORTH SCHUYLKILL SD	PA
145	4209240	ELLWOOD CITY AREA SD	PA
145	4003000	ANADARKO	OK
145	3904997	WOODRIDGE LOCAL	OH
145	3904983	CANTON LOCAL	OH
145	3800021	JAMESTOWN 1	ND
145	3700600	CAMDEN COUNTY SCHOOLS	NC
145	3630660	WEST HEMPSTEAD UNION FREE SCHOOL DISTRICT	NY
145	3622830	PERU CENTRAL SCHOOL DISTRICT	NY
145	3621330	NORWICH CITY SCHOOL DISTRICT	NY
145	3618570	MARLBORO CENTRAL SCHOOL DISTRICT	NY
145	3612990	SPRINGVILLE-GRIFFITH INSTITUTE CENTRAL SCHOOL DISTRICT	NY
145	3604290	BEEKMANTOWN CENTRAL SCHOOL DISTRICT	NY
145	3405370	FRANKLIN LAKES PUBLIC SCHOOLS	NJ
145	3404140	EAST GREENWICH TOWNSHIP BOARD OF EDUCATION	NJ
145	3013860	HELLGATE ELEM	MT
145	2927630	SCHOOL OF THE OSAGE	MO
145	2616320	GOODRICH AREA SCHOOLS	MI
145	2512240	WEBSTER	MA
145	2510920	SOUTH HADLEY	MA
145	2103750	MAGOFFIN COUNTY	KY
145	1908910	DENISON COMM SCHOOL DISTRICT	IA
145	0629540	PALERMO UNION ELEMENTARY	CA
145	0100810	COFFEE COUNTY	AL
144	5303210	GRANITE FALLS SCHOOL DISTRICT	WA
144	5100480	BRUNSWICK CO PBLC SCHS	VA
144	4840020	SHEPHERD ISD	TX
144	4827810	LLANO ISD	TX
144	4700270	BLEDSOE COUNTY	TN
144	4223490	TITUSVILLE AREA SD	PA
144	4222530	SPRING COVE SD	PA
144	4212750	KEYSTONE OAKS SD	PA
144	4026790	SALLISAW	OK
144	3910025	KENTON CITY	OH
144	3904880	HIGHLAND LOCAL	OH
144	3904801	LICKING VALLEY LOCAL	OH
144	3904799	LAKEWOOD LOCAL	OH
144	3416650	UPPER TOWNSHIP	NJ
144	2616500	GRANT PUBLIC SCHOOL DISTRICT	MI
144	2503750	CLINTON	MA
144	2314160	RSU 52/MSAD 52	ME
144	1918690	MARION INDEPENDENT SCHOOL DISTRICT	IA
144	1912690	GLENWOOD COMM SCHOOL DISTRICT	IA
144	1809630	ROCHESTER COMMUNITY SCH CORP	IN
144	1808010	NORTH SPENCER COUNTY SCH CORP	IN
144	1716860	GLENCOE SD 35	IL
144	1711010	COUNTRY CLUB HILLS SD 160	IL
144	1708340	CARBONDALE ESD 95	IL
144	0902010	HEBRON SCHOOL DISTRICT	CT
144	0401600	CAMP VERDE UNIFIED DISTRICT	AZ
143	5516680	WHITEWATER UNIFIED SCHOOL DISTRICT	WI
143	5511940	PLYMOUTH JOINT SCHOOL DISTRICT	WI
143	5508940	MEDFORD AREA PUBLIC SCHOOL DISTRICT	WI
143	5100870	CLARKE CO PBLC SCHS	VA
143	4810800	BONHAM ISD	TX
143	4222370	SOUTHERN TIOGA SD	PA
143	4218450	PANTHER VALLEY SD	PA
143	4207540	DEER LAKES SD	PA
143	3910009	SHELBY CITY	OH
143	3904778	BUCKEYE LOCAL	OH
143	3904722	WEST GEAUGA LOCAL	OH
143	3904447	NEW LEXINGTON CITY	OH
143	3904443	NAPOLEON AREA CITY	OH
143	3612240	GLENS FALLS CITY SCHOOL DISTRICT	NY
143	3609030	DEPEW UNION FREE SCHOOL DISTRICT	NY
143	3608010	COLD SPRING HARBOR CENTRAL SCHOOL DISTRICT	NY
143	3301470	AMHERST SCHOOL DISTRICT	NH
143	2912540	FREDERICKTOWN R-I	MO
143	2911340	ELDON R-I	MO
143	2733870	ST. PETER PUBLIC SCHOOL DISTRICT	MN
143	2103330	LESLIE COUNTY	KY
143	2004980	COFFEYVILLE	KS
143	1810860	SOUTHWEST SCHOOL CORP	IN
143	1721630	LA GRANGE SD 105 SOUTH	IL
143	0901230	EAST HAMPTON SCHOOL DISTRICT	CT
143	0803600	WELD COUNTY SCHOOL DISTRICT NO. RE-2	CO
143	0511010	OZARK SCHOOL DISTRICT	AR
143	0510380	NASHVILLE SCHOOL DISTRICT	AR
143	0101440	FAIRFIELD CITY	AL
142	5100540	BUCKINGHAM CO PBLC SCHS	VA
142	4829400	MATHIS ISD	TX
142	4817040	DIBOLL ISD	TX
142	4816950	DEVINE ISD	TX
142	4222410	SOUTHMORELAND SD	PA
142	3905059	TRIWAY LOCAL	OH
142	3904795	SOUTH POINT LOCAL	OH
142	3904739	THREE RIVERS LOCAL	OH
142	3904631	BETHEL-TATE LOCAL	OH
142	3904542	HUBBARD EXEMPTED VILLAGE	OH
142	3624150	RAVENA-COEYMANS-SELKIRK CENTRAL SCHOOL DISTRICT	NY
142	3614940	HUDSON CITY SCHOOL DISTRICT	NY
142	3406360	HADDON TOWNSHIP SCHOOL DISTRICT	NJ
142	3016200	LAUREL ELEM	MT
142	2802040	HUMPHREYS CO SCHOOL DIST	MS
142	2620670	LAKE FENTON COMMUNITY SCHOOLS	MI
142	2609840	CLARENCEVILLE SCHOOL DISTRICT	MI
142	2314210	RSU 61/MSAD 61	ME
142	2101440	DANVILLE INDEPENDENT	KY
142	1723920	MACOMB CUSD 185	IL
142	1700005	PRAIRIE CENTRAL CUSD 8	IL
142	0614070	FORT BRAGG UNIFIED	CA
141	5505610	GRAFTON SCHOOL DISTRICT	WI
141	5504440	EVANSVILLE COMMUNITY SCHOOL DISTRICT	WI
141	4841970	SWEENY ISD	TX
141	4825980	KRUM ISD	TX
141	4401050	TIVERTON	RI
141	4220970	SCHUYLKILL VALLEY SD	PA
141	4112320	TILLAMOOK SD 9	OR
141	3904514	WYOMING CITY	OH
141	3904485	STRUTHERS CITY	OH
141	3625980	SCHALMONT CENTRAL SCHOOL DISTRICT	NY
141	3600010	COBLESKILL-RICHMONDVILLE CENTRAL SCHOOL DISTRICT	NY
141	3406870	HARRISON PUBLIC SCHOOLS	NJ
141	3403120	CINNAMINSON TOWNSHIP PUBLIC SCHOOLS	NJ
141	3302340	CLAREMONT SCHOOL DISTRICT	NH
141	2923010	OAK GROVE R-VI	MO
141	2802010	HOUSTON  SCHOOL DIST	MS
141	2801170	COLUMBIA SCHOOL DISTRICT	MS
141	2800570	BAY ST LOUIS WAVELAND SCHOOL DIST	MS
141	2707350	BYRON PUBLIC SCHOOL DISTRICT	MN
141	2620980	LAKEWOOD PUBLIC SCHOOLS	MI
141	2505490	GREENFIELD	MA
141	2101620	EDMONSON COUNTY	KY
141	1742300	WHITESIDE SD 115	IL
141	1733870	RIVER TRAILS SD 26	IL
141	1716410	GENOA KINGSTON CUSD 424	IL
141	1303240	LANIER COUNTY	GA
141	0509750	MENA SCHOOL DISTRICT	AR
141	0102670	PERRY COUNTY	AL
140	5102710	NORTHAMPTON CO PBLC SCHS	VA
140	4702430	LEWIS COUNTY	TN
140	4219020	PHILIPSBURG-OSCEOLA AREA SD	PA
140	3904989	MINERVA LOCAL	OH
140	3904687	FAIRFIELD UNION LOCAL	OH
140	3904576	BATH LOCAL	OH
140	3502070	POJOAQUE VALLEY PUBLIC SCHOOLS	NM
140	3405220	FLORENCE TOWNSHIP SCHOOL DISTRICT	NJ
140	3304040	KEARSARGE REGIONAL SCHOOL DISTRICT	NH
140	2800450	AMORY SCHOOL DIST	MS
140	2741880	WASECA PUBLIC SCHOOL DISTRICT	MN
140	2626220	OAKRIDGE PUBLIC SCHOOLS	MI
140	2611640	WESTWOOD COMMUNITY SCHOOL DISTRICT	MI
140	2603540	ATHERTON COMMUNITY SCHOOLS	MI
140	2507440	MASHPEE	MA
140	2505670	HAMILTON-WENHAM	MA
140	1930540	WAVERLY-SHELL ROCK COMM SCHOOL DISTRICT	IA
140	1905130	BOONE COMM SCHOOL DISTRICT	IA
140	0623940	MARIPOSA COUNTY UNIFIED	CA
140	0617490	HOPE ELEMENTARY	CA
139	5509960	MOSINEE SCHOOL DISTRICT	WI
139	5400240	CLAY COUNTY SCHOOLS	WV
139	4821750	GREENWOOD ISD	TX
139	4104700	ESTACADA SD 108	OR
139	3904947	ONTARIO LOCAL	OH
139	3904873	NORTHRIDGE LOCAL	OH
139	3904564	WAUSEON EXEMPTED VILLAGE	OH
139	3904381	CONNEAUT AREA CITY	OH
139	3609540	EAST AURORA UNION FREE SCHOOL DISTRICT	NY
139	3414310	ROSELLE PARK BOARD OF EDUCATION	NJ
139	3304890	MONADNOCK REGIONAL SCHOOL DISTRICT	NH
139	2714280	HOUSTON PUBLIC SCHOOL DISTRICT	MN
139	2712240	FOLEY PUBLIC SCHOOL DISTRICT	MN
139	2618390	HILLSDALE COMMUNITY SCHOOLS	MI
139	2504800	FAIRHAVEN	MA
139	1808100	NORTH WEST HENDRICKS SCHOOLS	IN
139	1800480	BENTON COMMUNITY SCHOOL CORP	IN
139	1725690	MERIDIAN CUSD 223	IL
139	1724000	MAERCKER SD 60	IL
139	1304830	TELFAIR COUNTY	GA
139	0804200	WELD COUNTY REORGANIZED SCHOOL DISTRICT NO. RE-1	CO
139	0613840	FIREBAUGH-LAS DELTAS UNIFIED	CA
139	0503640	BROOKLAND SCHOOL DISTRICT	AR
138	4835130	PLEASANT GROVE ISD	TX
138	4702610	MANCHESTER	TN
138	4105610	GLADSTONE SD 115	OR
138	4032070	WEATHERFORD	OK
138	3904793	FAIRLAND LOCAL	OH
138	3904585	BUCKEYE LOCAL	OH
138	3904560	ROSSFORD EXEMPTED VILLAGE	OH
138	3626760	SHERRILL CITY SCHOOL DISTRICT	NY
138	3622380	PALMYRA-MACEDON CENTRAL SCHOOL DISTRICT	NY
138	3607320	WESTHILL CENTRAL SCHOOL DISTRICT	NY
138	3400009	SOMERSET HILLS REGIONAL SCHOOL DISTRICT	NJ
138	2804560	WEBSTER CO SCHOOL DIST	MS
138	2631380	SHEPHERD PUBLIC SCHOOLS	MI
138	2615060	FREELAND COMMUNITY SCHOOL DISTRICT	MI
138	2311550	RSU 40/MSAD 40	ME
138	2012210	TONGANOXIE	KS
138	1906270	CARLISLE COMM SCHOOL DISTRICT	IA
138	1810450	SOUTH MONTGOMERY COM SCH CORP	IN
138	1718840	HERSCHER CUSD 2	IL
138	1717730	BOND COUNTY CUSD 2	IL
138	1709270	CENTRALIA SD 135	IL
138	1200690	GULF	FL
138	0604650	BENNETT VALLEY UNION ELEMENTARY	CA
138	0511760	PRAIRIE GROVE SCHOOL DISTRICT	AR
138	0507560	HEBER SPRINGS SCHOOL DISTRICT	AR
138	0504800	CROSSETT SCHOOL DISTRICT	AR
138	0409390	WILSON ELEMENTARY DISTRICT	AZ
137	5100750	CHARLOTTE CO PBLC SCHS	VA
137	4215170	MID VALLEY SD	PA
137	3905018	LAKEVIEW LOCAL	OH
137	3904918	CRESTWOOD LOCAL	OH
137	3703600	PERQUIMANS COUNTY SCHOOLS	NC
137	3602340	SOUTH JEFFERSON CENTRAL SCHOOL DISTRICT	NY
137	3403060	CHESTER SCHOOL DISTRICT	NJ
137	3016950	LOCKWOOD ELEM	MT
137	2803300	NOXUBEE COUNTY SCHOOL DISTRICT	MS
137	2738850	THIEF RIVER FALLS SCHOOL DISTRICT	MN
137	2720670	MILACA PUBLIC SCHOOL DISTRICT	MN
137	2200450	CLAIBORNE PARISH	LA
137	2011080	RENWICK	KS
137	1722980	LINCOLN ESD 27	IL
137	0900330	BLOOMFIELD SCHOOL DISTRICT	CT
137	0691134	GOLDEN PLAINS UNIFIED	CA
137	0631170	PLUMAS UNIFIED	CA
137	0616323	GUSTINE UNIFIED	CA
137	0511610	POCAHONTAS SCHOOL DISTRICT	AR
136	5605160	PARK COUNTY SCHOOL DISTRICT # 1	WY
136	4843290	WESTWOOD ISD	TX
136	4842210	TARKINGTON ISD	TX
136	4800009	WIMBERLEY ISD	TX
136	4702910	MEIGS COUNTY	TN
136	4204980	CARBONDALE AREA SD	PA
136	3615210	KINDERHOOK CENTRAL SCHOOL DISTRICT	NY
136	3413800	RIDGEFIELD PARK TOWNSHIP	NJ
136	3100021	WAVERLY SCHOOL DISTRICT 145	NE
136	2923340	GASCONADE CO. R-II	MO
136	2907020	CAMERON R-I	MO
136	2906120	DALLAS CO. R-I	MO
136	2804800	YAZOO CO SCHOOL DIST	MS
136	2700008	ST. LOUIS COUNTY SCHOOL DISTRICT	MN
136	2507890	MILLBURY	MA
136	2310860	RSU 79/MSAD 01	ME
136	2201050	MADISON PARISH	LA
136	2104200	MONROE COUNTY	KY
136	2004590	CHANUTE PUBLIC SCHOOLS	KS
136	1807620	NINEVEH-HENSLEY-JACKSON UNITED	IN
136	1724390	MANTENO CUSD 5	IL
136	1715780	FRANKLIN PARK SD 84	IL
136	1709990	CHICAGO RIDGE SD 127-5	IL
136	1301530	CRAWFORD COUNTY	GA
136	0900690	CANTON SCHOOL DISTRICT	CT
136	0503030	PEA RIDGE SCHOOL DISTRICT	AR
136	0103090	SUMTER COUNTY	AL
136	0100060	ANDALUSIA CITY	AL
136	0100011	LEEDS CITY	AL
135	5513800	SHOREWOOD SCHOOL DISTRICT	WI
135	5508340	LUXEMBURG-CASCO SCHOOL DISTRICT	WI
135	4400720	NEWPORT	RI
135	4226760	WYOMISSING AREA SD	PA
135	4224030	TYRONE AREA SD	PA
135	4217670	NORTHERN LEHIGH SD	PA
135	4202910	BALD EAGLE AREA SD	PA
135	3904587	JEFFERSON AREA LOCAL	OH
135	3904543	INDIAN HILL EXEMPTED VILLAGE	OH
135	3614400	HIGHLAND CENTRAL SCHOOL DISTRICT	NY
135	2908760	CHILLICOTHE R-II	MO
135	2728200	PEQUOT LAKES PUBLIC SCHOOLS	MN
135	2625230	NEW HAVEN COMMUNITY SCHOOLS	MI
135	2613050	ELK RAPIDS SCHOOLS	MI
135	2606780	BRIDGEPORT-SPAULDING COMMUNITY SCHOOL DISTRICT	MI
135	2603240	ARMADA AREA SCHOOLS	MI
135	2102460	HANCOCK COUNTY	KY
135	2012300	CIRCLE	KS
135	1724270	MANHATTAN SD 114	IL
135	0901740	GRISWOLD SCHOOL DISTRICT	CT
135	0900960	COVENTRY SCHOOL DISTRICT	CT
135	0600068	GOLDEN VALLEY UNIFIED	CA
135	0509060	LONOKE SCHOOL DISTRICT	AR
135	0408550	TOLTEC ELEMENTARY DISTRICT	AZ
135	0200610	NORTH SLOPE BOROUGH SCHOOL DISTRICT	AK
135	0200020	BERING STRAIT SCHOOL DISTRICT	AK
134	5515870	WAUPUN SCHOOL DISTRICT	WI
134	5506270	HAYWARD COMMUNITY SCHOOL DISTRICT	WI
134	4815960	CUERO ISD	TX
134	4812460	CALDWELL ISD	TX
134	4218150	OLEY VALLEY SD	PA
134	4213770	PENN CAMBRIA SD	PA
134	4211450	HANOVER PUBLIC SD	PA
134	4209940	FOREST HILLS SD	PA
134	4204530	BURRELL SD	PA
134	4204080	BROWNSVILLE AREA SD	PA
134	4203840	BLOOMSBURG AREA SD	PA
134	3905058	SOUTHEAST LOCAL	OH
134	3904623	GREENON LOCAL	OH
134	3623280	PLATTSBURGH CITY SCHOOL DISTRICT	NY
134	2929370	STE. GENEVIEVE CO. R-II	MO
134	2803510	PASS CHRISTIAN PUBLIC SCHOOL DIST	MS
134	2803210	NORTH PANOLA SCHOOLS	MS
134	2508640	NORFOLK	MA
134	2503780	COHASSET	MA
134	2503360	CARVER	MA
134	2314780	RSU 12	ME
134	2314130	YORK PUBLIC SCHOOLS	ME
134	2100840	CALDWELL COUNTY	KY
134	1806900	MITCHELL COMMUNITY SCHOOLS	IN
134	1741580	FRANKFORT CUSD 168	IL
134	1725620	MENDOTA CCSD 289	IL
134	1721000	KEWANEE CUSD 229	IL
134	0642710	WILLOWS UNIFIED	CA
134	0616830	HEBER ELEMENTARY	CA
133	5507380	KEWASKUM SCHOOL DISTRICT	WI
133	5501260	BLACK RIVER FALLS SCHOOL DISTRICT	WI
133	5102370	MADISON CO PBLC SCHS	VA
133	5100180	AMELIA CO PBLC SCHS	VA
133	4210740	GIRARD SD	PA
133	4208060	EAST ALLEGHENY SD	PA
133	3904852	MEIGS LOCAL	OH
133	3904431	MARIEMONT CITY	OH
133	3904406	GIRARD CITY SCHOOL DISTRICT	OH
133	3618480	MARCELLUS CENTRAL SCHOOL DISTRICT	NY
133	3603720	BABYLON UNION FREE SCHOOL DISTRICT	NY
133	3402850	CEDAR GROVE TOWNSHIP SCHOOL DISTRICT	NJ
133	3303510	HAMPTON SCHOOL DISTRICT	NH
133	2730090	PROCTOR PUBLIC SCHOOL DISTRICT	MN
133	2721480	MORA PUBLIC SCHOOL DISTRICT	MN
133	2616080	GODFREY-LEE PUBLIC SCHOOLS	MI
133	2608040	CARO COMMUNITY SCHOOLS	MI
133	2511400	SUTTON	MA
133	1735640	SCHILLER PARK SD 81	IL
133	1735010	ROXANA CUSD 1	IL
133	1602970	SNAKE RIVER DISTRICT	ID
133	1601140	FRUITLAND DISTRICT	ID
133	1302910	IRWIN COUNTY	GA
133	1300090	ATKINSON COUNTY	GA
133	0100690	CHOCTAW COUNTY	AL
132	5400360	GRANT COUNTY SCHOOLS	WV
132	5302370	EATONVILLE SCHOOL DISTRICT	WA
132	4833720	ORANGE GROVE ISD	TX
132	4811610	BROWNFIELD ISD	TX
132	4205340	CENTRAL CAMBRIA SD	PA
132	4101620	ASTORIA SD 1	OR
132	4019560	MCLOUD	OK
132	4014520	HILLDALE	OK
132	4006060	BYNG	OK
132	3904509	WILLARD CITY	OH
132	3904476	SHEFFIELD-SHEFFIELD LAKE CITY	OH
132	3904465	PORT CLINTON CITY	OH
132	3701680	GATES COUNTY SCHOOLS	NC
132	3614820	HORNELL CITY SCHOOL DISTRICT	NY
132	3413860	RINGWOOD SCHOOL DISTRICT	NJ
132	2908170	CASSVILLE R-IV	MO
132	2801110	COAHOMA COUNTY SCHOOL DISTRICT	MS
132	2512780	WESTPORT	MA
132	2502880	BOXFORD	MA
132	2003540	ATCHISON PUBLIC SCHOOLS	KS
132	1729890	OLYMPIA CUSD 16	IL
132	0641790	WAUGH ELEMENTARY	CA
132	0624180	MCCABE UNION ELEMENTARY	CA
132	0605130	BISHOP UNION ELEMENTARY	CA
132	0506840	GRAVETTE SCHOOL DISTRICT	AR
131	4835520	POTEET ISD	TX
131	4818940	FAIRFIELD ISD	TX
131	4700960	DECATUR COUNTY	TN
131	4665460	SHANNON COUNTY SCHOOL DISTRICT 65-1	SD
131	4501950	DILLON 03	SC
131	4214880	MCGUFFEY SD	PA
131	4203630	BIG BEAVER FALLS AREA SD	PA
131	3904892	BENTON CARROLL SALEM LOCAL	OH
131	3904807	BENJAMIN LOGAN LOCAL	OH
131	3904802	NORTH FORK LOCAL	OH
131	3904790	PERRY LOCAL	OH
131	3704800	WASHINGTON COUNTY SCHOOLS	NC
131	3609330	DRYDEN CENTRAL SCHOOL DISTRICT	NY
131	3408040	KINNELON BOARD OF EDUCATION	NJ
131	2608910	CHEBOYGAN AREA SCHOOLS	MI
131	2608640	CENTRAL MONTCALM PUBLIC SCHOOLS	MI
131	2602190	ALGONAC COMMUNITY SCHOOL DISTRICT	MI
131	2506720	LEICESTER	MA
131	2010680	PIPER-KANSAS CITY	KS
131	2008970	LOUISBURG	KS
131	2005730	EL DORADO	KS
131	1922530	PERRY COMM SCHOOL DISTRICT	IA
131	1907590	CLEAR CREEK AMANA COMM SCHOOL DISTRICT	IA
131	1300990	CHARLTON COUNTY	GA
131	0622050	LIVE OAK UNIFIED	CA
131	0512960	STUTTGART SCHOOL DISTRICT	AR
131	0504020	WESTSIDE CONS. SCHOOL DISTRICT	AR
131	0404060	KAYENTA UNIFIED DISTRICT	AZ
130	5511160	OSCEOLA SCHOOL DISTRICT	WI
130	5507050	JEFFERSON SCHOOL DISTRICT	WI
130	5400960	MONROE COUNTY SCHOOLS	WV
130	5101690	GRAYSON CO PBLC SCHS	VA
130	5002130	BENNINGTON INCORPORATED SCHOOL DISTRICT	VT
130	4826100	LA GRANGE ISD	TX
130	4223040	SUSQUENITA SD	PA
130	4009240	CUSHING	OK
130	3904963	NORTHWEST LOCAL	OH
130	3904941	CLEAR FORK VALLEY LOCAL	OH
130	3904922	SOUTHEAST LOCAL	OH
130	3904638	BLANCHESTER LOCAL	OH
130	3904626	NORTHWESTERN LOCAL	OH
130	3904382	COSHOCTON CITY	OH
130	3407440	HOPATCONG BOROUGH SCHOOLS	NJ
130	3406930	HASBROUCK HEIGHTS BOARD OF EDUCATION	NJ
130	2509300	PALMER	MA
130	2503390	CENTRAL BERKSHIRE	MA
130	2200360	CALDWELL PARISH	LA
130	2101260	CLINTON COUNTY	KY
