"district_name","state","city","year_started","month_started","one_to_one","grade_levels","device_type","notes","source_url","source_2","seda_rank","seda_row_count","web_search","fb_search","leaid"
"New York City Public Schools","NY","New York","2020 (by)","September","Yes (likely)","Not specified","Mixed (laptops)","upper bound; FB chromebooks oldest 2020-09-14 (COVID-era distribution); Sep 2025 announcement of 350,000 free laptops new district-wide initiative; ~1.1M students","https://www.facebook.com/profile/100064718199041/search/?q=chromebooks","https://www.nyc.gov/mayors-office/news/2025/09/mayor-adams-to-distribute-350-000-free--brand-new-chromebooks-wi","1","13209","1","1","3620580"
"Los Angeles Unified School District","CA","Los Angeles","2013","August","Yes","Initial: Broadacres Elementary (then district-wide plan)","iPad","FB ipads search 2013-08-27 LA Times article 'First L.A. Unified school gets iPads in $1-billion effort - An elementary school in Carson on Tuesday became a pioneer in a $1-billion effort to provide iPads to every student in the Los Angeles Unified School District' - this is the famous (later canceled) $1B iPad rollout starting Aug 27 2013","https://www.facebook.com/profile/100064803273731/search/?q=ipads","","2","8014","1","1","0622710"
"Chicago Public Schools","IL","Chicago","2020 (by)","April","Yes","K-12","Chromebook","FB chromebooks oldest 2020-04-09 (COVID-era distribution); 2023-09-08 Corliss HS post 'students received Chromebooks with internet' for STEM/career pathways","https://www.facebook.com/profile/100064480608394/search/?q=chromebooks","","3","5469","1","1","1709930"
"Miami-Dade County Public Schools","FL","Miami","2014","Spring","Yes (phased)","Elem: HP laptop carts; MS: tablets in 7th Civics & 8th US History; HS: tablets 9th-10th","Mixed (HP/Lenovo Windows 8)","Spring 2014 launch for 2014-15 SY; 60K devices in Y1 + 44K in Y2; ~$200M project cost; partnership with HP/Lenovo/Microsoft","https://marketbrief.edweek.org/strategy-operations/miami-dade-schools-to-work-with-hp-lenovo-microsoft-on-1-to-1-technology-plan/2014/02","https://digital.dadeschools.net/pdfs/Mobile_Device_Reference_Guide_2014-15%20final.pdf","4","4138","1","0","1200390"
"Houston Independent School District","TX","Houston","2013","Fall","Yes (phased HS)","2013-14: 11 schools (phase 1); 2014-15: 21 HS added; 2015-16: remaining 10 HS","Laptop (later Chromebook from 2022)","PowerUp initiative; goal 1:1 at all 283 schools by 2016; $25/yr usage fee starting 2022-23 SY","https://blogs.houstonisd.org/news/2014/12/19/phase-two-powerup-schools-preparing-for-11-laptop-deployment/","https://www.houstonisd.org/domain/47953","5","3241","1","0","4823640"
"Clark County School District","NV","Las Vegas","2020","April","Yes","K-12 (district-wide goal)","Chromebook","COVID-driven 1:1 rollout; 55K Chromebooks distributed Apr 2020; 76K more ordered Aug 2020 to reach district-wide 1:1 ratio; $23M additional spend; 5th-largest US district","https://www.reviewjournal.com/local/education/clark-county-students-get-chromebooks-for-distance-learning-2091682/","https://lasvegassun.com/news/2020/apr/16/ccsd-deploys-chromebooks-distance-learning-data/","6","3080","1","0","3200060"
"Broward County Public Schools","FL","Fort Lauderdale","2020","Spring","Yes","All students","Laptop","COVID-era 2020-21 SY rollout for in-school and at-home learning; program lapsed after pandemic; reestablished Aug 2025 (every student gets laptop) per Superintendent Hepburn","https://www.caribbeannationalweekly.com/news/local-news/broward-schools-to-reissue-laptops-to-students-starting-august-11/","https://www.browardschools.com/parentsstudentsstaff/parents-families/bcps-one-to-one-laptop-issuance-program","7","2837","1","0","1200180"
"Hawaii Department of Education","HI","Honolulu","2009","","Yes (school-by-school then COVID)","Pilot: Kalani HS (since 2009); Keaau Elem/MS in 2012-13 (~1500 laptops); statewide via COVID emergency funds 2020+","Mixed (laptops/tablets)","Makana Connection initiative under Gov Abercrombie 2012; ~1500 laptops at Keaau Elementary + Middle (Hawaii Island) for 2012-13; Kalani HS earliest at 2009; $72M federal Emergency Connectivity Fund 2020 for statewide expansion","https://www.hawaiibusiness.com/a-computer-for-every-student/","https://www.govtech.com/education/k-12/hawaii-schools-to-spend-72m-on-devices-online-learning","8","2782","1","0","1500030"
"Philadelphia City School District","PA","Philadelphia","2014","","Yes (initial: 1 school; district-wide 2020)","Initial: Science Leadership Academy freshmen 2014 (Dell Chromebooks); district-wide K-12 by 2020 (COVID-era)","Chromebook","SLA pilot rollout to freshmen 2014; March 2020 board approved $11M for 50K Chromebooks; combined with existing 40K + 35-40K more needed; full 1:1 by 2020-21 SY","https://thejournal.com/articles/2014/01/23/philly-school-swapping-macs-for-chromebooks-opens-center-of-excellence-in-learning-with-dell.aspx","https://6abc.com/philly-students-open-up-chromebooks-for-first-day-of-school/6400647/","9","2742","1","0","4218990"
"Dallas Independent School District","TX","Dallas","2019","October","Yes (phased)","Initial: 6 HS (S Oak Cliff, Lincoln, Roosevelt, Madison, Wilmer Hutchins, Pinkston); 2020: PreK-2 iPads + 3-5 Chromebooks","Mixed (Chromebook + iPad)","Oct 2019: 5300 Chromebooks at 6 HS pilot, partnership with 1Million Project + Sprint for Wi-Fi; Aug 2020: $20M for 46K iPads PreK-2 + 14K Chromebooks gr3-5","https://www.wfaa.com/article/news/education/students-at-six-dallas-isd-high-schools-receiving-take-home-laptops-and-wi-fi/287-6bbe437a-dfa2-4071-8cdd-5a2147fc2a44","https://thehub.dallasisd.org/2020/08/18/dallas-isd-kicks-off-three-week-effort-to-provide-every-elementary-student-with-an-ipad-or-chromebook/","10","2620","1","0","4816230"
"Hillsborough County Public Schools","FL","Tampa","2020 (by)","April","Yes","K-12","Laptop","FB laptops oldest 2020-04-16 (COVID-era distribution); 2024 employee post recalling pandemic 'delivered laptops and learning'; HEF Tech Connect targets at-risk students","https://www.facebook.com/profile/100068682704611/search/?q=laptops","","11","2550","1","1","1200870"
"Orange County Public Schools","FL","Orlando","2013","","Yes","Initial: phased; 2020-21 all MS/HS","Laptop","Laptop initiative started 2013 per district info; by 2020-21 all MS/HS students assigned personal laptops; ~$30M/yr ongoing; BYOD also offered; cost concerns highlighted in 2024 audit","https://www.govtech.com/education/k-12/orange-county-fla-schools-find-1-1-laptop-costs-unsustainable","https://www.ocps.net/departments/curriculum__and_digital_learning/digital_learning/family_technology_handbook","12","2109","1","0","1201440"
"San Diego Unified School District","CA","San Diego","2009","","Yes (phased)","Initial 2009-10: 3rd grade, 6th grade, HS math","Laptop (then iPad/Netbook 2010-12; Chromebook 2016+)","2009-10 SY started with ~38K laptops for grades 3/6 + HS math; 2010-12 added iPads + Lenovo Netbooks; 2016 deployed 16K Chromebooks for 47K students (1-to-1); total ~194K devices for 106K students; $133.2M spent","https://thejournal.com/articles/2016/10/25/san-diego-unified-forges-ahead-on-chromebook-1to1.aspx","https://inewsource.org/2017/08/04/student-technology-challenges/","13","2012","1","0","0634320"
"Fairfax County Public Schools","VA","Fairfax","2016","","Yes (phased)","Pilot: Chantilly Pyramid 2016; HS-wide 2019-20; PreK-K iPads; gr1-2 laptops; full K-12 by 2023","Mixed (Dell Latitude 3300 + iPads)","FCPSOn initiative; 2016 Chantilly pilot; 61,881 Dell Latitude 3300 laptops for 2019-20 SY HS; PreK-K get iPads; goal K-12 by 2023","https://www.washingtonpost.com/local/education/logging-on-to-learn-all-fairfax-county-high-school-students-getting-laptops/2019/08/11/7fb69136-b953-11e9-a091-6a96e67d9cce_story.html","https://www.fcps.edu/family-resources/technology/fcpson","14","1962","1","0","5101260"
"Palm Beach County School District","FL","West Palm Beach","2018","","Yes (initial classroom; expanded 2020)","Not specified initially; full district 2020","Chromebook","2018: 25K+ Chromebooks deployed via Penny Sales Tax; 2020 COVID expansion ~$45M for ~100K devices total distributed including WiFi hotspots; ongoing 1:1 take-home policy by 2021","https://bocanewsnow.com/2018/08/14/chromebooks-some-pbc-classes-have-them-others-dont-parents-unhappy/","https://bocanewsnow.com/2021/02/27/chromebook-take-home-policy-reviewed-in-palm-beach-school-district/","15","1909","1","0","1201500"
"Memphis-Shelby County Schools","TN","Memphis","2020","August","Yes","PreK-8 tablets; 9-12 laptops","Mixed (tablet + laptop)","Aug 3 2020 distribution start; ~95K+ devices; $45M plan via June 2020 board vote; PreK-8 issued tablets in protective cases; 9-12 issued laptops with cases; lease-purchase with Microsoft + HP; goal complete by Nov 2020","https://www.localmemphis.com/article/news/education/free-laptops-and-tablets-to-be-given-to-shelby-county-schools-students-starting-august-3/522-05acfdfd-b03a-479d-aeed-fa669ccd9127","https://wreg.com/news/shelby-county-schools-to-provide-devices-to-every-student-in-the-district/","16","1846","1","0","4703810"
"District of Columbia Public Schools","DC","Washington","2013","","Yes (initial Blended Learning; full 1:1 by 2020)","Initial Blended Learning 2013; 3 schools VILS tablet 1:1 ~2017; full Chromebook for 2020-21","Mixed (tablets then Chromebooks)","DCPS Blended Learning initiative launched 2013; 3 schools entered Verizon Innovative Learning Schools device grant (1:1 tablet) ~2017; Chromebooks distributed for 2020-21 SY (COVID-era full 1:1)","https://digitalpromise.org/district/district-of-columbia-public-schools/","https://dcps.dc.gov/","17","1792","1","0","1100030"
"Wake County Public School System","NC","Raleigh","2020","April","Yes","K-12","Chromebook","COVID-era 1:1 launched April 3 2020 for ~160K students; first universal program (pre-2020 had only carts/labs); district considering scaling back as of 2025-26 due to costs","https://www.cbs17.com/news/local-news/wake-county-news/wake-county-schools-working-to-provide-laptops-for-every-student-ahead-of-new-academic-year/","https://www.govtech.com/education/k-12/wake-county-n-c-schools-ending-1-1-student-device-program","18","1735","1","0","3704720"
"Duval County Public Schools","FL","Jacksonville","2020","March","Yes (post-COVID)","Not specified","Laptop","Pre-COVID NOT 1:1 - had to pull tech from classrooms; March 2020 emergency laptop checkout at 10 locations; 2022 $22M for 43K laptops + 10K hotspots via AT&T","https://www.firstcoastnews.com/article/news/health/coronavirus/duval-county-public-schools-rolls-out-new-plan-to-expand-laptop-distribution-for-those-in-need/77-45a82a79-4a22-4f72-9078-7bacb44e9bda","https://www.news4jax.com/news/local/2022/04/08/deadline-approaches-for-duval-county-students-in-need-to-apply-for-free-laptop-hot-spot/","19","1722","1","0","1200480"
"Detroit Public Schools Community District","MI","Detroit","2020","April","Yes","K-12","Mixed (tablets + laptops)","Connected Futures Project announced April 2020 - $23M for ~50K wireless tablets + laptops + internet access to all ~51K students; later Student Technology Initiative pilot HS Fall 2022 deployment Jan 2023","https://www.clickondetroit.com/news/local/2020/04/23/watch-live-officials-announce-plan-to-bridge-digital-divide-for-51000-detroit-students/","https://www.detroitk12.org/Page/10871","20","1701","1","0","2612000"
"Albuquerque Public Schools","NM","Albuquerque","2020 (by)","April","Yes","Initial: HS freshmen/sophomores; expanded","Mixed (Chromebook + iPad)","COVID-era distribution; April 2020 freshmen/sophomores got Chromebooks; broader 1:1 launched during pandemic; Dell Chromebooks district standard","https://www.krqe.com/news/education/aps-continues-chromebook-distribution-for-freshmen-sophomores/","https://www.aps.edu/schools/covid-updates-for-2021-2022/images/dell-chromebook/view","21","1696","1","0","3500060"
"Charlotte-Mecklenburg Schools","NC","Charlotte","2014","November","Yes (phased)","MS 2014-15 (30K Chromebooks); HS take-home 2018; K-5 stays at school","Chromebook","2014-15 SY: 30K Chromebooks deployed for MS students at $220 each; $1.6M Race to the Top funding; HS take-home 1:1 launched Fall 2018; K-5 keeps Chromebooks at school","https://www.k12dive.com/news/nc-district-deploys-30k-chromebooks-in-middle-schools/364872/","https://www.cmsk12.org/technology-services/technology-support-15441/device-fee-structure","22","1682","1","0","3702970"
"Prince George's County Public Schools","MD","Upper Marlboro","2012","","Yes (initial 4 schools; district-wide 2014)","Initial: 4 Title I middle schools (2012, 3K iPads); district-wide 2014","Mixed (iPad initial then Chromebook)","2012: 3K iPads to 4 Title I middle schools (1:1 model in those schools); district-wide Chromebook 1:1 by 2014; further COVID-era expansion April 2020","https://www.peardeck.com/pear-deck-blog/pgcps-case-study","https://www.wusa9.com/article/news/local/maryland/pgcps-chromebook-distribution-begins-internet-access-also-provided/65-d0654f53-b6c4-4f02-8692-02c911acb578","23","1672","1","0","2400510"
"Montgomery County Public Schools","MD","Rockville","2014","August","Yes (phased classroom-only initially)","Initial: gr3/5/6 + HS Social Studies; K-2 Android tablets by 2017-18","Mixed (Chromebook + Android tablet)","Aug 2014: 40K laptops/tablets initial rollout; Chromebooks to grades 3/5/6 and HS social studies; 100K devices by 2017-18 plan; classroom-only initially - take-home expanded during COVID","https://www.washingtonpost.com/local/education/montgomery-announces-school-technology-initiative-with-40000-laptops-and-tablets/2014/07/10/3060e1ec-0835-11e4-8a6a-19355c7e870a_story.html","https://www.edweek.org/technology/maryland-district-approves-big-chromebook-adoption/2014/07","24","1650","1","0","2400480"
"Milwaukee Public Schools","WI","Milwaukee","2020","April","Yes","K-12","Chromebook","COVID-era April 2020 distribution: HS Apr 16-17 then MS Apr 20 then ES Apr 22-24; each student got 2 Chromebooks (one home one school); 5 MS got free Verizon hotspots","https://www.tmj4.com/news/coronavirus/milwaukee-public-schools-distribute-chromebook-laptops-to-students-amid-closures","https://www.tmj4.com/news/local-news/mps-teams-up-with-verizon-to-provide-new-chromebooks-free-internet-access-to-students","25","1617","1","0","5509600"
"Denver Public Schools","CO","Denver","2017","Fall","Yes (phased)","MyTech 2017-18: 13 schools; 2020 bond expanded to all MS+HS; K-5 added during COVID","Chromebook","DSST first 1:1 HS in CO via HP grant; $10M MyTech bond launched 2017-18 SY across 13 schools; Nov 2020 bond expanded to all middle/high; K-5 added with hand-me-downs during COVID; ~78K total devices ~$18.3M since 2021","https://www.dpsk12.org/chromebook-surprise/","https://coloradosun.com/2023/05/26/colorado-schools-chromebooks-churn-outdated/","26","1558","1","0","0803360"
"Baltimore City Public Schools","MD","Baltimore","2020","April","Yes","K-12","Chromebook","Pre-2020: ~13K Chromebooks already distributed (Verizon partnership pre-pandemic ~1,300 to select schools); April 2020 emergency purchase of 12K Chromebooks + 14K chargers during COVID; all students now district-issued Chromebook","https://baltimorebrew.com/2020/04/30/city-schools-purchases-12000-chromebooks-and-14000-chargers/","https://www.cbsnews.com/baltimore/news/verizon-innovative-learning-initiative-baltimore-city-schools-chromebooks-latest/","27","1494","1","0","2400090"
"Columbus City Schools","OH","Columbus","2020","Spring","Yes","K-12","Chromebook","Spring 2020 COVID-era distribution; ~20K Chromebooks + 1K hotspots by June 2020 via $7M CARES Act funding; another 20K shipped for Fall 2020; ~52K total to provide laptop for every student; K-8 not permitted to take home initially","https://abc6onyourside.com/news/local/ccs-provides-laptops-to-students-fall-2020","https://www.asumag.com/covid-19/article/21137708/columbus-ohio-gives-school-district-7-million-for-laptop-computers","28","1477","1","0","3904380"
"Jefferson County Public Schools R-1","CO","Golden","2019","August","Yes (phased)","TechforEd Phase 1: gr5/9 at 54 schools (Aug 2019); Phase 2: 50 more schools (Nov 2019); remaining 15 schools (Jan 2020); now gr1-12","Mixed (Chromebook + iPad)","Jeffco TechforEd 4-year plan launched Aug 2019 with gr5 + gr9 at 54 neighborhood/option schools; new devices given at grades 1/5/9; full gr1-12 by 2023; touchscreen Chromebooks + iPads","https://jeffcopen.com/jeffco-launches-techfored-program/","https://www.jeffcopublicschools.org/services/technology/tech-for-ed","29","1459","1","0","0804800"
"Jefferson County Public Schools","KY","Louisville","2017","Fall","Yes (phased)","Glasgow MHS pilot 2017-18; district-wide rolling deploy 2018-2023; major 2020-21 expansion to ~50K students","Chromebook","Glasgow Middle High School pilot 2017-18; 2018-2023 rolling teacher/student deployment; spring 2020 ~20K Chromebooks distributed (COVID); 30K more for 2020-21 SY; total ~50K by 2020-21","https://spectrumnews1.com/ky/louisville/news/2020/08/05/jcps-chromebook-rollout","https://www.wdrb.com/in-depth/jcps-buying-chromebooks-with-built-in-cellular-service-to-boost-access-for-students/article_4c388c80-02f5-11ed-9d33-7f9f92cecae4.html","30","1414","1","0","2102990"
"Gwinnett County Public Schools","GA","Lawrenceville","2012","Fall","Yes (phased)","BYOD pilot 14 schools 2012; full district 1:1 by 2020","Mixed (BYOD initial; Chromebook district-wide)","Fall 2012 BYOD pilot at 14 schools across 5 clusters as part of eCLASS digital-content initiative; district-wide Chromebook 1:1 expanded Aug 2020 (~50K Chromebooks distributed COVID-era); now ~205K Chromebooks in circulation; gr3-12 take-home, K-2 in-classroom","https://patch.com/georgia/lawrenceville-ga/eclass-in-session-at-lawrenceville-gwinnett-schools","https://gwinnettmagazine.com/byod-bring-your-own-device-what-does-it-mean/","31","12707","1","0","1302550"
"Cobb County School District","GA","Marietta","2020","August","Yes (phased)","HS first 2020-21 SY; MS added 2022; ES based on need","Mixed (Dell Latitude 3190)","Aug 2020 emergency 2,600 Chromebooks ($800K) plus 750 from churches via Stratix to address virtual learning; 'Learn Everywhere' Dell Latitude 3190 1:1 launched 2020-21 SY for HS; ~15K HS laptops by Jan 2022; expanded to MS in 2022; opt-in via ParentVue","http://eastcobbnews.com/cobb-school-district-receives-computer-devices-for-virtual-learning/","https://www.cobbk12.org/lassiter/_ci/p/54740","32","8326","1","0","1301290"
"Cypress-Fairbanks ISD","TX","Cypress","2020","August","Yes","K-12","Chromebook","$44M LTE 1:1 'Learning Together Everywhere' program board-approved July 2020; distribution Aug 2020; all HS + CFISD Connect students by end of 1st semester 2020-21; full district by spring 2021 (supply-chain delays slowed elementary)","https://www.khou.com/article/news/education/cypress-fairbanks-isd-laptops-wifi-program-remote-learning/285-06f5775a-c051-46ae-93bd-1cba93b644b6","https://communityimpact.com/houston/cy-fair/education/2021/01/29/heres-how-far-along-cy-fair-isd-is-in-the-chromebook-distribution-process/","33","8244","1","0","4816110"
"Polk County Public Schools","FL","Bartow","2022","Fall","Yes","K-12","Mixed (iPad ES + laptop MS/HS)","One-to-One Digital Learning Initiative announced 2022 for fall 2022 SY; ~110K students (FL 7th-largest district); iPads for elementary, laptops for middle/high; funded by ESSER + Emergency Connectivity Fund (ECF)","https://polkschoolsfl.com/newsrelease/pcps-providing-devices-to-all-students-through-one-to-one-digital-learning-initiative/","https://www.fox13news.com/news/polk-county-public-schools-providing-laptops-ipads-to-every-student-this-year","34","7989","1","0","1201590"
"DeKalb County School District","GA","Stone Mountain","2017","June","Yes (phased)","Phase 1: ES (June 2017); MS+HS subsequent; full Pre-K-12 by 2025-26","Chromebook","'Digital Dreamers' initiative; first 25,000+ Chromebooks ordered for elementary schools beginning June 19 2017; 2-year district rollout plan; 2025 Stratix contract to manage 110,000+ Chromebook deployment district-wide; PreK-12 1:1 confirmed for 2025-26","http://factchecker.stanjester.com/2017/08/7369/","https://www.mdjonline.com/neighbor_newspapers/dekalb-county-students-to-receive-chromebooks-hotspots-this-fall/article_bf44f944-81fd-11e7-bda5-cfa6b99d7a4e.html","35","7918","1","0","1301740"
"Baltimore County Public Schools","MD","Towson","2014","Fall","Yes (phased)","Initial 2014: K-5 + 10 Lighthouse Schools; full 1-12 by 2017-18","Mixed (HP EliteBook 810 Revolve initial; Chromebook ES from 2018)","$147M STAT (Students & Teachers Accessing Tomorrow) initiative; 150K Windows 8.1 devices over 4 years starting Fall 2014; HP EliteBook 810 Revolve initial; switched to Chromebooks in elementary May 2018 for cost; scaled back take-home for ES/MS in 2025-26","https://blogs.microsoft.com/blog/2014/05/02/baltimore-county-public-schools-choose-150000-windows-devices-to-transform-teaching-and-learning/","https://thejournal.com/articles/2014/05/05/baltimore-county-public-schools-to-rollout-150000-windows-8-devices-over-four-years.aspx","36","7835","1","0","2400120"
"Pinellas County Schools","FL","Largo","2019","","Yes (phased)","Initial: gr3-4 at 36 low-income schools (2019); full gr3-10 1:1 by 2022-23","Mixed (laptop / Dell laptop)","$4M digital-divide initiative 2019: ~4,000 laptops to gr3-4 at 36 low-income schools; COVID expansion 2020 added 42K laptops; PCS Connects full 1:1 gr3-10 by 2022-23 SY (Dell laptops); K-2 and 11-12 still classroom-only","https://www.tampabay.com/news/education/pinellas-students-get-laptops-to-curb-the-digital-divide/2150648/","https://www.tampabay.com/news/health/2020/06/23/pinellas-schools-to-get-42000-laptops-for-students-to-take-home/","37","7826","1","0","1201560"
"Northside Independent School District","TX","San Antonio","2020 (by)","","Yes","K-12","Mixed (Chromebook + laptop + tablet)","Pre-COVID device shortages; COVID-era 2020 distribution funded with local + federal stimulus; ~107K students; achieved 1:1 by end of 2020-21 SY; some parents had to self-fund early in pandemic; Northside Technology Lending Program is opt-out","https://sanantonioreport.org/google-classroom-and-chromebooks-san-antonio-school-districts-ready-distance-learning-plans/","https://www.nisd.net/help/device-lending","38","7608","1","0","4833120"
"Austin Independent School District","TX","Austin","2017","Fall","Yes (phased)","Initial Fall 2017: HS; Fall 2019: 8th grade; Spring 2020: all students","Chromebook","Everyone:1 initiative launched Fall 2017 with HS students assigned 2-in-1 Chromebooks; expanded to 8th grade Fall 2019; all students K-12 received devices Spring 2020 (COVID expansion); Pre-K-2 in-class; 3-12 take-home","https://www.austinisd.org/sites/default/files/dept/technology/docs/everyone1/Everyone-1_AISD_English_final_080819.pdf","https://www.austinisd.org/technology/student-devices","39","7285","1","0","4808940"
"Fort Worth Independent School District","TX","Fort Worth","2020 (by)","April","Yes (phased)","6-12 had access pre-COVID; ES added April 2020","Chromebook","All gr6-12 had access to district-issued Chromebooks pre-pandemic; April 2020 emergency board approval $1.19M for 3,160 additional Chromebooks for ES + $1.3M for 6K hotspots ('Learning at Home' initiative); Fall 2020 4 hr/day online learning required","https://www.cbsnews.com/texas/news/fwisd-purchase-thousands-computers-hotspots-student-learning-home-coronavirus-outbreak/","https://www.cbsnews.com/texas/news/fort-worth-isd-digital-access-thousands-chromebooks-distributed/","40","7044","1","0","4819700"
"Fulton County Schools","GA","Atlanta","2015","January","Yes (phased)","Phased Jan 2015 - Sep 2017 across ~100 schools; gr3-12","Mixed (iPad / Surface / Dell Latitude / Chromebook)","$28.3M iSchool initiative implementation Jan 2015 - Sep 2017; 17,500 devices across 23 schools by 2016; multiple device options (iPad, Microsoft Surface, Dell Latitude, Dell Chromebook) per school personalized-learning plan; gr3-12 currently issued","https://www.ajc.com/news/local-education/fulton-schools-rolling-out-tech-devices-students/loQwHmdi6ojtISP0kN0qWK/","https://www.theodysseyonline.com/ischool-initiative-fulton-county-schools","41","7029","1","0","1302280"
"School District of Lee County","FL","Fort Myers","2020","March","Yes","K-12","Chromebook","COVID-era March 2020 emergency distribution: gr3-5 first then K-2 week of Mar 23; ~$500K initial; 2,000 additional Chromebooks ordered to meet demand; IDE Corp workshop designed for district 1:1 rollout post-pandemic","https://www.winknews.com/news/lee/lee-county-schools-to-distribute-chromebooks-to-students-who-need-them/article_3482c185-0d0a-57b3-92a8-24bfd4238257.html","https://sites.google.com/a/idecorp.com/lee-county-1-to-1-chromebook-rollout/","42","6606","1","0","1201080"
"Metro Nashville Public Schools","TN","Nashville","2020","June","Yes","K-12","Laptop","~$24M federal CARES Act funding announced June 2020 by Mayor Cooper for laptops + internet for ~81K MNPS students; 60K+ laptops distributed (only 124 stolen); supplementary Tech Goes Home program with NPEF for digital literacy training plus free Chromebook; gr3-12 take-home","https://tennesseelookout.com/2020/06/23/metro-nashville-schools-laptops-wont-be-ready-for-all-students-when-school-starts/","https://nashvillepef.org/tech-goes-home/","43","6466","1","0","4703180"
"Prince William County Public Schools","VA","Manassas","2020","March","Yes (phased)","Pre-2020 plan: HS first then gr3-12; COVID expansion full","Laptop","Pre-COVID: $16M 4-year Digital Equity plan to provide devices for gr3-12 with HS first; March 2020 emergency order of 15,500 laptops; HS by Sept-Nov 2020; current student device handbook covers all gr3-12","https://www.insidenova.com/news/education/prince_william/prince-william-schools-order-15-500-laptops-in-rush-toward-online-instruction/article_14835d7c-74c9-11ea-b74b-77c1fd028af2.html","https://www.pwcs.edu/departments/instructional_technology/device_handbook/index","44","6429","1","0","5103130"
"Long Beach Unified School District","CA","Long Beach","2020","March","Yes","K-12","Chromebook","COVID-era March 25 2020 distribution start at multiple schools (incl Jordan HS); 70K+ student rollout for in-home internet + Chromebooks during 5-week shutdown; ongoing partnership with human-I-T for low-cost devices/internet; recent Chromebook refresh via Golden Star Technology","https://lbpost.com/news/education/lbusd-to-offer-kids-access-to-chromebooks-home-internet","https://gstinc.com/long-beach-usd-chromebook-refresh/","45","6336","1","0","0622500"
"Alpine School District","UT","American Fork","2015","Fall","Yes (phased)","Pilot 2015: 3 schools (incl Pleasant Grove JH; English depts initial); secondary expansion 2020+","Chromebook","2015 Next Generation 1:1 pilot at 3 schools (Pleasant Grove JH first via English dept) with 900 Dell Chromebooks plus Wi-Fi upgrade; district inventory grew from ~15K Chromebooks (2014) to 67K (2020); secondary student 1:1 take-home approved 2020","https://alpineschools.org/one-to-one/","https://www.sltrib.com/news/education/2015/12/07/digital-devices-for-every-utah-student-districts-launch-technology-initiatives/","46","6175","1","0","4900030"
"Fresno Unified School District","CA","Fresno","2015","","Yes (phased; full by 2020)","BYOD/issued: secondary first 2015; full K-12 by 2020 COVID","Mixed (Asus T100 BYOD initial; Chromebook district-issued)","2015 Asus supplied 15K Asus Transformer T100 Windows 8.1 BYOD devices; 2020 COVID-era full 1:1 to 74K students; Nov 2025 - June 2026 elementary returning laptops (in-class only) due to ~30% damage/loss rate ($4M/yr); MS+HS retain take-home","https://infotechlead.com/mobility/asus-transformer-t100-windows8-1-devices-support-byod-fresno-unified-school-district-21378","https://edsource.org/2026/fresno-unified-elementary-students-must-return-laptops-as-district-shifts-focus-to-in-class-use/751213","47","6082","1","0","0614550"
"Granite School District","UT","Salt Lake City","2020","Spring","Yes","K-5 in-class; 6-12 take-home","Chromebook","COVID-era Spring 2020 emergency distribution; WiFi buses launched April 2020; current K-5 in-class only and secondary (6-12) take-home; 1:1 confirmed; iBoss content filter on home networks; Jan 2026 board reviewing program effectiveness (avg 71 min/day on Chromebook)","https://kslnewsradio.com/1923444/granite-school-district-buses-wifi/","https://www.graniteschools.org/edtech/chromebooks/","48","5935","1","0","4900360"
"Mesa Public Schools","AZ","Mesa","2020 (by)","December","Yes (phased)","Phased to all sites by Dec 2020","Mixed (Windows + iPad + Chromebook)","63K+ Windows student devices pre-2020; planned 1:1 at all sites by December 2020; June 2020 ~9K laptops purchased for K-6; mix of iPads, Chromebooks, Windows + Android tablets; ~7K families had no internet/devices identified in 2020 survey","https://www.mpsaz.org/edtech/resources/chromebook/","https://en.wikipedia.org/wiki/Mesa_Public_Schools","49","5932","1","0","0404970"
"Davis School District","UT","Farmington","2020 (by)","","Yes (phased)","K-2 in-class carts; 3-12 individual access","Chromebook","COVID-era 2020 emergency distribution; current 1:1 with K-2 in-class (carts) and individual access gr3-12; specific launch year of 1:1 not pinned in public sources; remote-learning device support page exists","https://www.davis.k12.ut.us/o/dsd/page/devices-support-for-remote-learning","https://www.davis.k12.ut.us/page/technology-services","50","5839","1","0","4900210"
"Anne Arundel County Public Schools","MD","Annapolis","2020","Spring","Yes (initially gr3-12)","Initial gr3-12 take-home (2020); 2024-25 reverted to in-school for PreK-8","Chromebook","COVID-era 2020 take-home Chromebooks gr3-12 introduced; 2024-25 SY scaled back: PreK-8 in-school only; gr9-12 keep Chromebooks; Jan 2026 gr10-11 receiving HP Elitebook 6 devices; loaner program available","https://www.baltimoresun.com/2024/02/16/chromebook-distribution-aacps/","https://www.aacps.org/page/student-devices","51","5742","1","0","2400060"
"Guilford County Schools","NC","Greensboro","2020","Fall","Yes","K-12","Mixed (iPad K-3 + Chromebook 4-12)","~$35M investment ($19M CARES + state + local) for 79K laptops/iPads in 2020; iPad for K-3 + MacBook Air for K-3 teachers; Lenovo Chromebook for 4-12 students + Lenovo ThinkPad for staff; final shipment March 2021; gr5 students get Chromebook for 4-year cycle","https://greensboro.com/news/education/guilford-county-bought-79-000-laptops-and-ipads-for-schools-but-most-wont-come-for/article_75052b50-dd9a-11ea-8ffc-5fed361e2494.html","https://greensboro.com/news/local/for-guilford-schools-a-milestone-a-new-laptop-or-tablet-available-for-each-student/article_2ae8db58-8cb7-11eb-9bac-637a11cb631c.html","52","5723","1","0","3701920"
"Greenville County Schools","SC","Greenville","2016","August","Yes (phased)","Initial Aug 2016: 10 schools (~7500 gr3-12); 3-year district-wide rollout","Chromebook","$20M Personalized Learning Chromebook initiative ($12M school board allocation); first 10 schools Aug 2016 (Bell's Crossing/Brushy Creek/Buena Vista/Mauldin ES/Mitchell Road/Stone Academy ES + Berea/Northwood/Mauldin MS + Mauldin HS); ~$250/Chromebook; 3-year phased rollout to gr3-12","https://greenvillejournal.com/news/greenville-county-schools-begins-rolling-20-million-initiative-will-put-chromebooks-hands-third-12th-graders/","https://gsabusiness.com/news/education/70213/","53","5522","1","0","4502310"
"Pasco County Schools","FL","Land O Lakes","2020","March","Yes","K-12 (need-based initially)","Mixed (laptop + tablet)","COVID-era launch late March 2020; first drive-thru distribution Mar 30 2020; 28,500 devices total with 17,871 distributed by April 2020; need-based distribution first then expanded; myPascoConnect platform for SSO; full 1:1 currently","https://floridaphoenix.com/2020/04/22/a-conundrum-fl-students-must-learn-online-at-home-but-not-all-districts-and-families-have-enough-laptops/","https://www.tampabay.com/news/education/2020/04/18/florida-lent-laptops-to-thousands-of-students-do-they-know-how-to-use-them/","54","5422","1","0","1201530"
"Virginia Beach City Public Schools","VA","Virginia Beach","2016","","Yes (phased)","Started 2016; full gr1-12 at 86 schools by 2018-19 SY","Chromebook","District-wide 1:1 Chromebook initiative started 2016; added 19,000 Chromebooks to achieve 1:1 by 2018-19 SY; rollout to all gr1-12 across 86 schools and centers; current K-12 1:1 model","http://www.vbcpsblogs.com/core/vbcps-adds-19000-chromebooks-to-achieve-11/","https://www.amplifiedit.com/vbcps-1to1/","55","5340","1","0","5103840"
"North East Independent School District","TX","San Antonio","2020","Spring","Yes (formal 2023)","COVID-era distribution 2020; formal Connected Classroom K-12 launched 2023","Mixed (iPad K-2 + Samsung Chromebook 3-12)","Drive-thru Chromebook distribution Spring 2020 (COVID); formal Connected Classroom 1:1 launched Feb 2023 (iPad K-2; Samsung Chromebook 4 gr3-12); $25 optional insurance via SchoolCash Online; opt-in lending model; pre-2023 was BYOD focus","https://newspaper.neisd.net/johnson/2023/02/21/connected-classroom-launches-allowing-students-to-rent-chromebooks/","https://www.techlearning.com/how-to/remote-learning-in-action-drive-thru-chromebook-distribution","56","5321","1","0","4832940"
"Brevard Public Schools","FL","Viera","2020","Spring","Yes (phased)","COVID 2020 ES emergency; expanded MS 2021-22; gradual full 1:1 by 2022-23","Mixed (laptop / Chromebook)","COVID-era 2020 emergency distribution end of 2019-20 SY; pandemic relief funds for take-home devices; 11 MS rolled out 2021-22; ind schools (e.g. Edgewood) full 1:1 starting 2022-23; 2025 ban on personal devices K-12","https://www.clickorlando.com/news/local/2021/08/16/brevard-public-schools-assigns-take-home-computers-to-middle-schoolers/","https://www.brevardschools.org/page/11-devices","57","5285","1","0","1200150"
"Loudoun County Public Schools","VA","Ashburn","2018","August","Yes (phased)","Wave 1 (2018-19): 46 of 92 schools; Waves 2+3 by 2020-21 SY","Chromebook","3-year 1:1 initiative; Wave 1 Aug 2018 distributed Chromebooks to all students at 46 of 92 schools; Loudoun County HS distribution Aug 23 2018; full K-12 by 2020-21 SY (every student in every school received district-owned device); Waves 2+3 = 25 schools combined","https://www.loudountimes.com/news/loudoun-county-public-schools-rolls-out-the-chromebooks/article_9edda74c-bc3e-11e8-a850-ebe437dbd33a.html","https://www.edelements.com/lcps-personalized-learning-with-google","58","5258","1","0","5102250"
"Fort Bend ISD","TX","Sugar Land","2024","August","Yes","6-12","Laptop","EquippED 1:1 Laptop Initiative announced May 10 2024; launched 2024-25 SY for all gr6-12 with district-issued laptop for school + home; funded by $17.6M federal grant + $12.4M from 2023 Bond Prop B; pre-2024 was BYOD + classroom carts only; ES still on cart model","https://communityimpact.com/houston/sugar-land-missouri-city/education/2024/05/20/fort-bend-isd-to-issue-laptops-to-middle-high-school-students-in-2024-25-school-year/","https://www.fortbendisd.com/equipped","59","5162","1","0","4819650"
"Aldine ISD","TX","Houston","2017","","Yes (phased; 2:1 then 1:1)","Phased over 3 years initially (2:1 ratio); full 1:1 via 2023 Bond rollout 2024-2027","Chromebook","~2017 launch of 40K Acer Chromebook 3-year phased rollout with one Chromebook for every two students; 2020 COVID expanded distribution; $1.8B 2023 Bond funded 28,500 new Chromebooks at all 9th-grade centers + 7 high schools starting 2024 (HS), MS in 2026, ES in 2027","https://edtechmagazine.com/k12/article/2017/03/5-dos-and-donts-chromebook-rollout","https://www.aldineisd.org/2024/11/20/bond-2023-technology-upgrades-takes-place-at-campuses/","60","5149","1","0","4807710"
"Washoe County School District","NV","Reno","2020","August","Yes (likely)","K-12 (need-based initially)","Laptop","COVID-era distribution starting March 2020; SOS Washoe community fundraising launched Aug 2020 to ensure every student has laptop (16K students lacked devices out of 64K); WCSD ordered 11K laptops with 4K arriving Oct 2020 + rest later; Education Alliance Distance Learning Laptop Drive ongoing re-issue program","https://nevadabusiness.com/2020/08/sos-washoe-launches-initiative-to-fund-computers-for-remote-learning/","https://www.kolotv.com/2020/08/21/laptop-shortage-an-issue-for-wcsd-in-turning-to-distance-learning/","61","5048","1","0","3200480"
"Arlington ISD","TX","Arlington","2020","March","Yes","K-12 (PreK-2 iPad; 3-12 Chromebook)","Mixed (iPad + Chromebook)","March 2020 emergency distribution at all 78 campuses (PreK-2 iPad; gr3-12 Chromebook); Aug 2020 expansion adding 2,000 Chromebooks made AISD a true one-to-one district where every student receives a device for first time; pre-2020 had given some devices but not 1:1","https://www.cbsnews.com/texas/news/at-home-schooling-arlington-isd-students-12000-digital-devices/","https://www.aisd.net/family-support/technology-resources/","62","4991","1","0","4808700"
"Jordan School District","UT","West Jordan","2013","","Yes (phased)","Initial 2013: gr5-12; current K-12","Chromebook","PLANIT JORDAN (Personalized Learning and Innovative Technology Jordan) 1:1 initiative began 2013 with personal Chromebooks for all gr5-12; currently all K-12 students have access to a 1:1 learning device","https://sunsetridge.jordandistrict.org/wp-content/uploads/sites/16/JSD-Chromebook-User-Agreement.pdf","https://butterfieldcanyon.jordandistrict.org/wp-content/uploads/sites/6/JSD-Chromebook-agmt.pdf","63","4876","1","0","4900420"
"Tucson Unified School District","AZ","Tucson","2020","April","Yes","K-12 (need-based then expanded; pilot 1:1 by 2023)","Mixed (Chromebook + laptop + tablet)","April 2020 governing board approved $3.5M to purchase 12K Chromebooks; ~19K total devices distributed by 2020 (laptops gr3+, tablets K-1); 2023 pilot 1:1 program at Booth-Fickett MS, Mansfeld MS + Palo Verde HS STEM (1,300+ laptops via desegregation funds); not yet fully district-wide 1:1 across 80+ schools","https://www.azpm.org/s/74949-tusd-expedites-laptop-order-to-support-at-home-learning-online/","https://tucson.com/news/local/education/tusd-to-allot-1-300-laptops-in-pilot-project/article_c0aca81a-0b6a-51ee-be24-1e66fdc576a6.html","64","4856","1","0","0408800"
"Elk Grove Unified School District","CA","Elk Grove","2020 (by)","March","Yes","1-12","Chromebook","District added ~50K Chromebooks for equity + state online testing requirements; March 2020 COVID-era checkout to students; current 1:1 for gr1-12 (per district family tech docs); specific launch year of full 1:1 not pinned in public sources, but COVID-era distribution sets upper bound","https://arubanetworking.hpe.com/resources/case-studies/elk-grove-unified-school-district/","http://www.egusd.net/covid-19-community-letters/march-30-2020/","65","4764","1","0","0612330"
"El Paso ISD","TX","El Paso","2018","","Yes (phased)","gr6-11 initial (MacBook Air); now 1:1 every grade level","Mixed (MacBook Air + others)","Bond 2016 ($668M) funded EPISD Power Up technology initiative; 13,000+ MacBook Air laptops distributed to MS students + HS freshmen starting around 2018; today EPISD has 1:1 distribution at every grade level with free digital textbooks, software + cloud storage","https://elpasoheraldpost.com/videostory-el-paso-isd-begins-laptop-distribution-for-middle-high-school-students/","http://www.elpasoinc.com/special_sections/el_paso_kids_inc/episd-on-track-to-deliver-bond-promises/article_bd82b4c2-353c-11e9-ba41-879ed3b3c629.html","66","4749","1","0","4818300"
"Seminole County Public Schools","FL","Sanford","2020","March","Yes","K-12","Laptop","Pre-2020 ELL pilots at high-FRL elementary schools (per 2014-15 Digital Classroom Plan); March 2020 emergency loan of 4,500+ laptops at Winter Springs HS + other sites for 67,500+ students moving to distance learning; first day of distribution = ~250 laptops at one school","https://www.clickorlando.com/news/local/2020/03/27/how-seminole-county-schools-prepared-for-digital-learning-to-start-monday/","https://www.fldoe.org/core/fileparse.php/12098/urlt/SeminoleDCP-1415.pdf","67","4733","1","0","1201710"
"Volusia County Schools","FL","DeLand","2021","Spring","Yes (phased)","Pilot Spring 2021 6 schools; full Pre-K to 12 by 2021-22 SY","Mixed (iPad PreK-2 + Dell Latitude gr3-12)","Transformation to Technology 1-to-1 program; ~400 students at 6 schools piloted Dell Latitude 11-3190 2-in-1 laptops Spring 2021; full district rollout for 2021-22 SY (33K secondary laptops + iPads PreK-2); funded by half-cent sales tax + CARES Act","https://newsdaytonabeach.com/stories/vcs-to-distribute-laptops-to-students-in-transformation-to-technology-1-to-1-program","https://www.fox35orlando.com/news/volusia-schools-begins-distributing-laptops-as-part-of-1-to-1-goal","68","9287","1","0","1201920"
"Katy ISD","TX","Katy","2024","Fall","Yes","3-12","Chromebook","CLASS 1:1 (Connected Learning for Academic Student Success) launched 2024-25 SY for every gr3-12 student; approved by voters via 2023 Katy ISD Bond; insurance optional $20/student/year; 81% elementary student favorability per Dec 2024 survey","https://communityimpact.com/houston/katy-north/education/2024/08/12/class-11-initiative-to-provide-katy-isd-students-with-chromebooks/","https://www.katyisd.org/families/class-11","69","4696","1","0","4825170"
"Mobile County Public Schools","AL","Mobile","2020 (by)","","Yes","K-12","Chromebook","Pre-2020 BYOD program (per AL.com survey 75% of students had wireless device); transitioned to true 1:1 with each student provided computer + educational resources via Chromebooks/Google; 1to1.mcpss.com is dedicated initiative site; specific launch year not clearly documented in public sources","https://1to1.mcpss.com/","https://www.publicschoolreview.com/blog/alabama-schools-how-technology-is-changing-classrooms-in-mobile-county","70","4586","1","0","0102370"
"San Francisco Unified School District","CA","San Francisco","2020","March","Yes","4-12 take-home; K-3 in-class carts","Chromebook","COVID-era March 2020 emergency distribution of 5,200+ devices for gr3-12; subsequent K-12 1:1 Chromebook deployment; current model: K-3 devices stored in locked carts on-site; gr4+ participate in 1:1 take-home Chromebook program","https://www.sfusd.edu/about/news/current-news/thousands-of-students-receiving-laptops-to-begin-distance-learning","https://www.sfusd.edu/learning/new-approaches-learning/digital-learning/dleaf/managing-student-chromebooks-and-technology","71","4585","1","0","0634410"
"Santa Ana Unified School District","CA","Santa Ana","2014","Fall","Yes (phased)","gr6-8 (2014-15); gr5+9 (2015-16); full district eventually","Mixed (iPad + Chromebook)","Access for All 1:1 mobile device initiative launched 2014-15 SY for gr6-8; expanded to gr5 + gr9 in 2015-16; district eventually deployed 1:1 student Chromebooks across entire district; now both iPads + Chromebooks","https://digitalpromise.org/district/santa-ana-unified-school-district/","https://www.sausd.us/parents/family-tech-support/access-for-all","72","4516","1","0","0635310"
"San Antonio ISD","TX","San Antonio","2020","August","Yes","K-12","Chromebook","Aug 2020 announced purchase of 15K-30K Chromebooks; funded largely by Nov 2020 bond authorizing $90M for tech upgrades; partnership with City of San Antonio + state for mobile WiFi hotspots + city-owned tower antennas; SAISD became 1-to-1 district with 80-mile fiberoptic network funded via E-Rate","https://sanantonioreport.org/google-classroom-and-chromebooks-san-antonio-school-districts-ready-distance-learning-plans/","https://spectrumlocalnews.com/tx/san-antonio/news/2020/08/19/san-antonio-isd-bridges-the-digital-gap-with-new-initiative-","73","4500","1","0","4838730"
"Knox County Schools","TN","Knoxville","2020","August","Yes","K-12","Chromebook","Board of Education approved 1:1 plan May 2020 using $7M CARES Act funding to purchase 60K+ Chromebooks; rollout August 2020; touchscreen Chromebooks for K-2; standard Chromebooks for gr3-12; devices free + optional $20 insurance","https://www.knoxschools.org/site/default.aspx?PageType=3&ModuleInstanceID=31273&ViewID=DEDCCD34-7C24-4AF2-812A-33C0075398BC&RenderLoc=0&FlexDataID=109401&PageID=12409&Comments=true","https://www.wbir.com/article/news/education/kcs-distributing-chromebooks-for-school-year/51-74b78432-a93a-428b-a8af-cfef2f2ecb21","74","4437","1","0","4702220"
"Atlanta Public Schools","GA","Atlanta","2019","February","Yes (phased)","Initial Feb 2019: gr6-7 Digital Bridge; full district by Aug 2021","Mixed (Lenovo Windows laptop + HP Chromebook)","APS Digital Bridge launched Feb 2019 at Brown MS providing Lenovo Windows laptops + T-Mobile 4G LTE hotspots to all 6,000 6th-7th graders; powered by $1.45M T-Mobile EmpowerED grant + $3M APS investment; Aug 2020 contract for 40K HP Chromebooks ($25M 5-yr lease) for all traditional school students fully deployed Aug 2021","https://talkupaps.com/2019/02/11/aps-digital-bridge-program-provides-laptops-and-hotspots-to-6000-middle-school-students/","https://www.atlantapublicschools.us/Page/67168","75","4408","1","0","1300120"
"Cleveland Metropolitan School District","OH","Cleveland","2020","April","Yes","Pre-K to 12","Mixed (Chromebook + Windows laptop + iPad)","April 2020 COVID-era distribution with AT&T free Wi-Fi partnership; ~27K laptops/tablets + 13.5K WiFi hotspots ordered for ~40K students; second wave Aug 14 2020 starting with year-round schools; 12K devices in initial deployment; current 1:1 from PreK with device type by grade level/program","https://www.cleveland19.com/2020/04/14/cmsd-passes-out-chromebooks-students-att-providing-free-wi-fi/","https://www.clevelandmetroschools.org/Page/19453","76","4379","1","0","3904378"
"Winston-Salem/Forsyth County Schools","NC","Winston-Salem","2020","March","Yes (phased)","Initial March 2020 emergency; full gr3-12 by 2021-22 SY","Chromebook","March 18 2020 Chromebooks ready for distribution at Griffith Elementary + others as schools shut down for COVID; district computers ranged from 2016-2020 vintage indicating pre-pandemic accumulation; full 1:1 student device program began 2021-22 SY for all gr3-12 (ES typically share 1 Chromebook per 2 students)","https://journalnow.com/news/local/online-learning-begins-thursday-in-winston-salem-forsyth-county-schools/article_fdce6840-25cb-5b2c-9f1d-9c45238b7bba.html","https://www.wsfcs.k12.nc.us/page/student-chromebook-program-faqs","77","4372","1","0","3701500"
"Garland ISD","TX","Garland","2016","Fall","Yes (phased)","Initial Fall 2016: HS (16K iPads); MS added 2017-18; current PreK-2 iPad + 3-12 Chromebook","Mixed (iPad + Chromebook)","Ready 1:1 initiative inspired by 2014-17 Strategic Plan + funded by 2014 Bond; Fall 2016 distributed 16,000+ iPads to all HS students through English classes Sept-Oct; expanded to MS in 2017-18 SY; current model is iPad PreK-2 + Chromebook gr3-12; 2020-21 SY all freshmen/sophomores/juniors received Chromebook","https://www.garlandisd.net/content/ready-11-ipad-roll-out-successful-celebrated","https://garlandisd.net/programs-services/11-technology-program","78","4352","1","0","4820340"
"Boston Public Schools","MA","Boston","2014","March","Yes (phased)","Initial 2014: 10K Chromebooks K-12; expanded 2016 + 2020","Chromebook","BPS Chromebook Initiative began March 2014 rolling out 10,000 devices for gr K-12 funded via $3M lease-purchase loan through City Hall; FY16 budget added $500K for pilot expansion; March 2020 COVID-era ordered 20,000 more Chromebooks ($250 each) after Mayor Walsh school closure announcement; voluntary lending program","https://www.boston.com/news/local-news/2014/03/20/you-get-a-chromebook-you-get-a-chromebook/","https://www.wbur.org/news/2020/03/20/boston-student-technology","79","4352","1","0","2502790"
"Chesterfield County Public Schools","VA","Chesterfield","2014","Fall","Yes (phased)","Initial Fall 2014: middle school; HS Fall 2015; current 1-12","Chromebook","Anytime Anywhere Learning initiative; 32,000 Chromebooks purchased 2014; rollout began Fall 2014 for all middle school students with HS following Fall 2015; 63,000+ Chromebooks now in use across 62 schools; new 4-yr lease for 2025-26 SY; current gr1-12 have Chromebook for school + home","https://blog.eikontechnology.com/chesterfield-county-schools-va-goes-google-32000-chromebooks/","https://sites.google.com/a/ccpsnet.net/anytime-anywhere-learning/im-a-parent/chromebook-distribution-timeline","80","4319","1","0","5100840"
"San Bernardino City Unified","CA","San Bernardino","2015","Fall","Yes (phased)","Initial 2015-16: ~5,000 Chromebooks; expanded 2016-17 with 7,000 more K-12","Chromebook","School-2-Home program; original 2015-16 distribution of ~5,000 Chromebooks at 4 middle schools (Arrowview/Curtis/Del Vallejo/Golden Valley/Serrano); expanded 2016-17 with 7,000 more for K-12 throughout district; T-Mobile internet access cards provided; later Family Chromebook Initiative","https://www.sbcusd.com/departments/business-services-division/information-technology/laptop-home-internet-program","https://sbta.info/wp-content/uploads/2024/04/2016_10_SBTA_NewsAndViews_v4.pdf","81","4216","1","0","0634170"
"Plano ISD","TX","Plano","2017","Fall","Yes (phased)","Initial 2017-18: gr3+5 ES + select MS classes (math/language/theater/speech); 3-yr rollout to K-12","Chromebook","Board approved 3-year rollout Aug 2017; ES gr3+5 first (2017-18), then gr2+4 (2018-19), then K-1 (year 3); MS phased over 3 years; HS over 2 years; current K-12 1:1 Chromebook take-home","https://communityimpact.com/dallas-fort-worth/plano/education/2017/08/08/plano-isd-approves-3-year-rollout-chromebooks-every-student/","https://www.pisd.edu/Page/16478","82","4190","1","0","4835100"
"Osceola County School District","FL","Kissimmee","2021","Fall","Yes","K-12 (iPad K-1; laptop gr2-12)","Mixed (iPad + Windows laptop)","1:1 initiative launched 2021-22 SY across all schools; funded by $2.3M CARES Act + $16M ESSER II; K-1 iPad; gr2-12 Windows 11 laptop; ~80K students; 2026 RAM-chip shortage prompted spending review","https://mynews13.com/fl/orlando/news/2021/08/12/more-access-to-technology--","https://www.osceolaschools.net/domain/6048","83","4143","1","0","1201470"
"Seattle Public Schools","WA","Seattle","2020","Spring","Yes","PreK-2 iPad; 3-12 laptop","Mixed (laptop + iPad)","Slow pre-pandemic rollout despite 2016 levy with $16M for devices; 5 HS deployed devices Jan/Feb 2020 (West Seattle/Ballard/Middle College/Center School/Ingraham); full district 1:1 driven by COVID 2020 (BEX V funds + 8200 Amazon donated laptops); current model: gr3-12 laptop + PreK-2 iPad","https://www.seattletimes.com/education-lab/seattle-schools-face-steep-challenges-rolling-out-tech-during-coronavirus-closures-heres-why/","https://www.seattletimes.com/seattle-news/education/amazon-will-donate-8200-laptops-to-seattle-public-schools-to-help-families-with-coronavirus-closures/","84","4134","1","0","5307710"
"Clayton County Public Schools","GA","Jonesboro","2018","Fall","Yes (phased)","Phase 1 (2018-19): 991 students gr3/6/9 at 4 schools; expanded gr3-12 by 2021-22","Chromebook","Extending Learning Beyond the Classroom pilot; Phase 1 2018-19 at Harper ES/Brown ES/Babb MS/North Clayton HS (991 students gr3/6/9); Phase 3 (2020-21) added 15 schools + 9K students; Phase 4 (2021-22) added 29 schools + 23.6K gr3-12; 2020 board accelerated leasing 38K Chromebooks ($37M/5yr)","https://www.ajc.com/news/local/clayton-schools-initiative-aims-provide-laptop-for-every-student/7AobmfPTUVFdrXo8jVgEvO/","https://www.news-daily.com/news/ccps-to-phase-in-laptops-in-schools/article_1d9472f1-1706-5a0a-9bb0-d32bfc600e59.html","85","4105","1","0","1301230"
"Lewisville ISD","TX","Lewisville","2012","Fall","Yes (phased)","Initial 2012-13: 3 model campuses (Downing/Killian MS + Lewisville HS); district-wide gr1-12 by 2016","iPad","1:X (1-to-X) initiative; $1.9M from 2008 Bond funded 2012-13 pilot at 3 schools; $9.3M Bond funded 2013-14 expansion (4 ES + Forestwood MS + opt-in gr4/7/9/10); district-wide gr1-12 by 2016; current iPads gr4-12 + class sets PreK-3","https://www.lisd.net/page/13089","https://en.wikipedia.org/wiki/Lewisville_Independent_School_District","86","4100","1","0","4827300"
"Pasadena ISD","TX","Pasadena","2014","Fall","Yes","12,900 students + teachers initial","Mixed (Dell Venue 11 Pro tablet + later devices)","After 2-year pilot (2012-2014) district announced June 2014 deployment of 12,900 Dell Venue 11 Pro Windows 8.1 tablets with Office 365 + OneNote; current 1:1 with each student receiving own computer + charger + software; pilot started ~2012","https://news.microsoft.com/source/2014/06/29/schools-choosing-microsoft-to-help-bring-the-digital-transition-to-life/","https://www.pasadenaisd.org/17739_4","87","4067","1","0","4834320"
"Capistrano Unified","CA","San Juan Capistrano","2014","Spring","Yes (phased; full 2020)","Pilot Feb 2014 ~1000 students + 28 teachers at 6 schools; full TK-12 by 2020-21","Chromebook","Pilot launched Feb 2014 (1000 students/28 teachers/6 schools); June 2014 board approved up to 5K more devices for next SY; goal of full 1:1 reached 2020-21 (~7K Chromebooks distributed + 35K more ordered Oct 2020 during COVID)","https://www.danapointtimes.com/capo-unified-chromebook-pilot-a-success/","https://cusdinsider.org/capistrano-unified-prepares-for-2020-21-school-year/","88","4045","1","0","0607440"
"Conroe ISD","TX","Conroe","2020 (by)","August","Yes","K-12","Chromebook","upper bound; Aug 2020 COVID-era car-rider distribution at Stockton ES (900+ Chromebooks); operates as 1:1 campus where all students receive a CISD Chromebook upon attending and completing checkout form; specific launch year not clearly documented in public sources","https://www.smore.com/c71zf-the-stockton-story","https://chs9.conroeisd.net/2020/03/27/help-guide-canvas-chromebook-email-march-2020/","89","4022","1","0","4815000"
"Cumberland County Schools","NC","Fayetteville","2020 (by)","","Yes","K-12","Chromebook","upper bound; Nov 2020 NC convenience contract for ~3,500 Lenovo Chromebooks; COVID-era 1:1 distribution program with chromebook pickup at TC Berrien ES; specific launch year not pinned in public sources","https://ncadmin.nc.gov/news/events-calendar/2020/11/17/cumberland-county-schools-lenovo-chromebooks-intel-processor","https://www.ccs.k12.nc.us/site/default.aspx?PageType=3&DomainID=95&ModuleInstanceID=10523&ViewID=6446EE88-D30C-497E-9316-3F8874B3E108&RenderLoc=0&FlexDataID=19689&PageID=183","90","4019","1","0","3700011"
"Oakland Unified","CA","Oakland","2014","Spring","Yes (phased; full 2020)","Initial 2014: ~8,000 Chromebooks gr3-12 in classrooms; full take-home 2020+","Chromebook","March 2014 deployment of 8K+ Chromebooks gr3-12 for Smarter Balanced assessment field test; #OaklandUndivided campaign launched May 2020 to close digital divide; ~25K Chromebooks + 10K hotspots distributed by March 2021; permanent devices distributed 2020-22","https://thejournal.com/articles/2014/03/04/oakland-unified-rolling-out-8000-chromebooks.aspx","https://www.csmonitor.com/USA/Education/2022/0414/How-Oakland-closed-the-digital-divide-for-nearly-all-its-students","91","4016","1","0","0628050"
"Brownsville ISD","TX","Brownsville","2020 (by)","","Yes (likely)","Not specified","Chromebook","upper bound; ~37,898 students; COVID-era distance learning resources but specific 1:1 launch year not documented in public sources; further research needed","https://www.bisd.us/page/covid-19-resources","","92","3975","1","0","4811680"
"Chula Vista Elementary","CA","Chula Vista","2020 (by)","","Yes (likely)","TK-6","Mixed (Chromebook + iPad)","upper bound; ~28K students TK-6 across 50 schools; technology-based curriculum with school sites issuing computers; specific 1:1 launch year not pinned in public sources; further research needed","https://www.cvesd.org/parents/my-child-s-learning/independent-learning-at-home/technology","","93","3960","1","0","0608610"
"Corona-Norco Unified","CA","Norco","2011","Spring","Yes (phased)","Initial 2011: i3 grant laptop deployment for WriteUp! program (gr4-8 ~26K students at select schools); iPads at Ramirez Aug 2011; full 1:1 Chromebook district later (COVID-era expansion)","Mixed (laptop + iPad + Chromebook)","Investing in Innovation (i3) grant 2010 ($5M) funded WriteUp! online writing program with laptop deployment Mar 2011; iPad deployment at Ramirez School Aug 2011; expanded to ~26K gr4-8 students; current district-wide 1:1 Chromebook + BYOD model","https://www.timetoast.com/timelines/corona-norco-technology-timeline-2008-2014","https://www.cnusd.k12.ca.us/departments/information_technology/1_1_device_f_a_q","94","3932","1","0","0609850"
"Omaha Public Schools","NE","Omaha","2016","Fall","Yes (phased)","2016-18: secondary devices ($8M); 2020 ES procurement begins; 10K iPads via ESSER 2023","Mixed (laptop + iPad)","$8M worth of devices to secondary schools 2016-18; ES device procurement began 2020; superintendent proposed laptop for all ~54K students; 10K new iPads rolled out via ESSER funds in 2023; pre-2020 OPS had not been district-wide 1:1 unlike smaller neighbors (Westside/Council Bluffs)","https://omaha.com/news/education/1-100-microsoft-tablets-coming-soon-to-ops-classrooms/article_5f708066-822a-5ee6-8ad4-a69e87172133.html","https://www.ops.org/site/default.aspx?PageType=3&DomainID=101&ModuleInstanceID=121&ViewID=6446EE88-D30C-497E-9316-3F8874B3E108&RenderLoc=0&FlexDataID=124971&PageID=195","95","3876","1","0","3174820"
"Wichita Public Schools","KS","Wichita","2020","April","Yes","K-12","Chromebook","COVID-era distribution started April 3 2020 for remote learning; full ES rollout Nov 2020 (~11K devices to all face-to-face ES students); ~$11M for computers + $2M for internet; 16K more devices delayed by supply chain in Aug 2020; pre-2020 only 10 MS were 1:1 via Verizon Innovative Learning","https://www.kwch.com/2020/11/18/wichita-public-schools-deploying-laptops-to-elementary-students-for-possible-move-to-remote-learning-after-thanksgiving/","https://www.kwch.com/2020/08/21/wichita-public-schools-equipped-with-technology-to-support-remote-start/","96","3825","1","0","2012990"
"Sacramento City Unified","CA","Sacramento","2020","April","Yes","K-12","Chromebook","COVID-era distribution; April 2020 distributed 12K laptops + ordered 20K more Chromebooks for distance learning; ~80% free/reduced lunch students; pre-2020 not district-wide 1:1","https://www.capradio.org/articles/2020/04/02/california-schools-give-laptops-to-students-as-districts-prepare-for-distance-learning/","https://www.abc10.com/article/news/education/sacramento-schools-distance-learning/103-cbb14ecd-23d9-4eb7-89cb-396b4b867c37","97","3814","1","0","0633840"
"Alief ISD","TX","Houston","2020 (by)","","Yes","K-12","Chromebook","upper bound; COVID-era 2020-21 emergency device program for students lacking devices/internet; current 1:1 Student Device Program; 2021 Bond Referendum likely funded expansion; specific launch year not pinned in public sources","https://www.aliefisd.net/1to1","https://imdhouston.org/2020/07/alief-isd-2020-2021-school-year/","98","3805","1","0","4807830"
"Portland Public Schools","OR","Portland","2021","Fall","Yes (phased)","Take-home gr3-12; in-classroom 2:1 K-2","Chromebook","PPS 121 program launched Fall 2021 for take-home gr3-12 + 2:1 in-class K-2; funded via 2020 $1.2B School Bond ($128.2M for ed-tech); Verizon partnership donated 2,500 devices Fall 2021; April 2020 COVID-era HS rental program predated full 1:1","https://www.pps.net/121","https://katu.com/news/local/portland-public-schools-rents-chromebooks-to-high-school-students-for-class-work-at-home","99","3783","1","0","4110040"
"Manatee County School District","FL","Bradenton","2021","Spring","Yes","K-12","Chromebook","5-year technology plan approved by School Board Dec 2020; rollout March 2021 with ~32K Chromebooks distributed by end of April 2021; later $66.7M 2024-2029 plan continues modernization","https://www.yourobserver.com/news/2021/mar/03/a-chromebook-on-every-desk-in-manatee-county/","https://www.pulseofmanatee.com/p/manatee-county-school-district-allocates","100","3730","1","0","1201230"
"Chandler Unified","AZ","Chandler","2020 (by)","","Yes (phased)","K-2 iPad on-campus carts; gr3-6 Chromebook on-campus; gr6-8 Chromebook take-home; HS Dell Latitude 2-in-1 laptop","Mixed (iPad K-2 + Chromebook 3-8 + Dell laptop HS)","upper bound; COVID-era 2020 distribution; Jan 2022 Intel/Dell partnership ($1.6M) launched HS 1:1 with 3,600+ Dell Latitude 2-in-1 laptops at Chandler HS; current model: K-2 iPad carts; gr3-6 Chromebook on-campus; gr6-8 Chromebook take-home; HS Windows laptops","https://inbusinessphx.com/growth-enterprise/intel-dell-technologies-and-chandler-unified-school-district-partner-to-bridge-digital-divide","https://1to1.gse.cusd80.com/","101","3727","1","0","0401870"
"Anchorage School District","AK","Anchorage","2020","August","Yes","gr6-12 + ASD Virtual","Chromebook","COVID-era launch; Aug 2020 distributed ~5,000 Chromebooks via CARES Act funds; 1:1 program limited to gr6-12 plus full-time Virtual students; ES Chromebook access later restricted","https://www.alaskasnewssource.com/2020/08/18/thousands-of-chromebooks-go-out-to-asd-students/","https://www.asdk12.org/chromebook","102","3716","1","0","0200180"
"Howard County Public Schools","MD","Ellicott City","2019","Spring","Yes (phased; full 2020)","Initial 2019 mobile lab rollout (target 70% HS / 63% MS / 50% ES); full district 1:1 by 2020 COVID","Chromebook","2019 Chromebook initiative for mobile labs at every school replacing prior Apple/Dell purchases; April 2020 COVID-era distribution to every student (HS pickup stations + ES/MS via FedEx); current K-12 1:1 with PreK-5 sharing on-site devices and gr6-12 take-home","https://atholtonnews.com/2019/03/25/hcpss-implements-new-chromebook-initiative-for-students/","https://chswingspan.wordpress.com/2020/05/06/chromebook-distribution-in-howard-county/","103","3706","1","0","2400420"
"Indianapolis Public Schools","IN","Indianapolis","2020","August","Yes","PreK-2 iPad; gr3-12 Chromebook","Mixed (iPad + Chromebook)","COVID-era launch; 2020-21 SY remote start Aug 17 2020 with 30K+ devices distributed; ~$12-16M spent on tech; PreK-2 iPad + gr3-12 Chromebook + MiFi hotspots; 1:1 maintained as ongoing infrastructure","https://www.panoramaed.com/blog/indianapolis-public-schools-success-story","https://myips.org/students-families/student-technology/","104","3705","1","0","1804770"
"Shelby County Schools","TN","Memphis (suburban)","N/A","","N/A","N/A","N/A","Suburban Shelby County Schools (LEAID 4703810) dissolved 2014 - merged into Memphis City Schools 2013 then 6 suburbs (Arlington/Bartlett/Collierville/Germantown/Lakeland/Millington) seceded to form own districts as of 2014-15 SY; entity does not exist in 1:1 rollout era; successor Bartlett City Schools full 1:1 by Aug 2020 with iPads PreK-3 + iPads MS + MacBooks HS","https://www.shelbycountytn.gov/3713/School-Districts","https://www.actionnews5.com/2020/08/05/shelby-county-municipal-school-districts-rush-distribute-digital-devices/","105","3695","1","0","4703810"
"St. Paul Public Schools","MN","St. Paul","2014","October","Yes (phased)","Initial 2014-15: 40K students; later expanded incl PreK-K; school-by-school rollout from Oct 2014","iPad","Personalized Learning Through Technology referendum 2012 ($9M/yr); board pivoted May 2014 + voted June 2014 (5-2) to make district largest in MN with iPads for all students; ~$11M for 2014-15 SY; rollout started Oct 2014 school-by-school; preschool/K each have own iPad","https://www.startribune.com/june-24-st-paul-school-district-approves-ipads-for-everyone/264507931/","https://appleinsider.com/articles/14/08/26/minnesota-school-district-set-to-roll-apples-ipad-out-to-40000-students","106","3689","1","0","2733840"
"Henrico County Public Schools","VA","Henrico","2001","August","Yes","Initial 2001: HS (11,300 iBooks); MS added 2002-03; full district by 2020","Mixed (iBook then Dell + Chromebook + iPad)","Pioneer 1:1 district; Aug 2001 issued Apple iBooks to all 11,300 HS students; 2002-03 expanded to MS + teachers (largest US district-wide tech rollout at time); switched to Dell 2005 (HS) + 2010-11 (MS); 2018 added Windows 10 + Dell Chromebooks; 2020 reached full K-12 1:1 with PreK-K iPads + gr1-5 Chromebooks + gr6+ Dell laptops (50,400 total devices)","https://www.apple.com/newsroom/2001/05/01Apple-to-Supply-23-000-iBooks-to-Henrico-County-Public-Schools/","https://en.wikibooks.org/wiki/One-to-One_Laptop_Schools/Henrico","107","3634","1","0","5101890"
"Garden Grove Unified","CA","Garden Grove","2020 (by)","Spring","Yes","K-12 (Chromebook + iPad)","Mixed (Chromebook + iPad)","upper bound; COVID-era 2020 device check-out launched for all students; current model: gr2-6 receive Chromebook or iPad; specific 1:1 launch year not pinned in public sources","https://ggusd.us/district/2020-21/device-check-out","https://ggusd.us/studentcovidresponseplan","108","3602","1","0","0614880"
"Round Rock ISD","TX","Round Rock","2020 (by)","April","Yes","K-12","Chromebook","upper bound; April 2020 COVID-era need-based distribution at-home learning; 2022 + 2023 announcements students keep Chromebooks over summer; 2024 Bond funded 44K new devices; specific full 1:1 launch year not pinned in public sources","https://news.roundrockisd.org/2020/04/06/need-based-chromebook-distribution-rescheduled-for-april-8/","https://www.roundrockisd.org/article/2318843","109","3597","1","0","4838080"
"Oklahoma City Public Schools","OK","Oklahoma City","2020","August","Yes","PreK-2 iPad; gr3-12 Chromebook","Mixed (iPad + Chromebook)","COVID-era launch; Aug 2020 first 9 weeks virtual; PreK-2 iPad + gr3-12 Chromebook distributed; pre-2020 Dell $25M contract for 10K laptops + carts; current ~40K Chromebooks + 11K iPads in service","https://www.news9.com/story/5f18b439b9935271e652202b/okcps-lays-out-plan-for-first-nine-weeks-of-virtual-learning","https://sites.google.com/okcps.org/enrollment-back-to-school/student-tools/student-devices","110","3587","1","0","4022770"
"Minneapolis Public Schools","MN","Minneapolis","2020 (by)","","Yes","PreK-2 iPads; gr 3-12 Chromebooks","Mixed (Chromebook + iPad)","upper bound; current MPS device program assigns iPads to PreK-2 and Chromebooks to grades 3-12; specific launch year not surfaced in public sources, COVID-era distribution most likely","https://source.mpls.k12.mn.us/ipad-chromebooks-student-devices","https://www.mpschools.org/the-source/computers-hardware/chromebooks","111","3556","1","0","2721240"
"Jefferson Parish Public Schools","LA","Harvey","2020","April","Yes","K-12","Chromebook","COVID-driven 1:1 rollout; April 2020 launched Chromebook loaner program; ordered 32,000 Chromebooks but only ~2,800 had arrived by Aug 2020","https://wgno.com/news/jefferson-parish-schools-announce-chromebook-loaner-program/","https://www.fox8live.com/2020/08/18/jefferson-parish-schools-still-waiting-thousands-google-chromebooks-arrive/","112","3553","1","0","2200840"
"East Baton Rouge Parish School System","LA","Baton Rouge","2016","August","Yes (phased)","Initial: gr 5-8 (12,805 Chromebooks); now gr 3-12","Chromebook","Aug 2016 launched 1:1 with $3.5M for 12,805 Acer Chromebooks for grades 5-8 across 87 schools; expanded to gr 3+ as 1-to-1 district; added 20K+ more during COVID; 60K devices for ~40K students by 2024","https://www.theadvocate.com/baton_rouge/news/education/article_1299d478-4318-11e6-9d71-d7394259c38e.html","https://www.govtech.com/education/k-12/baton-rouge-schools-have-more-chromebooks-than-students","113","3514","1","0","2200540"
"Adams 12 Five Star Schools","CO","Thornton","2021","August","Yes","K-12","Chromebook","Aug 2021 began providing all K-12 students with district-managed Chromebook as part of 1:1 device initiative","https://www.adams12.org/resources/edtech-chromebooks","","114","3491","1","0","0806900"
"San Juan Unified","CA","Carmichael","2020 (by)","","Yes","K-12","Chromebook","upper bound; 47,000+ Chromebooks in circulation; annual district inventory; specific 1:1 launch year not surfaced, COVID-era distribution likely","https://www.sanjuan.edu/news/news-details/~board/district-news/post/keeping-students-connected-how-san-juan-unified-maintains-technology-access-through-annual-chromebook-inventory","","115","3458","1","0","0634620"
"Newark Public Schools","NJ","Newark","2020","Spring","Yes","K-12","Chromebook","COVID-era 1:1 rollout; 16K+ laptops distributed since spring 2020; 98% of students had devices by Sep 2020; 2022 distribution formula assigns new Chromebooks at K, 5, 9 with student ownership at 4, 8, 12","https://www.njspotlightnews.org/2020/09/newark-laptops-students-remote-access-distance-learning-chrome-books-tablets/","https://www.nps.k12.nj.us/news/new-chromebook-distribution-formula-will-lead-to-student-ownership/","116","3451","1","0","3411340"
"Charleston County School District","SC","Charleston","2020","Fall","Yes","K-12","Laptop","2019 community forum led to district-wide 1:1 plan; rolled out 2020-21 SY with all K-12 students receiving school-issued laptops, youngest at each level getting newest devices to keep through career; funded by federal funding + mill levy; ~$300-400/device","https://unionstreetjournal.com/2021/09/ccsd-issued-individual-laptops-bring-opportunity-concern/","https://www.postandcourier.com/news/charleston-schools-missing-700-000-in-student-technology-devices/article_3f305fdc-e22b-11ea-8f72-870a0937b823.html","117","3429","1","0","4501440"
"Gilbert Unified","AZ","Gilbert","2015","Fall","Yes (phased)","Phased starting 2015-16 SY","Chromebook","Jan 2015 GPS Governing Board approved purchase of 2,100 Chromebooks for 2015-16 SY; planned ~9,000 Chromebooks through 2015-16 fiscal year; gr 7-12 take-home with annual signed Awareness Contract","https://www.eastvalleytribune.com/local/gilbert/gps-governing-board-approves-purchase-of-chromebooks/article_b83c6860-a8f4-11e4-b559-2fbf4500d385.html","https://gpsbobserver.wordpress.com/2015/06/29/gilbertschools-fact-sheet-on-chromebooks/","118","3425","1","0","0403400"
"Tulsa Public Schools","OK","Tulsa","2020 (by)","","Yes","K-12","Mixed (Chromebook + iPad)","upper bound; TPS issues laptop to every student and staff member; iPad or Chromebook issued at start of school year; COVID-era 2020 distribution and partnerships (Phillips 66, T-Mobile) bridged digital divide; specific pre-COVID 1:1 launch not surfaced","https://www.tulsaschools.org/student-and-family-support/student-and-family-support-services/behavior-guide/~board/student-and-family-guide-to-success/post/chromebook-handbook","https://www.tulsaschools.org/about/news/news-item/~board/district-news/post/tulsa-public-schools-kicks-off-2020-2021-school-year-with-back-to-school-week","119","3419","1","0","4030240"
"Frisco ISD","TX","Frisco","2020","August","Yes (phased)","K-1 iPads; 2-5 Chromebooks; MS Chromebook take-home; HS phased starting 9th gr 2020-21, all HS by 2023-24","Mixed (Chromebook + iPad)","2018 bond approved devices; HS '1 For All' rolled out to incoming freshmen at all 10 HS in 2020-21 SY; goal full HS take-home by 2023-24 SY","https://www.friscoisd.org/news/article/2020/01/22/district-rolls-out-high-school-1-1-laptop-initiative","https://communityimpact.com/dallas-fort-worth/frisco/2020/03/09/1-for-all-to-offer-every-frisco-isd-high-schooler-a-take-home-chromebook-by-2023-24-school-year/","120","3417","1","0","4820010"
"Hamilton County Schools","TN","Chattanooga","2022","Fall","Yes (phased)","Initial: middle school 2022-23 SY","Chromebook","Hamilton County implemented 1:1 student-to-device program for middle school in 2022-23 SY using Chromebooks; vendor delays affected rollout","https://www.hcde.org/staff/information_technology/one_to_one_initiative","https://foxchattanooga.com/news/local/after-waiting-months-for-chromebooks-hamilton-county-schools-considering-new-vendor","121","3414","1","0","4701590"
"Collier County Public Schools","FL","Naples","2020","Summer","Yes","K-12","Laptop","'Collier Connect' initiative launched summer 2020; planned pre-COVID, expedited by pandemic; all K-12 students provided a laptop","https://www.collierschools.com/students-families/student-technology","","122","3390","1","0","1200330"
"Klein ISD","TX","Klein","2016","Fall","Yes (phased)","Initial: gr 3-8 phased over 5 years (Future Ready 21); now gr 6-12 1:1","Chromebook","'Future Ready 21' project planned 2015-16 SY; 5-year plan to provide every student in gr 3-8 an electronic device; Klein ISD now issues HP Chromebook 11 G9 EE to all intermediate (gr 6-8) and HS students","https://www.futurereadytx.org/klein-isd-future-ready-21-teachers-prep-for-1-to-1-program/","https://www.kleinisd.net/departments/operations/technology-services/student-device-program","123","3378","1","0","4825740"
"Stockton Unified","CA","Stockton","2019","Fall","Yes","K-12 (phased; need-based first)","Chromebook","Fall 2019 partnership with Sprint 1 Million Project + LCAP funded Chromebook refresh; donated 3,150+ laptops + 1,700 hotspots; April 2020 expanded check-out for distance learning; full district-wide 1:1 by 2020-21 SY","https://www.stocktonusd.net/Page/11896","https://edsource.org/2021/a-california-program-spent-millions-on-devices-for-distance-learning-heres-where-it-went/654590","124","3335","1","0","0638010"
"St. Lucie Public Schools","FL","Fort Pierce","2017 (by)","","Yes (phased)","Initial: 2 HS pilot; full district 1:1 by 2020","Laptop","upper bound; Microsoft case study Oct 2017 referenced 1:1 pilot at 2 HS where each student got a laptop; expanded to full district by 2020 with 8,500 laptops distributed for COVID","https://www.microsoft.com/en-us/industry/microsoft-in-business/customer-experience/2017/10/31/how-st-lucie-schools-fosters-communication-and-appropriate-use/","https://www.stlucie.k12.fl.us/digital-learning/","125","3314","1","0","1201770"
"Lake County Schools","FL","Tavares","2018","Fall","Yes (phased)","Initial 2018-19: Tavares HS first all-digital; 5-yr plan for gr 3-12; full K-12 by 2020-21","Chromebook","2018-19 SY started 5-yr plan to provide every student gr 3-12 a Chromebook; Tavares HS first all-digital; expanded K-12 in 2020-21 SY","https://www.lake.k12.fl.us/site/Default.aspx?DomainID=1&FlexDataID=106840&PageID=1&PageType=3&ViewID=6446ee88-d30c-497e-9316-3f8874b3e108","https://www.fox35orlando.com/news/all-k-12-students-in-one-florida-county-will-receive-a-free-chromebook-computer-for-the-year-district-says","126","3310","1","0","1201050"
"Bakersfield City School District","CA","Bakersfield","2020 (by)","","Yes","K-8 (district serves K-8)","Chromebook","upper bound; specific district 1:1 launch year not surfaced in public sources; COVID-era distribution most likely; Kern Google EDU/Chromebook regional rollout dates to ~2013","https://kern.org/wp-content/uploads/2023/09/Bakersfield-City-School-District.pdf","https://edsource.org/2021/a-california-program-spent-millions-on-devices-for-distance-learning-heres-where-it-went/654590","127","3304","1","0","0603630"
"Caddo Parish Public Schools","LA","Shreveport","2020","March","Yes","K-12","Chromebook","COVID-driven distribution; March 2020 distributed 5,000 Chromebooks for at-home lessons; specific pre-pandemic 1:1 launch not surfaced","https://www.ktbs.com/news/caddo-to-hand-out-5-000-chromebooks-to-students-for-lessons-at-home/article_10b58994-697b-11ea-9b37-277387e96253.html","https://www.caddoschools.org/page/information-technology","128","3297","1","0","2200300"
"Marion County Public Schools","FL","Ocala","2022","","Yes (phased)","Initial: optional Device Checkout pilot; ECF Chromebooks 2022-23 SY","Chromebook","Not full 1:1 historically; March 2020 emergency Chromebook distribution; ECF (Emergency Connectivity Fund) Chromebooks 2022-2023 SY for grant-eligible students; optional Device Checkout Pilot allows take-home use","https://www.marionschools.net/departments/technology_information_services/device_checkout_pilot","https://www.marionschools.net/site/default.aspx?DomainID=4&FlexDataID=103809&ModuleInstanceID=78982&PageID=1&PageType=3&RenderLoc=0&ViewID=6446EE88-D30C-497E-9316-3F8874B3E108","129","3294","1","0","1201260"
"Union County Public Schools","NC","Monroe","2020 (by)","","Yes","Gr 3-12","Chromebook","upper bound; UCPS has gr 3-12 Chromebook 1:1 initiative using Google Apps for Education for 'Anytime, Anywhere Learning'; specific launch year not surfaced","https://sites.google.com/a/ucps.k12.nc.us/ucps-chrome/about","https://www.ucpsnc.org/students-families/technology-services","130","3265","1","0","3704620"
"Escambia County Public Schools","FL","Pensacola","2022 (by)","Fall","Yes (phased)","All incoming HS freshmen + new students 2022-23 SY","Chromebook","upper bound; all incoming freshmen and new students issued Chromebook starting 2022-23 SY; expanded to other grades subsequently","https://www.escambiaschools.org/site/default.aspx?PageType=3&ModuleInstanceID=11161&ViewID=ed695a1c-ef13-4546-b4eb-4fefcdd4f389&RenderLoc=0&FlexDataID=11643&PageID=97&Comments=true","https://www.escambiaschools.org/domain/1736","131","3243","1","0","1200510"
"Killeen ISD","TX","Killeen","2020 (by)","","Yes","K-12","Chromebook","upper bound; KISD has long history of technology integration with state-of-the-art teacher laptops and BYOD wireless; specific 1:1 student device launch year not surfaced; COVID-era distribution likely","https://www.killeenisd.org/technology_services","https://www.killeenisd.org/instructional_technology","132","3227","1","0","4825660"
"Deer Valley Unified","AZ","Phoenix","2020 (by)","","Yes","K-12","Mixed (Chromebook + iPad)","upper bound; DVUSD students carry iPad or Chromebook with optional protection plans; specific 1:1 launch year not surfaced","https://www.dvusd.org/","","133","3211","1","0","0407750"
"Ysleta ISD","TX","El Paso","2020 (by)","","Yes","PK-12","Chromebook","upper bound; 'Discover Infinite Possibilities!' program provides 1:1 Chromebook with 24/7 availability for PK-12; specific launch year not surfaced","https://www.yisd.net/o/yisd/page/discover-infinite-possibilites","https://blog.adobe.com/en/publish/2026/01/20/how-ysleta-independent-school-district-building-more-joyful-confident-community-young-creators","134","3207","1","0","4846680"
"Cincinnati Public Schools","OH","Cincinnati","2014","Fall","Yes (phased)","Initial: gr 7-8 (My Tomorrow); expanded to all grade levels","Mixed","Cincinnati's 'My Tomorrow' initiative launched 2014-15 SY in grades 7-8; introduced classroom technology tied to college/workplace tools; expanded to all grade levels in subsequent years","https://www.cps-k12.org/our-programs/my-tomorrow","https://www.cps-k12.org/our-students/technology-tools","135","3198","1","0","3904375"
"Cherokee County School District","GA","Canton","2020 (by)","","Yes","3-12 (typical)","Mixed (Chromebook + Windows)","upper bound; CCSD uses both Windows and Chromebook devices; uses Digital Learning Days with Canvas LMS for inclement weather/closures; specific 1:1 launch year not surfaced; recent RFQs (2026) for MS Chromebook refresh","https://www.cherokeek12.net/divisions/technology-information-services","https://www.cherokeek12.net/divisions/curriculum-instruction/digital-learning-days-inclement-weather","136","3160","1","0","1301110"
"United ISD","TX","Laredo","2020 (by)","","Yes","K-12","Chromebook","upper bound; United ISD students issued Chromebooks (confirmed at United HS); specific 1:1 launch year not surfaced in public sources; COVID-era distribution likely","https://www.uisd.net/27097_1","https://uhs.uisd.net/","137","3151","1","0","4843650"
"Sarasota County Schools","FL","Sarasota","2020 (by)","","Yes","K-12","Chromebook","upper bound; specific 1:1 launch year not surfaced in public sources","https://www.sarasotacountyschools.net/","","138","3142","1","0","1201680"
"Meridian/West Ada Joint District No. 2","ID","Meridian","2020","August","Yes","K-12","Chromebook","COVID-driven 1:1 rollout; ordered 11,750 student devices for Sep 2020 launch; pandemic accelerated 1:1 ratio; continued as standard infrastructure post-COVID","https://www.idahopress.com/meridian/news/tech-questions-persist-for-west-ada-schools-ahead-of-in-person-reopen/article_2b1d78e3-2c61-5a7a-9e78-05587e187535.html","https://www.idahoednews.org/news/analysis-boises-school-year-begins-with-a-rocky-online-rollout/","139","3137","1","0","1602100"
"Salem-Keizer Public Schools","OR","Salem","2019","August","Yes","K-12 (near-1:1 via classroom + take-home)","Chromebook","Aug 2019 board approved Chromebook lease for nearly all classrooms (saved $500K); April 2020 distributed 51,000 Chromebooks for distance learning; students allowed to keep over summer; continuing as district 1:1 standard","https://www.keizertimes.com/2019/08/16/school-board-approves-chromebooks-for-almost-every-class-saves-500k/","https://katu.com/news/local/salem-keizer-students-can-rent-chromebooks-for-free-to-continue-studies-during-closure","140","3120","1","0","4110820"
"Corpus Christi ISD","TX","Corpus Christi","2025","August","Yes","K-12","Chromebook","'1:1 for Everyone' initiative launched Aug 2025 to assign Chromebooks to specific students; district had Chromebook 1:1 Program prior but tied to specific schools/programs; no clear pre-2020 district-wide rollout date found","https://www.kiiitv.com/article/news/local/ccisd-into-the-digital-age/503-ab5f3245-619a-40df-a279-f0e0eda0547d","https://www.ccisd.us/article/2190014","141","3105","1","0","4815270"
"Fontana Unified","CA","Fontana","2020","January","Yes (phased)","HS first (2020 Jan); MS 2020-21; Elem 2021-22","Laptop (Dell Latitude 3190)","1:1 Initiative launched Jan 2020 at Jurupa Hills HS, then Fontana, A.B. Miller, Summit HS; over 11,000 HS students received Dell Latitude 3190 2-in-1 laptops; planned 3-year phased rollout: HS Y1, MS Y2, Elem Y3","https://caschoolnews.net/articles/fontana-unified-11-initiative-to-tackle-digital-divide-provide-every-student-with-a-laptop/","https://www.fontanaheraldnews.com/news/fusds-new-initiative-will-provide-every-student-with-a-laptop/article_6bcaf572-58ea-11ea-bc51-d7e224890fb4.html","142","3095","1","0","0613920"
"School District U-46","IL","Elgin","2018","Fall","Yes (phased)","HS 2018-19; gr 5-12 2019-20; gr 2-12 2020-21; gr 1-12 current","Chromebook (PreK/K iPad)","2018-19 SY: all HS students 1:1 + MS Algebra/Geometry; expanded to gr 5-8 in 2019-20; 2nd-12th in 2020-21; PreK-K get iPads","https://www.u-46.org/Page/12800","https://patch.com/illinois/elgin/u-46-expands-chromebook-program-grades-5-8","143","3082","1","0","1713710"
"Fayette County Public Schools","KY","Lexington","2017","","Yes","Not specified","Chromebook","District began 1:1 technology initiative in 2017 to enhance digital learning; pandemic 2020 strained device supply, district short 12000 Chromebooks at start of virtual SY","https://steam.fcps.net/students/student-technology/chromebooks","https://www.lex18.com/news/back-to-school/fayette-county-public-schools-short-12-000-chromebooks-to-start-virtual-school-year","144","3080","1","0","2101860"
"Riverside Unified","CA","Riverside","2014","Fall","Yes (phased)","Personalized learning at 5 pilot schools first; 5000+ Chromebooks in 2014-15","Chromebook","In 2014-15 added 5000+ Chromebooks; partnered with Education Elements for Bill & Melinda Gates NextGen Systems grant; long-time leader in personalized learning K-12","https://www.edsurge.com/schools/riverside-unified-school-district","http://www.prweb.com/releases/2014/08/prweb12095021.htm","145","3078","1","0","0633150"
"Socorro ISD","TX","El Paso","2014","Fall","Yes (phased HS)","HS phase first (Socorro HS 782 freshmen 2014, then all HS by ~2018)","Laptop","DNA 1:1 program started 2014 at Socorro HS with 782 freshmen; expanded to Pebble Hills, Americas, El Dorado, Eastlake, Montwood, Mission Early College, Options HS and 2 MS over 4 years; 8500+ students by ~2018","https://elpasoheraldpost.com/socorro-isd-freshmen-receive-laptops-modern-learning/","","146","3072","1","0","4840710"
"Beaverton School District","OR","Beaverton","2015","Fall","Yes","HS first; gr 6-12 currently checked out","Chromebook","Future Ready initiative funded by 2014 school bond; every HS student got Chromebooks fall 2015 to use in class and take home; gr 6-12 checkout currently","https://pamplinmedia.com/bvt/15-news/321920-201290-chromebooks-deployed-at-all-beaverton-school-district-high-schools","https://www.beaverton.k12.or.us/departments/teaching-learning/future-ready","147","3066","1","0","4101920"
"Clovis Unified","CA","Clovis","2020 (by)","","Yes (likely)","Not specified","Laptop","upper bound; CUSD has 'Laptop Program' but search did not surface a clear pre-2020 1:1 launch date; California 1:1 expansion mostly tied to 2020 distance learning","https://www.cusd.com/laptop-program-faqs","","148","3048","1","0","0609030"
"Forsyth County Schools","GA","Cumming","2008","Fall","Yes (BYOT first)","BYOT pioneer ~2008-09; now 1:1 Chromebook gr 6-12","Mixed (BYOT then Chromebook)","Among first US districts to implement BYOT (Bring Your Own Technology), in fifth year of BYOT by 2013 (so launched ~2008-09); featured on NBC Nightly News May 2012; now 1:1 Chromebook for gr 6-12","https://en.wikipedia.org/wiki/Forsyth_County_Schools","https://byotnetwork.com/tag/forsyth-county-schools/","149","3042","1","0","1302220"
"Henry County Schools","GA","McDonough","2017","Fall","Yes (phased)","gr 3-12 Chromebook; K-2 iPad","Mixed (Chromebook + iPad)","EmpowerHCS 1:1 launched 2017-18 SY; ~$36M E-SPLOST funded (voter-approved 2016); gr 3-12 HP Chromebook Education Edition; K-2 Apple iPad","https://schoolwires.henry.k12.ga.us/Page/110713","https://schoolwires.henry.k12.ga.us/site/Default.aspx?PageType=3&DomainID=1&PageID=1&ViewID=6446ee88-d30c-497e-9316-3f8874b3e108&FlexDataID=164504","150","2988","1","0","1302820"
"Horry County Schools","SC","Conway","2014","January","Yes (phased)","PDL initiative gr 3-12 over 3 years from Jan 2014; HS laptop, MS iPad, ES iPad initially","Mixed (laptop/iPad/Chromebook)","Personalized Digital Learning (PDL) initiative; pilot in MS in late 2013-14; rollout to gr 3-12 began Jan 2014 over 3 yrs; funded by local-option penny sales tax; HS laptops, MS iPads, ES iPads originally; now Chromebooks district-wide","https://www.edelements.com/the-horry-county-schools-case-study-scaling-blended-learning","https://digitalcommons.coastal.edu/tejsc/vol7/iss1/2/","151","2972","1","0","4502490"
"Frederick County Public Schools","MD","Frederick","2014","","Yes (phased)","MS Chromebook carts 2014; BYOD allowed; gr 1:1 Chromebook by 2020s","Chromebook","Technology Now: Digital Conversion Project Plan funded $1M in 2014 to deploy 2,440 Dell Chromebooks/81 carts to 15 MS sites; expanded BYOD; transitioned to full 1:1 Chromebook (BYOD ended 2024-25)","https://www.fcps.org/technology","https://lhslance.org/2024/news/fcps-ends-bring-your-own-device-program-for-all-students/","152","2921","1","0","2400330"
"Durham Public Schools","NC","Durham","2020","Spring","Yes","K-12","Chromebook","COVID-era emergency 1:1 rollout in 2020 when schools shuttered; every student got a Chromebook; district now sustaining via annual technology fee ($15 elem/$30 MS-HS)","https://carolinapublicpress.org/74834/a-computer-in-every-lap-nc-schools-rethinking-one-to-one-device-access/","https://www.dpsnc.net/page/technology-fee","153","2915","1","0","3701260"
"Richardson ISD","TX","Richardson","2020 (by)","","Yes","gr 7-12 secondary 1:1","Chromebook","upper bound; HS 1:1 in place by 2019 (TCEA 2019 article describes expansion into JH); HS students take devices home, JH students check out daily; 7th-grade and 10th-grade refresh cycle; HP Chromebook G5 Education Edition","https://edtechmagazine.com/k12/article/2019/02/tcea-2019-texas-district-tackles-11-chromebooks-junior-high-schools","https://web.risd.org/instructionaltechnology/technology-operations/","154","2911","1","0","4837020"
"Buffalo Public Schools","NY","Buffalo","2020","Fall","Yes","K-12 (PreK-1 iPad, others mixed)","Mixed (iPad + laptop)","COVID-driven 1:1; ~9,800 iPads ordered for PreK/K/1 with $9M state funding; first iPad batch arrived mid-Oct 2020; supply chain delays due to nationwide demand","https://www.govtech.com/network/buffalo-ny-reaches-goal-of-device-for-every-student.html","https://buffalonews.com/news/local/education/in-the-buffalo-public-schools-a-device-for-every-student-finally/article_6f73fa08-16f3-11eb-8870-8b3ba4471bee.html","155","2904","1","0","3605850"
"Mesquite ISD","TX","Mesquite","2020 (by)","Spring","Yes","PK-12","Mixed (Chromebook + iPad)","upper bound; 1:1 district by 2020; Apr 2020 distributed iPads/Chromebooks/hotspots for COVID virtual start; $20/yr device insurance fee; pre-pandemic launch date not surfaced in search","https://www.cbsnews.com/texas/news/mesquite-isd-doles-out-ipads-chromebooks-for-students-ahead-of-schools-virtual-start/","https://www.mesquiteisd.org/student-technology","156","2898","1","0","4830390"
"Chatham County Schools","GA","Savannah","2020 (by)","","Yes","K-12","Mixed (Chromebook + iPad)","upper bound; SCCPSS distributes both Chromebooks and iPads to students; clear pre-2020 1:1 launch date not surfaced; Aug 2020 SCCPSS waiting on more Chromebooks for virtual start","https://www.wtoc.com/2020/08/17/sccpss-waiting-delivery-more-chromebooks/","https://www.sccpss.com/departments/tbs","157","2895","1","0","1301020"
"Anoka-Hennepin Schools","MN","Anoka","2020","Fall","Yes","gr 6-12 (1:1); ES classroom iPad/Chromebook","Chromebook","COVID-driven; itopia partnership enabled district to adopt 1:1 Chromebook initiative for secondary in 2020-21 SY; Adobe partnership Trimester 1 2020-21; 28000+ Chromebooks distributed first week of school for gr 6-12","https://itopia.com/itopia-enables-students-at-anoka-hennepin-school-district-to-learn-and-create-in-the-cloud/","https://www.ahschools.us/services/technology","158","2847","1","0","2703180"
"Clear Creek ISD","TX","League City","2013","August","Yes (phased)","gr 4-12 by fall 2015 (initial phase started Aug 2013)","Tablet (Dell Latitude 10) initially; later HP ProBook x360","'Latitude 2 Learn' phased deployment started Aug 2013; goal was every student gr 4-12 by fall 2015; 40000 students and 5000 teachers; Dell partnership; later transitioned to HP ProBook x360","https://www.dell.com/en-us/blog/clear-creek-isd-implementing-a-new-vision-for-public-education/","https://communityimpact.com/houston/bay-area/education/2021/10/07/clear-creek-isd-seeks-federal-funding-to-replace-64-million-worth-of-laptops-for-2021-22/","159","2832","1","0","4814280"
"Lincoln Public Schools","NE","Lincoln","2014","Fall","Yes (phased)","K-1 iPad classroom; gr 2-5 Chromebook at school; gr 6-12 1:1 take-home","Chromebook (gr 2-12); iPad (K-1)","CLASS technology plan started 2014; pilot at Culler MS + Riley Elem 5th gr; Fall 2016 all HS at Southeast/Northeast plus gr 3-6 district-wide; $9M 3-year board-approved 1:1 initiative; 30000 Chromebooks planned","https://journalstar.com/news/local/education/lps-ready-to-start-chromebook-rollout/article_6216208c-ea82-5be3-8d61-bb1e61b82702.html","https://home.lps.org/technology/student-devices/","160","2826","1","0","3172840"
"St. Louis Public Schools","MO","St. Louis","2020","Spring","Yes","K-12","Chromebook","COVID-driven 1:1; drive-thru distribution post-spring break 2020; received CARES Act funded Chromebook support; clear pre-2020 1:1 launch not surfaced","https://callnewspapers.com/drive-thru-chromebooks-handed-out-as-spring-break-ends/","https://lsem.org/wp-content/uploads/2022/02/Technology-Access-During-COVID-19-and-Beyond-White-Paper.pdf","161","2821","1","0","2929280"
"Chesapeake Public Schools","VA","Chesapeake","2020","Fall","Yes","gr 4-12 take-home; K-3 classroom-only","Chromebook","COVID-era rollout; gr 4-12 must complete digital Student Loan Agreement; K-3 not assigned take-home devices but use in-classroom; some pandemic delays with 1000+ on waitlist","https://cpschools.com/technology/student-11-devices/","https://www.13newsnow.com/article/news/local/outreach/back-to-school/some-chesapeake-public-schools-parents-ready-students-for-first-virtual-day-without-laptops/291-80be4dbf-cb7d-4283-a497-ed98220c71e5","162","2806","1","0","5100810"
"Washington Elementary School District","AZ","Phoenix","2020 (by)","","Yes (likely)","K-8","Chromebook","upper bound; WESD is largest elementary district in AZ (~18000 PreK-8); no clear pre-2020 1:1 launch date surfaced via WebSearch; pandemic-era device distribution likely","https://www.wesdschools.org/","","163","2804","1","0","0409060"
"Leon County Schools","FL","Tallahassee","2020","Fall","Yes","K-12","Chromebook","Path to 1:1 began 2019-20 SY with 32500 Chromebook order; $11M four-year lease approved June 2020; first shipment Oct 2020; full distribution by Thanksgiving 2020; 900 charging stations for elem homerooms","https://tallahasseereports.com/2020/06/02/school-board-approves-11-million-plan-for-one-to-one-technology-access/","https://www.wctv.tv/2020/10/26/leon-county-schools-receive-32k-chromebooks-working-to-distribute-to-students/","164","2803","1","0","1201110"
"Harford County Public Schools","MD","Bel Air","2020","Fall","Yes (phased)","K-9 Chromebook; 9-12 Microsoft laptops; full 1:1 by 2025-26 (iPad K-?, Chromebook, Dell laptop)","Mixed (Chromebook + Microsoft laptop + iPad)","COVID-era launch 2020; 27000 Chromebooks ordered Aug 2020 with significant supply delays; gr 4-12 first to be devices'd, K-3 lagged due to shortage; full 1:1 K-12 by 2025-26 SY","https://patch.com/maryland/belair/device-shortage-harford-county-public-schools-prompts-new-plan","https://www.hcps.org/departments/communications/ViewNewsFlash.aspx?id=147","165","2802","1","0","2400390"
"Spring ISD","TX","Spring","2020","August","Yes","K-12","Chromebook","COVID-driven 1:1 distribution Aug 6-14 2020 for 2020-21 SY (HS Aug 6-7, MS Aug 10-11, ES Aug 13-14); fall semester started remotely","https://abc13.com/spring-isd-chromebooks-student-laptops-computers/6359541/","https://communityimpact.com/houston/spring-klein/education/2020/08/06/spring-isd-to-distribute-chromebooks-to-students-aug-6-14/","166","2775","1","0","4841220"
"San Jose Unified","CA","San Jose","2020","Spring","Yes","K-12","Mixed (Chromebook + iPad)","COVID-era distribution; ~500 Chromebooks distributed by May 2020 with 1200 more that week; current state: K-12 students eligible for iPad or Chromebook; gr 4-12 universal Chromebook now","https://sanjosespotlight.com/silicon-valley-schools-scramble-to-close-enduring-gaps-during-covid-19/","https://www.sjusd.org/resources/general-resources/technology","167","2767","1","0","0634590"
"Peoria Unified","AZ","Glendale","2017","January","Yes (phased HS)","HS students issued HP ProBook 11EE G2 in Jan 2017; full district laptop in 2022-23 via ECF","Laptop (HP ProBook then HP360)","Peoria began issuing HS students laptops Jan 2017 (HP ProBook 11EE G2 with touchscreen) after mandatory orientation; expanded to every student 2022-23 via federal Emergency Connectivity Fund using HP360","https://www.peoriaunified.org/Page/3864","https://www.peoriaunified.org/laptops","168","2762","1","0","0406250"
"Anaheim Elementary","CA","Anaheim","2019","Fall","Yes","K-6 (all 24 schools)","Mixed (Chromebook, Chromebox, iPad)","Beginning 2019-20 SY every student at every school had access to STEAM curriculum and 1:1 device (Chromebook, Chromebox, or iPad); 24 school sites; integrated tech instruction daily","https://anaheimelementary.org/aesd-technology/","https://anaheimelementary.org/steam/","169","2759","1","0","0602610"
"St. Tammany Parish Schools","LA","Covington","2020","Spring","Yes","K-12","Chromebook","District accelerated Chromebook plan in March 2020 due to pandemic; 35000 Chromebooks ordered, 32000+ received and formatted by late 2020; all K-3 students received devices by Dec 2020; ~37000 students in 55 schools","https://www.nola.com/news/communities/st_tammany/article_6cb9f240-c2c0-11ea-9207-ab2cd59a318f.html","https://www.stpsb.org/our-schools/technology-resources","170","2754","1","0","2201650"
"Temecula Valley Unified","CA","Temecula","2020 (by)","","Yes (likely)","Not specified","Chromebook","upper bound; Chromebook program documented post-COVID with TVUSD distance learning support; specific district-wide 1:1 launch year not surfaced in public sources; received funding from California Bridging the Digital Divide Fund 2020-21","https://edsource.org/2021/a-california-program-spent-millions-on-devices-for-distance-learning-heres-where-it-went/654590","https://www.tvusd.k12.ca.us/","171","2743","1","0","0600028"
"Fremont Unified","CA","Fremont","2020","Spring","Yes","K-12 (need-based then full)","Chromebook","COVID-era distribution starting March 2020; FUSD made Chromebooks available to students for distance learning via family request form; ~32K students; distinct from Fremont Union HS District (FUHSD) which went 1:1 in 2021-22","https://fremontunified.org/","https://go.boarddocs.com/ca/fremont/Board.nsf/files/BQQ36H055785/$file/2020_LCAP_COVID-19_Operations_Written_Report__Fremont_Unified_School_District.pdf","172","2738","1","0","0614400"
"Irving ISD","TX","Irving","2001","","Yes","Pre-K-12","Mixed (laptops then Chromebooks)","Irving ISD was one of the first US school districts to implement a 1:1 student device program in 2001; over 20 years of running 1:1; transitioned to include Chromebooks; presented at TCEA 2023 with 12 tips from 20+ years of 1:1 program experience","https://edtechmagazine.com/k12/article/2023/01/tcea-2023-texas-school-district-shares-12-tips-success-11-program","https://www.irvingisd.net/Page/2731","173","2721","1","0","4824420"
"Nebo School District","UT","Spanish Fork","2020 (by)","","Yes","K-12","Chromebook","upper bound; Park Elementary and other schools have 1:1 Chromebooks; district-wide 1:1 launch year not pinned in public sources; Nebo Tech Center supports 49 schools / 44K students; Chromebook Helps page exists","https://www.wilson.nebo.edu/o/nsd/page/chromebook-helps","https://www.nebo.edu/page/chromebook-helps","174","2710","1","0","4900630"
"Moreno Valley Unified","CA","Moreno Valley","2018","January","Yes (phased)","Initial Jan 2018: gr3-12 take-home; later expanded to gr1-12 + Moreno Valley Online TK-12","Chromebook","Chromebook Take Home Initiative launched January 2018 with all gr3-12 students checking out district-loaned Chromebook to take home daily; later expanded to gr1-12 plus Moreno Valley Online Academy TK-12","https://sites.google.com/g.mvusd.net/mvusdpd/chromebook-take-home-initiative","https://www.mvusd.net/departments/educational-services/technology-innovation-and-assessment/technology/chromebooks","175","2710","1","0","0625800"
"Paradise Valley Unified","AZ","Phoenix","2020 (by)","","Yes","7-12","Chromebook","upper bound; PV School District loans take-home Chromebook to gr7-12 students with no fee; specific district-wide 1:1 launch year not surfaced; ES likely uses cart model","https://www.pvschools.net/","https://en.wikipedia.org/wiki/Paradise_Valley_Unified_School_District","176","2704","1","0","0405930"
"Johnston County Public Schools","NC","Smithfield","2020 (by)","","Yes","K-12","Chromebook","upper bound; JCPS has 1:1 device program with Chromebook Request Form referenced for 2021-22 SY; partnered with CenturyLink + Chamber for free Wi-Fi directory; specific launch year not surfaced in public sources","https://nc01911451.schoolwires.net/Domain/19303","https://www.johnston.k12.nc.us/jocowifi","177","2695","1","0","3702370"
"Spring Branch ISD","TX","Houston","2017","Fall","Yes (phased)","Initial 2017-18: VILS iPads at Spring Woods/Northbrook MS; expanded all-digital schools 2018-19+ at HS Spring Woods + Memorial","Mixed (iPad MS + Chromebook HS)","VILS (Verizon Innovative Learning Schools) program at Spring Woods MS + Northbrook MS + YES Prep Northbrook with $1.6M grant providing iPads to 800+ MS students for 24/7 use starting 2017-18; high schools went all-digital 2018+ with Spring Woods HS Chromebooks Oct 2018, Memorial HS BYOD/district laptop option","https://digitalpromise.org/verizon-innovative-learning-schools/","https://www.springbranchisd.com/news/read-more/~board/sbisd-post-board/post/more-sbisd-schools-go-all-digital-to-start-new-school-year","178","2690","1","0","4841100"
"Humble ISD","TX","Humble","2025","","Yes (phased; in progress)","85% target ratio per campus","Chromebook","Working toward 1:1 ratio in 2025; spent $3M+ in late 2025 on additional computers; funded by 2022 Bond Prop B; 85% project to bring each campus to 85% Chromebook-to-student ratio; 24 of 45 campuses already at/above 1:1; pre-2025 was below 1:1 across district","https://communityimpact.com/houston/lake-houston-humble-kingwood/education/2025/10/23/humble-isd-invests-more-than-3m-in-computers-to-expand-device-access/","https://www.humbleisd.net/page/technology-services","179","2657","1","0","4823910"
"Leander ISD","TX","Leander","2014","Fall","Yes (phased; opt-in mLISD)","Initial 2014-15 ES (mixed devices); mLISD 1:1 from gr6+","Mixed (iPad + Chromebook + Laptop)","Leander Mobile Learning Initiative (mLISD) is opt-in 1:1 program from gr6+ where students borrow district laptop for nominal deposit or BYOD; ES received iPads/Chromebooks/laptops/desktops in 2014-15 for classroom use; remained opt-in vs mandatory through 2025-26","https://www.leanderisd.org/mlisd_story/","https://www.leanderisd.org/mlisd/","180","2647","1","0","4827030"
"Jefferson County Schools","AL","Birmingham","2017","Fall","Yes","K-12 (gr9 issued; all loaned)","Chromebook","JEFCOED 1:1 Chromebook initiative launched 2017-18 SY for each student to have own device; all 9th graders given Chromebook from school; all JefCoEd students loaned a Chromebook for school + learning purposes; second-largest AL district with 36K+ students at 57 schools","https://www.jefcoed.com/domain/3082","https://sites.google.com/jeffcoschools.us/gmhs-1-1","181","2647","1","0","0101920"
"Poway Unified","CA","San Diego","2020 (by)","April","Yes","K-12","Chromebook","upper bound; Chromebook 1:1 Initiative documented post-COVID; April 2020 distributed 6000+ Chromebooks for distance learning; specific district-wide launch year not surfaced in public sources","https://www.powayusd.com/en-US/Departments/Technology-and-Innovation/Access-Support/Chromebook-Initiative/Chromebook-Initiative","https://www.nbcsandiego.com/news/local/poway-unified-hands-out-1000s-of-computers-as-education-moves-online/2298325/","182","2621","1","0","0631530"
"Mt. Diablo Unified","CA","Concord","2020","Spring","Yes","Gr 2-12 take-home; K-1 cart","Chromebook","COVID-era March 2020 distribution of 4500+ Chromebooks to students; current 1:1 model has gr2-12 with portable device + charger and K-1 access via shared cart; specific pre-COVID 1:1 launch not pinned in public sources","https://www.mdusd.org/departments/business-services/technology/11-chromebook-program","https://www.mdusd.org/pf4/cms2/news_themed_display?id=1585817102500","183","2619","1","0","0626370"
"Edinburg CISD","TX","Edinburg","2018","","Yes (phased)","Initial 2018: 200 gr5 students; expanded to 34K students by 2023","Chromebook","$150K TEA grant 2018 funded 200 gr5 Chromebooks + mobile hotspots for off-campus use; expanded over time to 34K student Chromebook distribution by 2023; district uses both Chromebooks + Apple iPads","https://texasborderbusiness.com/200-ecisd-students-receive-chromebooks-mobile-hotspots/","https://www.krgv.com/news/edinburg-cisd-provides-students-with-chromebooks-to-combat-summer-learning-loss","184","2612","1","0","4818180"
"Clay County Public Schools","FL","Orange Park","2017","Fall","Yes (phased)","Initial 2017-18: 6 Chromebooks/classroom + 1:1 gr3-12 + 1:2 K-2; full 1:1 K-12 iPad by 2025-26","Mixed (Chromebook then iPad)","Aug 2017 purchased 6200 Chromebooks (~20700 total); placed at least 6 Chromebooks/classroom; ratio of 1 device/2 students K-2 + 1:1 gr3-12; ~3000 wireless access points; transitioning to full 1:1 iPad K-12 in 2025-26 SY","https://www.claytodayonline.com/stories/school-district-ramps-up-classroom-tech,9273","https://en.wikipedia.org/wiki/Clay_County_School_District_(Florida)","185","2607","1","0","1200300"
"Norfolk City Public Schools","VA","Norfolk","2020 (by)","","Yes","K-12","Chromebook","upper bound; NPS provides 1:1 student-to-device ratio with Chromebooks; 2019 article noted NPS purchase of 900 Chromebooks for upcoming SY; specific district-wide 1:1 launch year not pinned in public sources","https://www.npsk12.com/domain/6644","https://en.wikipedia.org/wiki/Norfolk_Public_Schools","186","2604","1","0","5102670"
"Montgomery County Public Schools","AL","Montgomery","2020 (by)","","Yes","K-12","Chromebook","upper bound; Alabama MPS Montgomery Public Schools deploys Chromebooks district-wide; specific 1:1 launch year not surfaced in public sources for Montgomery Co AL (NOT MD); likely COVID-era expansion","https://www.mps-al.org/","https://www.mps-al.org/","187","2593","1","0","0102430"
"Rutherford County Schools","TN","Murfreesboro","2018","","Yes (phased)","Initial gr 7+9-11 1:1 Chromebooks; expanded later","Chromebook","By June 2018 district had documented 1:1 Chromebook program procedures for gr7 + 9-11; specific initial launch year before 2018 not pinned; current 1:1 with one of TN's largest tech budgets ($20M+ annually noted by middle TN supts due to 3-yr Chromebook lifespan)","https://www.rutherfordschools.org/blog/end-of-year-and-summer-chromebook-information/","https://www.rcschools.net/","188","2588","1","0","4703690"
"Pharr-San Juan-Alamo ISD","TX","Pharr","2020 (by)","","Yes (likely)","Not specified","Mixed","upper bound; PSJA ISD currently has BYOD program + Career College Tech Academy provides laptops to enrolled students; PSJA iLearn virtual program provides devices; specific district-wide 1:1 launch year not surfaced in public sources","https://www.psjaisd.us/Page/3539","https://www.psjaisd.us/academics/psja-ilearn","189","2574","1","0","4834860"
"Rochester City School District","NY","Rochester","2016","Fall","Yes (phased)","Initial pilot 2016 at 4 HS; expanded Sept 2016 to 6 7-12 schools; full district by 2019","Chromebook","Ambitious 1-to-1 initiative began Fall 2016 with pilot at 4 HS; expanded September 2016 to 6 7-12 grade schools; by 2019 distributed gr9-12 Chromebooks via partnership with 1 Million Project nonprofit; included MiFi hotspots for at-home connectivity","https://www.edweek.org/ew/articles/2016/03/28/academic-tech-staff-team-for-rochesters-1-to-1.html","https://www.wxxinews.org/local-news/2019-06-11/how-the-rochester-city-school-district-is-tackling-the-digital-divide","190","2571","1","0","3624750"
"Keller ISD","TX","Keller","2020 (by)","Summer","Yes","5-12","Mixed (Chromebook then Windows)","upper bound; 1:1 Chromebooks for gr5-12 documented by 2023; 2019 Bond Election funded technology infrastructure with Phase 1 purchase summer 2020; transitioned to Windows-based devices March 2023 due to Google charging for storage above 15GB","https://www.kellerisd.net/site/default.aspx?PageType=3&DomainID=88&ModuleInstanceID=370&ViewID=6446EE88-D30C-497E-9316-3F8874B3E108&RenderLoc=0&FlexDataID=137083&PageID=0","https://www.kellerisd.net/about-kisd/bond/bond-project-overview/technology-upgrades","191","2568","1","0","4825260"
"Fort Wayne Community Schools","IN","Fort Wayne","2017","Fall","Yes (phased)","Initial 2017-18: ES 1:1; 2019-20: 2 MS + 1 HS pilot; full district fall 2020","Mixed (Chromebook + iPad)","FWCS achieved district-wide 1:1 technology in fall 2020; ES had been 1:1 for 3 years prior (since ~2017-18); 2019-20 added 2 MS + 1 HS pilot; Aug 2020 distributed devices to MS/HS; ~29.5K students at 49 sites","https://www.wane.com/news/local-news/fwcs-student-device-pick-up-begins-monday/","https://onetooneplus.com/fort-wayne-community-schools/","192","2568","1","0","1803630"
"Gaston County Schools","NC","Gastonia","2020 (by)","","Yes (HS mandatory; opt-in jr/sr)","9-12 (mandatory 9-10; opt-in 11-12)","Chromebook","upper bound; all students assigned Chromebook for school + home use; 1:1 ratio with mandatory program for freshmen/sophomores + optional for juniors/seniors; specific launch year not surfaced","https://www.gaston.k12.nc.us/site/default.aspx?PageType=3&ModuleInstanceID=2195&ViewID=C9E0416E-F0E7-4626-AA7B-C14D59F72F85&RenderLoc=0&FlexDataID=20291&PageID=2272&Comments=true","https://www.gaston.k12.nc.us/Page/12189","193","2567","1","0","3701620"
"Weber School District","UT","Ogden","2018","","Yes (phased)","Initial 2018: phased; gr6 by 2019","Chromebook","WSD One-to-One Chromebook initiative announced 2018 to pair students with individual Chromebook; 6th grader noted receiving own Chromebook in Nov 2019 article as 'new thing' indicating expansion through 2019","https://connectednation.org/blog/2019/11/12/8709/","http://wsd.net/ascend/resources/chromebook-faqs","194","2558","1","0","4901200"
"West Contra Costa Unified","CA","Richmond","2020 (by)","","Yes","K-12","Chromebook","upper bound; WCCUSD provides Chromebooks for take-home checkout (student keeps year-to-year); specific district-wide 1:1 launch year not surfaced in public sources","https://www.wccusd.net/privacy-policy/acceptable-use-internet-safety-policy","https://www.wccusd.net/departments-and-areas/technology/how-to-submit-helpdesk-request","195","2553","1","0","0632550"
"Toledo Public Schools","OH","Toledo","2020","April","Yes","K-12 district-wide","Chromebook","April 2020 COVID-era distribution made Google Chromebook available to every household in district to address digital divide; previously Virtual Academy gr5-12 had Chromebooks; specific pre-COVID 1:1 launch not pinned","https://www.toledoblade.com/local/education/2020/04/21/toledo-public-schools-distributes-chromebooks-district-wide/stories/20200421129","https://www.tps.org/","196","2549","1","0","3904490"
"Ontario-Montclair School District","CA","Ontario","2020 (by)","","Yes (likely)","PreK-8","Chromebook","upper bound; OMSD has 18.5K PreK-8 students; provides Chromebook support + Use & Care videos via Information Services dept; specific district-wide 1:1 launch year not surfaced in public sources","https://www.omsd.net/domain/57","https://www.omsd.net/","197","2525","1","0","0628470"
"Richmond County School System","GA","Augusta","2020 (by)","","Yes (likely)","K-12","Chromebook","upper bound; Augusta GA Richmond Co School System provides student Chromebooks; specific district-wide 1:1 launch year not surfaced in public sources (NOTE: search results conflated with NC Richmond Co)","https://www.rcboe.org/domain/83","https://www.rcboe.org/Domain/15758","198","2524","1","0","1304380"
"Amarillo ISD","TX","Amarillo","2016","Fall","Yes (phased)","Initial 2016: ~4000 Chromebooks at Palo Duro HS + AHS gr9-10 + 800 Tascosa students","Chromebook","AISD 1:1 Device Initiative active by Oct 2016 with ~4000 Acer 720P Chromebooks distributed to Palo Duro HS, Amarillo HS gr9-10, and 800 Tascosa students; safety incidents (3 Chromebooks caught fire) led to 4000 student return Oct 2016; current district has 1:1 Chromebooks/laptops including AISD Online","https://abc7amarillo.com/news/local/4000-aisd-students-asked-to-return-laptops-after-3-chromebooks-catch-fire","https://www.amaisd.org/aisd-11-device-initiative-student-u","199","2514","1","0","4808130"
"Canyons School District","UT","Sandy","2021","Fall","Yes","K-12 (ES on-site; MS+HS take-home)","Mixed (Chromebook + iPad)","Feb 2021 announcement that every student would be assigned computing device for 2021-22 SY; ES devices stay on-site; MS + HS take home; uses both Chromebooks + iPads with ClassLink + Mosyle MDM; students keep Chromebook after graduation","https://www.canyonsdistrict.org/general-news/portable-learning-canyons-to-provide-a-computer-to-every-student/","https://kslnewsradio.com/1943973/canyons-district-students-will-keep-chromebook-after-they-graduate//","200","2512","1","0","4900142"
"Twin Rivers Unified","CA","Sacramento","2020 (by)","","Yes","K-12","Chromebook","upper bound; TRUSD distributed 8,500 Chromebooks + 2,200 hotspots in April 2020 for distance learning; new enrollees now receive Chromebook; pre-2020 1:1 launch year not surfaced in public sources","https://sacramento.cbslocal.com/2020/04/01/chromebooks-students-learning/","https://www.trusd.net/","201","2510","1","0","0601332"
"Calcasieu Parish Public Schools","LA","Lake Charles","2020","Fall","Yes","K-12","Chromebook","CPSB had 6,000 laptops on hand for 2020-21 distance learning; expanded to 1:1 with virtual program option per CPSB; Hurricane Laura disrupted internet but devices were distributed; pre-COVID 1:1 not documented","https://www.wwno.org/education/2020-09-24/without-internet-distance-learning-will-be-optional-or-impossible-in-calcasieu-parish","https://calcasieu.info/calcasieu-parish-school-board-covid-19-return-to-school-plan-for-2020-2021-school-year/","202","2501","1","0","2200330"
"Orleans Parish School Board / NOLA Public Schools","LA","New Orleans","2020","April","Yes","K-12","Chromebook","NOLA-PS purchased 10,000 Chromebooks + 5,000 Wi-Fi hotspots emergency for distance learning; distribution began April 6 2020; emergency funding approved by Orleans Parish School Board March 13 2020","https://wgno.com/news/health/coronavirus/nola-ps-purchases-10000-chromebooks-to-help-with-distance-learning/amp/","https://nolapublicschools.com/news-blog/nola-ps-issues-continuing-updates-surrounding-district-s-covid-19-response-april-6","203","2482","1","0","2201170"
"DeSoto County School District","MS","Hernando","2020","Fall","Yes","K-12","Mixed (Chromebook/laptop)","Mississippi Connects statewide program delivered 325,000+ devices to all MS districts during fall 2020; DeSoto County participated as part of Equity in Distance Learning Act ($150M); districts chose Chromebooks/Windows/MacBooks/iPads","https://www.mdek12.org/news/2020/11/23/Mississippi-Connects-MDE-Completes-Delivery-of-Over-325000-Devices-to-Districts-Targets-Teacher-Training_20201123","https://mdek12.org/MSConnects","204","2451","1","0","2801320"
"Mansfield ISD","TX","Mansfield","2012","Fall","Yes (phased)","Initial 2012-13 iPad PowerUp! at MS/HS; later expanded","Mixed (iPad early; Chromebook 3-12 + iPad PK-2)","Mansfield ISD PowerUp! 1:1 iPad initiative launched 2012-13 SY at middle/high schools; named Apple Distinguished Program; later transitioned with Chromebooks for grades 3-12 and iPads for PK-2","https://misdtechnotes.wordpress.com/2012/07/25/powerup-ipad-deployment-faqs/","https://www.mansfieldisd.org/departments/technology/district-issued-devices","205","2442","1","0","4828920"
"Des Moines Public Schools","IA","Des Moines","2020","Spring","Yes","K-12","Microsoft Surface laptop","Spring 2020 DMPS issued laptops to all secondary students for distance learning; expanded to all K-12 students in following months; later purchased 12,000 Surface Laptop Go devices in 2022 ($8M; mostly federally reimbursed); not Chromebook district","https://www.dmschools.org/2022/03/thousands-of-new-computers-for-students-and-staff/","https://www.dmschools.org/wp-content/uploads/2020/04/Student-Device-Guide-Grades-9-12.pdf","206","2425","1","0","1908970"
"Williamson County Schools","TN","Franklin","2020","Fall","Yes","K-12","Chromebook","WCS board approved $1.5M+ for 18,500 new Chromebooks in May 2020 so all students would have Chromebook for 2020-21 SY; pre-2020 device program at WCS was not 1:1","https://www.williamsonherald.com/features/education/wcs-releases-reopening-plan-for-2020-21-school-year/article_dc35ba9e-c2db-11ea-a924-aba934d74452.html","https://www.williamsonherald.com/news/wcs-releases-planning-framework-for-upcoming-school-year/article_9bed88fe-963a-11ea-83c2-737c604f7b11.html","207","2421","1","0","4704530"
"Muscogee County School District","GA","Columbus","2019","September","Yes (phased)","Initial 2019: middle/high; later expanded","Chromebook","MCSD Personalized Learning Initiative provided 15,000 Chromebooks to all middle and high school students starting Sept 2019; multi-year plan to transform instructional practices","https://www.wtvm.com/2019/09/06/all-middle-high-school-mcsd-students-receive-chromebooks-part-personalized-learning-initiative/","https://www.wrbl.com/news/education/mcsd-advances-personalized-learning-initiative-will-provide-15000-chromebooks-to-students/","208","2420","1","0","1303870"
"Coweta County School System","GA","Newnan","2016","Fall","Yes","Initial 2016-17: grades 3-12","Chromebook","Coweta County Schools issued 17,100 Chromebooks Fall 2016 to bring grades 3-12 to 1:1; $6.3M funded by SPLOST; included 'property of' engraving and accidental damage protection","https://www.cowetaschools.net/index.php/en/component/content/article/757-distribution-of-student-chromebooks-makes-coweta-schools-a-1-to-1-environment","http://times-herald.com/news/2016/07/coweta-schools-will-issue-17-100-chromebooks-this-fall","209","2418","1","0","1301500"
"Dysart Unified School District","AZ","Surprise","2020 (by)","","Yes","K-12","Chromebook","upper bound; DUSD provides loaned Chromebook to all students; iSchool online learning program also Chromebook-based; specific district-wide 1:1 launch year not surfaced; new Chromebook costs cited in 2020 fall return-to-school plan","https://www.yourvalley.net/surprise-independent/stories/dysart-school-district-unveils-plan-for-fall-return,164990","https://www.dysart.org/mainsite/pages/dysart-middle-school/3104/chromebook-checkout","210","2394","1","0","0402690"
"Lodi Unified","CA","Lodi","2018","Fall","Yes (phased)","Initial 2018: pilot 1:1 take-home; expanded district-wide 2019-20","Chromebook","Lodi USD Board received update on 1:1 Home-to-School Connection pilot in Sept 2018; pilot allowed students to take Chromebooks home; full district-wide rollout planned for following SY","https://www.lodinews.com/news/article_aa5f7f40-bca3-11e8-a892-5bd47688d1e0.html","https://www.lodiusd.net/families/careplan","211","2364","1","0","0622230"
"Clarksville-Montgomery County Schools","TN","Clarksville","2020","Fall","Yes","K-12","Microsoft Surface / laptop","CMCSS announced August 2020 it would provide laptops to all K-12 students (traditional + virtual) for 2020-21 SY due to COVID; current program is 1:1 laptops grades 4-12 with K-2 'more intentional'","https://clarksvillenow.com/local/all-students-k-12-will-get-laptops-in-montgomery-county-schools/","https://www.cmcss.net/laptops/","212","2359","1","0","4703030"
"Irvine Unified","CA","Irvine","2017","Fall","Yes (phased)","Initial 2017-18: Portola HS pilot; expanded district-wide by 2020","Chromebook","Portola HS opened Aug 2016 and became first true 1:1 high school in IUSD with all students checking out Chromebook; full 1:1 implementation began Jan 2018 (development started fall 2017); IUSD distributed 18,000+ Chromebooks during pandemic; ES later went 1:1 cart model","https://portolapilot.com/chromebooks-per-person-classroom-collaboration/","https://portolahigh.iusd.org/11-chromebook-program","213","2359","1","0","0684500"
"Jackson Public School District","MS","Jackson","2020","Fall","Yes","K-12","Mixed (laptop/tablet)","Jackson Public Schools participated in Mississippi Connects statewide program; MDE delivered 325,000+ devices to all MS districts in fall 2020; JPS now issues internet-ready devices for all scholars","https://www.jacksonfreepress.com/news/2020/dec/01/mississippi-schools-receive-computers-distance-lea/","https://mdek12.org/MSConnects","214","2348","1","0","2802190"
"San Ramon Valley Unified","CA","Danville","2020 (by)","","Yes","TK-12 (iPad TK-5; Chromebook 6-12)","Mixed (iPad + Chromebook)","upper bound; SRVUSD operates 1:1 program with iPads grades TK-5 and Chromebooks grades 6-12; district documents reference distribution of devices over 7 years suggesting program existed pre-pandemic but specific launch year not surfaced","https://www.srvusd.net/Departments/Business-Services/Technology/Device-Initiative/index.html","https://pvms.srvusd.net/documents/Student-Device-Handbook-07.11.24.pdf","215","2342","1","0","0635130"
"Ector County ISD","TX","Odessa","2019 (by)","","Yes (phased)","Initial Early College HS 2018-19; expanding","Chromebook","upper bound; ECISD Laptop Handbook for Early College HS dates to 2018-19 SY; district provides Chromebooks/iPads with parent handbook; 200 students received Chromebooks + hotspots during pandemic; full district 1:1 launch year not surfaced","https://www.ectorcountyisd.org/site/handlers/filedownload.ashx?moduleinstanceid=3262&dataid=6258&FileName=ECISD+Laptop+Handbook+-+Early+College+High+Schools+18-19.pdf","https://www.ectorcountyisd.org/site/default.aspx?PageType=3&ModuleInstanceID=1471","216","2334","1","0","4818000"
"St. Johns County School District","FL","St. Augustine","2016","Fall","Yes (BYOD-based)","Initial 2016-17 pilot; expanded 2017-18 to all schools gr 6-12 emphasis","BYOD (student-owned)","SJCSD launched BYOD pilot 2016-17 SY promoting student-owned mobile devices in school; expanded 2017-18 SY to all district schools (except charter/DJJ) with emphasis on grades 6-12; not district-issued 1:1 but counts as personal device classroom learning shift","https://www.stjohns.k12.fl.us/byod/","https://www.stjohns.k12.fl.us/byod/faq/","217","2328","1","0","1201740"
"La Joya ISD","TX","La Joya","2020","Spring","Yes","K-12","Chromebook","La Joya ISD distributed Chromebooks + wireless hotspots to students for distance learning starting March 2020; district closed campuses March 20 2020; created Virtual Learning Academy in 2021 under SB 15","https://www.progresstimes.net/2020/03/20/the-curse-of-la-corona/","https://www.progresstimes.net/2021/09/27/la-joya-isd-creates-virtual-learning-academy/","218","2322","1","0","4826130"
"Cabarrus County Schools","NC","Concord","2018","Fall","Yes","K-12","Chromebook","Cabarrus County Schools 1:1 Chromebook initiative documented with Chromebook Orientation Video for 2018-19 SY; district had Chromebooks deployed by spring 2020 with extended pickup hours during COVID","https://www.cabarrus.k12.nc.us/domain/6899","https://independenttribune.com/news/cabarrus-county-schools-adds-evening-hours-for-laptop-pickup/article_717c6770-6e9e-11ea-850e-576626c85ddd.html","219","2322","1","0","3700530"
"Berkeley County School District","SC","Moncks Corner","2016","Fall","Yes (phased)","Initial 2016 phase 1: gr 3-8 in 23 of 43 schools; later expanded","Chromebook","Berkeley County SD launched 1:1 Chromebook initiative Fall 2016 in four phases; phase 1 included all gr 3-8 students in 23 of 43 schools","https://www.live5news.com/story/32269986/berkeley-county-students-getting-chromebook-devices-in-fall-2016/","https://www.bcsdschools.net/","220","2308","1","0","4501170"
"Lafayette Parish School System","LA","Lafayette","2020","Fall","Yes","K-12 (Chromebook + iPad K-2)","Mixed (Chromebook + iPad)","LPSS launched 1:1 Digital Learning Program for distance learning in 2020-21 SY; Chromebook delays for K-2 led district to order iPads instead; pre-COVID 1:1 not documented","https://www.lpssonline.com/family-resources/technology-assistance/sica","https://www.theadvocate.com/baton_rouge/news/education/article_9cedd7c6-ed34-11ea-b211-27c9854ae3ef.html","221","2295","1","0","2200870"
"Jersey City Public Schools","NJ","Jersey City","2020","Spring","Yes (phased)","Initial Spring 2020: gr 3-12 need-based; expanded 2020-21 SY","Chromebook","JCPS distributed devices spring 2020 to gr 3-12 students who lacked online learning access; many students initially shared devices at home; district lacked enough devices for K-2 initially; expanded by 2020-21 SY","https://www.inquirer.com/health/coronavirus/coronavirus-closed-schools-inequity-technology-laptop-philadelphia-new-jersey-20200318.html","https://charterts.com/2021/new-jersey-schools/","222","2288","1","0","3407830"
"Montebello Unified","CA","Montebello","2020 (by)","","Yes (likely)","K-12","Chromebook","upper bound; MUSD uses Chromebooks per Indeed staff reviews; specific district-wide 1:1 launch year not surfaced; California districts widely received state Bridging the Digital Divide funds 2020-21","https://www.montebello.k12.ca.us/apps/pages/index.jsp?uREC_ID=2210489&type=d&pREC_ID=2195238","https://edsource.org/2021/a-california-program-spent-millions-on-devices-for-distance-learning-heres-where-it-went/654590","223","2274","1","0","0625470"
"Visalia Unified","CA","Visalia","2015","Fall","Yes (phased)","Initial 2015: cart-based 1:1 for testing/daily use","Chromebook","Visalia USD deployed 10,000 Chromebooks in mobile carts in 2015 originally for state standardized testing then transitioned to daily educational use; full take-home 1:1 by 2020 with COVID distance learning","https://www.air.org/sites/default/files/2025-11/Device-Deployment-Models-K-12-and-AI-Considerations-November-2025.pdf","https://abc30.com/visalia-unified-school-district-vislaia-education-learning/6364643/","224","2272","1","0","0641160"
"Lubbock ISD","TX","Lubbock","2018","Fall","Yes (phased)","Initial 2018-19: cart-to-classroom + 2 pilot 1:1 schools; full 1:1 March 2020","Chromebook","Lubbock ISD partnered with Netsync starting May 2018 for phased Chromebook rollout (cart-to-classroom model with 2 pilot 1:1 schools using Dell Chromebook 3100 2-in-1); full 1:1 take-home accelerated overnight in March 2020 due to COVID","https://www.dell.com/en-uk/dt/case-studies-customer-stories/lubbock-isd.htm","https://www.kcbd.com/2020/03/13/lubbock-isd-assigning-laptops-students-case-post-spring-break-plan-changes/","225","2262","1","0","4828500"
"Newport News Public Schools","VA","Newport News","2020","August","Yes","K-12 (phased: HS Aug, MS Aug, Elem Dec 2020)","Chromebook","District was working through a five-year 1-to-1 plan when COVID accelerated rollout; HS distribution Aug 10-13 2020, MS Aug 17-20, Elem Dec 2020 (loaners in interim)","https://www.13newsnow.com/article/news/local/outreach/back-to-school/newport-news-schools-distribute-laptops-to-students-to-prepare-for-upcoming-school-year-with-virtual-learning/291-38025147-8032-48b2-a8c2-135773559d79","https://sbo.nn.k12.va.us/digitaltransformation/faq.html","226","2255","1","0","5102640"
"Spokane Public Schools","WA","Spokane","2018","Fall","Yes (phased)","Secondary 1:1, elementary 2:1 (2018-19); full 1:1 by 2020","Laptop","2018-19 SY: 26K laptops via 2018 bond, 1:1 secondary + 2:1 elementary; full 1:1 take-home by 2020 with $3.8M COVID expansion","https://www.spokesman.com/stories/2020/jun/25/laptops-for-all-spokane-district-initiative-would-/","https://www.spokesman.com/stories/2025/jun/11/high-schoolers-in-spokane-public-schools-will-now-/","227","2253","1","0","5308250"
"Tacoma Public Schools","WA","Tacoma","2020","September","Yes (phased)","Initial: grades 6-12 (Sep 2020); K-12 by 2022 levy refresh cycle","Laptop","COVID-driven; grades 6-12 received district laptops ahead of Sep 9 2020 remote start; 2022 voter levy funded ongoing K-12 1:1 with refresh in grades 1, 5, 9","https://www.king5.com/article/news/health/coronavirus/tacoma-public-schools-remote-learning-fall-2020-laptops/281-f5a0af0c-4a1e-4953-9329-a97697ed4a8d","https://www.tacomaschools.org/departments/technology/student-laptops","228","2252","1","0","5308700"
"Palmdale Elementary School District","CA","Palmdale","2015","","Yes","K-8 (district-wide via Palmdale Promise)","Chromebook","Palmdale Promise launched 2015 to address digital divide and provide tech competency district-wide; T.A.P. take-home program ongoing for surplus Chromebooks","https://www.edsurge.com/news/2020-01-20-close-the-digital-learning-gap-how-one-district-tackled-tech-disparity-in-the-classroom","https://www.palmdalesd.org/apps/pages/TAP","229","2244","1","0","0629580"
"Cartwright Elementary School District","AZ","Phoenix","2020 (by)","","Yes (likely)","K-8","Chromebook","upper bound; District provided Chromebooks for students to complete assignments from home during COVID via Virtual Academy; specific pre-pandemic 1:1 launch not confirmed","https://www.csd83.org/Domain/28","https://www.csd83.org/page/information-technology-information-systems","230","2242","1","0","0401680"
"Escondido Union School District","CA","Escondido","2020","Fall","Yes","TK-8 (district-wide)","iPad","One-to-One Initiative put iPad in hands of every EUSD student by 2020-21 SY; $450 device value plus hotspots for qualifying students","https://www.eusd.org/page/ipad-at-home","https://www.eusd.org/o/eusd/page/technology-essentials","231","2241","1","0","0612880"
"Okaloosa County School District","FL","Niceville","2014","November","Yes (pilot then expanded)","Initial: Riverside Elementary pilot Nov 2014; later district-wide","Chromebook","November 2014 Riverside Elementary Chromebook pilot evaluated for next steps; expanded district-wide in subsequent years","https://www.okaloosaschools.com/riverside/node/206","https://go.boarddocs.com/fl/okaloosa/Board.nsf/goto?open=&id=B22RKH6E600A","232","2235","1","0","1201380"
"Orange Unified School District","CA","Orange","2020 (by)","","Yes","TK-2 iPad; 3-12 DynaBook/Windows laptop","Mixed (iPad and DynaBook)","upper bound; OUSD 1:1 program provides device to every student; TK-2 iPads, 3-6 Windows 10 laptops, 3-12 DynaBook; specific launch year not confirmed","https://www.orangeusd.org/departments/educational-services/educational-technology/one-to-one","https://www.orangeusd.org/running-springs/resources/ousd-11-device-faq","233","2233","1","0","0628650"
"Saddleback Valley Unified School District","CA","Mission Viejo","2020 (by)","","Yes","Grades 2-12 (1:1); K-1 at 2:1","Chromebook","upper bound; SVUSD provides 1:1 Chromebooks in grades 2-12, with 2:1 in K-1; 3,300+ Chromebooks distributed during COVID; specific launch year not confirmed","https://www.svusd.org/schools/elementary-a-l/cielo-vista/resources/chromebooks","https://form.jotform.com/202155720748050","234","2227","1","0","0633860"
"Compton Unified School District","CA","Compton","2014","","Yes (phased)","Initial: 5 schools (Bursch, Carver, Jefferson, Kelly, Walton) via Apple ConnectED 2014; later district-wide","iPad (initial); later mixed","Apple ConnectED grant 2014 provided 1:1 iPads at 5 Compton schools; Verizon Innovative Learning partnership since 2017","https://lasentinel.net/compton-unified-alum-dr-dre-apple-executive-lisa-jackson-celebrate-ipad-rollout-at-jefferson-elementary-school.html","https://digitalpromise.org/district/compton-unified-school-district/","235","2225","1","0","0609620"
"Chino Valley Unified School District","CA","Chino","2020","Fall","Yes","TK-12","Chromebook","Starting 2020-21 SY, CVUSD launched 1:1 Chromebook Device Program for every TK-12 student to use at home and at school","https://www.chino.k12.ca.us/Page/27020","https://www.viewsonic.com/media/wysiwyg/pdfs/ViewSonic_District_Spotlight_Vol._1_Issue_1.pdf","236","2222","1","0","0608460"
"Plainfield School District 202","IL","Plainfield","2024","August","Yes","9-12 (HS); expanding","Chromebook","Plainfield HS became 1:1 beginning 2024-25 SY with every student assigned a Chromebook and charger; 2018 RFP for teacher laptops predates student rollout","https://phs.plainfieldschools.org/parents/1_1_chromebook_information","https://core-docs.s3.us-east-1.amazonaws.com/documents/asset/uploaded_file/4114/PCCSD/3577800/2018_Teacher_Laptop_RFP.pdf","237","2218","1","0","1731740"
"Paulding County School District","GA","Dallas","2022","","Yes (phased)","MS/HS/Virtual Academy take-home; Elem in-classroom","Microsoft Surface Laptop SE","District-wide 1:1 device policy adopted; over 500 students received laptops via initiative; rollout continuing through Oct 2022","https://www.wsbtv.com/news/local/paulding-county/over-500-paulding-county-students-receive-laptops-through-new-initiative/EESNI7OXVRGHVN6ZKDTV7HANQE/","https://www.paulding.k12.ga.us/Page/46652","238","2206","1","0","1304020"
"Carrollton-Farmers Branch ISD","TX","Carrollton","2019","Fall","Yes (phased; complete 2019)","Grades 2-12 (final phase); rolled out earlier to upper grades","Chromebook","Beginning 2019-20 SY every CFBISD student in 2nd-12th was issued a Chromebook, completing the final phase of the district's technology plan","https://starlocalmedia.com/carrolltonleader/carrollton-farmers-branch-isd-students-set-to-get-chromebooks-for-upcoming-school-year/article_bcc7c942-8c89-11e9-9f8e-aba630fd20eb.html","https://www.cfbisd.edu/departments/technology-services/11-program-playbook","239","2200","1","0","4813050"
"Washington School District","UT","St. George","2015 (by)","","Partial (in-class)","K-12 in-classroom only","Chromebook","upper bound; By 2015 district offered Chromebooks/iPads during school hours but not take-home; 55,000+ Chromebooks used only within classrooms (not full take-home 1:1)","https://archives.stgeorgeutah.com/news/archive/2015/08/08/rsw-mgk-back-to-school-computer-options-that-wont-break-the-bank","https://wifinowglobal.com/uncategorized/utahs-washington-school-district-delivers-great-connectivity-spends-less-with-a-little-help-from-netally-ruckus-networks/","240","2192","1","0","4901140"
"Desert Sands Unified School District","CA","La Quinta","2014","Fall","Yes","TK-12 (Connect: One to World)","Chromebook (some tablets)","2012 pilot of 100 Samsung Chromebooks; full TK-12 1:1 in 2014-15 SY (Connect: One to World); ~27,701 Chromebooks for 29,000 students","https://image-us.samsung.com/SamsungUS/b2b/resource/2014/09/08/CASEST-CHM-DESERTSANDS-AUG14.pdf","https://www.cosn.org/wp-content/uploads/2024/09/Desert-Sands-Case-Study.pdf","241","2183","1","0","0611110"
"Salt Lake City School District","UT","Salt Lake City","2020","Fall","Yes","K-12","Chromebook","COVID-driven full 1:1 rollout 2020-21 SY; ordered devices early 2020 with 6,000 backordered amid supply chain pinch; Apple ConnectED brought 1:1 iPads to Jackson Elementary in 2016","https://www.ksl.com/article/50013408/sl-school-districts-supply-of-educational-devices-depleted-6000-chromebooks-backordered-amid-supply-chain-pinch","https://www.ksl.com/article/39522243/technology-program-a-huge-deal-for-low-income-salt-lake-students","242","2181","1","0","4900870"
"Simi Valley Unified School District","CA","Simi Valley","2020","Spring","Yes","K-12","Chromebook","COVID-driven; ~3,770 Chromebooks distributed across 28 campuses by April 2020; district-issued laptops continue post-pandemic with optional protection plan","https://www.simivalleyacorn.com/articles/at-home-school-has-a-learning-curve/","https://www.simivalleyusd.org/students/district-issued-laptops","243","2181","1","0","0636840"
"Indian Prairie School District 204","IL","Aurora","2016","August","Yes (phased)","Initial: middle schools Aug 2016; HS testing 2016; Elem 1:1 by fall 2018","Chromebook","Aug 2016 HP Chromebooks distributed to MS students; goal of 1:1 in grades 3-12 by 2018-19 SY; elementary tested 2017, deployed fall 2018","https://www.dailyherald.com/20160825/news/chromebooks-land-in-hands-of-dist-204-middle-schoolers/","https://www.dailyherald.com/article/20160112/news/160119758","244","2177","1","0","1741690"
"Pomona Unified School District","CA","Pomona","2015","March","Yes (phased)","Initial: pilot at Garey HS, Pomona HS writing courses (~120 iPads each)","iPad (initial); later Chromebook","March 2015 pilot at Garey HS and Pomona HS - first comprehensive secondary schools in PUSD to launch 1:1 take-home iPad program","https://patch.com/california/diamondbar-walnut/garey-pomona-high-schools-pilot-11-ipad-program","https://anapr.com/2015/03/24/garey-pomona-hs-pilot-ipad-program/","245","2177","1","0","0631320"
"Baldwin County Public Schools","AL","Bay Minette","2012","Fall","Yes","Initial: grades 3-12 MacBook + K-2 iPad (2012); switched to Chromebook 2016","MacBook (2012-2016); Chromebook (2016+)","Digital Renaissance launched 2012: $23M for MacBooks grades 3-12 + $2.6M for iPads K-2; switched to Chromebook 2016 saving $6M; ~$9M/yr ongoing","https://en.wikipedia.org/wiki/Baldwin_County_Board_of_Education","https://mynbc15.com/news/local/baldwin-county-schools-to-use-chromebooks","246","2170","1","0","0100270"
"Pittsburgh Public Schools","PA","Pittsburgh","2020","Fall","Yes","K-12","Mixed (laptops, Chromebooks, tablets)","Pre-COVID only 2 magnet schools (CAPA, Sci-Tech) had 1:1; June 2020 Superintendent Hamlet announced every student would get device; $1.5M Laptop Lending Initiative + Beyond the Laptops tech-community challenge for 7,000 devices","https://www.imsglobal.org/pps","https://www.pittsburghcurrent.com/pittsburgh-schools-delayed/","247","2166","1","0","4219170"
"Olathe Public Schools","KS","Olathe","2020 (by)","","Yes","Elem iPad; MS/HS Dell laptop (later Surface Go)","Mixed (iPad + Dell/Surface)","upper bound; District supports 1:1 at all grade levels - iPads in elementary, laptops in MS/HS; 2017 IoT network upgrade supported 1:1 deployment; specific full launch year not confirmed","https://www.olatheschools.org/departments/technology","https://thejournal.com/articles/2017/04/20/olathe-public-schools-embraces-iot-on-new-network.aspx","248","2166","1","0","2010140"
"Rockford Public Schools","IL","Rockford","2020","April","Yes","Grades 3-12 Chromebooks initially; expanded to K-12","Mixed (Chromebook + iPad)","COVID-era distribution: ~5,600 Chromebooks distributed to grades 3-12 in April 2020; 18,450 new iPads/Chromebooks purchased to retire older/leased devices; current 1:1 K-12","https://www.wrex.com/coronavirus/rps-205-to-distribute-nearly-5-600-chromebooks-starting-wednesday/article_27fb4731-6543-502e-afbd-0c3b39cfcc05.html","https://www.ourforte.com/case-studies/technology-at-rockford-public-schools-aims-to-engage-kids","249","2161","1","0","2630030"
"Kansas City Public Schools","MO","Kansas City","2014","Fall","Yes","PK-4 iPad; 5-12 Chromebook","Mixed (iPad + Chromebook)","Beginning 2014-15 SY every KCPS student received a device: iPads for PK-4, Chromebooks for grades 5-12","https://www.kcpublicschools.org/digital","https://www.kcpublicschools.org/kcps-news/kcps-news-board-page/~board/kcps-news/post/kcps-to-distribute-devices-on-saturday-sept-5-at-the-boe","250","2159","1","0","2916400"
"Boulder Valley School District","CO","Boulder","2014","","Yes (phased)","9-12 phased; later expanded K-12","Chromebook","1:Web Chromebook Initiative piloted at Centaurus High School beginning 2014 (BVSD 1:Web Chromebook Implementation 2014 video); program expanded across district from 2015; later phased to middle and elementary grades (e.g., 6th grade March 2019)","https://sites.google.com/a/bvsd.org/centaurus1web/background","https://www.bvsd.org/departments/information-technology/1web-in-bvsd","251","2159","1","0","0802490"
"Alachua County Public Schools","FL","Gainesville","2020","Spring","Yes","K-12","Chromebook","COVID-era device rollout; over 2,800 devices distributed by April 2020 during transition to remote learning; later expanded with Dell 3100 Chromebooks via ECF grant program (free internet through June 2024); pre-2020 1:1 not documented","https://floridaphoenix.com/2020/04/22/a-conundrum-fl-students-must-learn-online-at-home-but-not-all-districts-and-families-have-enough-laptops/","https://sites.google.com/gm.sbac.edu/acps-ecf/home","252","2152","1","0","1200030"
"Utica Community Schools","MI","Sterling Heights","2020","Fall","Yes","K-12","Chromebook","2018 bond approved planned 1:1; pandemic accelerated rollout; full 1:1 device deployment for 2020-21 school year","https://patch.com/michigan/shelby-utica/ucschampions-profile-1-1-tech-intiative-27-000-devices","https://www.uticak12.org/device","253","2151","1","0","2634470"
"Little Rock School District","AR","Little Rock","2014","January","Yes (phased)","4-5 pilot then expanded","Laptop","One-to-One Laptop Initiative launched January 2014 piloting at Gibbs, Forest Park, Otter Creek, and Roberts elementary schools (grades 4-5); take-home devices; phased rollout over two years","http://www.lrsd.org/?q=content%2Flrsd-launches-one-one-laptop-initiative","https://www.arkansasonline.com/news/2015/dec/25/county-district-ushers-in-new-era-of-te-1/?f=news-arkansas","254","2150","1","0","0509000"
"Shelby County Schools","AL","Columbiana","2020","Fall","Yes","K-12 (K-3 iPads, 4-12 Chromebooks)","Mixed (Chromebook/iPad)","1:1 Digital Device Plan announced 2020 to provide every student a device; K-3 received iPad minis, grades 4-12 received 14 inch Chromebooks; technology upgrades referenced as early as 2015","https://www.facebook.com/ShelbyCountySchools/posts/shelby-county-schools-is-moving-forward-with-the-11-digital-device-plan-to-provi/2947147685366316/","https://podcasts.shelbyed.k12.al.us/scs-news/2015/02/06/shelby-county-schools-upgrading-technology-in-local-schools/","255","2149","1","0","0103030"
"St. Vrain Valley School District","CO","Longmont","2012","","Yes (phased)","7-12 then K-12","iPad","One-to-one iPad initiative launched 2012 for all students grades 7-12 and staff after 2012 mill levy override; Learning Technology Plan developed via ITAC committee; later expanded to include all 33,000 PK-14 students","https://www.svvsd.org/departments/technology/ltp/","https://www.svvsd.org/2022/04/22/a-strong-foundation-for-global-acceleration/","256","2141","1","0","0805370"
"Cupertino Union School District","CA","Cupertino","2014","","Yes (phased)","6-8 1:1 iPad","iPad","1:1 iPad program implemented in middle schools (grades 6-8) by 2014-15; documented active by October 2013 in iPad Creativity Tools Workshop; controversy with parent petitions emerged 2016; primary access via iPads or Chromebooks","https://cusdtech.wordpress.com/2013/10/28/ipad-creativity-tools-workshop/","https://phys.org/news/2016-12-apple-backyard-ipads-ignite-furor.html","257","2132","1","0","0610290"
"Richland County School District One","SC","Columbia","2018 (by)","","Yes","3-12","Laptop (Dell)","Digital Learning Environment (DLE) initiative provides Dell laptops 1:1 to students grades 3-12 for use in class and at home; specific launch year not pinned in public sources but referenced in DLE materials by 2018; distinct from Richland Two which went 1:1 in 2013","https://www.richlandone.org/Page/3137","https://www.richlandone.org/departments/information-technology/dell-employee-purchase-program","258","2130","1","0","4503360"
"Sumner County Schools","TN","Gallatin","2020","Fall","Yes","K-12 (Chromebooks 6-12)","Chromebook","COVID-era 1:1 Chromebook deployment for grades 6-12; over 20,000 tablets distributed; in 2023 announced new 1:1 iPad initiative for K-12 teachers and students grades 6-12","https://www.newschannel5.com/news/sumner-county-schools-announces-new-initiative-in-cte-and-stem-as-students-return-to-school","https://togglemag.com/case-studies/chris-brown-sumner-county-school-district/","259","2128","1","0","4704020"
"Paterson Public Schools","NJ","Paterson","2020","April","Yes (phased)","6-12","Chromebook","One of 2nd largest US 1:1 Chromebook initiatives in grades 6-12; major rollout April 2020 to all high school students during COVID; June 2020 used $3M CARES Act for ~14,000 Chromebooks; Intel/Micro Center donated $25K Nov 2019 for one-to-one initiative","http://www.paterson.k12.nj.us/news/19-20/04162020%20PATERSON%20PUBLIC%20SCHOOLS%20TO%20DISTRIBUTE%20LAPTOP%20COMPUTERS%20TO%20ALL%20HIGH%20SCHOOL%20STUDENTS.pdf","https://www.tapinto.net/towns/paterson/sections/education/articles/paterson-public-schools-to-distribute-laptops-to-all-high-school-students","260","2123","1","0","3412690"
"Springfield Public Schools","MA","Springfield","2020","April","Yes","K-12 (PreK-K iPads, 1-11 Chromebooks)","Mixed (Chromebook/iPad)","Distributed 9,000+ laptops during COVID in April 2020 at Boland Elementary distribution point; PreK-K iPads, grades 1-11 Chromebooks; partnered with Comcast Xfinity Wi-Fi for connectivity","https://www.nepm.org/regional-news/2020-04-08/springfield-schools-provides-laptops-to-thousands-of-students-during-covid-19-crisis","https://www.springfieldpublicschools.com/","261","2123","1","0","2511130"
"Kanawha County Schools","WV","Charleston","2014","Fall","Yes (phased)","4-12 iPads, MacBooks for teachers","iPad","Learning 20/20 initiative approved 2014; iPads for every middle/high school student starting fall 2014; rollout phased with Herbert Hoover HS and Elkview Middle in October 2014; iPads for grades 4-12; teachers received MacBooks; leasing agreement with Apple","https://www.wvgazettemail.com/news/kanawha-middle-high-school-students-to-get-ipads-in-classrooms/article_028336e5-3cae-5fe4-8534-1e436f6b841c.html","https://www.eschoolnews.com/district-management/2021/10/04/a-district-gets-creative-as-it-distributes-ipads-to-students-during-lockdown/","262","2104","1","0","5400600"
"Kyrene Elementary School District","AZ","Tempe","2020 (by)","","Yes","PreK-8","Mixed","upper bound; 1-to-1 Learning page exists at kyrene.org/Page/29921; National School Boards Association recognition; specific district-wide 1:1 launch year not surfaced in public sources; district had earlier classroom technology integration","https://www.kyrene.org/Page/29921","https://www.kyrene.org/Page/19158","263","2095","1","0","0404230"
"Shawnee Mission Public Schools","KS","Shawnee Mission","2014","Fall","Yes (phased)","K-12 (HS MacBooks, MS/ES iPads)","Mixed (MacBook/iPad)","Board approved $20M Apple purchase January 2014 for two-phased 1:1 initiative; MacBooks for HS students and all teachers, iPads for MS students and 10 of 33 elementary schools; $50.1M invested through 2019; $12M device refresh in 2023","https://shawneemissionpost.com/2019/06/27/five-years-and-50-million-later-what-does-shawnee-mission-have-to-show-for-11-technology-initiative-80559/","http://www.shawneedispatch.com/news/2014/jan/28/shawnee-mission-school-board-approves-20-million-l/","264","2091","1","0","2011640"
"Boise School District","ID","Boise","2013","","Yes (phased)","9-12 phased (3 high schools initial)","Laptop","Selected 2012 by Idaho DOE Students Come First plan to receive student laptops starting 2013; limited to 3 of its high schools to participate; later expanded; ordered 13,000 Chromebooks May 2020 for COVID","https://www.spokesman.com/stories/2012/jun/05/32-idaho-school-districts-make-student-laptop-list/","https://www.washingtonexaminer.com/news/2203688/apnewsbreak-32-districts-make-student-laptop-list/","265","2085","1","0","1600360"
"Grand Prairie ISD","TX","Grand Prairie","2017","June","Yes","K-12","iPad","Board of Trustees approved technology implementation plan June 2017 providing 1:1 iPads to students; comprehensive tutorials and Self Service app store; iPad documents date back to June 2016 indicating earlier pilot stages","https://www.gpisd.org/Page/44298","https://www.gpisd.org/Page/36748","266","2078","1","0","4821420"
"Lake Washington School District","WA","Redmond","2012","Fall","Yes (phased)","6-12 1:1 (later K-1 iPads added)","Laptop","1:1 student laptop program for secondary students documented at Evergreen Middle as early as 2012 (Goblin virus article references student laptop program); secondary students issued laptops in 6th and 9th grade; nationally recognized leader in classroom tech for last two decades","https://www.geekwire.com/2012/goblin-virus-causing-havoc-lake-washington-students/","https://ems.lwsd.org/uploaded/Evergreen_Middle_school/file/Laptop-Handbook.pdf","267","2075","1","0","5304230"
"Poudre School District R-1","CO","Fort Collins","2010","Fall","Yes","K-12","Laptop","1 to 1 laptop initiative funded by Mill and Bond dollars approved by voters in fall 2010; one of earliest large-district 1:1 programs in CO","https://ble.psdschools.org/media-center/laptop-and-technology","https://psdschools.org/department/IT","268","2070","1","0","0803990"
"Hall County Schools","GA","Gainesville","2013 (by)","","Yes","K-12 (near 1:1)","Chromebook","Chromebooks first piloted in district around 2012-13 per 2019 Gainesville Times article (~7 years prior); Hall County is a 1:1 school district where every student is assigned a device, most often a Chromebook; March 2025 board approved $2.2M for ~6,000 new Chromebooks","https://www.gainesvilletimes.com/news/education/why-there-might-be-more-chromebooks-textbooks-hall-county-classrooms/","https://www.gainesvilletimes.com/news/education/hall-county-school-board-to-buy-nearly-6k-laptops-for-students-heres-how-much-its-going-to-cost/","269","2063","1","0","1302610"
"Rialto Unified","CA","Rialto","2017","Fall","Yes (phased)","2,3,6 initial then expanded","Chromebook","Technology overhaul over three years per 2018 article; for 2017-18 SY Chromebooks provided to grades 2, 3 and 6; over next two years class sets to all classrooms; G Suite for Education infrastructure; CAASPP catalyst","https://iecn.com/rialto-unified-upgrades-technology-enhance-student-learning/","https://kec.rialto.k12.ca.us/Page/2468","270","2055","1","0","0632370"
"Buncombe County Schools","NC","Asheville","2016","January","Yes (phased)","4-12 phased","Laptop (Lenovo ThinkPad Yoga 11e)","Digital Learning Initiative phased rollout: Phase 1 grades 4-6 January 2016, Phase 2 grades 7-9 October 2016, Phase 3 grades 10-12 August 2017; all 24,000+ students 1:1 by October 2018; Lenovo ThinkPad Yoga 11e devices","https://www.buncombeschools.org/o/bcs/page/digital-learning-initiative","https://www.buncombeschools.org/departments/technology/digital_learning_initiative/research","271","2036","1","0","3700450"
"Bay District Schools","FL","Panama City","2017","January","Yes (phased)","6-8 then expanded","Chromebook","Chromebooks introduced January 2017 to Surfside and Jinks middle schools as pilot; Mowat and Merritt Brown middle schools added following SY; middle schools and one high school 1:1 (Chromebooks); elementary and remaining high schools use carts/classroom sets","https://www.wjhg.com/content/news/Bay-District-Schools-leaders-impressed-with-Chromebook--439523013.html","https://www.bay.k12.fl.us/page/bds-launchpad","272","2035","1","0","1200090"
"Scottsdale Unified School District","AZ","Scottsdale","2016","August","Yes (phased)","K-8 Chromebook, 9-12 Windows laptop","Mixed (Chromebook/Windows laptop)","Starting August 2016 grades 3-12 received Chromebooks for science classrooms with funding from 2016 technology override; expanded to full 1:1 by 2020; K-8 students receive Chromebooks, 9-12 receive Windows laptops","https://www.yourvalley.net/scottsdale-independent/stories/yesterdays-override-pays-for-scottsdale-schools-chromebooks-today,100172","https://www.susd.org/departments/information-technology/faqs","273","2034","1","0","0407570"
"Rosemount-Apple Valley-Eagan Public Schools","MN","Rosemount","2018 (by)","","Yes","7-12 iPads (currently)","iPad","upper bound; 1:1 iPad initiative for grades 7-12 documented in operation by April 2018 (online learning success day); each student grades 7-12 provided district-owned iPad; specific launch year not surfaced in public sources","https://www.hometownsource.com/sun_thisweek/community/apple_valley/day-of-online-class-a-success-for-rosemount-apple-valley-eagan-school-district/article_998abd68-4e41-11e8-8905-e771596b1e47.html","https://www.district196.org/academics/digital-learning/11-ipad-parent-resources","274","2022","1","0","2732390"
"Houston County School District","GA","Warner Robins","2020","April","Yes","K-12","Chromebook","Houston County Board of Education provided Chromebooks for K-12 families April 2020 during COVID closures; pickup at C.B. Watson Primary, Thomson Middle, and Feagin Mill Middle; Connect Suite device program platform; Director of Technology Brian Trent since 2017","https://v1017.iheart.com/content/2020-04-05-houston-county-board-of-education-to-provide-chromebooks-for-students/","https://www.hcbe.net/deviceprogram","275","2012","1","0","1302880"
"Bibb County School District","GA","Macon","2020","August","Yes","Gr 2-12","Chromebook","One-to-One Initiative launched August 17 2020 with distribution of nearly 13000 devices to students gr2-12 who lacked home device access; plan funded by E-SPLOST approved by voters several years prior; rollout coincided with pandemic remote learning needs","https://www.13wmaz.com/article/news/local/bibb-schools-prepares-to-distribute-nearly-13000-devices-to-students/93-06392732-1f50-4cb9-9bba-e5f3059e923e","https://bchs.bibbed.org/technology/chromebooks","276","2009","1","0","1300420"
"Denton ISD","TX","Denton","2020","Spring","Yes","K-12","Chromebook","Denton ISD 1:1 Chromebook rollout began March 2020 after COVID school closures; district subsequently purchased additional Chromebooks to make district fully 1-to-1 with one dedicated district device per student","https://www.dentonisd.org/Page/102865","https://www.crosstimbersgazette.com/2021/01/25/denton-isd-distributing-chromebooks-for-each-student/","277","2007","1","0","4816740"
"Birmingham City Schools","AL","Birmingham","2008","","Yes","Gr 1-5 (XO laptops); later K-12 Chromebooks","Mixed (XO laptop then Chromebook)","City government purchased 15000 XO laptops (One Laptop Per Child) in early 2008 distributing one to every gr1-5 student to keep; faced challenges with usage rates/breakdowns; later transitioned to Chromebook program","https://www.nsf.gov/news/xo-laptops-inspire-learning-birmingham-alabama","https://www.bhamcityschools.org/domain/7785","278","2001","1","0","0100390"
"Kent School District","WA","Kent","2005","","Yes (phased)","Initial: Kent Tech Academy MS (2005); ES 1:1 by 2013; full district later","Mixed (laptop then Chromebook)","Kent started one-to-one laptop program at Kent Technology Academy at Mill Creek Middle School in 2005; went 1:1 with Chromebooks in all three elementary schools by 2013 (per Oct 2014 EdSurge); featured as model for technology in schools","https://www.edsurge.com/news/2014-10-15-technology-with-a-cause-spotlight-on-eight-seattle-districts","https://www.geekwire.com/2015/how-this-seattle-area-school-district-is-a-model-for-using-technology-in-schools/","279","2000","1","0","5303960"
"Worcester Public Schools","MA","Worcester","2020 (by)","Spring","Yes","K-12","Chromebook","upper bound; before COVID closures Worcester had 17000 leased Chromebooks intended for in-class use; district scrambled to expand take-home access for remote learning Spring 2020 (Boston Globe coverage of rocky online rollout); specific pre-COVID 1:1 take-home launch not surfaced","https://www.bostonglobe.com/2020/06/28/metro/we-failed-these-kids/","https://spectrumnews1.com/ma/worcester/news/2020/04/15/chromebooks-wps","280","1996","1","0","2513230"
"New Hanover County Schools","NC","Wilmington","2021","Fall","Yes (phased)","Y1 2021-22: Laney + New Hanover HS; Y2 2022-23: remaining HS","Laptop","NHCS One-to-One device program rolled out in phases starting 2021-22 SY when Laney and New Hanover HS received laptops; expanded 2022-23 to Ashley Hoggard Isaac Bear Wilmington Early College SEA-Tech Mosley JC Roe and Central Office","https://www.nhcs.net/divisions/technology/one-to-one","https://www.ednc.org/district/new-hanover/","281","1984","1","0","3703330"
"Lamar CISD","TX","Rosenberg","2020 (by)","","Yes (likely)","Gr 3-12","Chromebook","upper bound; Nov 2020 LCISD received $1.225M George Foundation grant for hotspots noting staff worked to ensure every student with a need received a tech device for COVID remote learning; district reports laptop ratio close to 1:1 for gr3-12; Sept 2025 launched BYOL pilot for AP/dual-credit; 2025 bond proposes $10.69M for full 1:1 gr3-12","https://www.lcisd.org/news/2020/11/22/lamar-cisd-receives-technology-therapeutic-support-grants-from-the-george-foundation","https://communityimpact.com/houston/katy-fulshear/education/2025/09/19/lamar-cisd-launches-bring-your-own-laptop-program-for-students-in-advanced-coursework/","282","1979","1","0","4826580"
"Laredo ISD","TX","Laredo","2014 (by)","","Yes","Gr 4-12 (iPads + MacBook Air access)","Mixed (iPad + MacBook Air)","Laredo ISD has had 1:1 student-to-computer ratio in high schools for over 10 years (per district); current 1:1 District-Issued Device Program provides iPads to gr4-12 for school + home plus classroom MacBook Air access; HS 1:1 dates to ~2014 or earlier (NOT United ISD which is rank 137)","https://sites.google.com/laredoisd.org/lisdit/11-district-issued-device-program","https://www.laredoisd.org/article/803532","283","1972","1","0","4826790"
"Onslow County Schools","NC","Jacksonville","2012","Fall","Yes (phased)","2012-13: gr 7-9; 2013-14: +5+10; 2014-15: +4+6+11; 2015-16: +3+12 (full)","Laptop (Dell)","OCS phased Windows laptop rollout: gr 7-9 in 2012-13 added gr 5+10 in 2013-14 added gr 4+6+11 in 2014-15 added gr 3+12 in 2015-16 completing 1:1 K-12; ~20000 Dell laptops deployed with $25 fee; featured by Microsoft as tech leader","https://www.microsoft.com/en-us/industry/microsoft-in-business/business-transformation/2018/05/23/how-onslow-county-engages-students-with-windows-10-and-office-365/","https://www.onslow.k12.nc.us/Page/20663","284","1965","1","0","3703450"
"Madison Metropolitan School District","WI","Madison","2018","Fall","Yes (phased)","Phased 2018-19+; full 1:1 by ~2019","Chromebook","Ignite Technology Plan ($31M five-year plan) called for 1-to-1 device-to-student ratio by 2018-19 SY; nine schools rolled out devices in early Feb (Allis Franklin Lapham Lindbergh ES; Blackhawk Cherokee Sherman MS; gr9 at La Follette HS); every MMSD student now receives a Chromebook","https://www.madison.k12.wi.us/instructional-technology/ignite-technology-plan","https://communications.madison.k12.wi.us/toki-students-ignite-their-learning-new-chromebooks","285","1963","1","0","5508520"
"McAllen ISD","TX","McAllen","2011","Fall","Yes","K-12 (all grades all campuses)","Mixed (iPad then Chromebook)","McAllen ISD became one of largest US districts to provide individual learning devices to all students at every campus in 2011; 2012 rolled out 2nd-largest educational iPad deployment in world per Forbes; began transition from iPads to Chromebooks 2015 for upper grades; full Chromebook switch Dec 2021","https://texasborderbusiness.com/chromebooks-rolled-out-for-students-in-grades-3-5/","https://www.anjournal.com/opinion-school/mcallen-isd-ipads-everyone","286","1961","1","0","4829670"
"Providence Public Schools","RI","Providence","2020 (by)","","Yes","Gr 3-12","Chromebook","upper bound; by 2020 nearly all students gr3-12 had district-provided electronic device (typically Chromebook) per Boston Globe; specific pre-COVID 1:1 launch year not surfaced in public sources; PPSD Tech Plan 2020-2024 documents Chromebook fleet","https://www.bostonglobe.com/2020/03/18/metro/theres-no-playbook-this-providence-schools-contend-with-another-crisis/","https://www.providenceschools.org/cms/lib/RI01900003/Centricity/Domain/208/PPSD%20Tech%20Plan%202020%20to%202024%20V4.pdf","287","1953","1","0","4400900"
"Yonkers Public Schools","NY","Yonkers","2020","Fall","Yes (loan)","K-12 (priority high-needs first)","Chromebook","YPS Laptop Loan Program began Sept 2020 with 5000 laptops + 4200 incoming Chromebooks; district stated it was not a 1:1 district; by Jan 2021 distributed 8000 laptops; priority for Special Education + Multilingual learners; one device per family limit; not full 1:1","https://www.yonkerspublicschools.org/laptoploanprogram","https://yonkerstimes.com/nation-shortage-of-tablets-a-challenge-for-yps-and-all-schools/","288","1952","1","0","3631920"
"Carroll County Public Schools","MD","Westminster","2020 (by)","","Yes","K-12","Chromebook","upper bound; CCPS has 1:1 laptop program with cases ordered for students 1:1 laptops; Chromebook for every student is documented but specific district-wide launch year not surfaced in public sources; likely COVID-era expansion","https://www.carrollk12.org/operation/technology-services","https://www.carrollk12.org/","289","1952","1","0","2400210"
"Livingston Parish Public Schools","LA","Livingston","2020 (by)","","Yes (likely)","K-12","Chromebook","upper bound; LPPS Technology Department supports student Chromebooks; specific district-wide 1:1 launch year not surfaced in public sources; likely COVID-era expansion","https://www.lpsb.org/our_district/departments/technology_department","https://www.lpsb.org/","290","1946","1","0","2201020"
"Akron Public Schools","OH","Akron","2018","Fall","Yes (phased)","Gr 6-8 take-home; gr 9-11 take-home daily; K-5 cart","Chromebook","APS Chromebook fees implemented Dec 3 2018 indicating 1:1 program operational by 2018-19 SY; tiered model: K-5 in classroom carts gr 6-8 issued Chromebooks taken home daily gr 9-11 issued for daily take-home throughout SY; recent 2024-25 changes restrict K-8 summer take-home","https://www.akronschools.com/divisions/information-technology/chromebooks","https://innesclc.akronschools.com/news/2018-2019_news_archive/a_p_s_district_chromebook_fees","291","1933","1","0","3904348"
"Public Schools of Robeson County","NC","Lumberton","2020 (by)","","Yes (likely)","K-12","Chromebook","upper bound; Robeson County used ESSER funds (received $156.6M) for student Chromebook program; per NC DPI report prior to ESSER only 16 NC districts had 1:1 ratio - most bought Chromebooks 2020-21 with pandemic relief; 100% of NC traditional districts now 1:1; specific launch year not pinned","https://www.robeson.k12.nc.us/article/2191638","https://www.ednc.org/1-12-2026-some-districts-struggle-to-replace-student-digital-devices-due-to-funding-issues-report-says/","292","1932","1","0","3703930"
"Evergreen Public Schools","WA","Vancouver","2017","Fall","Yes (phased)","Initial 2017-18: gr 6-12; 2017+: expanded to gr 3-12","Chromebook (with parent laptop)","Evergreen Public Schools began 1:1 technology initiative in 2017 giving 6th-graders through HS seniors Chromebooks for class + home use; 2017 expanded to put laptops in hands of all students gr3-senior; also doled out laptop for parent use","https://www.columbian.com/news/2017/oct/02/evergreen-public-schools-doles-out-laptop-for-use-by-students-parents/","https://www.columbian.com/news/2017/jun/24/evergreen-schools-transition-from-paper-to-pixels/","293","1930","1","0","5302700"
"Vista Unified","CA","Vista","2014","Fall","Yes (phased)","Initial 2014-15 pilot 6 schools; expanded; full HS 4-year keep","Mixed (iPad + Chromebook)","Personalized Learning initiative with Apple iPads and Chromebooks at six pilot schools (Casita Temple Heights Vista Visions Rancho Minerva VIDA MS Vista HS) launched 2014-15 with iPads ready to check out Oct 3 2014; teachers trained since May 2014; current Vista HS Chromebooks assigned to incoming students kept all 4 years","https://www.nextgenlearning.org/articles/vista-unified-sets-sights-on-personal-learning-2-0-powerful-performance-frameworks","https://thecoastnews.com/ipad-donations-are-a-game-changer-for-vista-students/","294","1927","1","0","0641190"
"McKinney ISD","TX","McKinney","2014","Fall","Yes (phased)","Initial 2014: gr9 MacBook; full gr 3-12 by 2017-18+","MacBook (Apple)","Since 2014 MISD issues MacBook to every 9th-grade student for use throughout 4 years of HS as 1:World initiative; deployment fully implemented by 2017-18 SY; expanded to gr3+ on 5-year refresh cycle (NOT Chromebook district)","https://www.cbsnews.com/texas/news/technology-expansion-mckinney-isd-to-issue-macbooks-for-students-grades-3-12/","https://www.schools.mckinneyisd.net/mhs/one-2-the-world/mckinney-isds-1the-world/","295","1922","1","0","4829850"
"Springfield Public Schools","MO","Springfield","2017","Fall","Yes (phased)","Phased over 3 years; full 1:1 K-12 by 2017-18","Mixed (Chromebook + iPad)","Springfield R-XII Ignite 1:1 initiative had been in works for three years adding more schools each year; for first time every SPS student received a Chromebook or iPad in 2017-18 SY (Aug 2017 article); largest school system in MO","https://www.ky3.com/content/news/Every-SPS-student-receives-a-Chromebook-or-iPad-this-school-year-439493983.html","https://varconnection.dstewart.com/2018/07/11/springfield-public-schools-ignite-culture-of-innovation-through-11-initiative/","296","1922","1","0","2928860"
"Richland School District Two","SC","Columbia","2000","","Yes (phased)","Initial 2000 first 1:1 classroom; phase 1 gr5-6 + HS carts; full by Fall 2013","Chromebook (after early laptops)","Richland Two had its first one-to-one classroom in 2000; phased expansion adding grades and schools; phase 1 went 1TWO1 in gr5-6 with Chromebook carts at HS; entire process took 1.5 years and rollout completed Fall 2013 with 22500 Chromebooks in use; 1TWO1 program now serves 23000+ students gr3-12","https://www.intel.com/content/www/us/en/education/k12/chromebook-success-in-richland-county.html","https://en.wikibooks.org/wiki/One-to-One_Laptop_Schools/South_Carolina","297","1906","1","0","4503390"
"Douglas County School System","GA","Douglasville","2020 (by)","","Yes","K-12","Chromebook","upper bound; 2019 board approved $1M to buy 5000 Chromebooks (had ~1300 across 35 schools at time) moving toward one to one; full 1:1 likely achieved during/after 2020 COVID-era; specific full-rollout date not pinned (NOT Douglas Co CO)","https://www.mdjonline.com/neighbor_newspapers/west_georgia/news/douglas-school-board-considers-million-for-new-chromebooks/article_56897146-15cc-11e9-8f57-37d5e2660324.html","https://www.dcssga.org/news/what_s_new/learning_devices_for_all_students","298","1899","1","0","1301860"
"Tustin Unified","CA","Tustin","2013","","Yes (phased)","ES + MS iPads; HS Toshiba Portege then Lenovo + Chromebook","Mixed (iPad + Toshiba/Lenovo + Chromebook)","Under Measure S local taxation TUSD adopted technology program 2013 deploying Apple iPads + Chromebooks at ES/MS and Toshiba Portege at HS; BYOD pilot ran Dec 2012-Jan 2013; by 2015-16 ~24000 student devices deployed K-12; 2019 update signed with Apple again for ES/MS","https://en.wikipedia.org/wiki/Tustin_Unified_School_District","https://www.tustin.k12.ca.us/uploaded/District_Office/Superintendent_Office/TUSD_At_a_Glance_Brochure_-_Rev_9-20-16_-_Web_Version.pdf","299","1897","1","0","0640150"
"Stafford County Public Schools","VA","Stafford","2020","Summer","Yes","K-12","Chromebook","June 2020 Stafford County Board of Supervisors approved purchase of 9000 Chromebooks ($1.1M CARES Act funded) allowing all students to have a device; prior 2018 purchase placed Chromebooks in HS social studies + ESOL classrooms; 2020 purchase achieved district-wide 1:1","https://www.potomaclocal.com/2020/06/18/stafford-approves-purchase-of-9000-chromebooks-allowing-all-students-to-have-a-device/","https://www.staffordschools.net/about-us/departments/technology","300","1893","1","0","5103660"
"Santa Rosa County School District","FL","Milton","2020","Fall","Yes","K-12","Chromebook","District announced all K-12 students would receive free Chromebook for 2020-21 school year","https://www.fox35orlando.com/news/all-k-12-students-in-one-florida-county-will-receive-a-free-chromebook-computer-for-the-year-district-says","https://www.santarosaschools.org/page/information-technology","301","1882","1","0","1201650"
"Las Cruces Public Schools","NM","Las Cruces","2020","Spring","Yes (likely)","K-12","Laptop/Chromebook","District distributed thousands of laptops during COVID-19 school closure in April 2020; pre-pandemic 4500 students lacked a laptop suggesting no prior 1:1","https://kvia.com/news/education/2020/04/08/las-cruces-schools-distribute-thousands-of-student-laptops-for-distance-learning/","https://www.lcps.net/page/technology-support-services","302","1876","1","0","3501500"
"Placentia-Yorba Linda Unified","CA","Placentia","","","Yes (likely)","K-12","Chromebook","District had BYOD program from 2015-16; chromebook carts noted for grades 3-6 in 2015; full 1:1 year unclear; COVID likely accelerated","https://www.pylusd.org/apps/pages/index.jsp?uREC_ID=184879&type=d&pREC_ID=728490","https://pylusd.edlioschool.com/ourpages/scac-minutes/SCAC%20Meeting%20Notes%202015-16/SCAC%20Minutes%2009_%2028_%2015.pdf","303","1875","1","0","0630660"
"Glendale Unified","CA","Glendale","2020","","Yes","K-12","Chromebook","Began buying chromebooks in 2013-14 (one-time funds); 2017 board approved sustainability plan for 10000 chromebooks at 3:1 ratio; went 1:1 during COVID with emergency purchase of 18000 more chromebooks","https://outlooknewspapers.com/glendalenewspress/technology-refresh-plan-for-school-district-approved/article_be773105-e282-4663-8986-1c48a2a73e71.html","https://gusd.net/43897_3","304","1871","1","0","0615240"
"Aiken County Public Schools","SC","Aiken","2019","Fall","Yes (phased)","K-12","Chromebook","Personalized Digital Learning Initiative provides 1:1 devices; one school noted being in 'year two of three-year rollout' in 2019-20 SY; district-wide rollout estimated 2018-2021","https://core-docs.s3.us-east-1.amazonaws.com/documents/asset/uploaded_file/4726/district/4745108/ACPSD_Personalized-Digital_Learning_Parent-Student_Guide_2024-2025_80232024.pdf","https://www.acpsd.net/domain/11038","305","1870","1","0","4500720"
"Cajon Valley Union School District","CA","El Cajon","2014","Fall","Yes","K-8","Chromebook","District implemented 1:1 blended learning model starting in 2014; all K-8 students have Chromebooks assigned; 1:1 Take-Home program documented","https://www.gaggle.net/case-studies/cajon-valley-union-school-district","https://www.cajonvalley.net/1to1takehome","306","1869","1","0","0606810"
"Colton Joint Unified","CA","Colton","2020 (by)","","Yes (likely)","K-12","Chromebook","District has 1:1 Chromebook program; no firm pre-pandemic launch date found; COVID-era expansion likely triggered full 1:1","https://www.cjusd.net/departments-services/educational-services-division/information-technology","","307","1860","1","0","0609390"
"Rapides Parish School Board","LA","Alexandria","","","Partial","K-12","Mixed","District operates BYOT (Bring Your Own Technology) program; no evidence of district-issued 1:1 device program found; some schools purchased chromebook carts","http://rpsb.us/technology/byot.htm","https://www.rpsb.us/departments/technology","308","1856","1","0","2201290"
"Palm Springs Unified","CA","Palm Springs","2020 (by)","","Yes (phased)","3-12","Chromebook","Currently 1:1 for grades 3-12 with take-home chromebooks; TK-2 use chromebooks in school only; no firm launch year for 1:1 found","https://www.psusd.us/departments/t/technology/devices/chromebooks","https://www.psusd.us/","309","1846","1","0","0629550"
"Richmond City Public Schools","VA","Richmond","2020","Spring","Yes","K-12","Chromebook","Distributed 16000 chromebooks to students in spring/summer 2020; received $4.2M regional fund for 10000 more chromebooks; COVID-era 1:1 launch","https://www.wtvr.com/news/local-news/richmond-public-school-students-will-get-chromebooks-through-4-2-million-regional-fund","https://www.rvaschools.net/students-families/student-technology-support","310","1840","1","0","5103240"
"Evansville Vanderburgh School Corporation","IN","Evansville","2008","Fall","Yes (phased)","K-12","Laptop/Chromebook","High schools went 1:1 in 2008 (second-largest deployment in nation at time); district fully K-12 1:1 by ~2012; currently distributes chromebooks and iPads","https://businessviewmagazine.com/evansville-vanderburgh-school-corporation-city-evansville-vanderburgh-county-indiana/","https://www.evscschools.com/academics/academics/technology","311","1827","1","0","1803450"
"Hayward Unified","CA","Hayward","2020","Spring","Yes (likely)","K-12","Chromebook","Distributed chromebooks to students in April 2020 for COVID distance learning; no evidence of prior 1:1 program found","https://www.husd.us/pf4/cms2/news_themed_display?id=1586081815629","https://www.husd.us/departments/eit","312","1818","1","0","0616740"
"Alamance-Burlington Schools","NC","Burlington","2020","Spring","Yes (phased)","K-12","Chromebook","Provided chromebooks to all high school and 8th grade students at COVID shutdown in March 2020; eventually distributed 17000 chromebooks and 3500 hotspots district-wide","https://www.wfmynews2.com/article/sports/high-school/alamance-burlington-school-system-to-provide-students-with-chrombooks-during-ordered-school-closure/83-4812d622-4da5-46b9-aaa1-20fcb977aaec","https://www.abss.k12.nc.us/page/technology","313","1817","1","0","3700030"
"Oxnard School District","CA","Oxnard","2020 (by)","","Yes","TK-8","Chromebook","District has 1:1 TK-8 program with personal electronic device per student; no firm pre-pandemic launch year found; COVID-era expansion likely","https://www.oxnardsd.org/","https://sites.google.com/opusd.org/1to1cbprogram/home","314","1816","1","0","0629220"
"Panama-Buena Vista Union","CA","Bakersfield","2020","Fall","Yes","K-8","Chromebook","COVID 2020: district expanded chromebook plan to cover all grades K-8; initially only planned for grades 3-6; 2020-21 confirmed enough devices for all grades","https://bakersfieldnow.com/news/local/bcsd-not-the-only-district-with-first-day-of-school-struggles","https://www.pbvusd.k12.ca.us/apps/pages/index.jsp?uREC_ID=1761080&type=d&pREC_ID=2018743","315","1812","1","0","0606390"
"Lake Elsinore Unified","CA","Lake Elsinore","2020 (by)","","Yes (likely)","K-12","Chromebook","No firm launch year found; district has 1:1 device program; COVID-era acquisition likely","https://www.leusd.k12.ca.us/","","316","1811","1","0","0600027"
"Pitt County Schools","NC","Greenville","2020","Spring","Yes","K-12","Chromebook","Distributed chromebooks to students for COVID remote learning in March/April 2020; 21-22 Student Device Agreement confirms ongoing 1:1 program","https://www.pitt.k12.nc.us/Page/6273","https://www.pitt.k12.nc.us/Page/6262","317","1797","1","0","3700012"
"Charles County Public Schools","MD","La Plata","2020","Fall","Yes (phased)","K-12","Laptop","1:1 program launched 2020 using CARES Act and Maryland Coronavirus Relief Fund; high school first (9000 laptops) then middle school (7000 laptops); elementary phased in","https://thebaynet.com/articles/0720/charles-county-public-schools-to-provide-enhanced-devices-technology-access.html","https://www.ccboe.com/academics/technology-guides-for-students-and-parents/school-issued-device-program","318","1797","1","0","2400270"
"Columbia County School District","GA","Evans","2016 (by)","Fall","Yes (likely)","K-12","Chromebook","Superintendent identified technology as main focus in 2016; BYOT program documented; no firm district-wide 1:1 launch year confirmed","http://www.ccboe.net/pages/Columbia_County/Bring_Your_Own_Technology","https://www.ccboe.net/apps/pages/index.jsp?uREC_ID=1197243&type=d&pREC_ID=1440975","319","1796","1","0","1301410"
"Manteca Unified","CA","Manteca","2015","Spring","Yes","K-12","Laptop","Going Digital project: deployed 23000 Panasonic 3E 2-in-1 Windows devices district-wide in spring 2015; $30 million initiative announced in 2014","https://thejournal.com/articles/2015/02/03/california-district-deploys.aspx","https://blogs.edweek.org/edweek/DigitalEducation/2014/07/california_school_district_pur.html","320","1787","1","0","0623610"
"Midland ISD","TX","Midland","2020 (by)","","Yes","PreK-12","Mixed","itech program: iPads for PreK-1; chromebooks for grades 2+; 2023-24 1:1 deployment FAQ confirms current 1:1; no firm launch year found; COVID-era likely","https://www.midlandisd.net/departments/technology/news/technology-news/2023-2024-11-one-to-one-deployment-faq","https://www.midlandisd.net/departments/technology/itech/ipad-apple-classroom","321","1776","1","0","4830570"
"Dearborn Public Schools","MI","Dearborn","2019 (by)","Fall","Yes (likely)","K-12","Chromebook","September 2019 blog post shows chromebook use for young learners; COVID 2020 limited to one per family (not full 1:1); likely phased pre-pandemic 1:1 by 2019","https://techcoaches.dearbornschools.org/2019/09/04/getting-started-with-chromebooks-for-our-young-learners/","https://dearbornschools.org/services/student-learning-online-chromebook-care-usage-handbook/","322","1776","1","0","2611600"
"Pflugerville ISD","TX","Pflugerville","2020","Fall","Yes","K-12","Chromebook","July 2020: board approved $4.5M chromebook purchase; prior to 2020 students had access to devices at school but not individual take-home; 2020-21 was first 1:1","https://communityimpact.com/austin/northwest-austin/education/2020/07/17/trustees-approve-up-to-45-million-in-new-tech-for-pfisd-students-for-remote-learning/","https://www.pfisd.net/about-us/departments/technology/technology-support/chromebook-support-clone","323","1772","1","0","4834830"
"Iredell-Statesville Schools","NC","Statesville","2014","Fall","Yes (phased)","6-12","Laptop","IMPACT grant (Race to Top $20M): MacBook Airs distributed to all middle and high school students; final devices handed out September 2014; grant announced December 2012","https://statesville.com/news/iredell-students-charging-boldly-toward-new-future/article_2a87ede4-573e-11e4-8033-001a4bcf6878.html","https://www.issnc.org/about/grants-awards/impact-grant","324","1769","1","0","3702310"
"Spotsylvania County Public Schools","VA","Spotsylvania","2020 (by)","","Yes (likely)","K-12","Chromebook","No firm launch year found; district has student device program; COVID-era acquisition likely given Virginia's 2020 remote learning mandates","https://www.spotsylvania.k12.va.us/","","325","1767","1","0","5103640"
"Modesto City Elementary","CA","Modesto","2020","Spring","Yes","TK-6 (elementary only)","Chromebook","COVID-era 1:1; district distributed 15,000+ Chromebooks Apr 2020 for distance learning; became 1:1 district; MCS Ed Tech Explorers training launched 2021 to sustain 1:1 momentum","https://www.abc10.com/article/news/health/coronavirus/modesto-city-schools-giving-out-15000-chromebooks-to-aid-in-distance-learning/103-797fba4f-30cc-41f2-b3dd-2dc3b4f11252","https://iste.org/blog/how-modesto-city-schools-boosted-student-learning-outcomes","326","1766","1","0","0625130"
"Birdville ISD","TX","Haltom City","2013","Spring","Yes (phased)","Grades 6-12 take-home; elementary classroom sets","Chromebook","Spring 2013 pilot at North Richland Middle School; district 1:1 for grades 6-12; elementary has shared classroom-set Chromebooks only","https://www.birdvilleschools.net/domain/4748","","327","1762","1","0","4810230"
"Alhambra Elementary School District","AZ","Phoenix","","","Yes (likely)","PK-8","Mixed (iPad/laptop)","District provides students access to district iPad or laptop per technology page; no specific launch year confirmed in web search","https://www.alhambraesd.org/page/technology","","328","1760","1","0","0400600"
"Dorchester School District Two","SC","Summerville","2020 (by)","","Yes","PK-12","Chromebook","All PK-12 students issued devices: Pre-K iPads; K-12 Lenovo 300e Yoga Chromebooks with case; take-home program; 3-4 year rotation cycle; no pre-COVID launch year confirmed","https://www.ddtwo.org/district/handbooks-guides/student-device-handbook","https://www.ddtwo.org/district/departments/educational-technology-services/instructionaltechnology/devicesupport","329","1754","1","0","4502010"
"Osseo Public Schools (ISD 279)","MN","Maple Grove","2017","Fall","Yes","K-12","Mixed (iPad/Chromebook)","Digital Learning Plan with 1:1 K-12 device program; voter-approved technology levy (~$8M/yr); news article notes digital learning expansion began 2016-17 SY; iPads for younger grades with cases, Chromebooks with sleeves for older","https://www.osseoschools.org/academics/digital-learning","https://www.hometownsource.com/press_and_news/news/local/osseo-parent-questions-increased-classroom-technology-use/article_c6eff5a9-7a70-4ddb-8d7b-09c22e0eb269.html","330","1753","1","0","2725200"
"Hernando County School District","FL","Brooksville","2022","Fall","Yes","K-12","Laptop (Windows/Microsoft 365)","School board approved laptop purchase May 2022; 1:1 rollout for 2022-23 SY; 3,691 devices to K-8, 2,828 to MS, 2,764 to HS per March 2023 workshop; pandemic revealed need for home access","https://www.hernandosun.com/2022/05/06/school-board-approves-laptop-purchase-for-every-student/","https://www.hernandosun.com/2023/03/18/one-to-one-devices-roll-out/","331","1748","1","0","1200810"
"Bridgeport Public Schools","CT","Bridgeport","2020","Spring","Yes (likely)","HS (then K-12)","Laptop","Partnership for CT distributed ~60,000 Dell laptops to HS students in 33 lowest-performing CT districts incl. Bridgeport starting May 2020; CT Gov. Lamont announced full PK-12 delivery of 141,000 devices Dec 2020","https://ctmirror.org/2020/03/23/laptops-headed-to-students-in-struggling-school-districts-so-learning-can-resume/","https://portal.ct.gov/Office-of-the-Governor/News/Press-Releases/2020/12-2020/Governor-Lamont-Announces-Full-Delivery-of-141000-Laptops-To-PK12-Students","332","1746","1","0","0900450"
"Judson ISD","TX","Live Oak","2020","August","Yes","PK-12","Chromebook","July 7 2020 board vote authorized $3.75M for 1:1 Chromebooks for all students PK-12; distribution began Aug 2020 for virtual/blended learning; COVID-driven initiative","https://news4sanantonio.com/news/local/judson-isd-begins-distributing-chromebooks-for-virtual-learning","","333","1744","1","0","4824990"
"Lexington School District One","SC","Lexington","2020 (by)","","Yes","Grades 3-12","Chromebook","District issues Chromebooks to students; technology hub page focused on grades 3-5; not BYOD district; no confirmed pre-COVID launch year found in web searches","https://www.lexington1.net/Page/2892","https://www.lexington1.net/departments/information-technology","334","1744","1","0","4502700"
"Millard Public Schools","NE","Omaha","2017","January","Yes (phased)","Grades 9-12 (Jan 2017); Grades 6-8 by Aug 2018; elementary iPads","Laptop (HP 360 Windows touch-screen)","Jan 2017: ~8,000 HP 360 touch-screen Windows laptops distributed to grades 9-12 at 4 high schools; $2.6M cost ($327/device); middle school phase-in by Aug 2018; elementary students use iPads","https://omaha.com/news/education/millard-public-schools-to-issue-each-high-school-student-a/article_4e25ef66-53c3-562f-841b-838a6c8dd8bb.html","https://www.washingtontimes.com/news/2016/dec/24/school-district-to-give-each-high-school-student-l/","335","1739","1","0","3173740"
"Vancouver Public Schools","WA","Vancouver","2013","Spring","Yes (phased)","Grades 3-12","Mixed (iPad 2013-2019; Chromebook for HS from 2019)","Spring 2013: 6th-graders at Alki MS received iPads (weLearn 1:1 pilot via voter-approved tech levy); district-wide Gr 3-12 completed ~2015; fall 2019 HS switched to 8,000 Acer Chromebooks (TEQLEASE lease)","https://vansd.org/welearn-1-1/","https://www.columbian.com/news/2019/may/29/vancouver-public-schools-trading-ipads-for-chromebooks/","336","1730","1","0","5309270"
"Newport-Mesa Unified","CA","Costa Mesa","2018 (by)","","Yes","Grades 3-12","Chromebook","1:1 Chromebook program confirmed active; referenced in 2018 board election context as accomplishment; Chromebooks assigned per student for life of device (3rd-grader keeps through 6th grade); no firm earlier launch year found","https://sites.google.com/nmusd.us/nmusdcb/faqs","","337","1724","1","0","0627240"
"Arlington County Public Schools","VA","Arlington","2014","Fall","Yes (phased)","Grades 2-12 (phased 2014-2017); all PreK-12 by 2020","Mixed (iPad/MacBook Air then Chromebook)","Fall 2014 'personalized digital learning initiative' launched quietly; by March 2015: 3,800 iPad Airs + 1,700 MacBook Airs; strategic goal of 1:1 for all Gr 2-12 by 2017; COVID Aug 2020 expanded to all PreK-12","https://www.arlnow.com/2015/03/03/aps-has-5500-tablets-and-laptops-for-individual-student-use/","https://www.arlnow.com/2014/08/27/aps-to-give-hs-freshmen-macbooks/","338","1720","1","0","5100270"
"Elizabeth Public Schools","NJ","Elizabeth","2020 (by)","","Yes","Grades 2-12","Laptop (HP Fortis/ProBook)","1:1 district (HP laptops for all students); distributed 29,000+ devices during COVID pandemic; no confirmed pre-COVID 1:1 program year found; Future Ready Schools designation","https://www.epsnj.org/departments/technology-and-information-systems/information-technology","","339","1719","1","0","3404590"
"Mesa County Valley School District 51","CO","Grand Junction","2018","","Yes","K-12","Chromebook","2017 mill and bond levy approved by voters; district achieved 1:1 Chromebook goal for every K-12 student by 2018; E-Rate grant later funded 9,000 replacement Chromebooks for elementary schools","https://mix1043fm.com/every-single-district-51-student-now-will-now-have-a-chromebook/","https://www.kjct8.com/content/news/Gr8-News-Grant-provides-Chromebooks-to-D51-students-373935281.html","340","1719","1","0","0804350"
"San Marcos Unified","CA","San Marcos","2018 (by)","","Yes","K-12","Chromebook","District checks out Chromebooks to all students for school and home use; optional $25 insurance; device assigned for life (3rd-grader keeps through 6th grade); referenced in 2018 context; no firm earlier year found","https://www.smusd.org/news/what_s_new/optional_chromebook_insurance","https://sites.google.com/smusd.org/smusdtechtutorials/home","341","1719","1","0","0634880"
"Lancaster School District","CA","Lancaster","2020 (by)","","Yes (likely)","K-8","Chromebook","Elementary K-8 district; state and district Chromebook distributions documented for CA districts in COVID spring 2020; no specific pre-COVID 1:1 launch year confirmed for this district","https://www.lancsd.org/Families/California-K-12-Digital-Resources/index.html","","342","1716","1","0","0620880"
"Moore Public Schools","OK","Moore","2020","Fall","Yes","Grades 7-12","Mixed (Chromebook JH; Windows laptop HS)","MPS:1 initiative launched 2020-21 SY: Dell 3100 Chromebooks for all junior high students; Dell 3190 Windows laptops for all high school students; elementary not confirmed 1:1","https://edtech.mooreschools.com/support/mps-1","","343","1709","1","0","4020250"
"Hurst-Euless-Bedford ISD","TX","Bedford","2020 (by)","","Yes","Grades 2-12","Mixed (Chromebook/iPad)","1:1 initiative; grades 2-12 assigned district device (Chromebook or iPad by grade/program); COVID SY 2020-21 device distribution documented; Bedford HS had dedicated Chromebook 1:1 program page pre-COVID; no firm pre-2020 year confirmed","https://www.hebisd.edu/domain/1221","http://www.bedfordhighschool.org/chromebook-1-to-1-program","344","1704","1","0","4824060"
"Huntsville City Schools","AL","Huntsville","2012","Fall","Yes","Grades 3-12 (laptop); K-2 (iPad/tablet)","Laptop (HP) transitioning to Chromebook","Fall 2012: largest 1:1 digital learning rollout in US at that time; HP laptops for Gr 3-12 via Pearson digital curriculum platform; iPads/tablets for K-2; 1,600+ teachers trained; district later added Chromebook initiative (~2015)","https://whnt.com/2016/04/07/huntsville-city-schools-digital-initiative-leads-to-phasing-out-of-textbooks/","https://bjhspatriotpages.com/news/2012/09/27/huntsvilles-digital-downfall/","345","1691","1","0","0101800"
"Fairfield-Suisun Unified","CA","Fairfield","2020 (by)","","Yes (likely)","K-12","Mixed (Chromebook/tablet/iPad)","District provides each student one or more learning devices (Chromebooks, Android tablets, or iPads); no specific launch year confirmed; COVID-era deployment most likely given no pre-pandemic sources found","https://www.fsusd.org/o/fsusd/page/hardware-software-and-other-electronic-systems","","346","1688","1","0","0613360"
"Washington County Public Schools","MD","Hagerstown","2020 (by)","","Yes","K-12","Chromebook","All students provided Chromebooks; Gr 1-5 devices kept at school; Gr 6-12 take-home; no specific launch year confirmed in searches; COVID-era rollout most likely","https://www.wcpsmd.com/departments/technology/student-devices","","347","1686","1","0","2400660"
"Pajaro Valley Unified","CA","Watsonville","2019 (by)","","Yes","K-12","Chromebook","Pre-COVID 1:1 confirmed: May 2020 EdPolicy report notes district 'already had Chromebook for every child + 250 hotspots' pre-COVID as part of personalized learning; 2019/20 student Chromebook agreement document found; PVHS is 1:1 take-home site","https://www.pvusd.net/Departments/Business-Services/Technology/Take-Home-Chromebooks/index.html","https://edpolicyinca.org/publications/covid-19-crisis-response-pajaro-valley-started-listening-families","348","1685","1","0","0629490"
"Madera Unified","CA","Madera","2020","Spring","Yes","K-12","Chromebook","Spring 2020: large-scale Chromebook distribution by MUSD staff documented on Facebook; 16,000+ Chromebooks distributed during COVID school closure; became 1:1 district; 2021 MCS Ed Tech training program to sustain momentum","https://www.facebook.com/MaderaUnified/videos/chromebook-distribution-by-musd-staff/224688548793604/","https://edsource.org/2021/map-california-chromebook-distribution-during-covid-19/653297","349","1683","1","0","0623340"
"Sioux Falls School District","SD","Sioux Falls","2013","Fall","Yes","Grades 3-12 (Chromebook); K-2 (iPad classroom sets)","Chromebook","Fall 2013 Student Technology Initiative: 18,000 Chromebooks loaned to every student Gr 3-12; first district in SD with 1:1 Chromebooks; $4.5M cost; iPads added for K-2 classrooms in 2014 phase 2; research foundation from 2011-12 teacher grants","https://sdncommunications.com/blog/student-technology-initiative-unfolding-smoothly-in-sioux-falls","https://rapidcityjournal.com/news/sioux-falls-schools-to-buy-chromebooks-ipads/article_742a4e91-adc0-58ad-9498-c646438696bd.html","350","1681","1","0","4666270"
"Bossier Parish Schools","LA","Bossier City","","","Yes (likely)","Not specified","Chromebook","District has 12,000 managed devices across 36 campuses/22,500 students; virtual learning program issues Chromebooks; no confirmed district-wide 1:1 launch year found","https://www.bossierschools.org/page/technology","https://sites.google.com/bossierschools.org/educationaltechnology/about/technology-team","351","1679","1","0","2200270"
"Torrance Unified","CA","Torrance","2020","Spring","Yes","K-12","Chromebook","COVID-era Spring 2020: 20,000+ Chromebooks distributed for distance learning; now phasing back from full take-home (Madrona MS shifted to in-school-only 2025-26 due to high damage)","https://insider.govtech.com/california/news/schools-struggle-as-chromebooks-reach-expiration-date","https://www.tusd.org/","352","1676","1","0","0639420"
"Syracuse City School District","NY","Syracuse","2020","Spring","Yes","K-12","Mixed (laptop/Chromebook/tablet)","COVID Spring 2020: distributed laptops, Chromebooks, tablets district-wide; Sep 2020 virtual start had 2,500 laptops + 400+ hotspots available; prior to 2020 no confirmed district 1:1","https://www.wrvo.org/education/2020-09-15/syracuse-school-district-says-laptops-available-as-some-parents-say-theyre-still-waiting","https://www.syracusecityschools.com/districtpage.cfm?pageid=615","353","1674","1","0","3628590"
"Victor Elementary School District","CA","Victorville","2020 (by)","","Yes (likely)","K-6","Chromebook","Elementary-only (K-6) district; provides Chromebooks to students; COVID 2020 likely trigger for broad 1:1; IS program offers district-provided Chromebook take-home; no pre-COVID district-wide 1:1 announcement found","https://www.vesd.net/","http://victor.ss12.sharpschool.com/chromebooks","354","1672","1","0","0641040"
"Oceanside Unified","CA","Oceanside","2020 (by)","","Yes (likely)","K-12","Chromebook","Student Chromebook Program in place; Measure W bond approved Nov 2020 for facility/tech; COVID-era distribution likely triggered district-wide 1:1; no earlier confirmed launch date found","https://www.oside.us/departments/information-technology-services-its/student-chromebook-program","https://www.oside.us/departments/information-technology-services-its","355","1671","1","0","0628250"
"Hartford Public Schools","CT","Hartford","2016","March","Yes (phased)","Initial: Bulkeley HS gr11-12; expanded district-wide via CT Everybody Learns 2020","Chromebook","March 2016 first-ever Chromebook Kickoff at Bulkeley HS: 260 gr11-12 students got take-home devices; district-wide 1:1 via CT Everybody Learns July 2020 ($43.5M); Dec 2020: 95% of HPS students had 1:1 device access","https://www.hartfordschools.org/our-schools-chromebook-kickoff-event-brings-hands-on-learning-devices-to-over-260-bulkeley-high-school-students/","https://portal.ct.gov/sde/press-room/press-releases/2020/governor-lamont-announces-the-everybody-learns-initiative","356","1669","1","0","0901920"
"Dayton Public Schools","OH","Dayton","2016","Fall","Yes (phased)","Grades 3-8 Fall 2016 (in-school); HS added 2017-18; full K-12 take-home 2020","Chromebook","Pilot March 2016 at 3 schools; Fall 2016 launched gr3-8 one-to-one (kept at school); HS phased in 2017-18; COVID 2020 expanded to full K-12 take-home + hotspots; $6M+ COVID tech spending","https://dayton247now.com/news/local/new-technology-hits-dayton-schools-for-the-first-time","https://www.daytondailynews.com/local/dayton-public-distributing-5000-chromebooks-to-students/Q4P6RVAGSJEHRAWYNV6QLU36QM/","357","1667","1","0","3904384"
"Kansas City Public Schools","KS","Kansas City","2020 (by)","","Yes (likely)","Not specified","Chromebook","USD 500; district has Technology-Information Services dept managing devices; COVID-era 2020 likely trigger for 1:1 via CARES/ESSER; no pre-COVID confirmed 1:1 announcement found in web searches","https://www.kckschools.org/tis","https://www.kckschools.org/","358","1663","1","0","2007950"
"Christina School District","DE","Newark","2020","Fall","Yes","K-12","Mixed (Chromebook/iPad)","Pre-COVID: 1:1 Technology Initiative underway but incomplete; Fall 2020 achieved full district 1:1 for virtual/hybrid learning; CSDVA fully online academy launched; all DE districts now issue 1 device per student","https://www.christinak12.org/our-district/initiatives-and-projects/1-1-technology-initiative","https://www.newarkpostonline.com/news/christina-working-through-problems-with-technology-access-as-remote-learning-begins/article_ee90b3e7-3c4b-5505-b145-6e7d8c798b88.html","359","1654","1","0","1000200"
"Hesperia Unified","CA","Hesperia","2020 (by)","July","Yes","Grades 1-12","Chromebook","All grades 1-12 receive Chromebook per district program; July 2020 COVID: 1st-grade Chromebook pickups + K/TK orders placed; received federal tech fund award; no confirmed pre-COVID district-wide 1:1 launch date","https://www.hesperiausd.org/page/chromebooks/","https://www.hesperiausd.org/o/husd/article/274591","360","1651","1","0","0600014"
"Santa Maria-Bonita School District","CA","Santa Maria","2018","Spring","Yes (phased)","Pilot: 20 classrooms across all grade levels; district-wide extent unclear","Chromebook","March 2018 SMBSD Connected pilot: 20 classrooms across 15 schools; ~600 students received take-home Chromebooks + mobile internet access; K-8 elementary district; COVID 2020 likely expanded district-wide","https://santamariatimes.com/news/local/education/get-connected-pilot-program-offers-santa-maria-bonita-students-chromebooks-internet-access/article_a5ffe97b-844c-58e6-9401-28ebfbf0ba69.html","https://www.smbsd.org/","361","1640","1","0","0605580"
"Goose Creek CISD","TX","Baytown","2020 (by)","","Yes","K-12","iPad","District operates 1:1 iPad classroom program; CTO Matthew Flood named CoSN 2022 CTO of Year for tech innovation; classrooms standardized with technology as focal point; COVID 2020 likely trigger for full 1:1; no earlier firm year found","https://www.cosn.org/cosn-news/k-12-education-organizations-name-goose-creek-cisds-matthew-flood-and-elder-grove-school-districts-carol-phillips-chief-technology-officers-of-the-year/","https://schools.gccisd.net/page/et.sg-ipad","362","1636","1","0","4821150"
"Blue Valley School District","KS","Overland Park","2018","Summer","Yes","MS gr6-8 Chromebook; HS gr9-12 MacBook; K-5 Chromebook added later","Mixed (Chromebook MS+K-8; MacBook HS)","Summer 2018 launched 1:1: HS students received Apple MacBook Air; MS students received Google Chromebook; K-8 subsequently standardized on Chromebook; PowerUp/Blended Learning initiative","https://bvnwnews.com/news/2020/02/27/the-verdict-is-still-out/","https://www.bluevalleyk12.org/about/dept/technology/student-devices","363","1634","1","0","2012000"
"Kenosha Unified School District","WI","Kenosha","2020","","Yes","K-12","Chromebook","1:1 Chromebook initiative launched 2020 to support remote and hybrid learning during COVID-19; devices are district property; students responsible for return in working condition","https://kenoshacountyeye.com/2025/05/12/kusd-warns-parents-about-tiktok-challenge-encouraging-chromebook-destruction/","https://www.kusd.edu/","364","1631","1","0","5507320"
"Hemet Unified","CA","Hemet","2020 (by)","","Yes","Grades 1-12","Chromebook","All grades 1-12 receive district Chromebook; COVID 2020 device distributions for K/TK and gr1; received portion of federal tech fund; no confirmed pre-COVID district-wide 1:1 launch date found","https://www.hemetusd.org/","https://www.hemetusd.org/apps/pages/index.jsp?uREC_ID=1998502&type=d&pREC_ID=2092135","365","1629","1","0","0616920"
"Boone County Schools","KY","Florence","2019 (by)","","Yes","Grades 3-12","Chromebook","District is 1:1 Chromebook; March 2020 WVXU reported district had 'been buying every gr3-12 student a Chromebook over the last few years' enabling immediate shift to remote learning; 80%+ online day 1 of COVID closures","https://wvxu.org/post/boone-county-school-must-go-so-teachers-get-creative","https://www.boone.kyschools.us/technology-department","366","1616","1","0","2100510"
"South Bend Community School Corporation","IN","South Bend","2018","Fall","Yes (phased)","Grades 6-12 take-home; K-5 classroom carts (not 1:1 take-home)","Chromebook","Fall 2018-19 SY: gr6-12 received HP 11-inch G6 Chromebook Education Edition for take-home; K-1 shared carts of 30; gr2-5 classroom carts of 30; Google Suite for Education; secondary is true 1:1","https://www.sb.school/district/departments/information-technology-it","https://www.sb.school/","367","1615","1","0","1810290"
"Hillsboro School District 1J","OR","Hillsboro","2020","Fall","Yes","Grades 3-12 (K-2 shared 2:1)","Chromebook","2017 bond ($408M) funded tech infrastructure; fiber built 2019-2020; COVID April 2020 Distance Learning accelerated full 1:1 Chromebook rollout for gr3-12 (K-2 share); 17,000+ devices purchased; new protocols 2024-25","https://www.hsd.k12.or.us/projects-by-building/district-technology-bond-projects/project-scope","https://www.hsd.k12.or.us/departments/technology-services/overview","368","1613","1","0","4100023"
"Grand Rapids Public Schools","MI","Grand Rapids","2020","Spring","Yes","K-12","Mixed (Chromebook gr2-12; iPad K-1)","COVID Spring 2020 full 1:1; all GRPS scholars have personal computing device for school and home; gr2-12 Chromebooks preferred; K-1 iPads; families borrowed tech + hotspots; $2,881 per-student COVID federal funding","https://www.wzzm13.com/article/news/education/grps-announces-start-date-for-distance-learning/69-0840d081-4a89-4a25-b793-15aed8edacdd","https://grps.org/departments/technology/","369","1611","1","0","2616440"
"Murrieta Valley Unified","CA","Murrieta","2018","January","Yes","Grades 3-12 take-home; K-2 in-school","Chromebook","January 2018 Chromebook Take Home Initiative launched: all gr3-12 students check out district-loaned Chromebooks to take home daily; K-2 in-school access; 23,400 students TK-12 across 20 campuses","https://sites.google.com/g.mvusd.net/mvusdpd/chromebook-take-home-initiative","https://www.murrieta.k12.ca.us/","370","1609","1","0","0600029"
"Pasadena Unified","CA","Pasadena","2021","","Yes","TK-12","Chromebook","2021 district-wide upgrade via Measure O ($516.3M bond passed Nov 2020): every student TK-12 issued Google Chromebook; Tech Equity 1:1 Take Home Program; 14,000+ students across 23 schools (NOT Pasadena ISD TX at rank 87)","https://www.pasadenanow.com/pasadenaschools/pasadena-unified-students-thrive-with-cutting-edge-technology-through-measure-o/","https://www.pusd.us/departments/its/tech-equity-11-take-home-program","371","1602","1","0","0629940"
"South-Western City Schools","OH","Grove City","2020","Fall","Yes","Grades 5-12","Chromebook","Fall 2020-21 SY: moved to 1:1 Chromebook for gr5-12; gr5-11 kept COVID-loaned Chromebooks for following year; tech free summer policy began 2021-22; 5th-largest public school district in Ohio","https://www.swcsd.us/remote-learning/parent-letters","https://www.swcsd.us/departments/technology","372","1600","1","0","3904480"
"Rockwood R-VI School District","MO","Eureka","2020","March","Yes (phased)","Secondary ongoing 4-year 1:1 rollout; COVID 2020 triggered K-12 full coverage","Mixed (Chromebook secondary; iPad K-2)","March 22 2020 COVID Chromebook distribution at Marquette HS; secondary had ongoing 4-year 1:1 rollout pre-COVID; COVID triggered full K-12 coverage; K-2 iPads; gr3-5 in-class Chromebooks; 2024 refresh: 5000+ new Chromebooks + 1000+ new iPads","https://www.rsdmo.org/news/Pages/Rockwood-Distributes-Chromebooks-to-Elementary-Students-Ahead-of-Alternative-Learning-Plan.aspx","https://www.rsdmo.org/departments/technology/1to1","373","1589","1","0","2926850"
"Federal Way Public Schools","WA","Federal Way","2013","Fall","Yes (phased)","2013: all 3 ES; 2014: MS; 2015: HS + K-2","Chromebook","EdSurge Oct 2014: FWPS went 1:1 Chromebook in all 3 elementary schools in 2013 SY; 2014 middle school rollout; 2015 HS + K-2 planned; 2,400 Chromebooks + 1,500 Windows by late 2014; phased multi-year rollout","https://www.edsurge.com/news/2014-10-15-technology-with-a-cause-spotlight-on-eight-seattle-districts","https://www.fwps.org/programs-and-services/technology-resources","374","1587","1","0","5302820"
"Tyler ISD","TX","Tyler","2020","Fall","Yes","K-12","Chromebook","Pre-COVID: cart-based model + BYOD + computer labs; Fall 2020 launched BLADE (Blended Learning and Distance Education) 1:1 Chromebook + VDI infrastructure; retained 1:1 model after return to full in-person 2021","https://technologymagazine.com/company-reports/tyler-isd-provides-equitable-education-in-tech-driven-world","https://www.tylerisd.org/page/technology-services","375","1586","1","0","4843470"
"New Haven Public Schools","CT","New Haven","2020","Fall","Yes","PK-12","Mixed","Devices distributed fall 2020 via CARES Act and Dalio/Yale donations: Dell laptops for HS, Chromebooks for elem/MS, iPads for youngest. No confirmed pre-pandemic district-wide 1:1 program.","https://www.newhavenindependent.org/index.php/article/laptops_career/","https://ctmirror.org/2020/09/15/with-majority-of-ct-schools-online-state-begins-delivering-computers-and-wifi/","376","1583","1","0","0902790"
"Racine Unified School District","WI","Racine","2020","Fall","Yes","PK-12","Chromebook","All students received Chromebooks when district went 100% remote July 2020 for 2020-21 SY. Grades 3-12 in August, grades K-2 later. Prior to 2020 no district-wide 1:1; 2021-22 referendum funded 5250 new Chromebooks.","https://www.tmj4.com/rebound/keeping-you-safe/all-racine-unified-school-district-students-will-receive-chromebooks-for-virtual-learning","https://journaltimes.com/news/local/new-laptops-for-unified-schools/article_9ef51cae-88b6-5b1e-a1de-34d1ad28fe75.html","377","1582","1","0","5512360"
"Sunnyside Unified School District","AZ","Tucson","2020 (by)","","Yes (likely)","4-12","Laptop","District website states every student grades 4-12 assigned a laptop daily; over 10000 computing devices supported by 35 IT staff. Specific launch year not found in searches.","https://susd12.org/information-technologies/","","378","1582","1","0","0408170"
"Redlands Unified","CA","Redlands","2020 (by)","","Yes (phased)","9-12","Chromebook","High school 1:1 chromebook program established; all 9th graders issued Chromebook kept through graduation. GoGuardian protecting students since 2017. Middle school 1:1 pilot launched 2025. Launch year for HS program not confirmed.","https://iecn.com/redlands-unified-launches-11-chromebook-pilot-at-beattie-middle-school/","https://www.redlandsusd.net/departments/educational-services-information/educational-technology-and-accountability/chromebook-policy","379","1581","1","0","0632070"
"Glendale Elementary School District","AZ","Glendale","2020 (by)","","Yes (likely)","K-8","Chromebook","District has household Chromebook checkout agreement and student technology page. 18000 Chromebooks purchased with emergency connectivity funds during pandemic. Specific 1:1 launch year not confirmed.","https://www.gesd40.org/families/student-technology","https://portals.gesd40.org/cms/lib/AZ01901941/Centricity/Domain/970/Chromebook%20Checkout%20Agreement%20-%20English.pdf","380","1576","1","0","0403420"
"Pulaski County Special School District","AR","Little Rock","2015","Fall","Yes","K-12","Mixed","Pilot 2014-15 SY at a few schools; district-wide rollout of 12575 Chromebooks (gr. 3-12) and 4500 iPads (K-2) leased at ~$4M/3 years. By Dec 2015 devices in 14 of 24 schools; completed spring 2016. Full 1:1 by 2016.","https://www.arkansasonline.com/news/2015/dec/25/county-district-ushers-in-new-era-of-te-1/?f=news-arkansas","https://www.kark.com/news/education-matters-pcssd-students-receive-new-chromebooks/","381","1575","1","0","0511850"
"Hamilton Southeastern Schools","IN","Fishers","2015","Fall","Yes (phased)","9-12","Mixed","BYOD launched fall 2015 at Fishers HS and Hamilton Southeastern HS; students brought own device or rented from school. District-issued iPad (2020-21) expanded to all grades. Fully district-issued device program phasing in 2024-26.","https://youarecurrent.com/2015/07/21/hses-high-schools-get-new-gadgets/","https://www.hseschools.org/departments/technology/tech-in-the-classroom","382","1571","1","0","1810650"
"Davidson County Schools","NC","Lexington","2015","Spring","Yes (phased)","K-12","Chromebook","Educators trained at NCCAT Jan 26-29 2015 ahead of Chromebook rollout; CTO described 3-year dispersal plan. Rollout began 2015 and phased district-wide. Oak Grove HS still using Chromebooks 2024-25.","https://www.nccat.org/news/davidson-county-schools-work-nccat-and-north-carolina-educators-ahead-chromebooks-rollout","https://www.davidson.k12.nc.us/","383","1561","1","0","3701140"
"Ascension Parish Public Schools","LA","Gonzales","2016 (by)","","Yes (phased)","5-12","Mixed","1:1 program provides iPad/Chromebook/laptop to all students gr. 5-12; program described as expanded in 2016. District notes computers for every student gr. 6-12 purchased over nearly a decade. Exact start year not confirmed.","https://www.ascension-parish.com/1to1-technology/","https://www.ascensionschools.org/schools/other-programs/apple-digital-academy/online-learning","384","1561","1","0","2200090"
"Hampton City Public Schools","VA","Hampton","2020 (by)","","Yes","K-12","Chromebook","District operates 1:1 Chromebook program with Digital Learning Zone resources for parents and students. By Jan 2021 had swapped ~10000 Chromebooks. Specific launch year of 1:1 program not confirmed.","https://khs.hampton.k12.va.us/home/chromebook-11","https://sites.google.com/hampton.k12.va.us/digital-learning-zone/home","385","1559","1","0","5101800"
"Galena Park ISD","TX","Galena Park","2020","Fall","Yes","K-12","Chromebook","Distributed Chromebooks to all students for 100% remote learning 2020-21 SY when district offered virtual instruction. Prior to 2020 district had iPad carts and computer labs but no confirmed take-home 1:1 for all.","https://www.click2houston.com/news/local/2020/07/10/galena-park-isd-what-you-need-to-know-about-the-districts-2020-2021-school-plans/","https://www.galenaparkisd.com/domain/118","386","1559","1","0","4820250"
"Edmond Public Schools","OK","Edmond","2018","Fall","Yes (phased)","6-12","Chromebook","Digital conversion strategy launched fall 2017 starting with grades 8-10; all grades 6-12 received Chromebooks for 2018-19 SY. Elementary uses iPads (PreK-2) and Chromebooks (gr. 3-5). Discovery Education partnership May 2018.","https://edmondschools.net/parents-students/technology/secondary-q-a/","https://edmondschools.net/news/2017/parents-invited-to-informational-night-on-digital-conversion/","387","1559","1","0","4010590"
"Rowan-Salisbury Schools","NC","Salisbury","2014","Fall","Yes","3-12","Mixed","Commissioners approved Apple lease June 2014; 2014-15 SY rollout: 7315 MacBook Air (HS teachers/students) and 9240 iPads (gr. 3-8). $12M over 3 years. Nationally recognized top-10 for innovative tech in classrooms.","https://www.salisburypost.com/2014/06/04/commissioners-approve-ipad-laptop-lease-for-students/","https://www.rssed.org/clms/ipad-information-clone","388","1558","1","0","3704050"
"Wayne County Public Schools","NC","Goldsboro","2020 (by)","","Yes","K-12","Chromebook","Chromebook distribution occurred April 2020 (COVID closure). District has 2020-21 Chromebook Agreement Form. 1 Laptop Handbook for Parents and Students exists. Specific pre-pandemic 1:1 launch date not confirmed.","https://www.waynecountyschools.org/","https://www.waynecountyschools.org/2020-2021SchoolReopeningUpdates.aspx","389","1557","1","0","3704880"
"Springdale Public Schools","AR","Springdale","2014 (by)","Fall","Yes (likely)","K-12","Chromebook","NWA Democrat-Gazette Aug 2014 noted Springdale students among latest to receive Chromebooks as school year began alongside West Fork and Bentonville. District has dedicated 1:1 technology page and Device Protection Plan; upper bound only.","https://www.nwaonline.com/news/2014/aug/17/classroom-student-computers-growing-in-/","https://www.sdale.org/page/one-to-one-technology","390","1552","1","0","0512660"
"Community Unit School District 300","IL","Algonquin","2020 (by)","","Yes","1-12","Chromebook","May 2015 article noted district planned 1:1 devices over coming years with iPad pilots at high schools. Current state: all grades 1-12 have Chromebooks. Full district-wide rollout year not confirmed; upper bound only.","https://www.dailyherald.com/20150521/news/district-300-plans-one-to-one-devices-technology-upgrades/","https://www.d300.org/","391","1546","1","0","1708550"
"Beaufort County School District","SC","Beaufort","2020 (by)","","Yes","PK-12","Mixed","Connect2Learn program provides devices to all students PreK-12 including iPads (K) and Chromebooks/laptops (older grades); $20/year fee. Google Workspace adopted 2012-13. Specific Connect2Learn launch year not confirmed.","https://beaufortschools.net/cms/one.aspx?pageId=261056","https://www.beaufortschools.net/families/technology","392","1543","1","0","4501110"
"Alvord Unified","CA","Riverside","2020","","Yes","K-12","Chromebook","During COVID distance learning program all students provided a Chromebook and internet connection if needed. Pre-pandemic evidence limited to carts/labs. Upper bound confirmed 2020.","https://www.alvordschools.org/Page/11906","https://www.alvordschools.org/","393","1539","1","0","0602430"
"Evergreen Elementary School District","CA","San Jose","","","","","","No confirmed year or device program details found in multiple searches. District uses Chromebooks for some programs but no district-wide 1:1 initiative history surfaced. K-8 district.","https://www.eesd.org/","","394","1537","1","0","0613140"
"Harnett County Schools","NC","Lillington","2020 (by)","","Yes","K-12","Chromebook","2020-21 Chromebook Agreement Form on district website; district goal for every K-12 student to have a device. Digital learning standards implementation 2020-21. Specific pre-pandemic 1:1 date not confirmed.","https://www.harnett.k12.nc.us/domain/5688","https://www.harnett.k12.nc.us/page/digital-teaching-and-learning/","395","1531","1","0","3702010"
"Fullerton School District","CA","Fullerton","2014","Spring","Yes (phased)","5-8","iPad","VIP (Visible Innovation Program) launched March 2014 with gr. 6-7 iPads; gr. 5 added fall 2014; gr. 8 added Jan 2015; gr. 3-4 added 2021. All 20 campuses are Apple Distinguished Schools. K-8 district.","https://www.fullertonsd.org/departments/innovation-instructional-support-technology/iis/vip-1-to-1-program","https://www.fullertonsd.org/allaboutus","396","1529","1","0","0614730"
"Folsom-Cordova Unified","CA","Rancho Cordova","2021","Fall","Yes","9-12","Chromebook","2021-22 was first year Folsom High School provided 1:1 student-to-Chromebook; students check out Chromebook for all 4 years. District-wide high school rollout 2021-22.","https://resources.finalsite.net/images/v1724710653/fcusdorg/ojsuoou8748ozcfrw71n/PawsPort2425withoutPaws.pdf","https://www.fcusd.org/departments/etis-technology","397","1526","1","0","0613890"
"Downey Unified","CA","Downey","2015","Fall","Yes (phased)","K-8","iPad","21st Century Learning Communities initiative began 2015-16 providing iPad to each elementary and middle school student. Fall 2020 added take-home iPads for gr. 6-8. By 2021-22 fully 1:1 K-12 (HS uses Chromebooks/PCs).","https://web.dusd.net/downey/2020/05/02/11-take-home-ipad-program/","https://web.dusd.net/elementary-schools/","398","1525","1","0","0611460"
"Coachella Valley Unified","CA","Coachella","2013","Fall","Yes","PK-12","iPad","First district in US to deploy iPads 1:1 to ALL students and teachers PreK-12 in 2013-14 SY. $42M technology bond passed 2013. Graduation rate rose from 65% (2011) to 82% (2015). Superintendent recognized by President Obama.","https://www.lockncharge.com/coachella-school-district-first-to-deploy-ipad-devices-11-to-all-students-and-teachers-in-pre-k-through-12th-grade/","https://9to5mac.com/2016/05/13/school-ipad-program-coachella-valley/","399","1525","1","0","0609070"
"Saugus Union School District","CA","Santa Clarita","2020 (by)","","Yes","K-6","Chromebook","Cisco Meraki case study describes full transition to 1:1 Chromebooks for 10000 students in 16 schools; infrastructure upgraded before chromebooks added. K-6 elementary district. Specific launch year not confirmed.","https://upshotstories.com/stories/saugus-union-school-district-turns-to-cisco-meraki-to-power-digital-transformation-mobility-and-security","https://www.saugususd.org/","400","1522","1","0","0635970"
"Jurupa Unified","CA","Mira Loma","2016","Fall","Yes","2-12","Chromebook","Digital Gateway Initiative funded by Measure EE bond (Nov 2014); rolled out 2016-17 SY to all students gr 2-12. Each student gets take-home Chromebook. Named 2018 Model of Excellence by Riverside County OE.","https://jurupausd.org/our-district/BizServ/it/chromebooks","https://www.commonsense.org/education/jurupa","401","1519","1","0","0619260"
"Roosevelt Elementary District","AZ","Phoenix","2020 (by)","","Yes","K-8","iPad","First and only Phoenix district to provide Apple iPad to every K-8 student for use in class and at home. District markets this claim prominently but specific launch year not confirmed in public sources; upper bound only.","https://www.rsd66.org/Page/4129","https://www.rsd66.org/page/about-the-district","402","1519","1","0","0407080"
"Hacienda La Puente Unified","CA","City of Industry","2020","","Yes (phased)","K-12","Laptop","Measure BB bond (Nov 2016) funded 1:1 Computer Classroom Sets; 2019-20 deployed ~15000 Lenovo 300e laptops via bond. During COVID Mar 2020 provided laptops and hotspots to ~18000 eligible students. True district-wide 1:1 reached 2020.","https://www.hlpschools.org/district/business-services-division/it-department/technology-standards","https://mynewsla.com/education/2020/03/27/compton-college-la-puente-schools-to-offer-laptops-to-needy-students/","403","1513","1","0","0616325"
"ABC Unified School District","CA","Cerritos","2020 (by)","","Yes","K-12","Chromebook","Cerritos HS has student Chromebook pickup/checkout program; district-wide 1:1 program exists but no pre-2020 launch year confirmed. Upper bound only.","https://www.cerritoshs.us/apps/news/article/1481259","https://www.abcusd.us/","404","1511","1","0","0601620"
"Pearland ISD","TX","Pearland","2020 (by)","","Yes","K-12","iPad","ConnectED 1 to 1 Initiative provides district-managed iPads to students across grades. Program history page exists but launch year not pinned to specific pre-2020 date in public sources; COVID-era device distribution confirmed. Upper bound only.","https://www.pearlandisd.org/departments/technology/connected-1-to-1-initiative","https://www.pearlandisd.org/Page/24600","405","1510","1","0","4834440"
"Weslaco ISD","TX","Weslaco","2020 (by)","","Yes (likely)","K-12","Chromebook","District has technology plan (2017-18) and distance learning Chromebook distribution during COVID 2020. No confirmed pre-pandemic 1:1 launch year found; upper bound 2020.","https://www.wisd.us/departments/assistant-superintendent-for-administration/technology","https://www.wisd.us/resources/2017-2018-technology-plan","406","1509","1","0","4844960"
"Rankin County School District","MS","Brandon","2015","Fall","Yes (phased)","7-12","MacBook","1:1 Roll Out began 2015-16 SY with gr. 8-9 receiving MacBook Airs; three-year phased rollout to cover all gr. 7-12 by end of 2017-18. District 1:1 page confirms all 7-12 have MacBook Airs. Separate device for K-6 not confirmed.","https://www.rcsd.ms/resources/11","https://www.wjtv.com/news/rankin-county-8th-9th-graders-to-receive-laptops/","407","1509","1","0","2803830"
"Norwalk-La Mirada Unified","CA","Norwalk","2016","Fall","Yes (phased)","4-12","Mixed","2020 Learning Initiative: 5-year phase-in starting 2016-17 SY. Gr. 4 got in-class devices, gr. 6 and gr. 9 got take-home devices. $3M in Measure G funds. Devices include iPads, Chromebooks, iMacs. Full district 1:1 K-12 reached by 2020.","https://www.loscerritosnews.net/2016/09/06/norwalk-la-mirada-usds-technology-rollout/","https://www.nlmusd.org/apps/pages/index.jsp?uREC_ID=744173&type=d&pREC_ID=1154333","408","1506","1","0","0627690"
"Puyallup School District","WA","Puyallup","2019","Fall","Yes (phased)","K-12","Laptop","District has provided a computer for every student and staff since 2019. Gr. 4-12 take home; K-3 have classroom carts. Gr. 7-12 use Lenovo 500w Windows laptops. Full 1:1 student device program confirmed as 2019 launch.","https://www.puyallupsd.org/about-us/departments/technology/11-student-device-program","https://www.puyallup.k12.wa.us/departments/technology/empowering_puyallup_/1_1_program","409","1504","1","0","5306960"
"Alum Rock Union Elementary","CA","San Jose","2020 (by)","","Yes","K-8","Mixed","District maintains 1 device per student: TK/K get iPads; gr. 1-8 get Chromebooks with hotspots if needed. Program confirmed active but specific launch year not publicly documented; COVID-era demand noted. Upper bound only.","https://www.arusd.org/departments/business-services/information-technology","https://www.arusd.org/district/departments/instructional-services/academic-services/google-apps-for-education","410","1504","1","0","0602310"
"Val Verde Unified","CA","Perris","2013","","Yes (phased)","K-12","Chromebook","One of first Southern CA districts to go digital; Chromebook initiative began ~2013 and completed over 4 years, finishing 2017. iPads for leadership 2012; Chromebooks phased in district-wide ~2013-2017. Full 1:1 since 2017.","https://www.togglemag.com/case-studies/matt-penner-val-verde-unified-school-district/","https://www.classlink.com/case-studies/val-verde-unified-school-district","411","1503","1","0","0691135"
"Beaumont ISD","TX","Beaumont","2020 (by)","","Yes","K-12","Chromebook","Connected Classrooms 1:1 Technology Program Handbook exists (handbook date March 2020); district-issued Chromebooks/Chromebook Tablets for all students. Pre-COVID launch year not confirmed; upper bound 2020.","https://www.bmtisd.com/site/default.aspx?PageType=3&ModuleInstanceID=263&ViewID=C9E0416E-F0E7-4626-AA7B-C14D59F72F85&RenderLoc=0&FlexDataID=8648&PageID=231&Comments=true","https://resources.finalsite.net/images/v1738267760/bmtisdcom/gxvb76txe0guwtq7sukb/Beaumont_1-to-1_Technology_STUDENT_MANUAL_1_27_25_-_Google_Docs.pdf","412","1500","1","0","4809670"
"Ouachita Parish School Board","LA","Monroe","2020 (by)","","Yes (likely)","K-12","Chromebook","2020-21 Virtual Instructional Program handbook references Internet/Chromebook Guidelines; devices furnished if students lacked one. No confirmed pre-pandemic 1:1 district-wide launch; upper bound 2020.","https://s3.amazonaws.com/scschoolfiles/1815/vip_handbook_revised_august.pdf","https://www.opsb.net/departments/information-technology-tech-support","413","1500","1","0","2201200"
"Newton County School System","GA","Covington","2020 (by)","","Yes","K-12","Chromebook","District describes itself as a 1:1 district with CIPA/COPPA-compliant Chromebooks. April 2020 Chromebook checkout event for families; district-wide 1:1 confirmed but pre-pandemic launch year not found. Upper bound only.","https://www.newtoncountyschools.org/departments/public_relations/news/final_opportunity_to_check_out_chrome_books","https://www.newtoncountyschools.org/","414","1499","1","0","1303930"
"Schaumburg CCSD 54","IL","Schaumburg","2020 (by)","","Yes","EC-8","Mixed","1:1 blended learning model: EC-2 get tablets; gr. 3-8 get Chromebooks. All district-owned. Active program confirmed but specific launch year not publicly documented; upper bound only.","https://sd54.org/teaching-and-learning/innovativelearning/","https://sd54.org/technology/","415","1492","1","0","1734740"
"Allen ISD","TX","Allen","2021","Fall","Yes","K-12","Chromebook","Empower 1:1 Device Program launched 2021-22 SY. All students district-issued Chromebook; same device follows student until grade transition points (3rd/7th/9th). BYOD officially discontinued 2023-24. Tech history notes internet first in 2002.","https://www.allenisd.org/Page/61907","https://sites.google.com/allenisd.org/empower-allenisd-student/home","416","1489","1","0","4807890"
"Green Bay Area Public School District","WI","Green Bay","2013","Fall","Yes (phased)","6-12","Chromebook","Pilot launched 2013-14 SY: 3000 Chromebooks for gr. 6-12 with 4G LTE take-home access via Kajeet/Sprint SmartSpot. Reported in THE Journal Jan 2014. Later expanded district-wide.","https://thejournal.com/articles/2014/01/30/green-bay-district-supports-chromebook-deployment-with-4g-lte-for-access-on-and-off-campus.aspx","https://west.gbaps.org/library_media_center/w_h_s_chromebook_handbook","417","1487","1","0","5505820"
"Tangipahoa Parish School System","LA","Hammond","2020","Fall","Yes","K-12","Chromebook","Superintendent Stilley secured funding in 2020 to make district fully 1:1; goal was every student with a device for 2020-21 SY. Chromebooks replace traditional textbooks. Device loan agreement program in place.","https://www.hammondstar.com/news/update-from-superintendent-of-schools-melissa-stilley/article_b0fc44df-1df7-5ec0-89ba-3ed512756034.html","https://www.tangischools.org/departments/technology","418","1487","1","0","2201680"
"Central Bucks School District","PA","Doylestown","2017","Fall","Yes (phased)","7-12","Laptop","1:1 laptop program for secondary students launched ~2017-18 (\over the past four years\"" per 2021-22 parent email). COVID-19 prompted expansion to all K-12. Elementary added ~2021. Device fee: $75 per cycle (7th/10th grade).""","https://www.cbsd.org/1to12021","https://www.cbsd.org/departments/technology-innovation/1to1","419","1485","1","0","4205310"
"Conejo Valley Unified","CA","Thousand Oaks","2020 (by)","","Yes","K-12","Chromebook","District-wide 1:1 Chromebook program exists for all students; summer 2021 students kept devices over summer. 4th-5th grade Take-Home Chromebook Initiative. Specific first-launch year not confirmed in public sources; upper bound only.","https://www.conejousd.org/departments-services/technology-services","https://sites.google.com/learn.conejousd.net/tohslancerlibrary/11-chromebook-initiative","420","1485","1","0","0609640"
"Cicero SD 99","IL","Cicero","2016","Fall","Yes","K-8","Chromebook","Goal was 1:1 from first day of 2016-17; infrastructure overhauled summer 2016. 13000 Acer Chromebook R 11 devices deployed. Previously only 3000 MS Surface tablets. ~150 teachers became Google Certified Educators post-rollout.","https://edtechmagazine.com/k12/article/2017/12/infrastructure-revamp-cicero-99-changed-culture-learning","https://www.k12dive.com/news/suburban-chicago-district-overhauls-approach-to-learning-via-e-rate-funds/512869/","421","1482","1","0","1710200"
"Edmonds School District","WA","Edmonds","2016","Fall","Yes (phased)","3-12","Chromebook","2016 Technology/Capital Levy passed Feb 2016 ($59M, 4-yr); funded Chromebooks for all gr. 3-12 (gr. 3-6 school-use; gr. 7-12 take-home). K-2 get shared classroom sets. G Suite for all students. Pilot projects preceded levy.","https://myedmondsnews.com/2016/02/initial-results-show-edmonds-school-district-levy-passing/","https://www.edmonds.wednet.edu/our-district/departments/technology","422","1477","1","0","5302400"
"Everett School District","WA","Everett","2020","Fall","Yes","K-12","Chromebook","As of fall 2020 every Everett student has daily access to a device; Technology to Go initiative provided free Chromebooks Apr 2020 during COVID. District confirmed full 1:1 for 2020-21 SY. Middle school all-Chromebook confirmed.","https://everettleader.com/2020/04/01/schools-equipping-students-with-chromebooks-for-at-home-study/","https://www.everettsd.org/domain/4562","423","1473","1","0","5302670"
"Tempe School District","AZ","Tempe","2022","February","Yes (phased)","K-8","Mixed","1:1 Access Rollout announced with devices distributed starting Feb 6 (2022); K students get iPads; gr. 1-5 get Chromebooks; by end of following SY all elementary students covered. Gr. 6-8 take-home Chromebooks already in place prior.","https://www.tempeschools.org/schools/elementary-schools-k-5/carminati-elementary/1-1-access-to-technology","https://www.tempeschools.org/resources/technology/student-devices","424","1459","1","0","0408310"
"Northshore School District","WA","Bothell","2018","","Yes","2-12","Chromebook","Technology Levy approved 2018 brought all schools to 1:1 computing ratio. Gr. 2-12 assigned a Chromebook for school and home use. Board unanimously approved Chromebook modernization plan. K-1 not included in take-home program.","https://citizensfornorthshoreschools.org/news/","https://www.nsd.org/our-district/departments/technology/student-technologies","425","1457","1","0","5305910"
"Madison County Schools","AL","Huntsville (suburbs)","2019 (by)","Fall","Partial","HS (initial)","Laptop/Chromebook","Oct 2019 WHNT article: district invested $1.48M in 'Tech Connect' program, growing HS laptops from 75 to 300; prior access via cart/reservation. Not yet 1:1 district-wide; Madison City Schools (separate district) has 1:M 1:1 since 2014-15. Madison County Schools (mcssk12) is the rural county district — Tech Connect is cart/shared expansion, not full 1:1.","https://whnt.com/news/new-madison-county-schools-program-gives-more-students-laptop-access/","","426","1457","1","0","0102220"
"North Kansas City Schools 74","MO","Kansas City","2009","Fall","Yes (phased)","9-12 (initial); later K-12","Laptop (HP MiniNote); later iPad K-8","Fall 2009: HP MiniNote laptops deployed to all 4 high schools (~5600 devices) — first year of student 1:1. Now laptops for HS, iPads for K-8. Timeline documented on Timetoast by NKCS.","https://www.timetoast.com/timelines/nkcs-11-student-laptop-initiative","https://www.nkcschools.org/families/technology","427","1449","1","0","2922800"
"School District 27J","CO","Brighton","2020 (by)","","Yes","K-12","Chromebook","All 27J students use Chromebooks (One-2-Web program); 2021 bond ($515M) supported tech expansion. No pre-2020 firm launch year found; COVID-era evidence of district-wide rollout. Marked as upper bound 2020.","https://www.sd27j.org/departments/technology/student-chromebooks","","428","1449","1","0","0802580"
"Reading SD","PA","Reading","2020 (by)","","Yes (likely)","MS (confirmed)","Chromebook","Reading SD technology page confirms Chromebooks available to all middle school students; damage/loss fee policy in place. Specific launch year not confirmed but COVID-era rollout evident. Upper bound 2020.","https://www.readingsd.org/technology","","429","1445","1","0","4220040"
"Olentangy Local SD","OH","Lewis Center","2020 (by)","","Yes (likely)","K-12","Chromebook","District manages ~18,000 devices; BYOD 'Power Up' program for grades 5-12; district Chromebooks for all. COVID-era expansion confirmed but specific year of district-wide 1:1 not documented in public sources. Upper bound 2020.","https://www.olentangy.k12.oh.us/departments/technology/power-up-olentangy-bring-your-own-device","","430","1442","1","0","3904676"
"Plymouth-Canton Community Schools","MI","Plymouth","2013","Fall","Yes","K-12","Chromebook (3-12); iPad (K-2)","2013: adopted Chromebooks for grades 3-12 and iPads for K-2; branded 'Always On Learning'; also adopted G Suite 2013. One of the earlier large-district full K-12 1:1 rollouts.","https://sites.google.com/a/pccsk12.com/always-on-learning/vision/devices","https://www.pccsk12.com/about-p-ccs/departments/teaching-learning/technology","431","1436","1","0","2628560"
"Phoenix Elementary District","AZ","Phoenix","","","","K-8","","No confirmed 1:1 or near-1:1 program found in public sources. District passed bond/override for technology, employs tech professionals, but no documented take-home or per-student device program. K-8 only district downtown Phoenix.","https://www.phxschools.org/","","432","1432","1","0","0406300"
"Randolph County Schools","NC","Asheboro","2020 (by)","","Yes (likely)","K-12","Chromebook","District has BYOT (Bring Your Own Technology) guidelines and Chromebook distribution; 2021 digital inclusion effort distributed 23 Chromebooks to school/library/YMCA. No firm pre-2020 1:1 launch date found. Upper bound 2020.","https://www.randolph.k12.nc.us/page/bring-your-own-technology","","433","1428","1","0","3703780"
"Red Clay Consolidated School District","DE","Wilmington","2015","","Yes (phased)","K-12","Chromebook","2015 referendum raised $26M for technology; phased rollout launched 2015; 15,000 Chromebooks in student hands as result. Students in grades 2-12 each assigned own Chromebook; grades 4-12 can take home.","https://togglemag.com/case-studies/kristine-bewley-red-clay-consolidated-school-district/","https://www.redclayschools.com/students-families/technology-support/chromebooks","434","1425","1","0","1001300"
"Allentown City SD","PA","Allentown","2020 (by)","","Yes (likely)","6-12 (partial)","Chromebook","Dec 2022 board debate on $88K Chromebook purchase for MS students; 2025 Verizon Innovative Learning partnership added 4,470 devices to 5 schools. No confirmed district-wide 1:1 before 2022. Upper bound 2020 given pandemic distribution evidence.","https://www.wfmz.com/news/area/lehighvalley/chromebook-purchase-stirs-debate-among-asd-school-board-members/article_f75228f6-7d02-11ed-9b8c-c760c04e0697.html","","435","1424","1","0","4202280"
"Putnam City Schools","OK","Oklahoma City","2021 (by)","","Yes","K-12","iPad","District is proudly 1:1 with iPads for every student (K-12); funded by 2020 Bond passed by patrons. COVID-era device checkout page also exists. Rollout likely 2021 post-bond. Upper bound 2021.","https://www.putnamcityschools.org/page/student-11-technology","https://www.putnamcityschools.org/covid-19-awareness-information/11-device-information","436","1423","1","0","4025290"
"Etiwanda School District","CA","Rancho Cucamonga","2020 (by)","","Yes (likely)","K-8","Chromebook","District provided Chromebooks plus instructional materials for 2020-21 SY; dedicated ESD Technology Department for Chromebooks exists (work.etiwanda.org/chromebooks/). No pre-2020 firm 1:1 date found. Upper bound 2020.","http://work.etiwanda.org/chromebooks/","","437","1421","1","0","0612960"
"Antioch Unified","CA","Antioch","2020","April","Yes (likely)","K-12","Laptop","April 2020: staff distributed 2,500+ laptops (donated + school-owned) for COVID distance learning; full distance learning 2020-21. No confirmed pre-pandemic 1:1 program. COVID-driven rollout.","https://antiochherald.com/2020/04/antioch-school-district-distributing-over-2500-laptops-to-students-for-online-learning/","","438","1419","1","0","0602850"
"Ventura Unified","CA","Ventura","2020","Fall","Yes","K-12","Chromebook","Opened fall 2020 as 100% distance learning; all students received district-issued Chromebook; VUSD is a 1:1 district. No pre-2020 1:1 program found. COVID-driven initial rollout maintained as permanent 1:1.","https://www.venturausd.org/services/business-services/technology-services","","439","1412","1","0","0640980"
"Harlingen CISD","TX","Harlingen","2020 (by)","","Yes (likely)","K-12","Mixed (Chromebook/laptop)","HCISD offers portable devices for instructional use; STEM² Prep Academy (launched 2018-19) has 1:1. No documented district-wide 1:1 launch year pre-2020. Texas TEA 2018-19 technology lending report confirms devices on hand. Upper bound 2020.","https://www.hcisd.org/student-technology","https://tea.texas.gov/system/files/089%20Harlingen%20CISD.pdf","440","1408","1","0","4822530"
"Waterbury School District","CT","Waterbury","2020","Spring","Yes","K-12","Chromebook (Lenovo)","Spring 2020: district did NOT have 1:1 before COVID; distributed Chromebooks starting spring 2020 for ~19,000 students. Lenovo Chromebooks purchased via incremental funding; LanSchool license for classroom management bundled. Now a 1:1 system.","https://lanschool.com/resource-center/case-studies/how-waterbury-public-schools-quickly-scaled-their-11-program-using-lenovo-lanschools-bundle-offer","","441","1406","1","0","0904830"
"Issaquah School District","WA","Issaquah","2022","Fall","Yes (phased)","6-12","Laptop (Dell Windows)","Fall 2022: all grades 6-12 received Dell Windows laptops — first full in-person 1:1 distribution. 2021-22 had hybrid pilot (choose school device or personal). Prior to 2021 no 1:1 for secondary. Elementary not included in 1:1.","https://ihsjournalism.online/7505/features/ihs-technology/","https://www.isd411.org/academics/digital-resources/1-to-1-grades-6-12","442","1405","1","0","5303750"
"Fayette County Schools","GA","Fayetteville","2018","","Yes","2-12","Chromebook","District implemented 1:1 Computing in 2018; grades 2-12 each assigned a Chromebook for use inside and outside classroom. K-1 have shared Chromebooks in classroom (1:Web). Confirmed on district parent resources page.","https://www.fcboe.org/Page/3658","https://www.ajc.com/neighborhoods/fayette/new-chromebooks-coming-for-fayette-county-students/UJZC2UUOCJHZZBXEP4TZWVEGMQ/","443","1397","1","0","1302130"
"Oswego CUSD 308","IL","Oswego","2020","Fall","Yes","5-12","Chromebook","Aug 2020 board approved lease agreement for 1:1 Chromebooks for grades 5-12; Sept 2020 board approved Master Lease with American Capital for ~11,930 Chromebooks. Funded via CARES Act Digital Equity Formula Grant (~$1M) plus district funds.","https://patch.com/illinois/oswego/700-chromebooks-d308-students-aurora-school-district-131","","444","1396","1","0","1730270"
"Terrebonne Parish School District","LA","Houma","","","","","","No confirmed 1:1 device rollout year found in multiple searches. General district info only; no press releases or news about Chromebook/iPad program found.","https://www.tpsd.org/","","445","1391","1","0","2201740"
"Alvin ISD","TX","Alvin","2011 (by)","","Yes (phased)","6-8 (initial)","Handheld/Netbook; later Chromebook","Before 2011: 1:1 junior high (6-8) with handheld computing devices; 2011 upgraded to HP Netbooks (4,400 units). Later expanded; by 2013 BYOD at HS and expanded down through grade 6. Cisco Meraki 2013 case study confirms 1:1 JH + BYOD HS active.","https://meraki.cisco.com/blog/2013/06/how-alvin-isd-exceeded-expectations-for-11-and-byod/","https://meraki.cisco.com/lib/pdf/meraki_cs_alvin_isd.pdf","446","1390","1","0","4808090"
"Donna ISD","TX","Donna","2020","Spring","Yes","K-12","iPad (K-2); Chromebook (3-12)","Spring 2020: $5.7M investment for K-12 1:1; iPads for K-2, Chromebooks for 3-12, laptops for staff. District had 'five-year plan' for tech but accelerated due to COVID. All students K-12 received devices.","https://www.krgv.com/news/donna-isd-invests-more-than-5-million-to-provide-mobile-devices-for-students-teachers/","https://www.krgv.com/news/donna-isd-hands-out-chromebooks-ipads-to-students/","447","1388","1","0","4817390"
"Nash-Rocky Mount Public Schools","NC","Rocky Mount","2020 (by)","","Yes (phased)","7-12","Chromebook","All grades 7-12 receive Chromebooks; all digital resources, $20/yr tech fee. No specific launch year found; current 1:1 program is confirmed for 7-12. Upper bound 2020.","https://www.nrms.k12.nc.us/Page/2303","","448","1388","1","0","3703270"
"Ann Arbor Public Schools","MI","Ann Arbor","2020","July","Yes","PK-12","Chromebook (2-12); iPad (PK-1)","July 29 2020 school board approved $4.2M for 13,000 Chromebooks (2018 tech bond funds). iPads for PreK-1, Chromebooks for 2-12. Prior to 2020 had carts only (1 per elem, 3 per MS, 8 per HS). Full 1:1 launched SY 2020-21.","https://annarborwithkids.com/articles/notes-from-ann-arbor-public-schools-board-meeting-july-29/","https://www.a2schools.org/departments/technology/student-devices","449","1382","1","0","2602820"
"Cache County School District","UT","Logan","2016 (by)","","Yes (partial)","3-5 (confirmed)","Chromebook","Chromebook 1:1 initiative confirmed for grades 3-5; Utah DTL grant program first cohort launched 2016 (65 LEAs); Cache County participates in DTL. Specific launch year for Cache County not confirmed but upper bound 2016 via DTL cohort 1.","https://www.ccsdut.org/departments/teaching-and-learning/digital-teaching-learning","https://dtlutah.org/","450","1376","1","0","4900120"
"York School District 03","SC","Rock Hill","2015","Fall","Yes (phased)","7-8 (initial); 3-12 by fall 2019; preK-12 in spring 2020","Chromebook","1:1 Chromebook Initiative launched fall 2015 in grades 7-8. Expanded to grades 3-12 by fall 2019 (confirmed by district FAQ). Expanded to preK-12 spring 2020 (COVID). Early search result also cited 2019-20 as 'district's 7th year of digital transformation' which would put origin at 2013; however district FAQ page explicitly states 2015 as the launch of the 1:1 Chromebook Initiative for grades 7-8. Using 2015.","https://www.rock-hill.k12.sc.us/Page/8287","https://www.rock-hill.k12.sc.us/Page/8209","451","1375","1","0","4503870"
"Fort Zumwalt R-II","MO","O'Fallon","2018","Fall","Yes (phased)","6-8 (initial SY 2018-19); 6-12 by 2019-20","Chromebook","District began 1:1 ('FZ ONE') in middle schools fall 2018-19, purchasing Chromebooks for all incoming 6th graders and repurposing cart devices for 7th-8th. HS expansion (9th grade) followed in fall 2019. Now 1:1 for grades 5-12. Source: district technology page and device refresh plan.","https://tech.fz.k12.mo.us/faq-howto/device-refresh-plan","https://one.fz.k12.mo.us/","452","1375","1","0","2908370"
"Indian River County School District","FL","Vero Beach","2020 (by)","","Yes","K-12","Chromebook","District issues Chromebooks to all students; Digital Innovation Specialists support personalized learning. COVID-era April 2020 distribution of ~10,000 devices documented. No confirmed pre-2020 district-wide 1:1 program found in public sources. Upper bound 2020.","https://www.indianriverschools.org/directory/systems_improvement___innovation/digital_innovation","https://www.sebastiandaily.com/community/indian-river-county-instructional-provision-plan-laptop-distribution-22250/","453","1374","1","0","1200930"
"Highline Public Schools","WA","Burien","2020","Fall","Yes","K-12","Chromebook","First technology levy in district history passed Nov 2020 (73% approval, $32.5M over 2 years) to achieve 1:1. Prior to 2020, devices were shared classroom carts (13,000 aging Chromebooks placed spring 2020 as emergency response). True 1:1 program funded by 2020 levy, rolled out fall 2020.","https://www.highlineschools.org/departments/business-finance/levy/technology-levy/need-impacts","https://www.knkx.org/youth-education/2020-10-19/highline-school-district-voters-will-decide-whether-to-approve-a-technology-levy","454","1372","1","0","5303540"
"La Mesa-Spring Valley School District","CA","La Mesa","2020 (by)","","Yes (likely)","K-8","iPad/Chromebook","District loaned iPads and Chromebooks to students in April 2020 for distance learning. No confirmed pre-2020 district-wide 1:1 program identified. Technology page confirms student devices are maintained. Upper bound 2020.","https://www.lmsvschools.org/information-technology/","","455","1368","1","0","0620250"
"Lakota Local Schools","OH","Liberty Twp / West Chester","2018","September","Yes (phased)","7-9 (initial fall 2018); 7-12 by spring 2019; K-12 eventually","Chromebook","'WE are EMPOWERED' initiative launched September 2018 for junior high schools; expanded to freshman and high school buildings in January 2019. K-6 have school-use devices (not take-home initially). Sources: district Oct 2018 e-newsletter and 1:1 Technology page.","https://www.lakotaonline.com/academics/student-support/11-technology","https://resources.finalsite.net/images/v1631189330/lakotaonlinecom/s26qiguacxw3yucyavrp/ALAL101918.pdf","456","1362","1","0","3904611"
"Napa Valley Unified","CA","Napa","2020","Spring","Yes","K-12","Chromebook/iPad","Promethean case study states 1:1 device program implemented spring 2020. TK students receive iPad; K students choose Chromebook or iPad; grades 1-5 Chromebook; all MS and HS 1:1. No confirmed pre-2020 rollout found. Bond support; district had partial/classroom-set coverage prior.","https://www.prometheanworld.com/resource-center/case-studies/the-napa-valley-community-unites-to-bring-innovative-technology-to-its-school/","https://www.nvusd.org/services/operations-and-logistics/technology","457","1358","1","0","0626640"
"Tuscaloosa County Schools","AL","Tuscaloosa County","2018","Fall","Yes","K-12","Chromebook (Dell 5190 2-in-1)","Chromebook initiative placed Dell 5190 2-in-1 Chromebooks with 6,000 students; funded by $2.75M Education SPLOST; aligned with strategic plan developed 2 years prior. Reported Sept 2018 by LaGrange Daily News covering similar rollout context. District subsequently moved to iPad (TCSS Connect program). Device: Dell Chromebook 5190 2-in-1 with touchscreen.","https://www.lagrangenews.com/2018/09/28/chromebook-initiative-places-digital-technology-into-the-hands-of-6000-students/","https://www.tcss.net/connect","458","1357","1","0","0103390"
"Valley View CUSD 365U","IL","Romeoville / Bolingbrook","2016","Fall","Yes (phased)","7-8 (SY 2016-17 pilot); near-district-wide SY 2017-18","Chromebook","Three-year plan launched fall 2016-17 SY with all 7th and 8th grade students receiving Chromebooks. Expanded in fall 2017-18 to ~12,000 students (grades 4-12) — one of largest simultaneous 1:1 Chromebook deployments in Illinois. Source: June 2017 Romeoville Patch article on accelerated rollout.","https://patch.com/illinois/romeoville/valley-view-expands-chromebook-rollout-ahead-schedule","https://www.vvsd.org/families/technology-devices","459","1351","1","0","1740070"
"Waco ISD","TX","Waco","2020 (by)","","Yes (likely)","9-12 confirmed; K-12 likely","Chromebook","All 9th graders and students without prior issued device receive a Chromebook in first two weeks of school. District had 5,200+ Chromebooks on loan in March 2020 (COVID). No confirmed pre-2020 district-wide 1:1 launch year found in public sources. Upper bound 2020.","https://ts.wacoisd.org/","https://www.wacoisd.org/site/default.aspx?PageType=3&DomainID=33&ModuleInstanceID=11667&ViewID=6446EE88-D30C-497E-9316-3F8874B3E108&RenderLoc=0&FlexDataID=42371&PageID=59","460","1350","1","0","4844280"
"Palo Alto Unified","CA","Palo Alto","2016","Fall","Partial","7th grade + 10th-11th grades (initial pilot 2016-17); expanded to 6-12 take-home later","Chromebook","'Future Ready' initiative launched fall 2016-17 SY providing take-home Chromebooks to 7th graders at Jordan MS and sophomores/juniors at Paly and Gunn HS as part of White House Future Ready national program. Described as 'newly initiated' in Feb 2017 Campanile article. District now 1:1 with take-home Chromebooks grades 6-12 and school-use devices TK-5.","https://thecampanile.org/2017/02/01/invasive-chromebook-policy-infringes-on-student-privacy/","https://www.pausd.org/school-life/education-technology/student-devices","461","1350","1","0","0629610"
"Palatine CCSD 15","IL","Palatine","2020 (by)","","Yes","K-8","Chromebook","District provides 1:1 Chromebooks to all students K-8; grades 3-8 take home daily; K-2 stored in charging carts. No confirmed pre-2020 launch year found in public sources. Upper bound 2020.","https://www.ccsd15.net/our-district/departments/technology/digital-learning","","462","1346","1","0","1730420"
"Comal ISD","TX","New Braunfels","2024","Fall","Yes","6-12 (initial); K-12 expansion underway","Chromebook (Windows ZBook for Hill Country Prep HS)","1:1 Device Initiative funded by Bond 2023; students issued district Chromebooks starting 2024-25 SY with $40/yr optional device protection fee. First year was 2024-25 for 6-12 grade students. K-5 expansion planned. Source: district 1:1 Device Initiative page.","https://www.comalisd.org/apps/pages/index.jsp?uREC_ID=1451386&type=d&pREC_ID=2653252","https://communityimpact.com/san-antonio/new-braunfels/education/2026/03/10/check-out-updates-on-17-comal-isd-bond-projects/","463","1340","1","0","4814730"
"Bellevue School District","WA","Bellevue","2017 (by)","","Yes","K-12","Laptop / Chromebook / MacBook (mixed)","District has 1:1 One-to-One Computing Initiative; 2017-18 Student Laptop Handbook confirms program active in SY 2017-18. All students issued a device. Confirmed active by 2017 at minimum; actual start year may be earlier. Upper bound 2017.","https://abby-juergens-zluo.squarespace.com/s/2017-201811ComputerHandbook.pdf","https://www.bsd405.org/programs-and-services/technology-services/technology-support-for-students-and-families","464","1335","1","0","5300390"
"Eagle Mountain-Saginaw ISD","TX","Fort Worth (NW)","","","","","","No firm 1:1 launch year found. 2023 bond (Prop B) approved $18M for technology to provide every student iPad or Chromebook; full rollout tied to post-2023 bond implementation. No confirmed pre-2023 1:1 program in public sources.","https://www.emsisd.com/","","465","1335","1","0","4817700"
"Berkeley County Schools","WV","Martinsburg","2020 (by)","","Yes","K-12","Chromebook","District has 'OneBerkeley Connects' one-to-one digital learning initiative; each BCSD student provided a Chromebook. No confirmed pre-2020 launch year found in public sources. COVID-era deployment documented. Upper bound 2020.","https://www.berkeleycountyschools.org/domain/6593","","466","1332","1","0","5400060"
"Waukegan CUSD 60","IL","Waukegan","2018 (by)","Fall","Partial","HS (initial); MS pilot followed","Chromebook","1:1 initiative launched with 4,500 Waukegan High School students in August (year unclear; articles describe Abbott MS as 'similar to HS initiative launched in August'). HS pilot preceded Abbott MS 6th-grade pilot (270 students). Confirmed active by 2018-19 based on technology upgrades and pilot sequencing. Upper bound 2018.","https://www.wps60.org/District/News/3426-Chromebook-Pilot-Begins-at-Abbott-M-S.html","https://www.wps60.org/District/1673-new-page.html","467","1332","1","0","1741250"
"Nampa School District","ID","Nampa","2016","August","Yes (phased)","HS (initial Aug 2016); elementary iPads fall 2016; 3-year plan for all K-12","Laptop (Dell Latitude) / iPad","Phase 1: ~2,000 Dell Latitude laptops issued to Columbia High School students August 2016. Phase 2: ~2,700 iPads distributed to 5 elementary schools Sept-Oct 2016. Part of 3-year $3.5M personalized learning initiative. HS students used laptops at home and school. Source: THE Journal, Boise State Public Radio, KTVB Aug 2016.","https://thejournal.com/articles/2016/08/17/idaho-school-district-issues-laptops-to-high-school-students.aspx","https://www.idahoednews.org/kevins-blog/nampa-rolls-school-tech-initiative/","468","1331","1","0","1602340"
"Hazelwood","MO","Florissant","2016","Fall","Yes","PK-12","Chromebook","CIO David McCorkle hired July 2016 specifically to 'design, implement and manage the 1:1 Chromebook initiative for all students PK-12.' Missouri State Auditor FY2017 audit report includes section on 'Chromebook Laptop Computers' confirming program active. Initiative launched fall 2016 SY or early 2016-17.","https://www.hazelwoodschools.org/domain/392","https://app.auditor.mo.gov/Repository/Press/2018025189796.pdf","469","1330","1","0","2913830"
"Hanover County Public Schools","VA","Ashland / Mechanicsville","2019","Fall","Yes (phased)","Middle school pilot (Stonewall Jackson MS); district-wide expansion followed","Chromebook","Digital Learning Initiative launched with Stonewall Jackson Middle School as pilot (chosen for diverse population). Hanover High School had a separate 1:1 Chromebook initiative beginning 2017. District-wide DLI active fall 2019 (May 2020 parent presentations confirm rollout in progress). Using 2019 for district-wide initiative; HS pilot may be 2017.","https://hcps.us/departments/instruction/curriculum_instruction/digital_learning_initiative","https://hcps.us/departments/instruction/curriculum_instruction/digital_learning_initiative/chromebook_information","470","1327","1","0","5101830"
"Litchfield Elementary District","AZ","Litchfield Park","2020 (by)","","Yes (likely)","K-8","Chromebook","District uses Chromebooks with Google Classroom; budget includes Chromebook replenishment (~$600K capital projects). No confirmed pre-2020 launch year for district-wide 1:1 found in public sources. Upper bound 2020.","https://www.lesd79.org/departments/technology/technology-and-distance-learning-parent-and-student-resources","","471","1327","1","0","0404380"
"Columbia Public Schools 93","MO","Columbia","2014 (by)","","Partial","MS + 5th-6th grade (confirmed); HS at Battle HS","iPad / Laptop","District ranked Top 10 NSBA for technology innovation. 'iPads in CPS' blog and Springer 2016 journal article confirm 1:1 iPad deployment at middle schools and all 5th-6th grade students; Battle HS also 1:1. Technopalooza conference shows ongoing iPad integration. Earliest firm date not pinned; program described as multi-year by 2016. Upper bound 2014 (NSBA recognition implies multi-year before 2016 article).","https://sites.google.com/site/ipadsincps/ipad-projects","https://link.springer.com/article/10.1007/s10639-016-9480-2","472","1326","1","0","2901000"
"Dougherty County School System","GA","Albany","2014","","Yes","K-12","iPad (ES/MS); MacBook Air (HS); earlier mixed","2014: Board invested $14.6M in network infrastructure and technology, putting 'a personalized learning device in every student's hand' making DCSS 'one of the state's few true 1-to-1 school districts.' 2022: upgraded to Apple M1 MacBook Air (HS) and new iPads (ES/MS) via Apple/EdFarm partnership. 2014 is the first confirmed 1:1 year.","https://appleinsider.com/articles/22/01/30/dougherty-county-school-system-to-hand-macbook-air-ipads-to-students","https://www.docoschools.org/site/default.aspx?PageType=3&DomainID=4&ModuleInstanceID=39&ViewID=6446EE88-D30C-497E-9316-3F8874B3E108&RenderLoc=0&FlexDataID=8658&PageID=1","473","1324","1","0","1301830"
"Abilene ISD","TX","Abilene","2020 (by)","","Yes (likely)","K-12","Chromebook","District loaned 5,200+ Chromebooks in March 2020; Superintendent noted 6,000 Chromebooks on order for fall 2020 (pre-ordered 3,000 before Operation Connectivity + 3,000 via the program). No confirmed pre-2020 district-wide 1:1 initiative in public sources. Upper bound 2020.","https://www.abileneisd.org/aisdnews/2020/05/15/chromebook-return-set-up-for-next-week/","https://www.abileneisd.org/o/aisd/page/technology","474","1321","1","0","4807440"
"Bethel School District","WA","Spanaway / Pierce County","2014","","Yes","K-12","iPad","Technology Levy first passed by voters in 2014 to give every student in the district access to a personal iPad. 'For nearly a decade, every student in the district has had access to a personal iPad.' Levy renewed in 2018. Program has provided 1:1 iPads to all K-12 students since 2014 levy passage/implementation. Source: Pierce County levy documents and district levy page.","https://www.bethelsd.org/resources/levy","https://www.piercecountywa.gov/DocumentCenter/View/154339/Bethel-SD_edition-2","475","1316","1","0","5300480"
"Martin County School District","FL","Stuart","2020 (by)","","Yes","K-12","Chromebook/Laptop","upper bound; district currently states every student has district-issued laptop or Chromebook; 2016-17 Digital Classroom Plan on file with FL DOE but specific 1:1 launch year not pinned from web sources; COVID era likely accelerated to full 1:1","https://www.martinschools.org/page/about-our-district","https://www.fldoe.org/core/fileparse.php/12098/urlt/1617Martin.pdf","476","1303","1","0","1201290"
"Lee's Summit R-VII","MO","Lee's Summit","2015","August","Yes","K-12","Chromebook","Connect2Learn initiative; launched August 2015; district states 'since August 2015' students K-12 have equitable one-to-one access; Dell Chromebook 5190 2-in-1 convertible for grades 7-12 by 2019-20 SY","https://connect2learn.lsr7.org/","https://www.lsr7.org/departments/technology/connect2learn","477","1301","1","0","2918300"
"M S D Lawrence Township","IN","Indianapolis","2020 (by)","","Yes","K-12","Chromebook","upper bound; district has active RFQ/RFP for student Chromebooks and operates 1:1 environment; specific launch year not found via web search; 2019 $191M capital referendum included technology upgrades","https://www.ltschools.org/services/technology-services/procurement/rfq-for-student-chromebooks","https://www.ltschools.org/services/technology","478","1301","1","0","1805670"
"Northwest ISD","TX","Justin","2025","","Yes","6-12","Chromebook","secondary 1:1 Chromebook launched 2025-26 SY per 2023 bond approval; prior to 2025 only classroom sets at elementary; grades 6-12 now take home district-issued Dell Chromebook; pre-2025 was partial/cart-based","https://www.nisdtx.org/departments/technology/student-devices","https://www.nisdtx.org/news-events/newsroom/details/~board/homepage-news/post/new-student-device-practices-in-compliance-with-state-law-for-2025-2026","479","1295","1","0","4833180"
"Brentwood Union Free School District","NY","Brentwood","2020 (by)","","Yes","3-12","Laptop","upper bound; district operates 1:1 laptop program for grades 3-12 (K-2 in-class only); 2022-25 Instructional Technology Plan notes COVID revealed unequal technology access; specific pre-pandemic launch year not confirmed","https://www.bufsd.org/departments/information-technologies/1-to-1","https://resources.finalsite.net/images/v1664819921/brentwoodk12nyus/d8j9hkajl2nhornyyumg/2022-2025-Instructional-Technology-Plan-2021.pdf","480","1294","1","0","3605280"
"Bryan ISD","TX","Bryan","2020","March","Yes","K-12","Chromebook","COVID-era distribution March 2020; Bryan ISD began handing out Chromebooks to families when schools closed; no evidence of pre-pandemic 1:1 program found","https://www.kbtx.com/content/news/Bryan-ISD-issuing-laptops-so-students-569074091.html","https://www.classlink.com/case-studies/bryan-isd","481","1292","1","0","4811790"
"Matanuska-Susitna Borough School District","AK","Palmer","2022","","Yes","PreK-12","Chromebook","1:1 district-wide Chromebook deployment launched 2022-23 SY; grades 3-12 take home; PreK-2 store at school; all students assigned; new Chromebooks issued at grade 3 and 8","https://www.frontiersman.com/news/msbsd-roundup-deployment-of-district-provided-student-devices-goguardian-parent-app-1-minute-of-silence/article_f7286bb6-44fd-11ed-888d-d730537ff6b3.html","https://www.matsuk12.us/","482","1290","1","0","0200510"
"Salinas City Elementary","CA","Salinas","2020 (by)","","Yes (likely)","K-6","Mixed","upper bound; district has Instructional Technology dept and refers to 1:1 device implementation; Intel Unite deployment visible on site; specific launch year not found via web search","https://www.salinascityesd.org/department/instructional-technology","https://salinascityesd.org/intel","483","1289","1","0","0633930"
"Catawba County Schools","NC","Newton","2017","October","Yes","6-8 (initial)","Chromebook","K-64 county initiative; board approved Oct 2017; middle school rollout began Oct 2017; by Feb 2019 every middle schooler had a Chromebook; high school rollout Fall 2019; K-64 distributed 14131 Chromebooks across three local systems","https://www.k-64learning.org/2019/02/18/k-64-chromebooks-transforming-education-in-catawba-county/","https://hickoryrecord.com/news/catawba-county-k-64-helps-middle-schools-close-digital-gap-with-chromebooks/article_00067a7e-f657-59e1-bfab-f9333038338a.html","484","1287","1","0","3700690"
"South Washington County School District","MN","Cottage Grove","2013","","Yes","K-12","iPad/Chromebook","Personalization of Learning through Technology (PLT) initiative; began 2013 with 5-school 1:1 iPad pilot; expanded district-wide each subsequent year; current fleet nearly 19000 devices; iPads for K-5 Chromebooks for 4-12","http://www.sowashco.org/academics/teaching-and-learning-services/personalization-of-learning-through-technology-plt","https://www.sowashco.org/services/technology","485","1286","1","0","2733810"
"Rochester Public School District","MN","Rochester","2020","Fall","Yes","K-12","Chromebook","COVID-era 1:1 achieved fall 2020; district purchased 4500 Chromebooks for $1.04M using CARES Act funds (Sept 2020); previously near-1:1 but not fully there; $4M total COVID relief spent on instructional tech","https://www.postbulletin.com/news/rps-spends-more-than-1-million-for-student-laptops","","486","1286","1","0","2731800"
"San Mateo-Foster City School District","CA","San Mateo","2020 (by)","","Yes","K-8","Chromebook","upper bound; district provides Chromebooks to each student and hotspots for home access; specific pre-pandemic launch year not confirmed via web search; COVID era likely finalized 1:1","https://www.smfcsd.net/families/technology-support","https://www.smfcsd.net/district-departments/business-services/technology/technology-resources","487","1284","1","0","0634920"
"Francis Howell R-III","MO","St. Charles","2025","Fall","Yes","6-12","Chromebook","1:1 Chromebook for every middle and high school student beginning fall 2025; first time district issued devices to all secondary students; estimated $300K annual savings vs. prior approach; elementary students not yet 1:1","https://www.fhsdschools.org/programsservices/technology","","488","1279","1","0","2928950"
"Pasco School District","WA","Pasco","2020 (by)","","Yes","K-12","Laptop","upper bound; district states 'each student a laptop to use at school and at home'; Feb 2022 Chromebook handbook doc on file; specific launch year not pinned pre-pandemic","https://www.psd1.org/departments/information-systems","","489","1274","1","0","5306570"
"Rio Rancho Public Schools","NM","Rio Rancho","2019 (by)","","Yes (likely)","K-12","Chromebook","upper bound; Aug 2019 blog post notes adoption of Google Education infrastructure and Chromebooks 'over the last couple of years' across all schools; suggests rollout circa 2017-2018","https://dompruitt.com/2019/08/06/chromebook-users-of-rio-rancho/","https://www.rrps.net/","490","1274","1","0","3500010"
"Ogden City School District","UT","Ogden","2020","","Yes","K-12","Chromebook","Digital Elevation initiative; district had been working toward 1:1 pre-COVID but achieved full 1:1 status during 2020-21 SY when COVID accelerated rollout; all students issued Chromebook","https://www.ogdensd.org/learning/digital-elevation","https://www.abc4.com/news/local-news/potential-to-change-ogden-school-district-forever-students-to-gain-free-internet-access-at-home/","491","1271","1","0","4900720"
"Oak Grove Elementary School District","CA","San Jose","2020 (by)","","Yes (likely)","K-8","Chromebook","upper bound; district uses Chromebooks and Google Apps for Education for all TK-8 students; prior to 2020 noted 1 Chromebook per 2 students (shared); COVID likely completed 1:1 transition","https://www.ogsd.net/departments/informationeducation-technology-department/technology-as-a-ccss-21st-century-tool","https://www.ogsd.net/","492","1270","1","0","0627810"
"Roseville City Elementary","CA","Roseville","2015","","Yes","3-8","Chromebook","EFF case study (Dec 2015) documents mandatory Chromebook rollout starting in 3rd grade; by 2019-20 SY plan called for every RJUHSD student (separate HS district) to have device; Roseville City Elem adopted Chromebooks as mandatory district-wide in elementary grades circa 2015","https://www.eff.org/studentprivacy-casestudy","https://eyeofthetigernews.com/10777","493","1267","1","0","0633600"
"Santa Clara Unified","CA","Santa Clara","2017","Spring","Yes","K-12 (phased)","Chromebook","1:1 Chromebook rollout began spring 2017-18 SY; committee formed spring 2018 to plan 2018-19 expansion; K-5 covered first then middle/high; district goal to outfit all students with devices by 2020","https://www.santaclarausd.org/site/Default.aspx?PageType=3&DomainID=42&PageID=3630&ViewID=6446ee88-d30c-497e-9316-3f8874b3e108&FlexDataID=2768","https://www.santaclarausd.org/Page/2283","494","1262","1","0","0635430"
"Eugene SD 4J","OR","Eugene","2020","August","Yes","K-12","Mixed (laptop/tablet)","COVID-era 1:1 achieved Aug 2020; district ensured all 16000 students had at-home learning device; device pickup began Aug 20 2020 for middle schools; prior to this devices were not take-home for all students","https://www.kezi.com/content/news/4J-passes-out-at-home-learning-devices-to-students-572177321.html","https://www.klcc.org/education/2020-03-30/eugene-4j-working-to-remove-remote-learning-barriers-for-low-income-students-in-school-district","495","1261","1","0","4104740"
"North Clackamas SD 12","OR","Milwaukie","2020","","Yes","K-12","Chromebook","COVID-era 1:1 rollout; ~12000 Chromebooks distributed to students needing one during pandemic 2020-21; by end of 2021-22 SY all outdated devices replaced with touchscreen Chromebooks; pre-pandemic had partial fleet not full take-home 1:1","https://www.nclack.k12.or.us/viewacres/page/chromebooks-and-hotspots-students","https://technologymagazine.com/company-reports/ncsd-masterclass-sustainable-education","496","1260","1","0","4108830"
"St. Mary's County Public Schools","MD","Leonardtown","2020 (by)","","Yes","K-12","Laptop","upper bound; district maintains 1:1 technology program with student laptops; COVID-era device distribution documented; specific pre-pandemic launch year not confirmed via web search","https://www.smcps.org/offices/information-technology-services/11-technology","","497","1260","1","0","2400600"
"Inglewood Unified","CA","Inglewood","2020 (by)","","Yes (likely)","K-12","Chromebook","upper bound; district has Chromebook carts used daily; COVID 2020 distribution referenced; specific 1:1 per-student take-home program launch year not confirmed; prior to 2020 appears to have been cart-based not full 1:1","https://www.inglewoodusd.com/apps/pages/index.jsp?uREC_ID=1471731&type=d&pREC_ID=1650148","","498","1257","1","0","0618390"
"Vallejo City Unified","CA","Vallejo","2020 (by)","","Yes","K-12","Chromebook","upper bound; LCAP funds dedicated to Chromebooks and infrastructure; GoGuardian deployed for all classroom Chromebooks; $3.25M annual budget for devices; specific 1:1 launch year not confirmed but COVID era likely completed program","https://www.vcusd.org/departments/educational-services/technology-and-information-services/technology-plan","https://www.vcusd.org/Page/706","499","1254","1","0","0640740"
"Broken Arrow Public Schools","OK","Broken Arrow","2015","August","Yes","9 (initial); 6-12 by 2022","Chromebook","1:1 Initiative launched Aug 2015 with 9th grade at Freshman Academy; 2018 pilot expanded to one middle school (Sequoyah); by 2022-23 SY all grades 6-12 have district-issued Chromebooks; replaced 9th grade textbooks","http://www.newson6.com/story/5e361d572f69d76f62042d21/broken-arrow-school-district-gives-laptops-to-ninth-graders","https://www.baschools.org/vnews/display.v/ART/55b7884071878","500","1241","1","0","4005490"
"Mission CISD","TX","Mission","2014","January","Yes (phased)","9th grade (VMHS/MHS/MCHS) + 6th grade (K. White JH) initially; expanded one grade/year","Chromebook","Jan 2014 first rollout to freshmen at Veterans Memorial HS, Mission HS, Mission Collegiate HS, and 6th graders at K. White JH; $462,150 budget, 1,843 Chromebooks; plan to expand one grade per year each fall thereafter","https://www.mcisd.net/apps/news/article/348248","https://www.mcisd.net/apps/news/article/403581","501","1240","1","0","4831040"
"St. Landry Parish School Board","LA","Opelousas","","","Yes (likely)","","Chromebook","District provides Chromebooks to students per school handbook; Chromebooks in use but not permitted to go home at all schools; no dated rollout announcement found in web search","https://www.slpsb.org/page/instructional-technology","","502","1240","1","0","2201560"
"Brockton Public Schools","MA","Brockton","2020","","Yes","K-12","Laptop","District self-describes as '1:1 since 2020'; pre-pandemic had ~10,000 older laptops for 16,000 students (not 1:1); federal COVID funds enabled full 1:1 swap to newer laptops by end of Aug 2020","https://www.bpsma.org/apps/pages/index.jsp?uREC_ID=4408281&type=d&pREC_ID=2636973","","503","1239","1","0","2503090"
"Carmel Clay Schools","IN","Carmel","2020","","Yes","K-12","Chromebook","District began sending home devices with students at K-8 level as of Aug 2020; prior to 2020, operated BYOD with shared carts; 2020 marks transition to take-home 1:1 for all grades","https://www.ccs.k12.in.us/services/technology-data-solutions/chromebooks","https://www.youarecurrent.com/2020/07/14/carmel-clay-schools-proceeding-with-plans-for-in-person-virtual-options-this-fall/","504","1238","1","0","1801200"
"Hays CISD","TX","Buda","","","Partial","","Mixed","Hays CISD is a BYOD district; not a true 1:1 issuing district; distributed ~2,500 checkouts in spring 2020 pandemic emergency but did not launch a district-wide 1:1 initiative; devices available for checkout for students who need them","https://www.hayscisd.net/page/technology","","505","1237","1","0","4800010"
"Pickens County School District","SC","Easley","2014","","Yes (phased)","9th grade initially; expanded to add 6th-7th with tablets; grades 4-12 by year 4","Chromebook","'Tech It Home' initiative; eSchoolNews Oct 2018 article states funding was approved 'four years ago' placing start ~2014; began with Chromebooks for 9th graders then expanded; K-12 1:1 by ~2021-22","https://www.eschoolnews.com/2018/10/26/how-our-district-is-becoming-digital-from-day-one/","https://sites.google.com/a/pickens.k12.sc.us/tech-it-home/home","506","1236","1","0","4503330"
"Naperville CUSD 203","IL","Naperville","2015","Fall","Yes (phased)","2015-16: HS (9-12); 2016-17: JH (6-8); 2017-18: Elem (2-5)","Chromebook","'Digital Learning Initiative'; fall 2015 pilot expanded to full HS deployment (~5,710 students at Naperville Central and North); pilot ran fall 2014-Jan 2015 (1,500 students in 41 classrooms); phased expansion complete by 2017-18 for grades 2-12","https://www.naperville203.org/Page/5180","https://www.dailyherald.com/20160215/news/how-district-203-plans-to-buy-more-students-laptops/","507","1236","1","0","1727710"
"Joliet Public School District 86","IL","Joliet","2020","","Yes","K-8","Chromebook","All K-8 students received a Chromebook as part of back-to-school plan for 2020-21 SY; district (3rd largest elementary in IL) committed to technology integration; prior to 2020 had Clevertouch classroom displays but not 1:1 take-home","https://patch.com/illinois/joliet/joliet-public-schools-district-86-releases-back-school-plan","","508","1234","1","0","1720580"
"Santa Fe Public Schools","NM","Santa Fe","2020 (by)","","Yes (likely)","K-12","Mixed (Chromebook/iPad)","District provides 'a Chromebook/iPad for every student'; specific rollout year not pinpointed in web search; COVID-era device distribution confirmed; upper bound 2020","https://www.sfps.info/page/technology","","509","1229","1","0","3502370"
"Gary Community School Corporation","IN","Gary","2020","June","Yes","K-12","Chromebook","Accelerated 1:1 rollout due to COVID; Indiana DUAB approved $2.4M contract for 4,700 Chromebooks; originally planned for fall 2020 but distribution began early June 2020; each device equipped with mobile hotspot","https://www.nwitimes.com/news/gary-community-school-corp-to-accelerate-1-to-1-technology-rollout-amid-coronavirus-pandemic/article_a7a52a6f-c3b7-5ecb-902f-c376d60fd279.html","","510","1225","1","0","1803870"
"Parkway C-2","MO","Chesterfield","2016","Fall","Yes (phased)","Fall 2016: Elem gr 3-5 (1:1) + K-2 (2:1); Fall 2017: MS all grades; Fall 2018: HS freshmen added; 2020: K-12 all","Chromebook","'Access Learning for Today (ALT)' initiative; fall 2016 began elem 3-5 1:1 Chromebooks; MS went 1:1 fall 2017; HS phased starting fall 2018; full K-12 1:1 take-home by 2020-21","https://westnewsmagazine.com/2017/03/30/77746/more-chromebooks-coming-to-parkway-students/","https://www.parkwayschools.net/Page/4864","511","1223","1","0","2923580"
"Cleveland County Schools","NC","Shelby","2017","Fall","Yes (phased)","2017-18: 10th-11th grade initially","Chromebook","1:1 Student Laptop Initiative; 2017-18 SY began with 10th and 11th graders; expansion to additional grades thereafter; specific full-district completion date not found","https://www.clevelandcountyschools.org/","","512","1219","1","0","3700900"
"Vigo County School Corporation","IN","Terre Haute","2020","Fall","Yes","Gr 3-12 (fall 2020); K-2 planned next stage","Chromebook","COVID accelerated 4-year technology plan; purchased Chromebooks for all students gr 3-12 using CARES Act funds ($2.85M) + ESSER II ($3.06M); teachers received Chromebooks in prior year and trained spring/summer; Tribune-Star reported Sep 2020","https://www.tribstar.com/news/local_news/vcsc-ramps-up-its-technology-plan/article_798fde89-8f80-53b4-a4cb-02c630eb3f56.html","","513","1216","1","0","1812090"
"Bend-La Pine SD 1","OR","Bend","2013","","Yes (phased)","Pilot 2013-14 at 8 schools (gr 3+); expanded district-wide","iPad","Digital conversion pilot began at 8 schools in 2013-14 SY giving students and teachers own iPads for class and home use; Bend Bulletin confirmed 2013 launch; casualty rate low per 2015 article; district-wide iPad 1:1 (all grades)","https://www.bendbulletin.com/home/2178238-151/bend-la-pine-digital-conversion-moves-forward","https://www.bendsource.com/news/localnews/bend-la-pine-schools-creates-policy-to-review-tech-in-classrooms/","514","1213","1","0","4101980"
"M S D Wayne Township","IN","Indianapolis","2013","","Yes","K-12","Chromebook","'Innovate 1:1' program; district launched districtwide 1:1 Chromebook program in 2013; ClassLink PR and district documentation confirm 2013 as launch year; district pushed digital learning for 20+ years including online school since 2000","https://sites.google.com/wayneschools.com/wtps1to1","https://www.classlink.com/news/msd-wayne-township","515","1213","1","0","1812810"
"Bethlehem Area SD","PA","Bethlehem","2019","Fall","Yes (phased)","2019-20: grades 8-10; 2020-21: all secondary","Chromebook","'BASD Empower' initiative; launched fall 2019 with 3,000+ students in grades 8-10; goal to extend to all secondary by Sept 2020; WLVT article Sep 2019 confirmed launch; PreK-12 now participating with devices issued at grades K, 5, and 9","https://www.wlvt.org/blogs/northampton/basd-empowers-students-with-chromebooks/","https://www.basdschools.org/for-families/empower","516","1207","1","0","4203570"
"Davenport Community School District","IA","Davenport","2020","March","Yes (phased)","6-12 (March 2020 COVID trial); expanded to K-12","Chromebook","March 2020 implemented trial 1:1 Chromebook model in grades 6-12 to limit germ spread and enable at-home learning; COVID-pandemic-driven rollout; district continued and expanded program post-pandemic","https://www.davenportschools.org/our_schools/chromebook_1_1","","517","1207","1","0","1908580"
"Amphitheater Unified District","AZ","Tucson","2020 (by)","","Yes (likely)","","Mixed (Chromebook/iPad)","District has 'at least one device per student'; iPads used for younger grades, Chromebooks for older; COVID-era digital learning expansion; bond funds include $20.4M for educational technology; specific rollout year not confirmed in web search; upper bound 2020","https://www.amphi.com/digital-learning-home","","518","1207","1","0","0400680"
"Kennewick School District","WA","Kennewick","2020 (by)","","Yes (phased)","Secondary initially; K-12 by 2022","Chromebook","Community voted a 4-year technology levy to provide device to every student by 2022; secondary students received Chromebooks for school and home use; specific levy passage year not pinpointed but target 2022 implies levy ~2018-2019; upper bound 2020 given 4-year timeline","https://www.ksd.org/information-technology","https://kennewick.ksd.org/chromebooks","519","1206","1","0","5303930"
"Florence School District 01","SC","Florence","2018","Fall","Yes (phased)","Elem gr 3-5 (Nov 2018); three-year rollout to full K-12","Chromebook","'Imagine Forward' initiative; Device Guide 2018-19 confirms first year of rollout; elem gr 3-5 received Chromebooks Nov 2018; three-year phased plan to achieve full K-12 1:1; full district 1:1 by ~2020-21","https://www.f1s.org/our-district/imagine-forward","https://www.f1s.org/our-district/imagine-forward/faq-for-parents","520","1203","1","0","4502130"
"Provo School District","UT","Provo","2020","","Yes","K-12","Chromebook","District provided Chromebooks to every student beginning 2020-21 SY; spring 2020 COVID closures prompted device distribution to all students needing a computer at home; secondary students assigned Chromebook device; elementary have classroom access with take-home option","https://provo.edu/departments/technology-support/","https://centennial.provo.edu/chromebook-distribution/","521","1201","1","0","4900810"
"San Angelo ISD","TX","San Angelo","2020 (by)","","Yes (likely)","","Chromebook","District offers student device checkout (Chromebooks, iPads, laptops); no specific 1:1 initiative announcement found in web search; technology department page confirms devices available for home use; upper bound 2020","https://www.saisd.org/departments/technology/home","","522","1201","1","0","4838700"
"Chippewa Valley Schools","MI","Clinton Township","2020","Spring","Yes","K-12","Laptop","School closures in March 2020 and federal COVID dollars prompted 1:1 laptop program K-12; district financially sustained it for 10 years; elem laptops cart-based (take-home at teacher discretion); MS/HS take laptops home daily","https://www.chippewavalleyschools.org/academics/student-links/technology-support-for-familiesdraft/","","523","1201","1","0","2609570"
"Merced City Elementary","CA","Merced","2020 (by)","","Yes (likely)","2-6 (district is K-6)","Chromebook","Gr 2-5 classrooms equipped with 1:1 Chromebooks; gr 6 students assigned individual Chromebook; COVID-era device distribution confirmed (district provided devices for families in need spring 2020); specific rollout year not pinpointed; upper bound 2020","https://www.mercedcsd.org/departments/educational-services/data-technology-services/technology","","524","1200","1","0","0624600"
"Lynwood Unified","CA","Lynwood","2019","","Yes (phased)","Phased toward 100% 1:1","Chromebook","Digital Promise profile (Aug 2019) shows 85% of students covered; district mapped deployment to reach 100% 1:1 by Jan 2020; EdWeek Nov 2021 article confirms district had 20,000+ Chromebooks by fall 2021 (2 per student); initiative predates 2019 but 85% coverage confirmed 2019","https://digitalpromise.org/district/lynwood-unified-school-district/","https://marketbrief.edweek.org/meeting-district-needs/a-california-districts-tough-road-to-overhauling-its-device-landscape/2021/11","525","1200","1","0","0623160"
"Yuma Elementary School District One","AZ","Yuma","2015","Fall","Yes","K-8","iPad","Launched personalized learning with 1:1 iPads at all 17 schools SY 2015-16; November 2014 bond provided $4.8M for full implementation; district provides an iPad for every student","https://www.edelements.com/personalized-learning-at-yuma-district-one-az","https://www.prweb.com/releases/education_elements_and_yuma_elementary_school_district_one_partner_on_personalized_learning/prweb12691880.htm","526","1200","1","0","0409600"
"Cedar Rapids Community School District","IA","Cedar Rapids","2019","Fall","Yes (phased)","9-12 first then MS","Chromebook","Sep 2018 article: plan to give all secondary students a device within 2 years â€” HS first then MS; district-wide 1:1 Chromebook fully implemented by ~2019-20 SY; all students now issued Chromebook annually","https://www.thegazette.com/education/in-two-years-every-cedar-rapids-secondary-student-will-have-a-computer/","https://crschools.us/students-and-families/technology/student-devices/","527","1199","1","0","1906540"
"Lexington School District 05","SC","Irmo","2020 (by)","","Yes","6-8 confirmed; 3-12 likely","Chromebook","Students issued Chromebook in 6th grade and keep through 8th; district has Chromebook FAQ and full program; specific launch year not publicly documented; upper bound 2020","https://www.lexrich5.org/departments/office-of-operations/technology/students/chromebook-faq","https://www.lexrich5.org/domain/4403","528","1198","1","0","4502820"
"Duncanville ISD","TX","Duncanville","2020 (by)","","Yes","K-12","Mixed (iPad/Chromebook/laptop)","Impact Learning program provides each student iPad, Chromebook, or laptop; pandemic accelerated with $3M+ in device/hotspot purchases; specific pre-pandemic launch year not confirmed in web sources; upper bound 2020","https://www.duncanvilleisd.org/departments/technology/impact-learning-student-devices","","529","1197","1","0","4817640"
"Central Unified","CA","Fresno","2020 (by)","","Yes","TK-12","Chromebook","District Student 1:1 Technology Device Program covers TK-12; specific year not publicly documented in web sources; upper bound 2020","https://help.centralusd.k12.ca.us/hc/en-us/articles/10141763139725-District-Student-1-1-Technology-Device-Program","https://www.centralunified.org/","530","1195","1","0","0607970"
"Edison Township Public Schools","NJ","Edison","2016","","Yes","K-12","Mixed (iPad/Chromebook/MacBook)","CIO arrived 2014 and began training teachers on Chromebooks; ENGAGE Edison 2016 program reference found; K-1 iPads, 2-8 Chromebooks, 9-12 MacBooks; district-wide 1:1 in place by 2016","https://njedge.net/blog/edison-township-public-schools-improving-cybersecurity-in-the-classroom-and-beyond/","https://www.edison.k12.nj.us/page/department-of-technology","531","1191","1","0","3404500"
"Camden City Schools","NJ","Camden","2020","Spring","Yes","K-12","Chromebook","Pre-pandemic district was en route to 1:1; COVID accelerated with $1.5M Title I + philanthropic funds for devices spring 2020; 5,000 devices distributed by fall 2020; Chromebooks for HS via Camden Education Fund","https://www.njpen.com/funding-asset-management-community-conditions-hamper-camden-city-schools-11-technology-initiative/","https://www.inquirer.com/education/nj-schools-digital-divide-chromebooks-laptops-computers-ratio-academic-divide-20201009.html","532","1189","1","0","3402640"
"Portsmouth City Public Schools","VA","Portsmouth","2016","","Yes (phased)","9-12 first","Chromebook","Virginia E-Learning Backpack Initiative grant ($553,200) + additional $2.5M from school board; all HS students at Churchland, I.C. Norcom, Woodrow Wilson received Chromebooks in February 2016","http://hamptonroadsmessenger.com/posts/high-school-students-receive-chromebooks/","https://www.ppsk12.us/o/pps/page/technology","533","1188","1","0","5103000"
"Hilliard City Schools","OH","Hilliard","2015","Fall","Yes (phased)","6-12 first then K-5","iPad","One2One initiative: community/tech task force began 2013-14; first distribution to incoming 6th/7th/8th graders for SY 2015-16; 4-year phased rollout spanning through ~2018-19 for K-12","https://www.hilliardschools.org/one2one/","https://www.columbusmonthly.com/story/news/local/hilliard/2019/12/17/hilliard-schools-connection-change-innovation/2057707007/","534","1188","1","0","3904701"
"Rowland Unified","CA","Rowland Heights","2020 (by)","","Yes (likely)","Not specified","Mixed (Chromebook/iPad)","District partnered with 1 Million Project for HS hotspots and devices 2019+; 4,000+ Chromebooks and iPads distributed; Apple MDM focus suggests mixed device environment; full 1:1 year not pinpointed; upper bound 2020","https://all4ed.org/blog/rowland-unified-school-district-provides-innovative-learning-for-all-during-covid-19/","https://www.rowlandschools.org/apps/news/article/832777","535","1188","1","0","0633750"
"Franklin-McKinley Elementary","CA","San Jose","2020 (by)","","Yes (likely)","K-8","Mixed (iPad/Chromebook)","Over 1,600 iPads deployed to 5 schools by 2016-17 (1:1 in gr 4-8, 1:3 in K-3); Chromebook carts supplemental; full district 1:1 not confirmed pre-pandemic; upper bound 2020","https://www.fmsd.org/apps/pages/index.jsp?uREC_ID=455495&type=d&pREC_ID=985742","https://www.fmsd.org/","536","1186","1","0","0614370"
"Baldwin Park Unified","CA","Baldwin Park","2019","Fall","Yes (phased)","9-12 first then 3-12","Chromebook","Olive Middle School launched 1:1 for SY 2019-20 per district news article; HS West 9th graders first in 2016-17; plan to reach all grades 3-12 by 2020; phased rollout 2017-2020","https://www.bpusd.net/apps/news/article/1112987","https://caschoolnews.net/articles/paramount-unified-boosts-access-to-technology-for-new-school-year/","537","1183","1","0","0603690"
"Tooele County School District","UT","Tooele","2020 (by)","","Yes","K-12","Chromebook","District provides Chromebooks to all students; district device policy last revised before Oct 2019; specific launch year not found in web sources; upper bound 2020","https://www.tooeleschools.org/departments/technology","","538","1180","1","0","4901050"
"Stamford Public Schools","CT","Stamford","2020","Fall","Yes","K-12","Mixed (Chromebook/Windows laptop)","Fall 2020 device distribution: K-8 Chromebooks, 9-12 Windows laptops; CT Everybody Learns initiative ($43.5M) supported; some BYOD prior but no confirmed pre-pandemic 1:1 program; grade 9 distribution mentioned at HS","https://stamfordmoms.com/sps-technology-info-for-the-2020-2021-school-year/","https://www.stamfordhigh.org/student-life/technology-hub","539","1177","1","0","0904320"
"Lowell Public Schools","MA","Lowell","2020 (by)","","Yes","K-12","Chromebook","District oversees full lifecycle of 1:1 Chromebooks; UMass Lowell confirms all area schools use Google Classroom and Chromebooks; specific launch year not documented in web sources; upper bound 2020","https://www.lowell.k12.ma.us/departments/technology/welcome","","540","1175","1","0","2507020"
"Bentonville Schools","AR","Bentonville","2018","Fall","Yes","K-12","Chromebook","Phased rollout: pilot/early deployment 2014-15 SY; 7-12 had devices by 2017; all HS students (grades 9-12) received take-home Chromebooks fall 2018 â€” final phase of march to full 1:1; K-6 added spring 2020 for COVID","https://www.nwaonline.com/news/2018/aug/03/bentonville-students-receiving-little-chrome/","https://www.nwaonline.com/news/2017/nov/20/bentonville-schools-ramping-up-device-a/","541","1173","1","0","0503060"
"Lansing Public School District","MI","Lansing","2020 (by)","","Yes (likely)","Not specified","Chromebook","District technology dept confirmed; School Improvement Grant funded 1:1 devices; COVID accelerated distribution; specific pre-pandemic 1:1 launch year not confirmed in web sources; upper bound 2020","https://www.lansingschools.net/departments/technology/","","542","1169","1","0","2621150"
"Paramount Unified","CA","Paramount","2017","Fall","Yes (phased)","3-12 phased over 3 yrs","Chromebook","Rollout began end of 2016-17 SY with 9th graders at PHS West; fall 2017 added 3rd grade, sophomores, Leona Jackson MS; plan to reach all grades 3-12 by 2020","https://caschoolnews.net/articles/paramount-unified-boosts-access-to-technology-for-new-school-year/","https://www.paramountusd.com/departments/business-services/technology/chromebooks-internet","543","1169","1","0","0629850"
"Billings Public Schools","MT","Billings","2020 (by)","","Yes (likely)","Not specified","Mixed (Chromebook/iPad)","District supports 28,000+ devices (Chromebook, iPad, Mac, Windows); pandemic ESSER funds significantly expanded technology; instructional tech coach noted years of growth before pandemic; specific 1:1 launch year not documented; upper bound 2020","https://billingsgazette.com/news/local/education/billings-educational-technology-esser-pandemic/article_2c32bbf4-9871-11ef-9f48-973a7a4d9aa9.html","https://www.billingsschools.org/","544","1166","1","0","3003870"
"Flint Community Schools","MI","Flint","2019","January","Yes (phased)","7-8 first","Chromebook","Elon Musk Foundation donated $423,600 for Google Chromebooks; 1:1 initiative launched January 2019 at Scott Middle School in two phases; covered all 7th and 8th graders; part of broader secondary restructuring with CS Mott Foundation","https://www.detroitnews.com/story/news/education/2018/12/20/musk-foundation-gives-flint-schools-423-600-google-chromebooks/2378107002/","https://www.edweek.org/technology/elon-musk-makes-donation-to-flint-mich-district-for-laptops/2019/01","545","1165","1","0","2614520"
"Tracy Joint Unified","CA","Tracy","2020 (by)","","Yes (likely)","Not specified","Chromebook","District technology dept active; participated in CA Bridging the Digital Divide during COVID; specific pre-pandemic 1:1 launch year not found in web sources; upper bound 2020","https://www.tracy.k12.ca.us/departments/technology","https://edsource.org/2021/a-california-program-spent-millions-on-devices-for-distance-learning-heres-where-it-went/654590","546","1165","1","0","0600047"
"Aurora East USD 131","IL","Aurora","2020 (by)","","Yes","Not specified","Chromebook","District provided 700 Chromebooks to neighboring district Oct 2020 (COVID surplus); all HS students required to bring district-provided Chromebook daily; specific 1:1 launch year not documented pre-pandemic; upper bound 2020","https://patch.com/illinois/oswego/700-chromebooks-d308-students-aurora-school-district-131","https://www.d131.org/technology/","547","1164","1","0","1704680"
"Toms River Regional Schools","NJ","Toms River","2020 (by)","","Yes","4-12 (1:1); K-3 (carts)","Chromebook","1:1 Chromebook initiative for grades 4-12; K-3 have classroom carts; launch year not specifically documented; Securly web filtering adopted 2015-16 suggesting earlier tech investment; upper bound 2020","https://www.trschools.com/technology/","https://www.securly.com/site/assets/images/Tom_rivers_case_study.pdf","548","1163","1","0","3416230"
"Craven County Schools","NC","New Bern","2017","Fall","Yes (phased)","6-12 first then 3-12","iPad","August 2017: announced grades 6-12 receive iPads; expanded to grades 3-12 via Craven ConnectED initiative; fall 2019 partnered with Kajeet/1MillionProject for internet access","https://wcti12.com/news/local/craven-co-students-in-grades-6-12-to-get-ipads-for-school-work","https://www.cravenk12.org/families/11-device-initiative","549","1162","1","0","3703310"
"Calvert County Public Schools","MD","Prince Frederick","2019","Fall","Yes (phased)","5th and 9th grade first","Mixed (Chromebook/laptop)","March 2018: Future Ready 3-year plan approved; 5th and 9th graders received laptops as first phase ~fall 2019; full K-12 rollout across 3 years 2019-2021; 2017-2020 Future Ready Plan","https://www.somdnews.com/recorder/news/local/school-system-gearing-up-to-become-more-future-ready/article_828263ae-59f4-51af-a36e-f5c3b58eb2fc.html","https://thebaynet.com/calvert-county-schools-approves-purchase-of-new-laptops-for-5th-and-9th-graders/","550","1159","1","0","2400150"
"Yakima School District","WA","Yakima","2020 (by)","","Yes (likely)","K-12","Laptop","upper bound; COVID-era 1:1 Laptop Initiative; as of March 2020 had distributed 3,700+ devices to 16,000 students; district website says each student gets laptop for school and home","https://www.yakimaherald.com/special_projects/coronavirus/yakima-school-district-works-to-get-computer-devices-to-all-students/article_6d46e539-00b0-52e9-abbb-0032eab7f7c1.html","https://www.ysd7.org/resources/family-resources/student-family-computer-handbook","551","1158","1","0","5310110"
"Rockdale County Public Schools","GA","Conyers","2015","Fall","Yes (phased)","9-12 (2015-16); 3-8 (2016-17); K-2 later","Laptop (Dell Windows)","Learning Reimagined initiative; 2014-15 pilot with iPads (PreK-2) and specialty programs; 2015-16 SY all HS students got Dell laptops; 2016-17 grades 3-8; phased to full K-12","https://www.dell.com/en-us/learn/assets/corporate~case-studies~en/documents~2016-rockdale-10022867-1-to-1-laptops-education-learning-reimagined-rcps.pdf","https://www.rockdaleschools.org/departments/technology/learning-reimagined-student-laptops","552","1158","1","0","1304410"
"Wicomico County Public Schools","MD","Salisbury","2020 (by)","April","Yes (likely)","K-12","Chromebook","upper bound; Chromebook distribution April 3 and 6 2020 (COVID); by 2022-23 all students expected to have district-issued laptop daily; no earlier initiative documented","https://www.wicomicoschools.org/","","553","1156","1","0","2400690"
"Lawton Public Schools","OK","Lawton","2020 (by)","","Yes (likely)","6-12 (CAP); elem stay at school","Chromebook","upper bound; Chromebook Assurance Program (CAP) for 6-12 take-home; elem devices stay at school; no specific launch year found in web search","https://www.lawtonps.org/","","554","1155","1","0","4017250"
"School City of Hammond","IN","Hammond","2020 (by)","","Yes (likely)","K-12","Chromebook","upper bound; district issued Chromebooks to students; COVID 2020-21 prompting device/hotspot distribution via T-Mobile Project 10Million partnership; no earlier 1:1 initiative date documented","https://sites.google.com/hammond.k12.in.us/techsupport/studentparents/chromebooks","https://www.hammond.k12.in.us/departments/technology/index","555","1155","1","0","1804320"
"Kenton County Public Schools","KY","Covington","","","","","Chromebook","no specific year found; district uses Chromebooks and participates in Next Generation Learner Districts; web search did not surface a 1:1 launch date","https://www.kenton.kyschools.us/departments/technology","","556","1149","1","0","2103090"
"Warren Consolidated Schools","MI","Warren","2021 (by)","","Yes (likely)","K-12","Chromebook","upper bound; JAR Systems case study confirms each student has own device; 2021-22 first full in-person year post-COVID with increased device integration; no earlier specific 1:1 launch year documented","https://www.jar-systems.com/warren-csd-embraces-technology-advances-education","https://www.wcs.k12.mi.us/","557","1147","1","0","2635190"
"Springfield SD 186","IL","Springfield","2020","Spring","Yes","K-12","Mixed (Chromebook/iPad/laptop)","COVID spring 2020 mass distribution; district had 65K devices pre-COVID then bought 53K more (~$13.8M) distributing ~100K total by May 2020; indicates pre-existing device stock before pandemic","https://chicago.chalkbeat.org/2020/5/6/21249500/before-federal-covid-19-rescue-checks-arrive-illinois-schools-spend-tens-of-millions-on-technology","https://www.sps186.org/","558","1147","1","0","1737080"
"Thompson School District R-2J","CO","Loveland","2020 (by)","","Yes (likely)","K-12","Mixed (iPad K-1; Chromebook 2-12)","upper bound; Tech4All 1:1 program tied to Strive 2025 strategic plan; won 2021 NATOA award for COVID digital equity response with device distribution; iPads K-1 touchscreen Chromebooks 2-5 standard Chromebooks 6-12","https://www.tsd.org/departments/its/tech4all","https://www.vivacitytech.com/case-studies/thompson-school-district","559","1147","1","0","0805400"
"Alisal Union School District","CA","Salinas","2020 (by)","","Yes (phased)","K-6","Chromebook","upper bound; TK-6 district; edCircuit Nov 2024 article notes 'over the last five years' of rolling out 1:1 take-home program starting at one school; COVID page for student technology 2020; phased school-by-school rollout approaching district-wide","https://edcircuit.com/developing-teacher-leaders-with-digital-citizenship-academies/","https://www.alisal.org/Page/3541","560","1146","1","0","0601950"
"Rogers Public Schools","AR","Rogers","2020 (by)","September","Yes (likely)","K-12","Chromebook","upper bound; Sept 2020 Arkansas Online article about district purchasing Chromebooks (replacing K iPads and supplementing all buildings); dedicated technology millage; no earlier full 1:1 launch date documented","https://www.arkansasonline.com/news/2020/sep/18/school-district-purchases-chromebooks/","https://www.rogersschools.net/departments/technology","561","1145","1","0","0511970"
"Mukilteo School District","WA","Mukilteo","2020 (by)","April","Yes (phased)","6-12 take-home; elem in-classroom","Laptop/Chromebook","upper bound; April 2020 Mukilteo Beacon article on distributing laptops to all students; HS and MS distribution complete first then elementary; secondary 6-12 take device home; no prior 1:1 launch year documented","https://www.mukilteobeacon.com/story/2020/04/08/schools/mukilteo-school-district-distributing-computers-providing-online-training-for-teachers/19783.html","https://www.mukilteoschools.org/12686_4","562","1139","1","0","5305430"
"Fairbanks North Star Borough SD","AK","Fairbanks","2020 (by)","","Yes (likely)","K-12","Chromebook","upper bound; district describes 1:1 Chromebook environment; also has BYOD program for secondary; no specific launch year found in web search","https://www.k12northstar.org/departments/technology/network-computer-services/chromebook-help","https://www.k12northstar.org/departments/technology/network-computer-services/byod","563","1139","1","0","0200600"
"Alhambra Unified","CA","Alhambra","2020 (by)","","Yes (likely)","K-12","Chromebook","upper bound; AUSD 1:1 Student Device Program documented on district website; COVID 2020 California mass device distribution; no earlier specific 1:1 launch date found","https://www.ausd.us/apps/pages/index.jsp?uREC_ID=116656&type=d&pREC_ID=922186","","564","1137","1","0","0600153"
"Renton School District","WA","Renton","2014","Fall","Yes (phased)","6-12 (2014); K-5 added later","Chromebook","2018-19 Renton Reporter article noted it was the 5th year of the 1:1 program at RHS placing start at 2014-15 SY; Renton High School 1:1 launched 2018-19 (high school expansion); middle schools had program earlier; district CTO confirmed initiative","https://www.rentonreporter.com/news/introducing-chromebooks-to-renton-high-school/","https://www.rentonschools.us/departments/technology-services/technology-for-student-learning","565","1134","1","0","5307230"
"Cecil County Public Schools","MD","Elkton","2020 (by)","","Yes (likely)","K-12","Chromebook","upper bound; Blended Virtual Program gives Chromebooks to participants; COVID 2020 Wicomico/Cecil area distribution; no earlier district-wide 1:1 launch year documented","https://www.ccps.org/administration/student-services/blended-virtual-program-bvp","https://www.ccps.org/","566","1133","1","0","2400240"
"Crowley ISD","TX","Crowley","2014 (by)","","Yes (phased)","7-12 (secondary)","Laptop (Windows)","upper bound; Phoenix Project 1:1 initiative; 2013-2016 Technology Plan exists; all 7th-12th students get Windows laptop; elementary has classroom iPad carts; exact launch year of Phoenix Project not confirmed but 2013-16 plan era","https://www.crowleyisdtx.org/departments/technology-services/technology-long-range-planning","https://www.crowleyisdedtech.com/","567","1130","1","0","4815910"
"Kalamazoo Public Schools","MI","Kalamazoo","2020","April","Yes","K-12","Chromebook","April 2020 KPS expanded Chromebook loan program to all elementary and middle school students for COVID remote learning; HS students had devices first; donated Chromebooks from Schupan; 5-12 backpack devices; 1-4 can take home","https://wkzo.com/news/articles/2020/apr/23/kps-elementary-middle-school-students-can-now-receive-chromebooks/1010137/","https://www.kalamazoopublicschools.com/departments/information-and-technology/chromebook-procedures","568","1122","1","0","2619950"
"Appleton Area School District","WI","Appleton","2020 (by)","","Yes","5-12 take-home; PreK-4 in-school only","Chromebook","upper bound; all AASD students have Chromebook; grades 5-12 assigned take-home; PreK-4 in-school; no specific 1:1 launch year documented in web search","https://www.aasd.k12.wi.us/families/education-resources/instructional-technology-chromebooks","","569","1121","1","0","5500390"
"M S D Perry Township","IN","Indianapolis","2020 (by)","","Yes (phased)","K-5 at building discretion; 6-12 take-home","Chromebook","upper bound; 6-12 take-home Chromebook 1:1; K-5 building-level discretion; uses Securly monitoring; no specific district-wide launch year documented","https://www.perryschools.org/for-parents/technology-resources/internet-equipment/","","570","1121","1","0","1808820"
"Westerville City Schools","OH","Westerville","2021 (by)","","Yes (likely)","K-12","Chromebook","upper bound; 2021 received $1.7M FCC Emergency Connectivity Fund grant for 4,000 Chromebooks and 300 hotspots; refreshed 10,000+ Chromebooks since 2022; no earlier full 1:1 launch date documented; some parents buying own devices","https://1808delaware.com/schools/westerville-schools-receives-grant-to-purchase-4000-chromebooks/","https://sites.google.com/westerville.k12.oh.us/wcsohedtech/home","571","1120","1","0","3904504"
"West Chester Area SD","PA","West Chester","2020 (by)","September","Yes","6-12 (laptop); K-5 (iPad)","Mixed (Windows laptop 6-12; iPad K-5)","upper bound; World Wide West Chester 1:1 initiative; grades 6-12 Windows laptops take-home; K-5 iPads in school; pilot programs preceded full rollout; September start each year; no specific launch year for full program found","https://www.wcasd.net/our-team/departments/technology/world-wide-west-chester-11-learning","https://www.wcasd.net/Page/831","572","1119","1","0","4225290"
"Wilson County Schools","NC","Wilson","2021 (by)","","Yes (likely)","K-12","Chromebook","upper bound; 2021-22 Chromebook information pages on district site; BYOD program also in place; COVID federal funding used for devices across NC; no earlier district-wide 1:1 launch year documented","https://www.wilsonschoolsnc.net/Page/3307","https://www.wilsonschoolsnc.net/Page/4242","573","1117","1","0","3705020"
"Victoria ISD","TX","Victoria","2022","","Yes (phased)","3-5 (2022-23); 6-8 (2023-24); 9-12 (2024-25)","Chromebook","3-year phased districtwide rollout starting 2022-23 SY; pilot at Dudley Elementary and Patti Welder MS predated; Torres 3rd grade pilot Jan 2022; Emergency Connectivity Fund funded ~3,000 Chromebooks and 4,000 hotspots","https://www.visd.net/article/651638","https://www.victoriaadvocate.com/news/education/school-matters-one-to-one-technology-for-visd/article_aad831d6-9ef6-11ec-b579-a338dce4b856.html","574","1115","1","0","4844150"
"Harrison County School District","MS","Gulfport","2020","Fall","Yes (likely)","K-12","Mixed (Chromebook/laptop)","Mississippi Connects program 2020; Mississippi Legislature allocated $200M for devices; all districts submitted plans; 325,000+ devices delivered statewide by Nov 2020; districts chose from Chromebooks Windows laptops MacBooks iPads","https://www.mdek12.org/news/2020/11/23/Mississippi-Connects-MDE-Completes-Delivery-of-Over-325000-Devices-to-Districts-Targets-Teacher-Training_20201123","https://www.mdek12.org/news/2020/9/2/School-Districts-Submit-Plans-to-Provide-Computer-Devices-to-All-Students_20200902","575","1113","1","0","2801770"
"Carroll County Schools","GA","Carrollton","2020 (by)","","Yes (likely)","K-12","Chromebook","upper bound; Chromebook resources page exists at Temple HS; March 2020 COVID closure mentions sign-out of Chromebooks for students; no pre-COVID 1:1 evidence found","https://ths.carrollcountyschools.com/chromebook","https://www.carrollcountyschools.com/","576","1113","1","0","1300840"
"Topeka Public Schools","KS","Topeka","2020 (by)","","Yes (likely)","K-12","Chromebook","upper bound; Chromebook Info page exists on district website; COVID-era remote learning kits distributed fall 2020; no confirmed pre-COVID 1:1 launch year found","https://www.topekapublicschools.net/departments/technology/chromebook_info","https://www.topekapublicschools.net/","577","1111","1","0","2012260"
"Citrus County School District","FL","Inverness","2013","Fall","Yes","4-12 (take-home 6-12)","iPad","1:1 pilot started ~2013 at Citrus Springs MS; Feb 2023 superintendent blog confirms 'ten years ago'; US Dept of Ed recognized district in Nov 2014; students already had school-issued iPads before COVID","https://thomastalks.org/ten-years-of-one-to-one-technology-in-citrus-county-schools-a-story-of-commitment-and-success/","https://www.citrusschools.org/departments/educational_technology/i_pad_resources","578","1111","1","0","1200270"
"Charlotte County Public Schools","FL","Punta Gorda","2020 (by)","","Yes (likely)","K-12","iPad","upper bound; district uses iPads for student learning; COVID 2020 evidence of device distribution; no confirmed pre-COVID 1:1 rollout year found","https://www.yourcharlotteschools.net/domain/4886","https://www.yourcharlotteschools.net/","579","1110","1","0","1200240"
"Westminster Elementary","CA","Westminster","2020 (by)","","Yes","TK-8","Chromebook","upper bound; district-wide 1:1 Chromebook initiative at all 17 schools confirmed; no specific launch year found in web search","https://www.wsdk8.us/departments/educational-services/educational-technology","https://www.wsdk8.us/","580","1109","1","0","0642150"
"Walled Lake Consolidated Schools","MI","Walled Lake","2020 (by)","","Yes (phased)","6-12","Chromebook","upper bound; 1:1 device program for grades 6-12 confirmed with $50 deposit and Chromebook agreement; no specific launch year found","https://www.wlcsd.org/departments/technology/1-to-1-device-program","","581","1102","1","0","2635160"
"Harlandale ISD","TX","San Antonio","2020 (by)","","Yes (likely)","K-12","Chromebook","upper bound; Chromebooks referenced for STAAR testing; COVID 2020 district surveyed families on device/internet needs; no confirmed pre-COVID 1:1 launch","https://sanantonioreport.org/google-classroom-and-chromebooks-san-antonio-school-districts-ready-distance-learning-plans/","https://www.harlandale.net/","582","1098","1","0","4822470"
"South Bay Union Elementary","CA","Imperial Beach","2020 (by)","","Yes","3-8","Chromebook","upper bound; district has 1:1 devices in grades 3-8 and 3:1 in TK-2 confirmed; no specific launch year found in web searches","https://www.sbusd.org/apps/pages/index.jsp?uREC_ID=2158242&type=d&pREC_ID=2171439","https://www.sbusd.org/","583","1098","1","0","0637380"
"Fort Smith Public Schools","AR","Fort Smith","2016","Fall","Yes (phased)","3-12 (phased by grade)","Chromebook","phased rollout: grades 3-4 in 2016-17; grades 5-6 in 2017-18; grades 7-9 in 2018-19; grades 10-12 in 2019-20; district switched to Chromebooks from more expensive laptops ($800 vs $285/student)","https://talkbusiness.net/2020/01/technology-access-expands-within-fort-smith-public-schools/","https://www.fortsmithschools.org/departments/information-technology","584","1096","1","0","0506330"
"Mid-Del / Midwest City-Del City Schools","OK","Midwest City","2020 (by)","","Yes (likely)","K-12","Mixed","upper bound; laptops distributed to families on-need basis during COVID closure spring 2020; used Canvas LMS for remote learning; no confirmed pre-COVID 1:1 device year found","https://www.mid-del.net/coronavirus-disease-covid-19-information","https://www.mid-del.net/","585","1090","1","0","4019950"
"Pendergast Elementary District","AZ","Phoenix","2016","Spring","Yes","K-8","iPad","Apple ConnectED grant; one of 114 selected schools; teacher rollout April 6 2016; students received iPads shortly after; includes Mac/iPad for teachers, Apple TV per classroom; students did not take iPads home","https://azednews.com/pendergast-elementary-school-launches-apple-connected-grant/","https://www.apple.com/connectED/index.html","586","1090","1","0","0406210"
"Dublin City Schools","OH","Dublin","2020 (by)","","Yes","6-12","Chromebook","upper bound; 1:1 Chromebook program for grades 6-12 confirmed with take-home and optional $50 annual tech fee; 9th and 6th graders issued devices; no specific launch year found in web search","https://www.dublinschools.net/departments/technology/chromebooks","https://sites.google.com/dublinschools.net/instructional-technology/home/parents-guardians/student-chromebook-11-program/chromebook-contracttech-fee","587","1089","1","0","3904702"
"Iberia Parish School Board","LA","New Iberia","2020 (by)","","Yes","K-12","Chromebook","upper bound; 1:1 Digital Learning Program provides all students Chromebook for school and home; 2022-23 Chromebook agreement document exists; COVID 2020 hotspot/device distribution to all students in need","https://s3.amazonaws.com/scschoolfiles/1717/2022-2023_ipsb_chromebook_guidelines.pdf","https://www.iberiaschools.org/","588","1089","1","0","2200720"
"Lawrence Public Schools","MA","Lawrence","2020 (by)","","Yes (likely)","K-12","Chromebook","upper bound; COVID 2020 drove significant Chromebook purchasing for remote learning; district has laptop-use policy page; 2017 Chromebook article found in search was confirmed to be Lawrence County KY not Lawrence MA; no pre-2020 1:1 evidence confirmed for Lawrence MA","https://www.lawrence.k12.ma.us/about/district/policies/laptop-use","https://www.lawrence.k12.ma.us/","589","1086","1","0","2506660"
"Bartow County School District","GA","Cartersville","2023","August","Yes (phased)","6-12","Chromebook","launched August 2023 for all middle and high school students; devices checked out upon submission of parent agreement; elementary grades not yet included at launch","https://www.bartow.k12.ga.us/news","https://www.bartow.k12.ga.us/","590","1086","1","0","1300330"
"Manchester School District","NH","Manchester","2020","September","Yes (likely)","K-12","Chromebook","7,000+ Chromebooks distributed for COVID remote learning Sept 2020 using CARES Act / ESSER funds ($3.3M+); district had more Chromebooks than students but not yet a formal 1:1 take-home policy as of 2025; COVID-era deployment","https://www.unionleader.com/news/human_interest/987-of-7-000-chromebooks-given-to-manchester-students-missing-it-director-says/article_20a98543-cab9-54cc-9221-04244321e2a3.html","https://www.mansd.org/article/953630","591","1085","1","0","3304590"
"Norman Public Schools","OK","Norman","2017","Fall","Yes","6-12","MacBook (Apple laptop)","iTech initiative; MacBooks rolled out fall 2017 for all MS and HS students and teachers; funded by 84%-approved 2014 bond ($126M); $16M in student technology; Apple-based not Chromebook","https://www.govtech.com/education/k-12/tech-teaching-computer-usage-increasing-in-schools.html","https://www.normanpublicschools.org/itech","592","1084","1","0","4021720"
"Eagle Pass ISD","TX","Eagle Pass","2020 (by)","","Yes (likely)","K-12","Chromebook","upper bound; Chromebooks confirmed issued to all seniors by June 2021; COVID 2020 response included device/hotspot distribution; no confirmed pre-2020 1:1 launch year found","https://www.epbusinessjournal.com/2021/06/episd-senior-chromebook-returns/","https://www.eaglepassisd.net/techforms","593","1083","1","0","4817730"
"Union Public Schools","OK","Tulsa","2020 (by)","","Yes (phased)","K-12","Mixed (iPad and laptop)","upper bound; 1-to-1 initiative uses iPads and laptops; 2020 bond progress report noted completion of 1:1 for grades 9-12; IT and instructional technology departments manage district-wide program","https://www.unionps.org/BondProgress2020","https://www.unionps.org/departments/technology/devices","594","1083","1","0","4030600"
"Wichita Falls ISD","TX","Wichita Falls","2016","Fall","Yes (phased)","3-12 (phased)","Chromebook","Connected Classrooms 1:1 program; 6th grade received take-home Chromebooks in 2016-17 SY; 4th grade added in 2017-18; program expanded across grades; district serves 14,100 students on 26 campuses","https://www.gaggle.net/success-stories/wichita-falls-isd/","https://www.wfisd.net/Page/15338","595","1082","1","0","4845780"
"Suffolk City Public Schools","VA","Suffolk","2020","February","Yes","6-12","Chromebook","SPS Connect program launched Feb 1 2020; 7,800 Chromebooks issued to all grades 6-12 (~$250 each, ~$2M total); expanded to all students over time; Superintendent Gordon initiated program; reading scores cited as rising since launch","https://sites.google.com/spsk12.net/sps-connect/home","https://www.suffolknewsherald.com/news/school-board-discusses-k-3-chromebook-usage-9492ffaa/","596","1081","1","0","5103710"
"Murfreesboro City Schools","TN","Murfreesboro","2020 (by)","","Yes (likely)","K-6","Chromebook","upper bound; Foundation awarded $50,000 grant to purchase ~170 Chromebooks; grant cycles in 2015-17 included ed-tech focus; K-6 city district; no confirmed year for district-wide 1:1 launch","https://cityschools.net/departments/foundation","https://cityschools.net/","597","1077","1","0","4703150"
"Lynn Public Schools","MA","Lynn","2020","Spring","Yes (likely)","K-12","Chromebook","district purchased 5,500 Chromebooks at COVID closure March 2020 then additional 8,500 in May 2020 (total ~14,000); pandemic-driven 1:1 rollout for ~16,000 students","https://www.itemlive.com/2020/05/17/lynn-schools-to-purchase-computers-provide-internet-access-for-students/","https://www.lynnschools.org/departments/technology","598","1077","1","0","2507110"
"Pleasanton Unified","CA","Pleasanton","2018","Fall","Yes (phased)","6-10 initially","Chromebook","board approved purchase of 7,000 Dell Chromebooks May 2018; 6,200 take-home devices for grades 6-10 starting 2018-19 SY; other grades added in subsequent years; additional $75K for CDW-G white-glove prep","https://www.pleasantonweekly.com/news/2018/05/09/pleasanton-school-board-approves-chromebooks-purchase/","https://sites.google.com/pleasantonusd.net/pusd-student-device-initiative/11-program-info","599","1076","1","0","0600020"
"Wilson County Schools","TN","Lebanon","2020 (by)","","Yes (likely)","K-12","Chromebook","upper bound; students use WCS Chromebooks with Google account via ClassLink; district ranked #2 nationally for instructional technology (2016-17 NSBA/CDE data); no specific 1:1 launch year confirmed","https://www.wcschools.com/students-families/wcs-chromebook-classlink-login","https://www.wcschools.com/","600","1074","1","0","4704550"
"Gadsden Independent Schools","NM","Sunland Park","2020","August","Yes","K-12","Chromebook","COVID-era completion; superintendent stated in May 2020 that every student would be assigned a Chromebook by start of 2020-21 SY; GISD technology page notes ongoing 1:1 program for equitable digital access; prior program scale unclear","https://www.gisd.k12.nm.us/63716_3","https://kfoxtv.com/news/local/gadsden-isd-board-discusses-graduation-ceremonies-upcoming-2021-school-year","601","1072","1","0","3501080"
"Independence 30","MO","Independence","2020 (by)","","Yes (phased)","K-12","Chromebook","upper bound; K-8 uses classroom cart model (elem carts, MS homeroom carts); HS students assigned individual Chromebooks at start of year; no pre-COVID launch year identified in web search","https://www.isdschools.org/families/learning/chromebooks","","602","1072","1","0","2915480"
"Apple Valley Unified","CA","Apple Valley","2020 (by)","","Yes (likely)","K-12","Chromebook","upper bound; district offered Parent Chromebook Training sessions; no specific 1:1 launch year identified; COVID-era expansion likely completed 2020","https://www.avusd.org/","","603","1071","1","0","0600017"
"Sachem Central School District","NY","Holbrook","2020 (by)","","Yes","K-12","Chromebook","upper bound; 11,749-Chromebook 1:1 ratio district-wide (second largest district on Long Island by enrollment); district has a 1:1 Initiative page; 2016 bond referenced; exact launch year not confirmed in web search","https://www.sachem.edu/departments/district_chromebook_devices","https://www.sachem.edu/district-11-initiative","604","1070","1","0","3625350"
"Lafourche Parish","LA","Thibodaux","2020 (by)","","Yes","K-12","Chromebook","upper bound; Sept 2021 Advocate article on Hurricane Ida damages noted all ~10,000 LPSD students had Chromebooks; no pre-COVID launch year confirmed; 2020 distribution likely during COVID school closures","https://www.theadvocate.com/baton_rouge/news/education/article_2067a7d2-2135-11ec-bb58-df5a9558184a.html","","605","1070","1","0","2200900"
"Rochester Community School District","MI","Rochester Hills","2020 (by)","","Yes","K-12","Chromebook","upper bound; 2015 $185M bond included technology upgrades; district is proud to offer 1:1 devices; no specific 1:1 launch year identified pre-COVID","https://www.rochester.k12.mi.us/about-us/departments/technology-services/family-technology-support/chromebook","","606","1069","1","0","2629940"
"Henderson County Schools","NC","Hendersonville","2019","August","Yes (phased)","K-12","Chromebook","Aug 2019 WLOS report: district added 2,000 Chromebooks at elementary and middle schools; April 2016 WLOS article shows district was pushing for middle school Chromebooks at that time; K-12 1:1 Chromebook program per district website","https://wlos.com/news/local/new-technology-for-students-in-henderson-county","https://wlos.com/news/local/henderson-county-school-district-pushes-for-chromebooks-in-middle-schools","607","1068","1","0","3702100"
"Menifee Union Elementary","CA","Menifee","2020","March","Yes (likely)","K-8","Chromebook","COVID-era; March 2020 school closures prompted Chromebook checkout program â€” one device per household without a working computer; Google Classroom instruction started April 14 2020; prior 1:1 not confirmed","https://www.menifeeusd.org/District/2238-Chromebook-Checkout-Coming.html","https://www.menifeeusd.org/District/Department/152-COVID-19-Information/News/2273-Chromebook-Checkout-Coming.html","608","1068","1","0","0624540"
"North Thurston Public Schools","WA","Lacey","2020 (by)","","Yes (phased)","6-12","Chromebook","upper bound; 1:1 Chromebook program for all middle (6-8) and high school (9-12) students; elementary students use classroom carts only; exact launch year not confirmed","https://www.ntps.org/programs-departments/technology/chromebook-program","","609","1067","1","0","5305850"
"Hardin County","KY","Elizabethtown","2018","Fall","Yes","K-12","Chromebook","Aug 2018 article 'Chromebook rollout begins in county schools' (pmg-ky2.com/kystandard); John Hardin High School 1:1 Chromebook information page; Buffalo Grove MS 1:1 Chromebook initiative page confirms program","https://www.pmg-ky2.com/kystandard/archives/1-1-chromebook-rollout-begins-in-county-schools/article_a940a139-f47c-5c51-8fe6-bc79bc3a4e6f.html","https://jhhs.hardin.kyschools.us/quick-links/11-chromebook-information","610","1067","1","0","2102490"
"Yuba City Unified","CA","Yuba City","2020 (by)","","Yes (likely)","K-12","Chromebook","upper bound; Chromebook Contract page on district website; COVID-era distribution likely 2020; no pre-COVID 1:1 launch year confirmed in web search","https://www.ycusd.org/Information-Technology/Chromebook-Contract/","","611","1067","1","0","0643470"
"Clover Park School District","WA","Lakewood","2020 (by)","","Yes (phased)","K-12","Chromebook","upper bound; district purchasing manager cited Chromebook shelf-life management; secondary students take devices home; COVID-era distribution noted 2020; exact pre-COVID launch year not confirmed","https://www.cloverpark.k12.wa.us/","https://www.buyboard.com/insights/chromebook-expiration-dates-and-how-they-are-affecting-school-districts","612","1066","1","0","5301410"
"Wentzville R-IV","MO","Wentzville","2011","Fall","Yes (phased)","9-12 (then expanding)","Chromebook","2011: launched 1:1 Access Initiative for high school students; 2016: all three high schools fully covered; WSD named Google for Education Reference District (one of 6 in MO); phased expansion to lower grades over years","https://www.wentzville.k12.mo.us/departments/technology/11-access-initiative","https://www.wentzville.k12.mo.us/site/default.aspx?PageType=3&DomainID=88&ModuleInstanceID=2347&ViewID=6446EE88-D30C-497E-9316-3F8874B3E108&RenderLoc=0&FlexDataID=13163&PageID=253","613","1066","1","0","2931650"
"Sevier County","TN","Sevierville","2020","Fall","Yes (phased)","3-12","Chromebook","COVID-era; for 2020-21 SY remote learning option, students in grades 3-12 received district-issued Chromebooks; WiFi hotspots set up in school parking lots; prior 1:1 not confirmed","https://www.sevier.org/site/default.aspx?PageType=3&ModuleInstanceID=8780&ViewID=ed695a1c-ef13-4546-b4eb-4fefcdd4f389&RenderLoc=0&FlexDataID=10643&PageID=45&Comments=true","https://www.seviernewsmessenger.com/2020/07/25/sevier-county-schools-reopening/","614","1065","1","0","4703780"
"Rapid City Area School District 51-4","SD","Rapid City","2020 (by)","","Yes (likely)","K-12","Chromebook","upper bound; district website references student technology; no specific 1:1 launch year identified in web search; COVID-era distribution likely","https://www.rcas.org/","","615","1063","1","0","4659820"
"Warren County","KY","Bowling Green","2020","Fall","Yes","K-12","Chromebook","2020-21 SY: Chromebook 1:1 Take Home Initiative announced at Aug 11 2020 board meeting; Chromebook deliveries delayed (Dell/Lenovo supply chain); parents paid $20 fee per device; students began year with paper packets until devices arrived","https://www.warrenrecord.com/news/article_9a4e9096-e221-11ea-924e-3b3bdb443c94.html","https://www.warrencountyschools.org/departments/technology","616","1060","1","0","2105730"
"McLean County USD 5","IL","Normal","2020","Fall","Yes","K-12","Mixed (Chromebook/tablet/laptop)","2020: purchased ~8,000 tablets (elem), Chromebooks, and laptops (teachers) for fall 2020; COVID accelerated a planned 1:1 rollout; device deliveries delayed mid-July 2020; prior 1:1 not confirmed at elementary level","https://pantagraph.com/news/local/education/unit-5-district-87-devices-delayed-officials-say-students-will-have-access/article_56520a2a-2d62-5d50-a4fd-21263e06edee.html","https://www.centralillinoisproud.com/news/local-news/unit-5-purchases-tablets-laptops-for-teachers-and-students/","617","1059","1","0","1728620"
"Chico Unified","CA","Chico","2020 (by)","","Yes (likely)","K-12","Chromebook","upper bound; Chromebook information pages at Chico Jr. High, Marsh Jr. High, Bidwell Jr. High; Introduction to Chico Unified Chromebook document on district site; no pre-COVID launch year confirmed","https://www.chicousd.org/subsites/Online-Learning/Technology-Support/index.html","http://cjhs.chicousd.org/Students/Chromebook-Information/index.html","618","1059","1","0","0608370"
"Peoria SD 150","IL","Peoria","2020 (by)","","Yes (likely)","K-12","Chromebook","upper bound; Peoria Public Schools device distribution program; student reviews note increase in electronics; no specific 1:1 launch year confirmed in web search","https://www.peoriapublicschools.org/","","619","1058","1","0","1731230"
"Livonia Public Schools","MI","Livonia","2021 (by)","","Yes (phased)","K-12","Chromebook","upper bound; 2021 $185M voter-approved bond included technology; secondary students take Chromebooks home nightly; elementary leave at school; 2013 bond also supported tech; exact 1:1 launch year not confirmed","https://www.livoniapublicschools.org/departments/information-and-instructional-technology","https://www.livoniapublicschools.org/cms/One.aspx?pageId=3146329&portalId=3032454","620","1057","1","0","2621840"
"New Bedford","MA","New Bedford","2020 (by)","","Yes (phased)","K-12","Mixed (laptop/Chromebook)","upper bound; district expanded 1:1 program starting from New Bedford High School down through middle and elementary schools; device insurance offered; exact HS launch year not confirmed","https://www.newbedfordschools.org/depts_programs/technology_services","https://www.newbedfordschools.org/parents___students/device_insurance","621","1056","1","0","2508430"
"Laramie County School District #1","WY","Cheyenne","2017","","Yes","K-12","iPad","district made major Chromebook investment in 2016-17 fiscal year working toward 1:1 for every student; 1:1 Device Program page exists; later sold used iPads at 2024 buyback event suggesting prior iPad phase then Chromebook transition; 2016-17 is best-supported launch year","https://www.laramie1.org/device-program-11","https://www.wyomingnews.com/laramieboomerang/news/local_news/school-board-approves-new-technology-plan/article_2e8b9474-7575-5c89-b031-a2ae132d556e.html","622","1052","1","0","5601980"
"Jackson-Madison Consolidated","TN","Jackson","2020 (by)","","Yes (likely)","K-12","Chromebook","upper bound; CyberSchool virtual program launched July 2020 for 2020-21 SY with Chromebooks and hotspots provided; district technology page confirmed; no pre-COVID 1:1 launch year found","https://www.jmcss.org/domain/1548","https://www.jmcss.org/Domain/1555","623","1052","1","0","4702580"
"Wayne-Westland Community School District","MI","Westland","2020","September","Yes","K-12","Chromebook","2020: district received 2,500 Chromebooks in Sept 2020; 21 school buses deployed as WiFi hotspots for students lacking home connectivity; device distribution part of COVID-19 distance learning plan","https://www.clickondetroit.com/news/local/2020/09/17/wayne-westland-school-officials-work-to-make-sure-students-can-learn-remotely/","https://www.clickondetroit.com/news/local/2020/09/22/wayne-westland-school-buses-deliver-internet-to-students-learning-remotely/","624","1051","1","0","2600015"
"Rockwall ISD","TX","Rockwall","2020 (by)","","Yes","K-12","Chromebook","upper bound; all students have access to district Chromebook; most classrooms have Chromebook cart; students can check out devices from campus library for home use; no specific 1:1 take-home launch year confirmed","https://www.rockwallisd.com/departments1/technology/for-students","","625","1050","1","0","4837650"
"Blue Springs R-IV","MO","Blue Springs","2020 (by)","","Yes (likely)","K-12","Mixed","District has Student Issued Device Handbook (bssd.net/domain/50); references Surface Go; no precise rollout year pinned from web search; upper bound","https://www.bssd.net/domain/50","","626","1048","1","0","2905310"
"Whitfield County","GA","Dalton","2020 (by)","","Yes (likely)","K-12","Chromebook","District is 1:1 per current site (wcsga.net); no dated rollout announcement found in web search; upper bound only","https://www.wcsga.net/","","627","1048","1","0","1305700"
"Auburn School District","WA","Auburn","2017","Fall","Yes","6-12","Chromebook","2017-18 SY all gr 6-12 received take-home Chromebooks; enabled by $22M technology levy passed by community in 2014; elementary still carts","https://www.auburn.wednet.edu/chromebooks","","628","1047","1","0","5300300"
"Alexandria City Public Schools","VA","Alexandria","2020","Fall","Yes","K-12","Chromebook","Aug 31-Sept 4 2020 device distribution for K-3 and newly enrolled 4-12; COVID Virtual+ plan provided all students tablets or Chromebooks","http://www.acpsk12.org/news/?p=16825","https://wtop.com/alexandria/2020/07/alexandria-public-schools-plan-virtual-only-classes/","629","1047","1","0","5100120"
"Rockingham County Schools","NC","Eden","2012","Fall","Yes","9-12","Chromebook","2011 pilot Chromebook carts (10 devices per HS classroom); 2012 issued Chromebooks to all 4300 HS students; Chromebook carts to all ES/MS grades; mobile learning initiative with Canvas","https://www.instructure.com/resources/case-studies/rockingham-county-schools-powering-mobile-learning-chromebooks-and-canvas","https://www.rock.k12.nc.us/Page/4721","630","1046","1","0","3703990"
"Newhall Elementary","CA","Santa Clarita","2017","Fall","Partial","4-6","Chromebook","Dec 2017 board: NSD Home Connect Program; 210 Chromebooks + hotspots for gr 4-6 at 5 Title 1 schools only (not full-district 1:1)","https://signalscv.com/2017/12/nsd-provide-students-home-access-technology-internet/","","631","1043","1","0","0627180"
"Wylie ISD","TX","Wylie","2019","Fall","Yes (phased)","5-12","Chromebook","2014 pilot in 100+ selected classrooms gr 3-12; 2019-20 SY full 1:1 rollout at high schools with Dell Chromebooks; currently gr 5-12 take-home","https://thewylieway.com/wylie-isd/2019-20-wehs-whs-chromebooks-rollout/","https://www.wylieisd.net/departments/technology/11-program","632","1042","1","0","4846530"
"Sioux City Community School District","IA","Sioux City","2020 (by)","","Yes (likely)","K-12","Mixed","District issued take-home devices for virtual learning 2020-21; no pre-COVID 1:1 announcement found; upper bound only","https://www.siouxcityschools.org/parents/return-to-learn-and-covid-19-updates/5460-2/virtual-learning-parent-guide/","","633","1041","1","0","1926400"
"Passaic City Public Schools","NJ","Passaic","2013","Spring","Yes (phased)","7-12","Chromebook","Jan 2013 deployment of 5000 Samsung Chromebook 550s to all gr 7-12; one of largest K-12 Chromebook deployments in US at time; phased Year Zero teacher training; later expanded to K-6","https://www.businesswire.com/news/home/20130313005188/en/Passaic-City-Public-School-Narrows-Digital-Divide","https://thejournal.com/articles/2013/03/13/new-jersey-district-launches-11-deployment-with-5000-laptops.aspx","634","1037","1","0","3412540"
"Tulare City Elementary","CA","Tulare","2020 (by)","","Yes (likely)","K-8","Chromebook","District is Google for Education; K-8 students have Google accounts; no specific 1:1 launch year found in web searches; upper bound","https://www.tcsdk8.org/apps/pages/index.jsp?uREC_ID=1099701&type=d&pREC_ID=1385868","","635","1037","1","0","0639870"
"Burbank Unified","CA","Burbank","2021","Fall","Yes (phased)","6-12","Chromebook","Fall 2021 all gr 6-12 take-home Chromebooks; 2020-21 10538 devices loaned for COVID distance learning; by 2022 expanded to gr 3-12 1:1 plus carts for TK-2","https://myburbank.com/burbank-unified-aims-for-better-normal-as-2020-21-school-year-draws-to-a-close/","https://burbankleader.outlooknewspapers.com/2022/08/29/welcome-back-students/","636","1035","1","0","0606450"
"Pocatello District","ID","Pocatello","2013","Fall","Yes (phased)","9-12","Laptop","Idaho Students Come First reform: 2013-14 SY first wave HS laptops statewide; Pocatello and Highland HS in first third of schools; district-wide HS completion by 2015; later transitioned to Chromebook 1:1","https://www.idahostatejournal.com/news/local/more-than-170-idaho-high-schools-to-be-first-to-receive-laptops/article_5addfe1c-5e43-11e1-98ee-001871e3ce6c.html","https://www.spokesman.com/stories/2012/jun/05/32-idaho-school-districts-make-student-laptop-list/","637","1034","1","0","1602640"
"Brunswick County Schools","NC","Bolivia","2020","Fall","Yes","K-12","Chromebook","Facebook post Aug 20 2020 announces devices for every BCS student; NC DPI digital learning initiative supported; district-assigned 1:1 Chromebooks; bid for more Chromebooks Feb 2022","https://www.facebook.com/bcs.nc/videos/chromebook-care-we-are-so-very-fortunate-to-be-able-to-provide-devices-to-every-/1192552757786272/","https://www.bcswan.net/departments/digital-learning-and-school-library-services/chromebook-support","638","1033","1","0","3700420"
"Roanoke Co. Public Schools","VA","Salem","2002","Fall","Yes (phased)","9-12","Laptop","2002 pilot at Hidden Valley HS (first school in western VA); expanded to all 5 high schools over 11 years; 6000 HS students + 1600 staff with Dell Latitude laptops by 2013; named top digital school district 2013","https://www.businesswire.com/news/home/20131113005204/en/Roanoke-County-Public-Schools-Transform-High-School-Learning-Experience-with-Dell","https://www.techlearning.com/news/roanoke-county-public-schools-transform-learning-with-11","639","1027","1","0","5103330"
"Sylvan Union Elementary","CA","Modesto","2020 (by)","","Yes (likely)","K-8","Chromebook","District uses Chromebooks per technology stack; no specific 1:1 launch date found in web searches; upper bound","https://www.sylvan.k12.ca.us/","","640","1026","1","0","0638670"
"Erie City SD","PA","Erie","2020","Spring","Yes (likely)","K-12","Chromebook","Loaned Chromebooks for COVID remote learning April 2020; district of 11000 students went fully remote; prior to COVID had some devices but not confirmed full 1:1","https://www.govtech.com/health/pennsylvania-school-district-adjusts-to-remote-learning.html","https://talkerie.com/2020/11/20/eries-public-schools-goes-all-remote-learning/","641","1025","1","0","4209300"
"Walton County","GA","Monroe","2017","Fall","Yes (phased)","9-12","Chromebook","2017-18 SY all HS students received Chromebooks via eSMART initiative; replaced prior iPad devices; district now fully 1:1 all grades","https://www.linewize.com/resources/case-studies/walton-county-school-district","https://mahs.walton.k12.ga.us/family-resources/chromebook-information","642","1021","1","0","1305390"
"Roanoke City Public Schools","VA","Roanoke","2020 (by)","","Yes (likely)","K-12","Laptop","District has PASS laptop loan program for students; rcps.info references student laptop guidelines; no specific 1:1 launch year confirmed; upper bound","https://www.rcps.info/Page/689","","643","1020","1","0","5103300"
"Ocean View","CA","Huntington Beach","2020 (by)","","Yes (likely)","K-8","Chromebook","District ovsd.org provides Chromebooks/tablets to students per search; no specific 1:1 rollout year confirmed in web searches; upper bound","https://www.ovsd.org/","","644","1016","1","0","0628140"
"Trenton Public Schools","NJ","Trenton","2020","Fall","Yes (likely)","K-12","Chromebook","Oct 2020: district provided every student a Chromebook and internet; Verizon Innovative Learning partnership (4 Trenton middle schools); COVID-driven digital equity push","https://cce.tcnj.edu/2020/10/09/parent-connections-workshop/","https://www.trentondaily.com/three-new-jersey-public-school-districts-join-verizon-innovative-learning/","645","1014","1","0","3416290"
"Barrow County","GA","Winder","2022 (by)","","Yes","6-12","Chromebook","Aug 2023 confirms every MS/HS student has assigned Chromebook; Jul 2022 ECF grant for home Chromebooks and hotspots; BYOT ended Jul 2024; ES devices stay at school","https://www.barrow.k12.ga.us/device-program","https://www.barrow.k12.ga.us/news/1745929/free-chromebook-internet-hotspots","646","1012","1","0","1300290"
"Livermore Valley Joint Unified","CA","Livermore","2017 (by)","","Yes (phased)","3-5","Chromebook","Mar 2017 1:1 pilot at Marylin Avenue ES gr 3-5; BYOD guidelines dated Sep 2017; insurance page covers gr 1-12; full district-wide 1:1 year not confirmed; 2017 is upper bound","https://www.livermorechamber.org/press-releases/lvjusd-launches-1-to-1-pilot-program-at-marylin-avenue-elementary-school","https://www.livermoreschools.org/departments/information-technology/technology-policies-and-regulations/chromebook-one-to-one-program","647","1010","1","0","0622110"
"Redwood City Elementary","CA","Redwood City","2018 (by)","","Yes (phased)","K-8","Chromebook","McKinley Institute 1:1 Literacy Initiative with Dell 11 Chromebook cited in Jun 2018 SM Daily Journal article; district-wide year not confirmed; 2018 is upper bound","https://www.smdailyjournal.com/news/local/redwood-city-literacy-program-shows-success/article_c8c496c4-7053-11e8-99f1-afc86db0698a.html","https://www.rcsdk8.net/Page/8041","648","1009","1","0","0632130"
"Elkhart Community Schools","IN","Elkhart","2020 (by)","","Yes (likely)","K-12","Chromebook","District technology page references student devices; Elkhart Memorial HS had Chromebook carts (30/cart) pre-COVID; no specific 1:1 take-home year pinned; upper bound","https://apps.elkhart.k12.in.us/techservices/","","649","1004","1","0","1803270"
"Frederick Co. Public Schools","VA","Winchester","2021","Fall","Yes (phased)","2-12","Chromebook","2021-22 Chromebook take-home procedures document confirms secondary take-home; FY2022 surplus funded $1.6M for elementary Chromebooks; all gr 2-12 by 2022; gr K-1 carts","https://resources.finalsite.net/images/v1724699644/frederickcountyschoolsvanet/iz9y1xetrn2gs2aswgzt/2021_22_chromebook_take_home_procedures_082421.pdf","https://www.frederickcountyschoolsva.net/","650","1002","1","0","5101470"
"Clarke County","GA","Athens","2020 (by)","","Yes (likely)","K-12","Chromebook","No pre-pandemic 1:1 evidence found; 2026 board approved 3,000 CBs for middle schools only; upper bound 2020 from pandemic period","https://gradynewsource.uga.edu/chromebooks-clarke-central-work-get-funding-approval-at-school-board-meeting/","","651","1002","1","0","1301170"
"Ceres Unified","CA","Ceres","2020 (by)","","Yes (likely)","K-12","Chromebook","District has '1:World' program with all students issued devices; exact launch year not found; upper bound 2020","https://chs.ceres.k12.ca.us/information/news/what_s_new/c_u_s_d_is_1__world_with_student_devices","","652","1002","1","0","0608130"
"Lincoln County Schools","NC","Lincolnton","2020 (by)","","Yes (likely)","K-12","Chromebook","Chromebook handbook dated 2020; county commissioners approved $1.3M for more chromebooks Jan 2021; upper bound 2020","https://www.lincolntimesnews.com/news/lincoln-county-commissioners-provide-up-to-1-3-million-to-lincoln-county-schools-to-purchase-more-chromebooks/article_7a37e71e-598e-11eb-bb12-43e831c90e68.html","https://core-docs.s3.amazonaws.com/documents/asset/uploaded_file/3873/LCS/3236903/Laptop_Policy_Procedures_and_Information_Handbook_2020.pdf","653","1001","1","0","3702680"
"Moore County Schools","NC","Carthage","2014","March","Yes (phased)","6-12","Chromebook","Phase II of four-phase Digital Learning Initiative; 3400 Chromebooks to 7 MS/HS schools March 17 2014; Phase I started 2013-14 SY; phased expansion to all schools","https://www.ncmcs.org/site/default.aspx?FlexDataID=2591&ModuleInstanceID=1427&PageID=1302&PageType=3&RenderLoc=0&ViewID=7b97f7ed-8e5e-4120-848f-a8b4987d588f","","654","999","1","0","3703090"
"Bellflower Unified","CA","Bellflower","2020 (by)","","Yes (likely)","K-12","Chromebook","Two CBs per student mentioned; current 1:1 take-home confirmed; no pre-pandemic launch year found; upper bound 2020","https://www.busd.k12.ca.us/","","655","997","1","0","0604440"
"Marana Unified District","AZ","Marana","2015 (by)","Fall","Yes","3-12","Chromebook","ENGAGE! program funded by 2014 voter-approved School Improvement Bond; K-2 in-class devices; grades 3-12 assigned take-home CBs; bond passed 2014 so rollout likely 2015","https://www.maranausd.org/academics/k-12-education-at-musd/engage-chromebooks-collaborative-furniture","https://www.tucsonlocalmedia.com/news/article_4ecdb332-6967-11ea-95ed-f7382e1ada36.html","656","997","1","0","0404630"
"Hoover City","AL","Hoover","2014","Fall","Yes","K-12","Chromebook","Hoover Sun article Jan 9 2015: technology staff distributed last CBs to Hoover's 10 elementary schools in late November 2014; project started before 2013-14 SY; HS and MS already had CBs","https://hooversun.com/schools/chromebook-mania-has-hit-hoover1219/","","657","996","1","0","0100007"
"Turlock Unified","CA","Turlock","2020","","Yes","6-12","Chromebook","Tech plan 2017-2020 progressed from 3:1 ratio in 2017 to 1:1 goal by 2020; board approved ~6000 CBs for 2019-20 SY; secondary take-home model; 1:1 achieved ~2020","https://www.turlockjournal.com/news/education/tech-education/","https://sites.google.com/turlockusd.org/tusd1to1parentinfo/insurance-information","658","994","1","0","0600158"
"Albemarle Co. Public Schools","VA","Charlottesville","2020 (by)","","Yes (likely)","K-12","Chromebook","Students receive grade-appropriate devices at no cost; ACPS@Home internet project 2019; 100 CBs issued to one ES during 2020 COVID response; no clear district-wide pre-pandemic 1:1 date","https://www.k12albemarle.org/our-departments/technology/acps-at-home","","659","993","1","0","5100090"
"Glynn County","GA","Brunswick","2020 (by)","","Yes (likely)","K-12","Chromebook","CBs confirmed in use at all schools; request page for student CBs at elementary level; July 2021 board approved $53K for 156 CBs; no pre-pandemic 1:1 launch year found","https://glyndale.glynn.k12.ga.us/chromebooksandids","","660","992","1","0","1302400"
"Colonial School District","DE","New Castle","2020 (by)","","Yes","K-12","Chromebook","All students issued CB; gr 5 and gr 9 receive brand new CB as part of replacement cycle; optional $30 insurance; no specific launch year documented in sources","https://www.colonialsd.org/departments/technology/chromebooks","","661","991","1","0","1000230"
"St Charles CUSD 303","IL","St Charles","2020 (by)","","Yes (likely)","K-12","Chromebook","District uses CBs with ClassLink for all students; no specific 1:1 launch year found in web sources; upper bound 2020","https://district.d303.org/elearning-secondary","","662","990","1","0","1737170"
"Burke County Schools","NC","Morganton","2020","","Yes","3-12","Chromebook","Aug 2020: Lenovo donated 1400 laptops; district planned to distribute 12400 devices total to all students grades 3-4 and 6-12; all BCPS students have CB to use in class and take home","https://morganton.com/news/local/education/all-bcps-students-to-receive-laptops/article_63efd122-d8f3-11ea-8eb1-eba5a818881f.html","","663","989","1","0","3700480"
"Flagler","FL","Bunnell","2013","Fall","Yes (phased)","4-12","Mixed (MacBook/iPad)","HS students (FPC and Matanzas HS) received MacBook Air starting Sept 16 2013; gr 5-6 iPad same year; four-year $3.2M Apple plan to reach all gr 4-12 by 2017-18; 1:1 for 10+ years","https://flaglerlive.com/macbooks-flagler-schools/","https://fhsfalconer.com/news/fhs-implements-1-to-1-device-initiative/6120","664","987","1","0","1200540"
"Maury County School District","TN","Columbia","2020 (by)","","Yes (likely)","K-12","Chromebook","District has BYOD AUP policy; 1:1 technology initiative confirmed but no pre-2020 launch year found in web sources; upper bound 2020","https://www.mauryk12.org/38288_3","","665","986","1","0","4702760"
"Medford SD 549C","OR","Medford","2020","Spring","Yes","K-12","Chromebook","Plans to provide every student a CB accelerated spring 2020 due to COVID; earlier had 6738 CBs for 13600+ students (not 1:1 pre-2020); 12000+ CBs now district-wide","https://www.medford.k12.or.us/view-all-news/post-details/~board/medford-school-district-news/post/new-chromebooks-rolling-out-in-the-new-year","","666","985","1","0","4108040"
"Southwest ISD","TX","San Antonio","2020 (by)","","Yes (likely)","K-12","Chromebook","SA Report article March 2020 confirms SA districts distributed CBs for distance learning; Southwest ISD cited for technology integration; no pre-pandemic 1:1 launch year found","https://sanantonioreport.org/google-classroom-and-chromebooks-san-antonio-school-districts-ready-distance-learning-plans/","","667","979","1","0","4840950"
"Elk River Public School District","MN","Elk River","2020 (by)","","Yes","6-12","Chromebook","Grades 6-12 each have own CB for home and school; elementary uses shared carts; no clear pre-pandemic launch year; upper bound 2020","https://www.isd728.org/academics/digital-learning-728/1-1-chromebook","","668","979","1","0","2711370"
"Bullitt Co.","KY","Shepherdsville","2016","August","Yes (phased)","6-12","Chromebook","Access 24 initiative launched August 2016; gr 6-9 first; phased to all gr 6-12 by 2019; $35 device enrollment fee; WDRB and Wave3 news coverage","https://www.wave3.com/story/32592668/bullitt-co-schools-begin-chromebook-initiative/","https://chromeunboxed.com/chromebook-news-bullitt-county-access-24-initiative/","669","979","1","0","2100750"
"East Whittier City Elementary","CA","Whittier","2015","Fall","Partial","K-8","Chromebook","2:1 Technology Learning Initiative launched 2015-16; CBs and carts to gr 3-8; expanded to gr 1-2 by Nov 2016; middle school students have 1:1 take-home CBs; K-2 shared","https://thejournal.com/articles/2016/11/10/east-whittier-school-district-equips-first-and-second-graders-and-teachers-with-1400-chromebooks.aspx","https://sites.google.com/ewcsd.org/takehome/home","670","978","1","0","0611850"
"Greenfield Union","CA","Bakersfield","2020 (by)","","Yes","3-8","Chromebook","K-8 district; 1:1 CBs for gr 3-5 at all schools; CBs largely available in gr 2 and below; no specific launch year found; upper bound 2020","https://www.gfusd.net/apps/pages/index.jsp?uREC_ID=444483&type=d&pREC_ID=958398","","671","977","1","0","0616050"
"Edgewood ISD","TX","San Antonio","2020","Summer","Yes (likely)","PK-5","Mixed (iPad/Chromebook)","iPads distributed curbside July 23 2020 for PK-5 students; COVID pandemic response; district also distributed paper packets for families without devices; no pre-pandemic 1:1 evidence","https://cw35.com/news/local/edgewood-isd-offers-free-ipads-for-all-district-students","https://sanantonioreport.org/google-classroom-and-chromebooks-san-antonio-school-districts-ready-distance-learning-plans/","672","975","1","0","4818150"
"Wood County Schools","WV","Parkersburg","2020 (by)","","Yes (likely)","K-12","Chromebook","Chromebook Distribution Support guidance doc for on-campus 2020-21 SY confirms device program; no pre-pandemic 1:1 launch year documented; upper bound 2020","https://docs.wcs.edu/pdf/schools/Chromebook-Distribution-Support-On-Campus.pdf","","673","972","1","0","5401620"
"Tigard-Tualatin SD 23J","OR","Tigard","2020","August","Yes","K-12","Chromebook","Tigard HS freshmen picked up CBs Aug 24 2020 as part of TTSD one-to-one goal; 2020-21 SY started online due to COVID; district purchased online curriculum FLVS for K-12 simultaneously","https://tigardlife.com/featured/tigard-tualatin-students-start-the-school-year-at-home/","","674","972","1","0","4112240"
"Central Valley School District","WA","Spokane Valley","2020 (by)","","Yes (likely)","K-12","Chromebook","Chromebooks distributed to students for 2020 virtual learning year; capital levy for device updates referenced; no pre-pandemic 1:1 launch year documented; upper bound 2020","https://kxly.com/central-valley-school-district-begins-virtual-school-year/","","675","971","1","0","5301110"
"MSD Pike Township","IN","Indianapolis","2020 (by)","","Yes (likely)","K-12","Chromebook","COVID-era equity gap: district needed ~950 Chromebooks in Mar 2020 to fill take-home gap; previously had laptops in carts. Upper bound 2020.","https://www.edweek.org/technology/coronavirus-squeezes-supply-of-chromebooks-ipads-and-other-digital-learning-devices/2020/04","https://www.pike.k12.in.us/departments/information-technology","676","971","1","0","1808910"
"Tipton County School District","TN","Covington","","","","","","No specific 1:1 launch date found. District has iPad/device use but no formal year identified via web search.","https://www.tipton-county.com/","","677","970","1","0","4704080"
"Robbinsdale Public School District","MN","Robbinsdale","2014 (by)","","Yes","K-12","Chromebook/iPad","Technology levy passed 2014; district used levy funds to provide 1:1 devices (Chromebooks gr 3-12, iPads K-2) to every student. Exact rollout year within levy period not confirmed.","https://ccxmedia.org/news/what-novembers-tech-levy-vote-means-for-robbinsdale-area-schools/","https://www.rdale.org/discover/technology","678","967","1","0","2731780"
"Iowa City Community School District","IA","Iowa City","2017","Fall","Yes (phased)","9-12 first; 7-8 added 2018","Chromebook","Fall 2017: ~4500 Chromebooks issued to all gr 9-12 students. Gr 7-8 added in 2018. Lower grades extended during/after COVID.","https://innovation.iowacityschools.org/major-projects/11-chromebook-program-fall-2017-grades-9-12/","https://www.thelittlehawk.com/51975/news/one-to-one-three-years-later/","679","967","1","0","1914700"
"Newton","MA","Newton","2019","Fall","Yes (phased)","9-12 first; expanded K-12","Chromebook","Fall 2019: 1:1 Chromebook initiative launched at Newton North and Newton South (gr 9-12). Lenovo 300e touchscreen Chromebooks ~$250K/grade. Expanded to ES/MS afterward.","https://patch.com/massachusetts/newton/newton-schools-embrace-technology-1-1-chromebook-initiative","https://village14.com/2019/08/07/nps-to-offer-11-chromebook-initiative-for-newton-north-and-newton-south-students/","680","966","1","0","2508610"
"CUSD 200","IL","Wheaton","","","","","","No specific 1:1 launch date found via web search. District uses Chromebooks and iPads but rollout year not identified.","https://www.cusd200.org/","","681","962","1","0","1742180"
"Woodbridge Township School District","NJ","Woodbridge","2018","Fall","Yes","K-12","Chromebook","Sept 2018: district students among first to receive Lenovo 300e Chromebooks as part of 1:1 device initiative.","https://thetorchjfk.com/3582/breaking-news/are-personal-chromebooks-in-school-worth-the-hype/","https://www.woodbridge.k12.nj.us/","682","957","1","0","3418120"
"Rocklin Unified","CA","Rocklin","2022","Fall","Yes (phased)","7-12","Chromebook","2022-23 SY: all middle and high school students (gr 7+) required to use a district-managed Chromebook. Prior to 2022 program was not mandatory 1:1.","https://www.rocklinusd.org/Departments/Business-Services/Technology-Services/Family-Resources/Student-Chromebooks/index.html","","683","957","1","0","0600013"
"Flagstaff Unified District","AZ","Flagstaff","2020","January","Yes (phased)","Secondary first; K-12 by Fall 2020","iPad","Jan 2020: iPads distributed to secondary (MS/HS) students following Nov 2018 bond. Elementary schools added Fall 2020-21 SY. District-wide 1:1 iPad program.","https://azdailysun.com/news/local/flagstaff-unified-school-district-prepares-for-student-ipads/article_b9b987ff-c571-56e8-b877-8638571e5473.html","https://www.fusd1.org/1to1","684","957","1","0","0402860"
"New Haven Unified","CA","Union City","2020 (by)","","Yes (likely)","K-12","Chromebook","District has active Chromebook Mobile Devices Initiative; no pre-COVID rollout date found. Upper bound 2020.","https://www.mynhusd.org/apps/pages/index.jsp?uREC_ID=386919&type=d&pREC_ID=879615","https://mynhusd.org/departments/business/technology-services/chromebook-insurance-options/","685","956","1","0","0626910"
"Aurora West USD 129","IL","Aurora","2020 (by)","","Yes (likely)","K-12","Chromebook/iPad","District uses Chromebooks and iPads for students; no specific 1:1 launch year found. Upper bound 2020.","https://www.sd129.org/parents/student-technology","","686","954","1","0","1704710"
"Brazosport ISD","TX","Freeport","2015","","Yes (phased)","K-12 (phased from ES)","Chromebook","2015: EmpowerED initiative began with 3 campuses (Jane Long ES, O.A. Fleming ES, Stephen F. Austin STEM). Expanded district-wide PK-12 Chromebook program.","https://thefacts.com/news/article_a2ad1637-1d79-50b5-b08e-d7b4f139e26a.html","https://www.brazosportisd.net/district/departments/technology_services/empower_e_d","687","952","1","0","4811190"
"Grapevine-Colleyville ISD","TX","Grapevine","2012 (by)","","Yes (phased)","Elementary 1:1; MS/HS BYOD","iPad/Mixed","LEAD 2021 strategic plan launched 2011-12 SY with Elementary 1:1 iPad and MS/HS BYOD programs. Achieved 95% Digital Day One by 2018-19. Upper bound 2012 for elementary 1:1.","https://www.imsglobal.org/grapevine-colleyville-isd-gets-digital-day-one","https://www.gcisd.net/page/technology-services","688","951","1","0","4821660"
"Anderson 05","SC","Anderson","2013","Fall","Yes (phased)","Middle school first (phased)","Chromebook","Pilot began Sept 2012 at Robert Anderson College and Career Academy. Fall 2013: Chromebooks distributed for school use; Oct 2013 devices went home with students one grade level at a time.","https://sites.google.com/anderson5.net/andersonschooldistrictfive1to1","https://www.anderson5.net/","689","949","1","0","4500900"
"Hueneme Elementary","CA","Port Hueneme","2020 (by)","","Yes","K-8","iPad/Chromebook","District has robust 1:1: iPads for pre-K through gr 2; Chromebooks for gr 3-8. No specific launch year found. Tech newsletters archived from Oct 2016. Upper bound 2020.","https://www.hueneme.org/page/technology/","https://managedmethods.com/blog/customer-story-k12-hueneme-elementary-school-district-ca/","690","949","1","0","0617850"
"Battle Ground School District","WA","Battle Ground","2017","January","Yes (phased)","6-12 (phased)","Chromebook","Jan 2017: pilot with gr 7 at 3 middle schools. Fall 2017-18: expanded to gr 6-9. Continued expanding through gr 12 by 2020-21.","https://www.columbian.com/news/2017/feb/13/battle-ground-students-thrilled-to-receive-chromebooks/","https://edtech.battlegroundps.org/11-chromebooks","691","948","1","0","5300380"
"Natrona County School District #1","WY","Casper","2019 (by)","","Yes (phased)","9-12 (iPads confirmed)","iPad","2018-19 handbook confirms iPads for all gr 9-12 as part of 1:1 Digital Learning initiative. Broader K-12 rollout year unclear. Upper bound 2019 for HS.","https://www.natronacountyhs.org/uploads/4/9/2/4/49240199/student_handbook_2018.pdf","https://www.natronaschools.org/","692","947","1","0","5604510"
"Reynolds SD 7","OR","Troutdale","2020","January","Yes (phased)","9-12 first","Chromebook","Jan 2020: all Reynolds HS and Reynolds Learning Academy students received Chromebooks via MHCRC TechSmart grant. District-wide 1:1 established by 2020-21 SY.","https://www.mhcrc.org/projects/reynolds-school-district/","https://www.reynolds.k12.or.us/district/chromebooks","693","946","1","0","4110520"
"Cabell County Schools","WV","Huntington","2020 (by)","","Yes","K-12","iPad/MacBook","District is 1:1: iPads with keyboard for K-8; MacBook Air for HS. No pre-2020 launch date found. Upper bound 2020; likely COVID-era expansion.","https://www.cabellschools.com/Page/795","https://www.cabellschools.com/","694","943","1","0","5400180"
"North Penn SD","PA","Lansdale","2016","Fall","Yes (phased)","6-9 first; expanded K-12","Chromebook","Fall 2016-17 SY: all gr 6-9 students received Chromebooks; HS teachers added summer 2017. Expanded to district-wide K-12 program.","https://patch.com/pennsylvania/lansdale/north-penn-proposes-outfit-all-students-computers","https://www.npenn.org/for_families/chromebook_information","695","943","1","0","4217280"
"Caldwell County Schools","NC","Lenoir","2020 (by)","","Yes (likely)","K-12","Chromebook","District has Chromebook program with student devices; no pre-COVID launch year found. Upper bound 2020.","https://www.caldwellschools.com/","","696","941","1","0","3700580"
"Tippecanoe School Corp","IN","Lafayette","2012","","Yes (phased)","6-12","Chromebook","Phased rollout began 2012; district issues Chromebooks to all gr 6-12 for take-home use. Same device kept for 4-year cycle (gr 6-8 and gr 9-12).","https://www.tsc.k12.in.us/about/tsc2go","https://www.tsc.k12.in.us/departments/technology/studenttech","697","941","1","0","1811340"
"Monterey Peninsula Unified","CA","Monterey","2012 (by)","","Partial","Secondary (partial)","Laptop","Oct 2012: MPUSD rolling out ~1400 Lenovo ThinkPad X130e notebooks to secondary schools; Nov 2010 bond ($110M) funded it. Not confirmed as full 1:1 take-home; likely shared/testing use. Upper bound 2012 for secondary.","https://edtechmagazine.com/k12/article/2012/10/monterey-peninsula-usd-transforms-learning-wireless-upgrade","https://www.mpusd.net/","698","935","1","0","0625530"
"Hawthorne","CA","Hawthorne","2020 (by)","","Yes","K-8","Chromebook","District is 1:1 Chromebook K-8 with take-home. No specific launch year found. Upper bound 2020.","https://www.hawthornesd.org/departments/technology/technology-department","","699","935","1","0","0616680"
"Brentwood Union Elementary","CA","Brentwood","2020 (by)","","Yes (likely)","K-8","Chromebook","July 2020: district distributed loaner Chromebooks for COVID distance learning. Appears to be COVID-era expansion; no confirmed pre-pandemic 1:1 program found.","https://www.thepress.net/news/brentwood-union-school-district-issues-update-on-distance-learning/article_67d5696c-c7bb-11ea-8c1e-9ff0380f4f5b.html","https://www.brentwood.k12.ca.us/page/technology/","700","934","1","0","0605910"
"Rockford SD 205","IL","Rockford","2020","April","Yes","K-12 (grades 3-12)","Chromebook","COVID-era emergency rollout; April 1-3 2020 drive-up distribution of ~5,600 Chromebooks for gr3-12; superintendent called it 'unprecedented'; federal COVID relief funds used to become a 1:1 district; no pre-2020 1:1 program documented","https://wrex.com/2020/03/31/rps-205-to-distribute-nearly-5600-chromebooks-starting-wednesday/","https://www.wifr.com/content/news/RPS-205-to-distribute-an-estimated-5600-chromebooks-beginning-wednesday-569251921.html","701","2161","1","0","1734510"
"El Monte City","CA","El Monte","2020","Spring","Yes","K-8","Chromebook","COVID-era 2020: 4,000+ Chromebooks + 1,400 Wi-Fi hotspots distributed via distance learning program; additional 2,000 Chromebooks + accessories over summer 2020 for 2020-21 SY; no pre-2020 district-wide 1:1 documented","https://cdp.emcsd.org/apps/news/article/1224576","","702","1056","1","0","0612090"
"Highlands","FL","Sebring","2020 (by)","","Yes (likely)","PreK-12","Mixed (iPad PreK-1; Chromebook 2-12)","PreK-Grade 1 iPad; Grades 2-12 Chromebook; Google Apps for Education; COVID-era distribution confirmed (sign-up required, social distancing protocols); exact launch year undocumented; upper bound 2020","https://hvs.highlands.k12.fl.us/chromebooks","https://shs.highlands.k12.fl.us/policies-and-procedures/chromebook-information","703","933","1","0","1200840"
"Upper Darby SD","PA","Upper Darby","2020 (by)","","Yes (likely)","Not specified","Chromebook","Chromebooks confirmed in use at middle schools; district-wide 1:1 status and launch year not found; upper bound from COVID-era evidence","https://www.upperdarbysd.org/departments12/technology","","704","932","1","0","4224320"
"Troup County","GA","LaGrange","2018","October","Yes (phased)","MS and HS (grades 6-12)","Chromebook","Oct 1 2018 rollout; ~6,000 Dell 5190 2-in-1 Chromebooks to MS + HS students; $2.75M funded via Education SPLOST; carrying case + charger included; Google Suite + classroom filtering; first press release dated Sep 27 2018","https://www.lagrangenews.com/2018/09/28/chromebook-initiative-places-digital-technology-into-the-hands-of-6000-students/","https://www.troup.org/userfiles/919/my files/press releases/2018-2019/09-27-18 lrrs - one-to-one chromebook rollout.docx?id=53318","705","932","1","0","1300001"
"Raleigh County Schools","WV","Beckley","2013","August","Yes","Grades 3-12 1:1; K-2 shared (1:2)","iPad","Fall 2013 SY; first WV county for 1:1 iPad initiative; gr3-12 each got iPad; K-2 shared 1 iPad per 2 students; first year replaced social studies textbooks with digital content; teachers got MacBooks; transitioned secondary to Chromebooks in 2021","http://wvmetronews.com/2014/05/26/raleigh-county-learns-in-first-year-with-ipads/","https://boe.rale.k12.wv.us/c_o_v_i_d-19_updates/i_pad_information_for_parents","706","930","1","0","5401230"
"Brandywine School District","DE","Wilmington","2021","","Yes","PreK-12","Chromebook","ESSER-funded 1:1 Chromebook rollout for all PK-12 students; ESSER I ($2.6M) + ESSER II ($11.1M) + ESSER III ($24.9M) financed technology; K-2 touchscreen Chromebooks; 3-12 standard Chromebooks; article dated March 2022 describes ongoing implementation","https://townsquaredelaware.com/brandywines-tech-triad-working-to-modernize-classrooms/","https://www.brandywineschools.org/Page/8027","707","928","1","0","1001240"
"Natomas Unified","CA","Sacramento","2020","April","Yes","Grades 1-12","Chromebook","COVID-era April 2020 full 1:1 take-home rollout; district had Chromebooks since 2014 for CAASPP testing (~2,100 devices) but not take-home 1:1; April 2020 cleaning + reconfiguring devices + new hotspots for 11K+ students; now all gr1-12 take home daily","https://www.capradio.org/articles/2020/04/02/california-schools-give-laptops-to-students-as-districts-prepare-for-distance-learning/","https://www.natomasunified.org/departments/information-technology/nusd-technology-resources/student-chromebook","708","926","1","0","0600036"
"San Benito CISD","TX","San Benito","2020 (by)","","Yes (likely)","Not specified","Chromebook","COVID-era: district web page for 'Student laptop/Chromebook distribution' under COVID-19 Updates; Chromebook languages page exists; no pre-2020 1:1 launch date documented; upper bound 2020","https://www.sbcisd.net/apps/pages/index.jsp?uREC_ID=1692769&type=d&pREC_ID=1874301","https://www.sbcisd.net/departments/technology/chromebook-languages","709","924","1","0","4838790"
"Bonneville Joint District","ID","Idaho Falls","2013","Fall","Yes (phased)","Initial: HS (gr9-12) via Idaho state program 2013; expanded to K-12 Chromebook 1:1","Mixed (state laptops initially; Chromebook district-wide)","Bonneville was among 32 Idaho districts selected for state 1:1 HS laptop program (Students Come First); HS laptops from state began fall 2013; district expanded to full K-12 1:1 Chromebook program; Voluntary Chromebook Protection Plan and RUA documents on district site","https://www.spokesman.com/stories/2012/jun/05/32-idaho-school-districts-make-student-laptop-list/","https://www.d93schools.org/340663_2","710","924","1","0","1600930"
"Schertz-Cibolo-U City ISD","TX","Schertz","2020 (by)","","Yes (likely)","Not specified","Mixed (Chromebook + iPad)","BYOD program documented (board policy); district uses Chromebooks and iPads (mentioned in 2025 technology needs); no explicit 1:1 launch date found; upper bound from COVID-era technology distribution; 2026 bond includes $9.1M for device replacement","https://www.scuc.txed.net/domain/112","https://communityimpact.com/san-antonio/northeast-san-antonio-metrocom/education/2025/03/20/student-device-replacements-top-of-needs-list-for-scucisd-technology-department/","711","923","1","0","4839480"
"Downingtown Area SD","PA","Downingtown","2011","","Yes (phased)","Initial: STEM Academy HS 2011; district-wide expanded 2013+; now K-12","Mixed (laptop initial; Chromebook K-8; Windows 2-in-1 9-12)","2011: STEM Academy HS magnet launched with 1:1 laptop per student; 2013: Ivy Academy blended learning at conventional HS; district-wide 1:1 initiative formalized; current K-8 two-in-one Chromebook + 9-12 Windows two-in-one for home+school","https://www.dasd.org/departments/technology/11-technology-initiative","https://dmj.dmgroupk12.com/articles/launching-blended-learning-in-downingtown-area-school-district-pa-","712","917","1","0","4207710"
"Nashua School District","NH","Nashua","2020","April","Yes","K-12","Chromebook","April 2020 COVID-era: principals distributed ~1,700 Chromebooks from dismantled testing carts; ordered 3,500 more (CARES Act funded) Aug 2020 for remote learning; 10,000+ total devices managed; pre-COVID had carts/labs but not 1:1 take-home","https://patch.com/new-hampshire/nashua/nashua-families-need-receive-nearly-1-700-chromebooks","https://www.unionleader.com/news/education/nashua-schools-have-been-waiting-seven-months-for-their-massive-chromebook-order/article_23d98b0d-6dd0-5f64-a4c1-e032aacb0153.html","713","917","1","0","3304980"
"Adelanto Elementary","CA","Adelanto","2020","Spring","Yes","K-8","Chromebook","COVID-era Spring 2020: HP 11 Chromebooks distributed to students for distance learning; district created guides and tutorials; Wi-Fi hotspots (up to 10 devices) deployed; ESSER + CA state funds used; no pre-2020 1:1 found","https://www.aesd.net/distance-learning-guides-and-tutorials-for-chromebooks","https://www.aesd.net/divisions/educational-services/technology-services/chromebook-faqs-repair-costs","714","917","1","0","0601710"
"Waukesha School District","WI","Waukesha","2016","September","Yes","K-12 (phased: pilot 2015; full district Sep 2016)","iPad","Board approved 'Waukesha One' iPad 1:1 program May 2013; pilot at 4 schools (North Blair Bethesda Hillcrest) funded ~$349K Apr 2015; full K-12 iPad rollout by Sep 2016; ~$3M/yr; teachers got MacBook Air + iPad; students got iPad; 26 schools total","https://patch.com/wisconsin/waukesha/waukesha-schools-implementing-ipad-program-next-fall","http://w1.waukesha.k12.wi.us/deployment","715","915","1","0","5515780"
"M S D Warren Township","IN","Indianapolis","2014 (by)","","Yes","Grades 1-12 Chromebook; K iPad","Mixed (Chromebook 1-12; iPad K)","iConnect@Warren initiative; 1:1 Chromebook for every gr1-12 student + iPad for K; funded partly by $28.5M Race to the Top grant (won 2012); program rolled out after 2012 grant; upper bound 2014 (earliest firm evidence)","https://www.edelements.com/personalized-learning-msd-warren-township","https://www.warren.k12.in.us/iconnect-technology","716","912","1","0","1812360"
"Deer Park ISD","TX","Deer Park","2020 (by)","","Yes","Grades 3-12","Chromebook","1:1 Chromebook gr3-12 confirmed; 2017 bond ($156M) included technology upgrades; 2022 bond also included tech; no specific launch date found for 1:1 program; upper bound 2020 (COVID-era rollout confirmed on district site)","https://sites.google.com/view/dprollout/home","https://www.dpisd.org/apps/pages/index.jsp?uREC_ID=1559461&type=d&pREC_ID=1684943","717","911","1","0","4816530"
"Fall River","MA","Fall River","2020 (by)","","Yes","Not specified","Chromebook","District-issued Chromebooks for all students; middle school take-home policy changed (no longer going home at MS); Feb 2025: $700K contract to upgrade inventory; no specific 1:1 launch year documented; upper bound 2020","https://citizenportal.ai/articles/2270607/Fall-River-City/Bristol-County/Massachusetts/School-Board-approves-700K-Chromebook-contract-amid-accountability-concerns","https://www.fallriverschools.org/departments/technology-services","718","909","1","0","2504830"
"Madison Co School Dist","MS","Madison","2014","","Yes","K-12 (phased: '1:M' program)","Mixed (iPad K-2; Chromebook 3-8; MacBook 9-12)","1:M initiative launched 2014-15 SY after years of research and device testing; K-2 iPad; gr3-8 Chromebook; gr9-12 MacBook Air; $25/yr family fee; devices go home; district researched 1:1 options for several years before launch","https://www.madison-schools.com/1m","https://www.madison-schools.com/domain/2886","719","907","1","0","2802790"
"Vacaville Unified","CA","Vacaville","2020 (by)","","Partial","Grades 2-12 class sets; not confirmed full 1:1 take-home pre-2020","Chromebook","Measure A bond (passed Nov 2014) funded class sets of Chromebooks for gr2-12 in core subjects plus iPads/Chromebooks for TK-1; COVID ESSER funds ($179K+$586K+) for devices; described as classroom class sets not 1:1 take-home pre-COVID; upper bound 2020","https://measurea.vacavilleusd.org/projects/technology","https://www.vacavilleusd.org/departments/technology/technology_in_the_classroom","720","907","1","0","0640590"
"Westside Union Elementary","CA","Lancaster","2020 (by)","","Yes (likely)","K-8","Chromebook","1:1 Chromebook program with home-learning support; COVID-era 2020 board voted to extend closure Apr 3 2020; district has Home Learning resource page + troubleshooting guides; no specific pre-2020 1:1 launch date found; upper bound 2020","https://www.westside.k12.ca.us/resources/home-learning","https://www.westside.k12.ca.us/departments/information-technology","721","906","1","0","0642120"
"Liberty 53","MO","Liberty","2020 (by)","","Yes","K-12","Mixed (iPad K-8; MacBook 9-12)","1:1 district: iPads + MacBooks issued to all students for take-home use; JAMF Pro device management; device insurance program; no specific launch year found; $120M bond passed April 2023 (no-tax-increase); upper bound 2020","https://www.lps53.org/resources/technology/district-devices","https://www.lps53.org/resources/technology/device-faq","722","905","1","0","2918540"
"York Co Pblc Schs","VA","Yorktown","2020","Fall","Yes","Grades 3-12","Chromebook","1:1 Technology Program established fall 2020; all gr3-12 issued Chromebook; existing supply of Chromebooks used to reduce startup cost; students use division-issued device or approved personal device; device refresh cycle tracks same device for multiple years","https://yorkcountyschools.org/technology/edTech/1to1technology.aspx","","723","904","1","0","5104150"
"Mountain View Elementary","CA","Ontario","2020 (by)","","Yes (likely)","K-8 (junior high 1:1 take-home confirmed)","Chromebook","Junior High 1:1 Chromebook take-home program confirmed; K-8 district in Ontario San Bernardino County; Chromebooks charged and brought to school daily; no specific launch year documented; upper bound 2020","https://www.mtnview.k12.ca.us/apps/pages/index.jsp?uREC_ID=3769348&type=d&pREC_ID=2443518","","724","904","1","0","0626190"
"Forest Hills Public Schools","MI","Grand Rapids","2015 (by)","","Yes","Initial: grades 5 and 9; then all K-12","Chromebook","Nov 2013: voters approved $45M bond; March 2014: board authorized $25M first series; 1:1 Chromebook program launched (gr5 and gr9 get new device to keep for 4 years then pass down); bond projects largely complete by fall 2015; $75/student/yr technology fee from 2022-23","https://www.fhps.net/district/bond-information/","https://www.fhps.net/departments/technology/","725","903","1","0","2614610"
"PUTNAM","FL","Palatka","2020 (by)","March","Yes (likely)","K-12","Chromebook","COVID-era: 4,000+ Chromebooks distributed March 2020 for online learning; connectivity hotspots arranged; pre-COVID device status unclear; upper bound only","https://www.palatkadailynews.com/local-news/school-back-session","https://www.putnamschools.org/page/information-services","726","901","1","0","1201620"
"BOX ELDER DISTRICT","UT","Brigham City","2014","","Yes","K-12","iPad","Apple ConnectEd Grant 2014; iPads issued K-12; since 2019 all 9-12 students also receive MacBook Air annually","https://schooldistricts.us/district/4900090.html","https://appleinsider.com/articles/14/10/27/apple-grants-ipads-macs-apple-tvs-more-to-114-us-schools-in-connected-initiative","727","900","1","0","4900090"
"BERRYESSA UNION ELEMENTARY","CA","San Jose","2020 (by)","","Yes (likely)","K-8","Chromebook","Chromebooks confirmed as student devices; B Tech E events 2019; Bond Measure L 2014 funded tech; COVID-era distribution 2020; exact 1:1 launch year not documented in public sources","https://www.berryessa.k12.ca.us/Departments/Technology-Services/B-Tech-E/","https://www.berryessa.k12.ca.us/OUR-DISTRICT/Bond-Programs/Bond-Measure-L/Bond-Program-Updates/index.html","728","898","1","0","0604800"
"OLDHAM COUNTY","KY","Buckner","2019","","Partial","Gr 6-8 (North Oldham MS only)","Chromebook","Leasing program started 2019-20 SY at North Oldham MS only; not district-wide; other schools use BYOD or shared carts","https://noms.oldham.kyschools.us/students/chromebooktechnology-support/chromebook-faq","","729","895","1","0","2104530"
"CRYSTAL LAKE CCSD 47","IL","Crystal Lake","2016","Fall","Yes (phased)","Gr 6-8","Chromebook","EmpowerED for Learning Initiative; 2016-17 SY first year; piloted spring 2016; students in 6th grade issued Chromebook, keep through 8th then district transfers ownership; fee waiver program for low-income","https://www.shawlocal.com/2017/06/28/crystal-lake-school-district-47-sells-923-chromebooks-to-district-155-for-incoming-freshmen/ao03h9l/","https://www.d47.org/departments/technology-services/student-devices-responsibilities","730","895","1","0","1711350"
"LANCASTER 01","SC","Lancaster","2016","","Yes (phased)","Gr 3-8 initial","Chromebook","$199M bond referendum passed March 2016; Chromebooks provided to every Grades 3-8 student; facility improvements and new schools also funded; HS had separate 1-to-1 Learning Initiative","https://www.lancastercsd.com/","http://xserve.lcsd.k12.sc.us/LCSD/Web/Data/DataDistrict.pdf","731","894","1","0","4502580"
"MAGNOLIA ELEMENTARY","CA","Anaheim","2020 (by)","","Yes","K-6","Mixed (Chromebook/Chromebox/iPad)","All students provided 1:1 technology K-6; specific launch year not documented; COVID-era distribution confirmed 2020; upper bound only","https://www.magnoliasd.org/apps/pages/overview","https://en.wikipedia.org/wiki/Magnolia_School_District_(California)","732","894","1","0","0623430"
"ALBANY CITY SCHOOL DISTRICT","NY","Albany","2020","July","Yes","K-12","Chromebook","Emergency Smart School Investment Plan submitted March 2020; July 2020 state approved; 5,000 Chromebooks ordered and distributed; fully funded via Smart Schools funds; goal PreK-12 1:1","https://www.albanyschools.org/news/1699270/chromebook-distribution-begins-throughout-district","https://www.albanyschools.org/info-tech/index","733","893","1","0","3602460"
"ROBERTSON COUNTY","TN","Springfield","2020 (by)","","Yes (likely)","HS (confirmed); MS/ES unclear","Chromebook","1:1 ratio for technology confirmed for all high school students; specific launch year not documented; pre-COVID evidence implied; upper bound 2020","https://schooldistricts.us/district/4703600.html","https://www.rcstn.net/departments/technology","734","892","1","0","4703600"
"MAUMEE CITY","OH","Maumee","2020 (by)","","Yes","K-12","Chromebook","All students have Google Chromebook; students pick up Chromebook daily at school arrival; specific launch year not found; upper bound 2020","https://www.maumee.k12.oh.us/educational_services/index.php","https://www.maumee.k12.oh.us/","735","892","1","0","3904436"
"GRESHAM-BARLOW SD 10J","OR","Gresham","2020","April","Yes","K-12","Chromebook","8,500 devices distributed week of Apr 6 2020 (COVID); district ensured one device per student; Verizon Innovative Learning at 2 MS also launched fall 2020 with iPads/Chromebooks","https://www.gresham.k12.or.us/departments/communications-community-relations/coronavirus-covid-19-frequently-asked-questions","https://www.gresham.k12.or.us/site/default.aspx?PageType=3&DomainID=8&ModuleInstanceID=8674&ViewID=6446EE88-D30C-497E-9316-3F8874B3E108&RenderLoc=0&FlexDataID=28697&PageID=9","736","891","1","0","4106000"
"CHAPEL HILL-CARRBORO CITY SCHOOLS","NC","Chapel Hill","2019","September","Yes","MS and HS (initial)","Chromebook","Announced June 7 2019; 1:1 initiative for middle and high school students for 2019-20 SY; devices from existing inventory + purchased additional $150 Chromebooks; COVID expanded to K-12","https://proconian.com/2019/06/14/students-will-get-personal-computers-next-year-through-11-initiative-district-says/","https://www.chccs.org/academics/digital-learning-and-libraries/digitallearning/chccs-k-12-assigned-student-device-and-hotspot-program","737","891","1","0","3700720"
"HIGLEY UNIFIED SCHOOL DISTRICT","AZ","Gilbert","2013","August","Yes (phased)","Gr 7-8 (MS initial)","iPad","Aug 2013: opened 2 new middle schools; all 7th-8th grade students issued iPad 1:1 with take-home; district-provided resource; Chromebooks added later for other grades","https://www.husd.org/domain/3305","https://en.wikipedia.org/wiki/Higley_Unified_School_District","738","886","1","0","0403780"
"TROY SCHOOL DISTRICT","MI","Troy","2015 (by)","","Yes","Gr 3-12","iPad","1:1 iPad program documented by Nov 2015 (guidelines dated 11/03/2015); grades 3-12 district issued; K-2 shared classroom sets; $25/yr insurance program; exact launch year not found - upper bound 2015","https://us.alonot.com/wp-content/uploads/2025/05/I-Pad-Guidelines-Michigan-School-Resources.pdf","https://www.troy.k12.mi.us/departments/tech-data-services","739","885","1","0","2634260"
"CASA GRANDE ELEMENTARY DISTRICT","AZ","Casa Grande","2020 (by)","","Yes (likely)","K-8 (MS confirmed)","Chromebook","Take-home device protection plan offered for CGMS students; Chromebook program documented; specific launch year not found; upper bound 2020","https://az50000661.schoolwires.net/Page/112","https://www.cgesd.org/","740","885","1","0","0401710"
"MAGNOLIA ISD","TX","Magnolia","","","","","","No clear evidence of a 1:1 device program; Aug 2020 only selling/lending laptops to students without home computer access; not a district-wide 1:1 rollout; some student reviews mention low Chromebook supply","https://www.magnoliaisd.org/departments/technology","","741","884","1","0","4828740"
"FOX C-6","MO","Arnold","2020","","Yes","Gr 6-12","Chromebook","2016: 1,400 Chromebooks purchased ($417K) for shared carts; 2018-19 BYOCB initiative; 2020: full 1:1 for grades 6-12 with take-home Chromebooks issued in 6th and 9th grade","https://www.foxc6.org/departments/technology/11-chromebook-initiative","https://www.facebook.com/foxc6schools/videos/fox-c-6-one-to-one-chromebook-initiative/238618774947455/","742","883","1","0","2912300"
"BLOUNT COUNTY","TN","Maryville","2016","Fall","Yes (phased)","Gr 9-12 initial (1:World)","Chromebook","1:World digital conversion initiative; 2016-17 HS Chromebook handbook published; every rising 9th grader issued Chromebook through HS; full district (K-8 added later); one-to-one district per 2020 sources","https://wbhsacademy.wordpress.com/wp-content/uploads/2016/07/bcs1worldhandbookhsedition.pdf","http://blountk12.org/index.php?Itemid=150&id=186&option=com_content&view=article","743","881","1","0","4700300"
"MADISON COUNTY","KY","Richmond","2014","","Yes","K-12","Chromebook","1:M initiative; launched 2014-15 SY after research/pilot; one of Kentucky's early 1:1 adopters; researched, tested devices, consulted peers, fiscal review prior to launch","https://www.madison-schools.com/1M","https://www.madison-schools.com/Page/26541","744","881","1","0","2103720"
"ST. JOSEPH","MO","St. Joseph","2020 (by)","","Yes (likely)","Not specified","Mixed (laptop/tablet)","District known for strong technology program; 'many one-to-one schools'; not fully district-wide; each student has laptop or tablet in 1:1 schools; fiber-optic network district-wide; upper bound 2020","https://uncommoncharacter.com/learn/public-k-12/","https://www.sjsd.k12.mo.us/departments/technology","745","880","1","0","2927060"
"PLEASANT VALLEY","CA","Camarillo","2020","August","Yes","K-8","Chromebook","COVID-era: each PVSD student assigned Chromebook Aug 2020 for distance learning; pre-COVID some schools had partial 1:1 (not all schools by Mar 2020); full district 1:1 achieved via COVID response","https://www.pleasantvalleysd.org/departments/technology-services","http://future.pvsd.net/","746","880","1","0","0630990"
"DELANO UNION ELEMENTARY","CA","Delano","2020 (by)","","Yes (likely)","K-8","Chromebook","Chromebooks and iPads confirmed district devices; network infrastructure supports all 12 schools; COVID-era distribution documented 2020; specific 1:1 launch year not found; upper bound 2020","https://www.duesd.org/domain/53","https://www.duesd.org/","747","880","1","0","0610890"
"CAMPBELL UNION","CA","Campbell","2018","November","Yes (phased)","Gr 6-8 (MS)","Chromebook","Web to One Initiative; launched Nov 26 2018 (Trimester 2) at Monroe MS then Rolling Hills MS; take-home 1:1 for all middle school students; 99%+ participation rate; district-wide expanded later","https://www.campbellusd.org/webtoone","https://rollinghills.campbellusd.org/news/rms-news/launch-web-one-chromebook-initiative","748","880","1","0","0607200"
"ROCKINGHAM CO PBLC SCHS","VA","Harrisonburg","2012","","Yes (phased)","HS 2012; MS 2016; Elem 4th-5th grade (later)","Chromebook","Pilot 2011: 10 shared Chromebooks per HS classroom; 2012: full 1:1 for 4,300 HS students; 2016: 2,600 MS students received Lenovo Thinkpad Chromebooks; 2018 expanding to elementary 4th-5th; 5-year digital conversion plan begun spring 2014","https://www.whsv.com/content/news/Rockingham-County-Schools-to-provide-devices-to-elementary-students-465024373.html","https://www.instructure.com/resources/case-studies/rockingham-county-schools-powering-mobile-learning-chromebooks-and-canvas","749","878","1","0","5103390"
"NEW ALBANY-FLOYD CO CON SCH","IN","New Albany","2020 (by)","","Yes (likely)","Not specified","Chromebook","COVID-era device distribution; Chromebooks issued to virtual academy students 2021; limited evidence of district-wide 1:1; Technology Resources dept supports educational technology; upper bound 2020","https://nafcs.org/en-US/technology-99378eff","https://www.nafcs.k12.in.us/covid-19-update","750","878","1","0","1807410"
"COVINA-VALLEY UNIFIED","CA","Covina","2020 (by)","","Yes (likely)","Not specified","Chromebook","COVID-era upper bound; district has 1:1 Chromebook program where device assigned at first CVUSD school follows student through district career; no pre-2020 dated launch source found","https://www.c-vusd.org/","","751","875","1","0","0610050"
"CLINT ISD","TX","Clint","2016","","Yes","K-12","Mixed (iPad/Chromebook/laptop)","Mar 2020 article states district 'invested in the 1:1 Device Initiative four years ago' to provide every student with an iPad, Chromebook or laptop; ~2016 start; COVID enabled district-wide remote learning via existing 1:1 devices; I-LEARN system in 700+ classrooms","https://horizoncity.com/clint-isd-distance-learning-set-to-begin-march-24th-socorro-isd-to-send-info-same-day/","https://www.clintweb.net/departments/human-resources/why-clint-isd","752","874","1","0","4814430"
"DEL VALLE ISD","TX","Del Valle","2019","","Yes (phased)","2019-20: Sophomores-Seniors at HS; Spring 2020: ES/MS added","Chromebook","2019-20 SY Juniors/Seniors/Sophomores at Del Valle HS checked out Chromebooks for take-home; Mar 2020 expansion to ES and MS students; Spring 2020 full 1:1 district-wide","https://dvhs.dvisd.net/student-page/11-chromebook-program","https://www.fox7austin.com/news/del-valle-isd-to-be-distributing-chromebooks-to-students-needing-technology-access","753","873","1","0","4816620"
"PARMA CITY","OH","Parma","2020 (by)","","Yes","K-12","Chromebook","District has 1:1 Chromebook program ('every student has a Chromebook to use in the classroom and at home'); no firm pre-2020 dated launch source found; upper bound only","https://www.parmacityschools.org/our-district/departments/information-systems","","754","872","1","0","3904463"
"GILROY UNIFIED","CA","Gilroy","2021","October","Yes","K-12","Chromebook","Oct 7 2021 GUSD Board meeting presentation on 1:1 Technology Initiative; elementary Chromebooks stay at school; MS/HS assigned Chromebook for home and school use; 3,200+ Chromebooks distributed Apr 2020 (COVID) but full district 1:1 formalized Oct 2021","https://www.gilroyunified.org/parentstudent-resources/gusd-in-the-news/news/news/~board/district-news/post/october-8-2021-update-from-dr-flores-counseling-referrals-for-students-and-families-vaccine-updates-11-technology-initiative-and-more","https://gilroydispatch.com/south-valley-middle-school-students-receive-free-chromebooks/","755","872","1","0","0615180"
"SOUTHFIELD PUBLIC SCHOOL DISTRICT","MI","Southfield","2016","","Yes (phased)","2016-17: Grade 9 pilot; expanded to all grades subsequently","Chromebook","1:1 Chromebooks launched 2016-17 SY for 9th-grade students; 2015-16 SY purchased Chromebooks for classroom use creating 1:4 ratio; prior to 2016-17 had Chromebooks in carts only; district profile confirms phased 1:1 launch starting with 9th grade","https://www.southfieldk12.org/district/district-profile","","756","871","1","0","2632310"
"NEWBURGH CITY SCHOOL DISTRICT","NY","Newburgh","2018","September","Yes (phased)","Fall 2018: Grades 3-10; expanded to K-12 subsequently","Chromebook","Fall 2018 all scholars grades 3-10 received Chromebooks as part of district's 1:1 technology plan; plan to allow take-home by end of 2018-19 SY; Google for Education transition completed summer 2018","https://www.classlink.com/case-studies/newburgh-enlarged-city-schools","https://edu.google.com/intl/ALL_us/resources/customer-stories/newburgh-enlarged-city-school-district/","757","870","1","0","3620700"
"FERGUSON-FLORISSANT R-II","MO","Ferguson","2020","March","Yes","K-12","Chromebook","Mar 2020 school closure day used to distribute devices; each student received a Google Chromebook; hotspots purchased with CARES Act funds; 2020-21 SY started online-only with Chromebooks for all students; pre-COVID not documented as 1:1","https://www.stltoday.com/news/local/education/ferguson-florissant-school-district-to-start-school-year-online-only/article_70ca3b22-7c93-54ec-b37b-d0f1ee6857ec.html","https://www.fergflor.org/departments/finance-and-operations/technology-services","758","870","1","0","2912010"
"TOMBALL ISD","TX","Tomball","2020","August","Yes","K-12","Chromebook","Aug 2020 board approved purchase of 4,379 HP Chromebooks funded 50% by TEA/CARES Act + 50% from 2017 bond; district had ~14,000 Chromebooks already; goal was 1:1 student-to-device ratio; purchase moved district to near-1:1 by Oct 2020","https://communityimpact.com/houston/tomball-magnolia/education/2020/08/11/updated-tomball-isd-approves-purchase-of-4379-chromebooks-pushing-district-closer-to-1-device-per-student/","https://www.tomballisd.net/community/bond-projects/bond-2017","759","869","1","0","4842960"
"HAMILTON TOWNSHIP","NJ","Hamilton","2020 (by)","","Yes","K-12","Chromebook","District assigns Chromebooks to all students K-12 (HTSD 1:1 program); no pre-2020 dated launch article found; upper bound only based on current program evidence","https://www.htsdnj.org/departments/technology/htsd-11","https://www.htsdnj.org/community/family-learning-hub/technology","760","868","1","0","3406540"
"CUMBERLAND VALLEY SD","PA","Mechanicsburg","2020 (by)","","Yes","6-12","Chromebook","District operates 1:1 technology program; Aug 2020 references grades 6-12 device issuance; student handbook references 1:1 program; 'future goal' article (Eye of the Tiger student paper) referenced Chromebook for every student by 2019 but no firm launch source confirmed pre-2020","https://www.cvschools.org/support_operations/technology/1_1_technology_program/device_care_and_support","","761","866","1","0","4207110"
"WAPPINGERS CENTRAL SCHOOL DISTRICT","NY","Wappingers Falls","2020 (by)","April","Yes","Grades 7-12","Chromebook","Apr 1 2020 COVID distribution; district had planned Chromebook rollout for grades 7-12 (pre-COVID program existed); Apr 2020 distribution date pushed from Mar 30-31 to Apr 1 suggesting existing program expedited for pandemic; no pre-2020 firm launch date confirmed","https://midhudsonnews.com/2020/04/01/wappingers-central-school-district-distributes-chromebooks/","https://www.wappingersschools.org/chromebook-permissions-and-insuranc","762","865","1","0","3629880"
"SAN LORENZO UNIFIED","CA","San Lorenzo","2020 (by)","August","Yes (likely)","Not specified","Chromebook","Aug 19 2020 Chromebook distribution for students without home device; 2019-20 SY year-long loaner policy in place (not daily loaners); COVID-era full 1:1 distribution Aug 2020; district described as '2:1' (school + home) suggesting pre-COVID partial coverage","https://www.slzusd.org/apps/pages/family-technology-resources","","763","865","1","0","0634710"
"MARYSVILLE SCHOOL DISTRICT","WA","Marysville","2020 (by)","","Yes (phased)","Grades 6-12 pre-COVID; K-5 added 2020","Chromebook","Pre-COVID 1:1 for grades 6-12 (exact start year not found); COVID-19 necessitated extension of 1:1 to K-5 students Aug 2020; unique device follows student throughout HS career; K-5 distribution events documented Mar-Apr 2020","https://www.msd25.org/article/216511?org=district","https://marysvilleschools-cdn.fxbrt.com/downloads/district_files/chromehandbook.pdf.pdf","764","862","1","0","5304860"
"DAVIESS COUNTY","KY","Owensboro","2005","August","Yes (phased)","Initial: HS Grade 9 (2005); expanded to all HS","Laptop","Aug 2005: 900 laptops distributed to all HS freshmen; planning began summer 2003; May 2004 faculty received laptops; phased rollout to all HS students; all Daviess County HS and Apollo HS students in 'One-to-One eLearning Program'; IBM ThinkPad R50 initial device","http://www.dcps.org/technology/elearning/eLearning%20White%20Paper.htm","https://www.infocase.com/daviess-county-public-schools/","765","861","1","0","2101470"
"CARLSBAD UNIFIED","CA","Carlsbad","2018","","Yes (phased)","2018-19: Grades 6-9; 2019-20: All secondary (6-12)","Chromebook","2018-19 SY all 6th-9th grade CUSD students issued Chromebook for school and home use; 2019-20 every secondary school student had individual Chromebook; phased rollout completed to full secondary 1:1 in two years","https://sites.google.com/carlsbadusd.net/1to1","","766","860","1","0","0607500"
"LANCASTER SD","PA","Lancaster","2018","","Yes (phased)","2018-19: MS iPads; expanding to K-12 over 4 years","iPad","2018-19 SY began middle school iPad deployment; 4-year plan for all students to have equitable device access; instructional technology page confirms ongoing rollout; iPad identified as initial device type for MS; full K-12 rollout planned through 2022-23","https://sdlancaster.org/discover-sdol/teaching-learning/instructional-technology/","","767","859","1","0","4213140"
"M S D WASHINGTON TOWNSHIP","IN","Indianapolis","2020 (by)","","Yes","K-12","Chromebook","District is a 1:1 Chromebook district with hotspot access; 2020 virtual learning transition relied on existing Chromebook infrastructure; 2025 news discusses new policy for MS students to take home Chromebooks (previously classroom-only for MS); no firm pre-2020 1:1 launch date confirmed","https://www.wrtv.com/news/local-news/parents-push-back-over-new-chromebook-policy-for-washington-township-middle-schools","https://www.msdwt.k12.in.us/technology","768","858","1","0","1812720"
"CENTRAL DAUPHIN SD","PA","Harrisburg","2020 (by)","","Yes","Grades 9-12 (goal to expand to lower grades)","Chromebook","1:1 technology program begins at HS level grades 9-12 with goal to expand to lower grades; district requires district-supplied Chromebooks at HS; no firm launch year found; upper bound based on current program documentation","https://www.cdschools.org/administration/technology/11-technology","https://www.cdschools.org/administration/technology/chromebook-information","769","857","1","0","4205400"
"FARMINGTON MUNICIPAL SCHOOLS","NM","Farmington","2020 (by)","","Yes","Grades 6-12 (secondary)","MacBook","All FMS schools above elementary supplied with MacBook computers for teacher and student take-home use; elementary students use in-school only; district had long-term 1:1 plan with pilot programs; 'rolled out 1:1 programs a few years ago' from 2023 reference = ~2019-2021; no firm year found","https://www.macinstruct.com/tutorials/district-spotlight-farmington-municipal-schools/","https://www.menandmice.com/resources/case-studies/farmington-municipal-schools","770","857","1","0","3500990"
"LAWRENCE","KS","Lawrence","2017","","Yes (phased)","Initial: HS (2017-18); expanding","MacBook","Feb 2017 USD 497 school board approved MacBooks for all high school students as part of 'Learning Forward, Future Ready' initiative starting 2017-18 SY; Jan 2023 board voted to switch from MacBooks to iPads for HS; MacBook was initial 1:1 device; no Chromebook program noted","https://lhsbudget.com/news/2017/04/30/district-to-provide-high-school-students-with-macbooks-next-school-year/","https://lawrencekstimes.com/2023/01/23/usd497-ipads-to-macbooks-switch/","771","856","1","0","2008400"
"NORWALK SCHOOL DISTRICT","CT","Norwalk","2020","August","Yes","K-12","Chromebook","Aug 2020 Chromebooks and laptops available to every student in district; pandemic highlighted digital divide for 7-8% lacking reliable internet; city initiative launched Aug 2020; Verizon Innovative Learning partnership provided 5G Chromebooks to additional schools 2021 and 2024","https://www.fox61.com/article/news/education/school-resource-center/norwalk-connecticut-technology-school-digital-divide-covid-19-reopening/520-a24511ea-9236-4d70-bc2f-1aadc7ffaf5f","https://www.govtech.com/education/k-12/norwalk-conn-students-receive-5g-equipped-chromebooks","772","856","1","0","0903090"
"SPALDING COUNTY","GA","Griffin","2020 (by)","","Yes","K-12","Chromebook","All GSCS students receive a Chromebook in grades K-12 per 2022-23 back-to-school info; COVID-era Comcast internet support for families without home internet; no firm pre-2022 launch date confirmed; upper bound from 2022-23 documentation","https://www.spalding.k12.ga.us/Students--Parents/2022-2023-Back-to-School-Information/index.html","https://www.gscs.org/","773","854","1","0","1302520"
"ISAAC ELEMENTARY DISTRICT","AZ","Phoenix","2020 (by)","","Yes (likely)","PK-8","Mixed","K-8 elementary district (13 schools); no specific 1:1 initiative documentation found via web search; COVID-era device distribution inferred; Arizona placed all campuses under closure Mar 2020; district likely distributed devices for distance learning; no firm dated source","https://www.isaacschools.org/","","774","854","1","0","0403960"
"UPLAND UNIFIED","CA","Upland","2020 (by)","","Yes (likely)","Not specified","Chromebook","District has Chromebook program with student usage agreements; COVID-era 2020 references to distance learning with devices; California Bridging the Digital Divide Fund context 2020-21; Wednesday Webinars launched 2020 for family support; no pre-2020 firm 1:1 launch date found","https://www.upland.k12.ca.us/","","775","853","1","0","0600016"
"ELMORE COUNTY","AL","Wetumpka","2020","April","Yes","K-12","Chromebook","COVID-era 1:1; district ordered 3,500 Google Chromebooks Apr 2020 for ~11,000 students; loaned along with existing district Chromebooks; for 2020-21 SY every student provided a Chromebook and enrolled in virtual platform (Odysseyware K-5 or Edgenuity 6-12)","https://elmoreautauganews.com/2020/07/21/elmore-county-students-preparing-to-return-to-classroom-physically-virtually-or-both-ways/","https://www.thewetumpkaherald.com/news/dennis-gives-update-on-elmore-county-public-schools/article_e79fdfe6-73c0-11ea-859e-834eb1265f1d.html","776","853","1","0","0101290"
"MASON CITY SCHOOL DISTRICT","OH","Mason","2020 (by)","","Yes","PreK-1 iPad; 2-12 Chromebook","Mixed (iPad + Chromebook)","Upper bound; district current program: PreK-1 iPads; gr2-12 Chromebooks; no firm launch year found in web sources; likely COVID-era or just prior","https://www.masonohioschools.com/departments/tech-innovation","","777","851","1","0","3905045"
"WALNUT VALLEY UNIFIED","CA","Walnut","2020 (by)","April","Yes","K-12","Chromebook","Upper bound; Apr 2020 COVID-era Chromebook distribution by appointment at school parking lots; fifth-graders already using Chromebooks Dec 2019 for digital portfolios; no earlier firm 1:1 date found","https://www.wvusd.k12.ca.us/apps/news/article/1205702","","778","847","1","0","0641280"
"NEW CANEY ISD","TX","New Caney","2014","Fall","Yes (phased)","Gr 3-12 take-home (gr 6-12); gr 3-5 in-school","Chromebook","'1:Vision' program; 3-year lease signed 2014 for ~18,000 Dell Chromebooks for all gr 3-12 students (~$1M/yr); gr 6-12 took home daily; gr 3-5 stored in classroom towers; presented at FAEDS 2016 as largest TX Chromebook rollout","https://communityimpact.com/news/2016/10/03/new-caney-isd-prioritizes-technology-upgrades/","https://blog.identityautomation.com/we-are-teaming-up-with-new-caney-isd-to-present-at-faeds-2016","779","845","1","0","4832400"
"WAYZATA PUBLIC SCHOOL DISTRICT","MN","Plymouth","2013","January","Yes (phased)","K-3 at 3:1; gr 4-12 at 1:1; gr 6-12 take-home","iPad","'MyWay' initiative; Phase 1 launched Jan 2013; 3-year phase-in completed 2014-15 SY covering all K-12 students; gr 6-12 take home device; iPad chosen as district mobile learning device","https://www.hometownsource.com/sun_sailor/news/education/ipads-for-all-in-wayzata-schools/article_21ad41a7-5294-57c9-9ad0-b9e5924d1756.html","https://www.wayzataschools.org/schools/myway","780","842","1","0","2742160"
"SANGER UNIFIED","CA","Sanger","2020 (by)","","Yes","K-12","iPad","Upper bound; district provides each student their own iPad; 1:1 iPad program in place (confirmed current); no firm launch year found pre-COVID; 2020 COVID-era commitment to device-per-student confirmed","https://www.sanger.k12.ca.us/departments/educational-services/technology/","","781","842","1","0","0635250"
"COUNCIL ROCK SD","PA","Newtown","2020","September","Yes","K-12","Chromebook","COVID-era 1:1; Chromebooks distributed Sep 1-3 2020 for start of 100% virtual instruction Sep 8 2020; confirmed 1:1 district (device for every student K-12); no earlier district-wide 1:1 found","https://crsouth.crsd.org/parents/covid-19-communications","https://www.crsd.org/support-services/family-resources/chromebook-support","782","837","1","0","4206960"
"NATIONAL ELEMENTARY","CA","National City","2020 (by)","","Yes (likely)","K-6","Mixed (Chromebook/iPad)","Upper bound; K-6 elementary-only district (~4,000 students); COVID-era 2020 device distribution confirmed for distance learning; no firm earlier 1:1 launch date found; district has Technology Services dept","https://nsd.us/apps/pages/index.jsp?uREC_ID=605813&type=d","","783","837","1","0","0626670"
"RICHLAND SCHOOL DISTRICT","WA","Richland","2018","August","Yes (phased)","Gr 6-12 take-home (Aug 2018); K-5 in-class","Chromebook","Aug 2018: take-home Chromebook program launched for all secondary students gr 6-12; K-5 have in-class access; GoGuardian deployed Apr 2019 to support off-campus filtering; Richland serves 14,000 students in Richland and West Richland","https://www.businesswire.com/news/home/20190422005123/en/GoGuardian-Teams-Richland-School-District-11-Chromebook","https://www.rsd.edu/departments/technology/chromebooks","784","835","1","0","5307320"
"TREDYFFRIN-EASTTOWN SD","PA","Wayne","2020 (by)","","Yes","K-4 iPad; 5 Chromebook; 6-12 Dell laptop","Mixed (iPad + Chromebook + laptop)","Upper bound; confirmed 1:1 with K-4 iPad, gr5 Dell Chromebook, gr6-12 Dell Windows laptop per current district pages; COVID-era 2020 distribution confirmed; no earlier firm district-wide launch date found","https://www.tesd.net/departments/technology/11-technology-initiative","","785","835","1","0","4223640"
"PORT HURON AREA SCHOOL DISTRICT","MI","Port Huron","2020 (by)","","Yes","K-12","Chromebook","Upper bound; district has Student Chromebook Handbook and Chromebook Consent Form indicating active 1:1 program; COVID-era 2020 distribution likely; no firm pre-pandemic launch year found in web sources","https://www.phasd.us/page/technology","","786","834","1","0","2628830"
"NASSAU","FL","Fernandina Beach","2020","March","Yes","K-12","Laptop","COVID-era; Mar 2020 laptop distribution for distance learning began Thursday per district announcement; Nassau County School District had Digital Classroom Plan for 2016-17 but no pre-COVID 1:1 found; 2020 distribution triggered by school closures","https://www.actionnewsjax.com/news/local/nassau-county/laptop-distribution-online-learning-begins-thursday-nassau-county/GWUTRWISZBBEJC4A2MVKBLWVUE/","https://www.nassau.k12.fl.us/domain/55","787","834","1","0","1201350"
"PORTERVILLE UNIFIED","CA","Porterville","2020","July","Yes","K-12","Mixed (laptop/Chromebook/iPad)","COVID-era; Jul 2020 district commitment to provide each student a device (laptop, Chromebook, or iPad) for distance learning; California state iPad/LTE program also available; no pre-COVID 1:1 found","https://www.portervilleschools.org/apps/news/article/1255341","https://edsource.org/2021/a-california-program-spent-millions-on-devices-for-distance-learning-heres-where-it-went/654590","788","833","1","0","0600064"
"COLLEGE STATION ISD","TX","College Station","2019 (by)","","Yes","Not specified","Chromebook","Upper bound; U-Times (CSHS student paper) article describes district gifting 800+ mini laptops (Chromebooks) to students for take-home use; article references current year program; no firm year in article; 2020 COVID-era Schoology/Chromebook use confirmed; upper bound based on student paper evidence","https://www.utimesonline.com/news/11-chromebook-initiative-expands-technology-use/","https://theeagle.com/news/local/bryan-college-station-school-districts-strive-to-reach-students-at-home/article_fd44b9b4-70ac-11ea-9088-937e6b7333b4.html","789","832","1","0","4807350"
"YORK 04","SC","Fort Mill","2015","","Yes (likely)","Not specified","Chromebook","York 04 is Fort Mill School District 4; school newspaper article '2015-2016: The year of the Chromebooks' indicates student 1:1 Chromebook rollout for 2015-16 SY; district provides Chrome tablets, Chromebooks, laptops; Google Certified Educators program suggests long-term Google/Chromebook commitment","https://thisisyork.org/8707/news/2015-2016-the-year-of-the-chromebooks/","https://www.fortmillschools.org/departments/technology-services","790","831","1","0","4503900"
"GALLUP-MCKINLEY CTY SCHOOLS","NM","Gallup","2020 (by)","","Yes","K-12","Laptop","Upper bound; district provides laptops to all students (per current district info); geographically largest NM district; COVID-era 2020 likely triggered full 1:1; no pre-COVID program year found in web sources","https://www.gmcs.org/apps/pages/index.jsp?uREC_ID=1586314&type=d&pREC_ID=1712599","","791","831","1","0","3501110"
"MONROE COUNTY COM SCH CORP","IN","Bloomington","2020 (by)","","Yes","K-8 iPad; 9-12 Windows laptop","Mixed (iPad + Windows laptop)","Upper bound; district confirmed 1:1: K-8 issued iPad, gr9-12 issued Windows laptop; students access MCCSC wireless daily with school-issued device; no firm launch year found; likely COVID-era expansion from earlier partial program","https://www.mccsc.edu/2570_4","https://www.mccsc.edu/2571_4","792","831","1","0","1800630"
"GREATER CLARK COUNTY SCHOOLS","IN","Jeffersonville","2019 (by)","","Yes","Gr 3-12","Chromebook","Upper bound; confirmed 1:1 district placing Chromebooks in hands of all students gr 3-12 for 21st century skills; summer Chromebook lender program operating by 2019; eLearning days introduced 2019 per local news; no firm launch year found","https://www.gccschools.com/home/our-district/departments/technology/","https://www.newsandtribune.com/news/greater-clark-introducing-elearning-days-for-weather-related-school-closures/article_43f33d1e-af1e-11e9-a180-7b1ae20f4d0e.html","793","830","1","0","1803940"
"DANBURY SCHOOL DISTRICT","CT","Danbury","2016","","Yes","K-12","Chromebook","Chromebook Policy 2017-18 approved Sep 21 2016 confirming district-issued Chromebooks; policy title and approval date confirm 2016-17 SY launch at latest; district provides Chromebook for every student K-12; grades 6 9 and new students require orientation before receiving device","https://www.danburyschools.org/Downloads/Danbury%20Schools%20Chromebook%20Policy%2017-18%20-%20Approved%209-21-20162.pdf","https://www.danburyschools.org/chromebooks","794","830","1","0","0901020"
"PENNSBURY SD","PA","Fallsington","2020 (by)","","Yes","Gr 6-12","Chromebook","Upper bound; 'Future Ready' initiative; district selected Acer 731 Chromebook for 5,500 students gr6-12; 98% take-home rate; state grant 2020 helped buy more devices; firm launch year not found; article metadata suggests 2018 planning but firm year unconfirmed","https://districtadministration.com/taking-an-inclusive-approach-to-11/","https://patch.com/pennsylvania/yardley/state-grant-will-buy-chromebooks-pennsbury-students","795","828","1","0","4218840"
"DAVID DOUGLAS SD 40","OR","Portland","2020","September","Yes","K-12","Chromebook","COVID-era; Fall 2020 Chromebook distribution for all students (elementary/MS distributed spring-summer 2020; high school Sep 2020); district has ~12,500 Chromebooks total; 2015 evidence of Chromebook use (tutorial post) but no pre-2020 district-wide 1:1 found","https://www.ddouglas.k12.or.us/2020/09/chromebook-distribution-fall-2020/","https://structured.com/blog/david-douglas-school-district-boosts-achievement-via-access/","796","828","1","0","4103940"
"NORRISTOWN AREA SD","PA","Norristown","2020 (by)","","Yes","K-12","Mixed (Chromebook + Windows + iPad + iMac)","Upper bound; 1:1 program with 10,000+ devices across 13 buildings including Chromebooks, Windows laptops/desktops, iPads, Macs; COVID-era 2020 virtual learning used Google Classroom K-4 and Schoology 5-12; no firm pre-COVID 1:1 launch year found","https://www.nasd.k12.pa.us/page/technology-services","https://www.nasd.k12.pa.us/page/classroom-technology","797","827","1","0","4216980"
"EFFINGHAM COUNTY","GA","Springfield","2013","August","Yes (phased)","Initial: elementary (cart/shared 2013); BYLD district-wide; district-wide 1:1 later expanded","Chromebook","Aug 14 2013 press release 'ECSD Rolls Out Chromebook Initiative' — mobile Chromebook carts for elementary + WiFi-enabled BYLD (Bring Your Own Learning Device) launched across district; Chromebooks for cost-effective battery life; funded by ESPLOST; full 1:1 grade coverage expanded over time","https://www.effinghamschools.com/site/default.aspx?PageType=3&DomainID=53&ModuleInstanceID=23874&ViewID=6446EE88-D30C-497E-9316-3F8874B3E108&RenderLoc=0&FlexDataID=34183&PageID=20193","","798","827","1","0","1301980"
"SANTA MONICA-MALIBU UNIFIED","CA","Santa Monica","2019","Fall","Yes (phased)","2019-20: gr8-12 (Malibu gr6-12); expanded to all grades","Chromebook","2019-20 SY: all gr8-12 students issued take-home Chromebook; Malibu Middle+High gr6-12 also included; district-wide Digital Learning initiative; devices assigned for duration of grade span (ES/MS/HS); phased K-7 completion timeline not specified","https://www.smmusd.org/departments/education-technology-services/digital-learning","https://www.smmusd.org/domain/3002","799","826","1","0","0635700"
"BARTHOLOMEW CON SCHOOL CORP","IN","Columbus","2020","August","Yes","Secondary (gr9 first Aug 2020); expanded K-12","Chromebook","First Chromebooks from spring order arrived Aug 13 2020; gr9 devices distributed Aug 21 at New Tech; K-5 Chromebook checkout option for families 2020-21; 1:1 device access for secondary students part of UDL instructional framework (adopted 2004); COVID-era full K-12 expansion","https://www.bcscschools.org/departments/technology-division/bcsc-technology-covid-19-pandemic-story","https://www.bcscschools.org/departments/technology-division","800","825","1","0","1800360"
"FAUQUIER CO PBLC SCHS","VA","Warrenton","2020","Fall","Yes (phased)","Grades 5-12 take-home; K-2 shared (2:1); 3-5 in-school only","Chromebook","2020-21 SY launch for gr5-12; pilot discussed at May 2020 board meeting; gr3-5 in-school use only; K-2 shared sets (2:1 ratio); 4 factors cited: ease of use, management, security, affordability","https://techsupport.fcps1.org/it-support-home/fcps1to1-initiative/","https://www.fauquier.com/news/pilot-project-would-put-chromebooks-in-fauquier-high-students-hands/article_f332f192-954c-11ea-9c2c-ffe61a93e85b.html","801","824","1","0","5101320"
"BLOOMINGTON PUBLIC SCHOOL DISTRICT","MN","Bloomington","2015","Fall","Yes (phased)","Grades 5-12 in 2015-16; expanded to K-12","Chromebook","2013 voter-approved capital projects levy ($6M/yr x 10 yrs) funded 1:1; planning 2013-14; gr5-12 rollout in 2015-16 SY; Samsung Series 3 Chromebooks piloted; K-4 added later","https://www.bloomington.k12.mn.us/2013-referendum-FAQ-technology","https://www.hometownsource.com/sun_current/community/bloomington/bloomington-public-schools-seeking-to-renew-referendum/article_e6db1e54-446a-11ed-901a-dfaf440ba1eb.html","802","823","1","0","2705790"
"PERRIS ELEMENTARY","CA","Perris","2020 (by)","","Yes (likely)","K-8","Chromebook","No firm launch date found; COVID-era distance learning drove device access; California Bridging Digital Divide Fund distributed Chromebooks to small/high-need districts like Perris in 2020; upper bound only","https://edsource.org/2021/a-california-program-spent-millions-on-devices-for-distance-learning-heres-where-it-went/654590","https://www.perrisesd.org/page/technology","803","822","1","0","0630180"
"L'ANSE CREUSE PUBLIC SCHOOLS","MI","Clinton Township","2020 (by)","","Yes (likely)","HS confirmed (freshmen); district-wide extent unclear","Chromebook","Chromebooks issued to freshmen for academic use confirmed; COVID-era evidence of broader device program; no firm pre-2020 district-wide 1:1 date found; upper bound","https://www.lc-ps.org/departments/technology-support/","","804","821","1","0","2621870"
"ROSWELL INDEPENDENT SCHOOLS","NM","Roswell","2020 (by)","","Yes (likely)","Not specified","Chromebook","Educational Technology department confirmed; no dated launch article found; COVID-era distribution likely drove 1:1; upper bound only","https://www.risd.k12.nm.us/research__assessment__accountability/educational_technology","","805","819","1","0","3502250"
"TRAVERSE CITY AREA PUBLIC SCHOOLS","MI","Traverse City","2010 (by)","","Yes (phased)","Gr6-12 take-home; gr3-5 in-school; K-2 shared (2:1)","Chromebook","District cited as having 1:1 program since 2010-11 SY; early adopter; COVID pushed to fully 1:1 for all students; Chromebooks provided district-wide; upper bound 2010 as earliest citation","https://www.traverseticker.com/news/the-chromebook-question-do-school-laptops-cost-too-much-for-what-they-offer/","https://togglemag.com/case-studies/evan-obranovic-traverse-city-area-public-schools/","806","819","1","0","2633870"
"COLUMBIA","FL","Lake City","2020","","Yes","K-12","Chromebook","FOX35/WOGX reported all K-12 students in Columbia County FL received free Chromebook for 2020-21 SY; COVID-driven 1:1 rollout; Digital Classroom Plan doc from FL DOE dated 2015-16 showed earlier planning","https://www.fox35orlando.com/news/all-k-12-students-in-one-florida-county-will-receive-a-free-chromebook-computer-for-the-year-district-says","https://www.fldoe.org/core/fileparse.php/12098/urlt/1516Columbia.pdf","807","818","1","0","1200360"
"SPRINGFIELD SD 19","OR","Springfield","2020 (by)","","Yes (likely)","Grades 2-12 (chromebook); library device lending pre-2020","Chromebook","Springfield OR SD19 has Chromebook program for gr2-12 and virtual learning infrastructure; Canvas LMS adopted 2020-21; over 8,000 devices checked out through libraries; no firm pre-2020 1:1 launch date found; upper bound","https://www.ssdcougars.org/district/district-departments/technology/ssd-virtual-learning","https://www.springfield.k12.or.us/access-to-knowledge","808","816","1","0","4111670"
"COPPELL ISD","TX","Coppell","2014","Fall","Yes","PreK-12","iPad","1:1 iPad district; program began issuing iPads in 2014; technology audit commissioned Sep 2014; 2016 bond funded last pre-2023 device refresh; every learner PreK-12 issued iPad + keyboard + Apple Pencil (secondary); 2023 bond added new iPads","https://www.coppellisd.com/Page/9314","https://starlocalmedia.com/coppellgazette/coppell-to-purchase-ipads-for-middle-high-schoolers-as-part-of-technology-plan/article_200f4700-6d27-11e9-8a04-d362cc31b0b2.html","809","814","1","0","4815210"
"PUTNAM COUNTY","TN","Cookeville","2018 (by)","","Yes (phased)","Not specified","Chromebook","As of Feb 2017 had ~8,500 Chromebooks for 11,000 students; goal of 1:1 structured around 2018; upper bound 2018 as firm 1:1 year; Chromebook Help page confirms ongoing program","https://www.edsurge.com/news/2017-02-15-the-secret-to-preventing-community-college-dropouts-start-with-middle-school","https://www.pcsstn.com/18530_4","810","814","1","0","4703480"
"GREECE CENTRAL SCHOOL DISTRICT","NY","Rochester","2020 (by)","","Yes (likely)","K-12","Chromebook","No firm pre-2020 launch date found; ClassLink on district Chromebooks confirmed; COVID-era expansion likely brought 1:1; district uses Chromebooks for staff/student access; upper bound only","https://www.greececsd.org/","","811","814","1","0","3612630"
"BISMARCK 1","ND","Bismarck","2020 (by)","","Yes (phased)","Gr6-12 pre-COVID; K-5 added 2020","Chromebook","Was 1:1 for grades 6-12 before COVID pandemic; K-5 devices distributed in spring 2020 emergency response; now fully K-12 1:1; no firm year for the original gr6-12 program found; 2020 upper bound for full K-12","https://www.bismarckschools.org/families/chromebook","https://bismarcktribune.com/news/local/education/distance-learning-underway-around-north-dakota-amid-coronavirus-outbreak/article_3bc51d7b-dddf-5099-a94f-b47fd51eb460.html","812","813","1","0","3800014"
"WATERFORD SCHOOL DISTRICT","MI","Waterford","2020","","Yes","K-12","Chromebook","Since 2020 district invested $18M+ in curriculum/technology ($14M digital infrastructure); now fully 1:1 K-12; pre-2020 had limited program; COVID drove full 1:1 buildout; grades 4-12 take home; K-3 in-school use","https://businessviewmagazine.com/waterford-school-district/","https://sites.google.com/waterfordschools.org/wps-one-to-one-device-program/","813","813","1","0","2635310"
"CREIGHTON ELEMENTARY DISTRICT","AZ","Phoenix","2020 (by)","","Yes (likely)","PK-8","Mixed (laptop/iPad)","District provides all students access to laptops and iPads in technology-rich environment; no firm launch year found; COVID-era likely drove 1:1; upper bound only","https://www.creightonschools.org/departments/technology","","814","812","1","0","0402430"
"CATOOSA COUNTY","GA","Ringgold","2017","Fall","Yes","K-12 (iPads K-2; Chromebooks 3-12)","Mixed (iPad/Chromebook)","Let's Get CONNECTed initiative; ESPLOST V referendum passed March 2016; iPads for K-2 + Chromebooks for gr3-8 in-school; HS (gr9-12) Chromebooks distributed fall 2017 take-home; 2014-15 cohort committee formed and products piloted","https://www.catoosa.k12.ga.us/departments/technology/let_s_get_c_o_n_n_e_c_ted","https://cdnsm5-ss10.sharpschool.com/UserFiles/Servers/Server_19208394/File/Let's%20Get%20Connected.pdf","815","811","1","0","1300930"
"GEORGETOWN ISD","TX","Georgetown","2020","Fall","Yes","Grades 2-12 (2020-21); full K-12 by 2021-22","Chromebook","COVID-era rollout; Mar 2020 families could check out Chromebook in case of extended closure; 2020-21 SY: gr2-12 issued Chromebooks at middle school pickup points; hotspots also provided; 2021-22 continued with reissued Chromebooks; prior to 2020 was NOT 1:1","https://communityimpact.com/austin/georgetown/education/2020/08/19/georgetown-isd-what-to-expect-in-the-first-few-days-of-remote-learning/","https://www.georgetownisd.org/Page/22766","816","810","1","0","4820600"
"CRANSTON","RI","Cranston","2020 (by)","","Yes (likely)","Not specified","Chromebook","Upper bound; Cranston district has student device insurance program active since 2021-22 SY indicating 1:1 devices by that point; COVID-era deployment likely 2020; no firm earlier year found","https://www.cpsed.net/resources/student-device-insurance","","817","809","1","0","4400240"
"PITTSBURG UNIFIED","CA","Pittsburg","2020 (by)","","Yes (likely)","K-12","Chromebook","District has 1:1 Chromebook program; PUSD Chromebook handbook confirms district-wide program; COVID-era California device distribution likely drove 1:1; no firm pre-2020 district-wide launch date found; upper bound","https://pittsburgusd.net/Departments/Student-Services/Educational-Technology/index.html","https://d16k74nzx9emoe.cloudfront.net/9cd12e4b-109c-4ce0-a550-48e9e2e0a52e.pdf","818","809","1","0","0630600"
"SOUTH SAN ANTONIO ISD","TX","San Antonio","2020","April","Yes (likely)","K-12","Chromebook","Apr 2020 district considering purchasing 15K-30K Chromebooks for families without devices; San Antonio Report confirmed COVID-era pivot to Google Classroom + Chromebooks; instructional technology blog (southsanitech.weebly) active with Chromebook resources; COVID-era 1:1","https://sanantonioreport.org/google-classroom-and-chromebooks-san-antonio-school-districts-ready-distance-learning-plans/","https://southsanitech.weebly.com/home/category/chromebooks","819","808","1","0","4840680"
"SAN FELIPE-DEL RIO CISD","TX","Del Rio","2020 (by)","","Yes (likely)","Not specified","Chromebook","District has instructional technology department and 1:1 initiative confirmed; Office of Innovation active; no firm launch year found in web search; upper bound","https://www.sfdr-cisd.org/departments/curriculum-and-instruction/instructional-technology/","https://www.sfdr-cisd.org/departments/technology/","820","808","1","0","4838900"
"SULLIVAN COUNTY","TN","Blountville","2020 (by)","","Yes (likely)","Not specified","Chromebook","Sullivan County Schools confirmed active; no dated 1:1 launch article found; district serves 10,000+ students across 23 schools; COVID-era distribution likely; upper bound only","https://www.sullivank12.net/","","821","808","1","0","4703990"
"NEW BRITAIN SCHOOL DISTRICT","CT","New Britain","2020","","Yes","K-12","Chromebook","Connecticut Everybody Learns Initiative (Gov. Lamont, fall 2020): $43.5M state program distributed ~140K devices statewide via district requests; Consolidated School District of New Britain (CSDNB) received Chromebooks; student device insurance program began 2021-22 SY; COVID-era 1:1","https://portal.ct.gov/sde/press-room/press-releases/2020/governor-lamont-announces-the-everybody-learns-initiative","https://www.csdnb.org/resources/student-device-insurance","822","808","1","0","0902670"
"BELLINGHAM SCHOOL DISTRICT","WA","Bellingham","2017","August","Yes (phased)","Grades 3-12 phased 2017-2021; K-2 not 1:1","Chromebook","2017 Technology Levy funded 4-year 1:1 rollout; Aug 2017 first student devices at Kulshan MS + Squalicum/Options HS; 2017-18 added more MS/HS + first elem schools (Carl Cozier, Roosevelt gr3-5); full gr3-12 by 2020-21","https://bellinghamschools.org/news/bellingham-public-schools-technology-11-update/","https://bellinghamschools.org/2015/10/going-11-with-technology/","823","805","1","0","5300420"
"DARLINGTON 01","SC","Darlington","2020 (by)","","Yes","K-12","Chromebook","District provides 1:1 environment with personal learning device for every K-12 student; gr3-12 take-home; moving toward blended learning; Dyknow monitoring software used; no firm pre-2020 launch year found; upper bound","https://www.dcsdschools.org/","https://www.dyknow.com/blog/how-this-south-carolina-school-district-monitors-chromebooks-with-dyknow/","824","805","1","0","4501860"
"SULPHUR SPRINGS UNION","CA","Canyon Country","2017 (by)","","Yes (phased)","Grades 1-6","Chromebook","Aug 2017 news confirmed district continuing Chromebook initiative for gr1-6 into 2017-18 SY; LCAP-driven technology integration; district serves K-6; upper bound 2017 (program was ongoing that year, may have started earlier)","https://signalscv.com/2017/08/scv-school-districts-share-news-upcoming-school-year/","https://www.sssd.k12.ca.us/technology-services-department","825","804","1","0","0638220"
"Central Kitsap School District","WA","Silverdale","2020 (by)","","Yes","6-12","Chromebook","upper bound; district had existing Chromebook checkout for grades 6-12 before COVID; spring 2020 distributed ~1,000 Chromebooks for remote learning; 5,900-device refresh order already underway suggests established program","https://www.ckschools.org/academics/classroom_tech/chromebooks","","826","803","1","0","5301080"
"Appoquinimink School District","DE","Odessa","","","Yes (phased)","6-12 first; K-5 via 2024 referendum","Mixed (iPad/laptop)","1:1 technology district; elementary students use iPads; 6-12 covered by earlier referendum; 2024 referendum extended to K-5; exact launch year not documented in web sources","https://www.apposchooldistrict.com/apps/pages/index.jsp?uREC_ID=250106&type=d","https://www.apposchooldistrict.com/apps/pages/index.jsp?uREC_ID=599125&type=d","827","802","1","0","1000080"
"Tuscaloosa City","AL","Tuscaloosa","2020","July","Yes","6-12","Chromebook","July 2020 board approved purchase of 2,200 Chromebooks for $750,000 to achieve 1:1 for grades 6-12; earlier article 'A Chromebook for every student by 2019' suggests phased goal; COVID-era completion of initiative","https://www.wbrc.com/2020/07/10/tuscaloosa-city-school-board-approves-buying-chrome-books/","https://eyeofthetigernews.com/10777","828","800","1","0","0103360"
"Hamblen County","TN","Morristown","","","Yes (likely)","K-12","Laptop","district has 1:1 digital learning page and K-8 student laptop tips page; device tips for laptops at K-8 level; no firm launch year found in web sources","https://www.hcboe.net/students/hcdoe-1-1-digital-learning","https://www.hcboe.net/k8studenttipsforlaptops","829","799","1","0","4700001"
"Farmington Public School District","MI","Farmington","2020 (by)","","Yes","3-12","Chromebook","upper bound; district transitioned from cart-based to take-home 1:1 model for grades 3-12; FHS student newspaper (The Falconer) covered device distribution to freshmen-juniors; exact launch year not confirmed","https://fhsfalconer.com/news/fhs-implements-1-to-1-device-initiative/6120","https://www.farmington.k12.mi.us/departments/technology-services","830","799","1","0","2614070"
"Idaho Falls District","ID","Idaho Falls","2020 (by)","","Yes","K-12","Mixed (Chromebook/laptop)","upper bound; district has 1:1 K-12 program with Chromebooks for K-8 and laptop or Chromebook for HS based on course needs; no firm launch year found in web sources","https://www.ifschools.org/departments/technology-department/1-1-technology-guidelines","https://id50010859.schoolwires.net/Page/118","831","799","1","0","1601530"
"Oconee 01","SC","Walhalla","2019","","Yes (phased)","K-12 (phased)","Chromebook","2019-20 school year: grades 4-12 take-home Chromebook; grades 2-3 school-use Chromebook; K-1 had 12 devices per classroom; part of district digital transformation plan led by CTO Josh Shepard","https://supplychainstrategy.media/blog/executiveinsights/school-district-of-oconee-county-a-lesson-in-digital-transformation/","https://www.sdoc.org/technology-home","832","798","1","0","4503060"
"Fargo 1","ND","Fargo","2012","","Yes (phased)","Started HS sophomores 2012; full PK-12 by 2020-21","Mixed (laptop)","device deployment began 2012 with high school sophomores receiving personal learning devices; phased expansion over subsequent years; full PK-12 coverage by 2020-21 school year; district website confirms 2012 start","https://www.fargo.k12.nd.us/programs/one-to-one-technology-initiative/overview","https://www.fargo.k12.nd.us/domain/111","833","798","1","0","3806780"
"Cherry Hill Public Schools","NJ","Cherry Hill","2020 (by)","","Yes","K-12","Chromebook","upper bound; 2020 COVID response distributed 2,000 Chromebooks to students; devices sent home with students for remote/hybrid learning; CARES Act $700K spent on technology upgrades; pre-existing device program unclear","https://patch.com/new-jersey/cherryhill/remote-learning-offered-shift-teaching-cherry-hill-super","https://www.chclc.org/departments/new-public-information/we-return-to-learn","834","796","1","0","3403000"
"Cabot School District","AR","Cabot","2020 (by)","","Yes","K-12","Chromebook","upper bound; Cabot Public Schools has 1,300 iPads and 16,850 Chromebooks; Cabot Panther Digital Academy (CPDA) established 2020-21 SY for digital learning; COVID-era documentation is earliest firm evidence","https://www.cabotschools.org/roadmap-to-reopening/cabot-panther-digital-academy","","835","794","1","0","0503750"
"Fairfield School District","CT","Fairfield","2020 (by)","","Yes","3-12","Mixed (Chromebook/laptop)","upper bound; grades 3-12 1:1 program with Chromebooks and laptops; October 2019 BOE draft meeting minutes referenced as source; $30/$50 annual insurance fee; no firm launch year confirmed","https://www.fairfieldschools.org/departments/information-technology/chromebook-policy","https://boe.fairfieldschools.org/content/uploads/2019/10/10-22-2019-DRAFT-BoE-Regular-Meetingjg.pdf","836","793","1","0","0901530"
"Harrison County Schools","WV","Clarksburg","","","Yes (likely)","K-12","Chromebook","district has technology work order system and ClassLink SSO suggesting device program; $4.9M Emergency Connectivity Fund 2022 for broadband; no firm launch year or 1:1 program confirmation found in web sources","https://www.harcoboe.net/","https://www.wdtv.com/2022/06/16/nearly-5-million-announced-expand-broadband-access-harrison-co-students/","837","792","1","0","5400510"
"Burleson ISD","TX","Burleson","2016","","Yes","PK-12","Chromebook","1:You program launched 2016-17 school year; every student grades PK-12 issued a Chromebook; started with a grant and pilot at two elementary schools; district website confirms 2016-17 as first year","https://www.burlesonisd.net/departments/technology/bisd-1you","https://skyward.com/reviews/case-studies/1-1-environment","838","792","1","0","4812180"
"East Orange School District","NJ","East Orange","2018 (by)","","Partial","K-12","Chromebook","upper bound; April 2016 Future Ready Schools decision; by 2018 district had moved to 2:1 ratio with goal of full 1:1 in 3 years (c.2021); over 2,500 Chromebooks in classrooms as of 2018; not yet full 1:1 by 2018","https://news.njit.edu/one-year-east-orange-shines-future-ready-exemplar-digital-learning","https://www.eastorange.k12.nj.us/Technology","839","792","1","0","3404230"
"Vail Unified District","AZ","Vail","2021 (by)","","Yes (phased)","9-12 (phased)","Chromebook","upper bound; freshmen and sophomores issued school Chromebook; district phasing out BYOD option; students who had own devices 2022-23 could continue through graduation; no firm launch year found","https://www.vailschooldistrict.org/o/chs/article/1167106","https://mmhs.vailschooldistrict.org/o/mmhs/article/1167108","840","792","1","0","0408850"
"Williamsburg-James City Pblc Schs","VA","Williamsburg","2014 (by)","","Yes (phased)","MS and HS innovation programs first","Laptop","upper bound; 2019 article mentions 4-year refresh cycle that 'started approximately five years ago' (c.2014-15); 1:1 for middle school and HS innovation programs (Pathways LINC5 Concourse 9); recognized Top Ten Digital School Districts 2017; pre-pandemic program","https://wydaily.com/news/local/2019/07/11/wjcc-students-to-get-2000-more-laptops-next-school-year-heres-why/","https://wjccschools.org/academics/11-laptop-program/","841","791","1","0","5104020"
"New Rochelle City School District","NY","New Rochelle","2016 (by)","","Yes (likely)","K-12","Chromebook","upper bound; 2016 Smart Schools Investment Plan approved purchase of 4,298 Dell Chromebooks for all classrooms plus 1,114 for non-public schools; SSBA-funded infrastructure upgrade to support 1:1; no firm rollout completion year","https://www.nysed.gov/sites/default/files/programs/smart-schools/new-rochelle-sd-ssip-08-30-16.pdf","https://www.nred.org/page/techdepartment","842","790","1","0","3620490"
"Lakeville Public School District","MN","Lakeville","2020 (by)","","Yes","K-12","iPad","upper bound; Empowering Learning Educational Technology Plan approved by BOE; 7th generation iPad for every student district-wide; 15,000+ district iPads in use; COVID-pandemic context mentioned for individual device assignment; no firm pre-COVID launch year","https://www.isd194.org/ipads","","843","789","1","0","2717780"
"Hamilton City","OH","Hamilton","2016","","Yes (phased)","MS and grade 9 first","Mixed (Chromebook/tablet)","2016-17 school year: 2,428 Chromebooks ($495K) and 500 Android tablets ($153K) approved by board; goal to put device in hands of every MS student and freshman; ~60 tablets per elementary school for K; phased toward full 1:1","https://www.wcpo.com/news/insider/putting-the-future-in-students-hands-hamilton-school-district-buys-3k-laptops-tablets","","844","788","1","0","3904410"
"Wilkes County Schools","NC","Wilkesboro","2020 (by)","","Yes","K-12","Chromebook","upper bound; all students K-12 have 1:1 laptop/Chromebook; COVID-era federal aid drove expansion; NC statewide: before pandemic only 16 districts had 1:1 now all do; Wilkes was among post-2020 adopters; no pre-pandemic evidence found","https://www.wilkescountyschools.org/apps/pages/index.jsp?uREC_ID=428275&type=d&pREC_ID=948535","https://www.wunc.org/2026-01-07/most-nc-school-districts-cant-afford-to-update-student-devices","845","788","1","0","3704950"
"Coeur D'Alene District","ID","Coeur d'Alene","2013 (by)","","Yes (phased)","HS first (9-12) then full K-12","Chromebook","upper bound; 2013 Idaho Students Come First laptop initiative selected Coeur d'Alene among 32 districts for HS laptop rollout starting 2013; by April 2020 district had 1 Chromebook per student and had hosted multiple pickup days; established 1:1 pre-COVID","https://www.spokesman.com/stories/2020/apr/01/learning-goes-online-coeur-dalene-school-district-/","https://www.washingtonexaminer.com/news/2203688/apnewsbreak-32-districts-make-student-laptop-list/","846","788","1","0","1600780"
"Augusta Co Pblc Schs","VA","Fishersville","2020 (by)","","Yes","K-12","Chromebook","upper bound; district has 1:1 Digital Initiative page and Device Information page; Chromebooks used district-wide; no firm launch year found in web sources; upper bound set by existence of established program by early 2020s","https://www.augusta.k12.va.us/page/11-digital-initiative","https://www.augusta.k12.va.us/o/acps/page/device-information","847","787","1","0","5100300"
"Palos Verdes Peninsula Unified","CA","Palos Verdes Estates","2020 (by)","","Yes","K-12","Chromebook","upper bound; Tech Equity 1:1 Take Home Program page exists on district site; March 2020 students without home device could sign out Chromebook at main office; district has established 1:1 take-home program; no pre-2020 launch date found","https://www.pvpusd.net/Page/6893","https://pvhs.pvpusd.net/apps/news/article/1182826","848","787","1","0","0629700"
"Spartanburg 06","SC","Roebuck","2020 (by)","","Yes","5-12 (Chromebook/laptop); lower grades varied","Mixed (Chromebook/laptop)","upper bound; grades 5-12 receive Chromebook; lower grades receive Chromebook or Dell laptop; district has 1:1 Log into Learning Student and Parent Technology Handbook; no firm launch year found in web sources","https://www.spart6.org/apps/pages/index.jsp?uREC_ID=991406&type=d&pREC_ID=1307137","https://www.spart6.org/","849","786","1","0","4503630"
"Canton City","OH","Canton","2020 (by)","","Yes","K-12","iPad","upper bound; district implemented 1:1 model where every student received an iPad; Frontline case study references device tracking at pandemic onset suggesting 1:1 existed or was formalized at COVID start; no pre-2020 firm year found","https://www.frontlineeducation.com/case-studies/canton-city-school-district/","https://www.ccsdistrict.org/","850","786","1","0","3904371"
"Marysville Joint Unified","CA","Marysville","2020 (by)","","Yes (likely)","K-12","Chromebook","Upper bound; COVID-era Chromebook distribution to all students; Marysville High checked out Chromebooks during March 2020 school closure; no pre-pandemic 1:1 evidence found","https://marysville.mjusd.com/ParentsGuardians/Chromebook-Contracts/index.html","https://edsource.org/2021/map-california-chromebook-distribution-during-covid-19/653297","851","785","1","0","0624090"
"Kershaw 01","SC","Camden","2004","","Yes (phased)","HS (2004); 3-12 by ~2018","Laptop","i-CAN initiative 2004; first SC district to give wireless personal computing devices to all HS students; $8M program; by 2018-19 all 20 schools wireless with grades 3-12 reported as 1:1","https://en.wikipedia.org/wiki/Kershaw_County_School_District","https://www.kcsdschools.net/dept/edtech/student-resources/chromebooks","852","784","1","0","4502550"
"Waterloo Comm School District","IA","Waterloo","2016","Fall","Yes (phased)","6-12 (2016-18); 1-5 added later","Chromebook","Fall 2016: one Chromebook per 6th-grader at four middle schools; expanded to 7th grade fall 2017; eventually grades 6-12; later added grades 1-5 with CARES funding","https://wcfcourier.com/news/local/education/waterloo-schools-to-issue-chromebooks-in-grades-6-9/article_d74a4e5d-1e62-5053-892a-4a22b4e16510.html","https://www.kwwl.com/news/waterloo-schools-to-purchase-chromebooks-for-every-student-in-grades-1-5/article_87a8ec90-e6c5-5e30-86ee-c7e0ff1a560e.html","853","784","1","0","1930480"
"West Hartford School District","CT","West Hartford","","","Partial","Not specified","Chromebook","District operates BYOD policy and loaner Chromebook program; no evidence of district-issued 1:1 program; as of 2026 capital plan proposes $1M+ for Chromebooks and IT infrastructure upgrade","https://www.whps.org/offices-and-programs/information-technology-services/bring-your-own-device-byod","https://we-ha.com/letter-a-win-win-situation-for-our-students-our-schools-and-our-budget/","854","784","1","0","0904920"
"Encinitas Union Elementary","CA","Encinitas","2012","Fall","Yes (phased)","3-6 (2012); K-6 by 2013-14","iPad","Fall 2012: iPads for grades 3-6 (1:1); fall 2013 expanded to K-2; by 2015 every K-6 student had an iPad (5,400 total); district is a well-known early Apple 1:1 adopter","https://thecoastnews.com/encinitas-school-district-rolling-out-ipads-for-k-2/","https://dailycaller.com/2015/02/14/guess-what-americas-second-grade-boys-are-using-their-school-issued-ipads-for/","855","784","1","0","0612750"
"Rio Grande City CISD","TX","Rio Grande City","2020 (by)","","Yes (likely)","K-12","Chromebook","Upper bound; district website references 'Student Device Care & Maintenance' and G-Suite; 2021 TEA report notes hotspots and laptops provided to families; no earlier launch date documented","https://www.rgccisd.org/index.php?pageID=348609_3","https://tea.texas.gov/academics/special-student-populations/review-and-support/rio-grande-cisd-214901-2021.pdf","856","783","1","0","4837140"
"Laurel County","KY","London","2020 (by)","","Yes (likely)","K-12","Chromebook","Upper bound; September 2020 report noted district providing one Chromebook per family during COVID-19 NTI; no pre-pandemic 1:1 evidence found","https://www.whas11.com/article/news/education/kentucky-louisville-schools-nti-internet-problems-digital-divide/417-d7920132-d653-4eda-bb55-4d5130f59629","https://www.laurel.kyschools.us/page/technology","857","782","1","0","2103210"
"Woodland Joint Unified","CA","Woodland","2020 (by)","","Yes (likely)","K-12","Chromebook","Upper bound; district has dedicated Chromebook support page; COVID-19 distance learning began April 2020; no earlier district-wide 1:1 evidence found","https://www.wjusd.org/Families/Digital-Tools-Support/Chromebooks/","https://www.wjusd.org/Departments/Educational-Services/Distance-Learning--School-Closure-Information/Technology/","858","782","1","0","0643080"
"Azusa Unified","CA","Azusa","2020 (by)","","Yes (likely)","K-12","Chromebook","Upper bound; Azusa High School has a Chromebook agreement policy page; COVID-era device distribution evident; no pre-2020 1:1 announcement found","https://ahs.azusa.org/parents/technology-information","https://www.azusa.org/domain/541","859","781","1","0","0603600"
"Duluth Public School District","MN","Duluth","2021 (by)","","Yes","2-12","Chromebook","Upper bound; Blended Learning 1:1 Agreement forms confirmed for 2021-22 school year; district issues Chromebooks to grades 2-12 for in-school and at-home use; COVID funds accelerated program","https://form.jotform.com/211364373038048","https://www.isd709.org/academics/digital-innovation","860","780","1","0","2711040"
"Great Falls Elem","MT","Great Falls","2022 (by)","","Yes (phased)","7-12 (elem unclear)","Chromebook","Upper bound; GFPS reported August 2023 that grades 7-12 now have dedicated Chromebooks; program facilitated with COVID funds; elementary (K-6) portion under Great Falls Elem District unclear—separate NCES unit","https://www.krtv.com/news/great-falls-news/gfps-offers-chromebooks-to-all-students-in-grades-7-to-12","https://theelectricgf.com/2022/12/06/gfps-discusses-progress-needs-in-technology/","861","779","1","0","3013040"
"Dubuque Comm School District","IA","Dubuque","2017","Fall","Yes (phased)","9 (2017); 6-12 by ~2020","Laptop","Anytime Anywhere Learning (AAL) Initiative; fall 2017 every 9th-grader received laptop; expanded through high school ($1.55M); program grew to grades 6-12","https://www.dbqschools.org/district/curriculum/anytime-anywhere-learning/","https://www.kcrg.com/content/news/Dubuque-School-District-reflects-on-high-school-students-screen-access-with-11-laptop-program-510398021.html","862","779","1","0","1909480"
"Smithtown Central School District","NY","Smithtown","2020 (by)","","Yes (likely)","K-12","Chromebook","Upper bound; district uses district-managed Chromebooks with ClassLink; no dated source for pre-pandemic 1:1 rollout found","https://www.smithtown.k12.ny.us/Departments/InstructionalTechnology/District-Devices","https://www.smithtown.k12.ny.us/Departments/InstructionalTechnology","863","778","1","0","3627060"
"San Jacinto Unified","CA","San Jacinto","2020","August","Yes","TK-12","Chromebook","COVID-era rollout; all TK-12 students issued Chromebooks at start of 2020-21 SY (August 2020); returning students had devices from March 2020 closure","https://www.sanjacinto.k12.ca.us/apps/pages/distancelearning","https://www.sanjacinto.k12.ca.us/apps/pages/index.jsp?uREC_ID=1693736&type=d&pREC_ID=1877361","864","778","1","0","0634440"
"Union City School District","NJ","Union City","2020 (by)","","Yes (likely)","K-12","Chromebook","Upper bound; district has device distribution policy page; technology history dates to 1993 Project Explore but Chromebook 1:1 rollout date not documented; COVID-era distribution likely","https://www.ucboe.us/apps/pages/tech_devices_to_pupils","https://www.ucboe.us/apps/pages/technology","865","776","1","0","3416380"
"Papillion-La Vista Public Schs","NE","Papillion","2021","","Yes (phased)","7-12","Chromebook","Ordered June 2020; arrived May 2021; nearly 7,000 laptops distributed to middle and high school students by end of 2020-21 SY; final round of students received devices September 2021; annual refresh cycle maintained","https://www.3newsnow.com/news/education/nearly-7-000-laptops-distributed-to-students-at-papillion-la-vista-community-schools","https://omaha.com/news/education/papillion-la-vista-plans-aug-11-start-but-buys-4-820-laptops-just-in-case/article_f5254671-d2d3-5570-9f4e-a33b0864d86b.html","866","776","1","0","3175270"
"Williamsville Central School District","NY","Williamsville","2019 (by)","","Yes (phased)","6-8 (1:1); HS loaner","Chromebook","Upper bound; middle school 1:1 Chromebook program with take-home devices; HS has loaner program; Smart Schools Bond Act funded network upgrades; exact launch year not found","https://www.williamsvillek12.org/departments/technology/11-mobile-learning","https://casey.williamsvillek12.org/parents-students/11-chromebook-program","867","775","1","0","3631470"
"Park Hill","MO","Kansas City","2019 (by)","","Yes","K-12","Mixed (iPad/laptop)","Upper bound; K-1 iPad; grades 2-12 laptop; program described as 1:1 K-12; 5th-12th grade take-home; ITS page copyright suggests pre-2020 launch; no firm dated announcement found","https://www.parkhill.k12.mo.us/families/tech-support-for-families","https://www.parkhill.k12.mo.us/students/technology","868","775","1","0","2923550"
"East Central ISD","TX","San Antonio","2020 (by)","","Yes (likely)","K-12","Chromebook","Upper bound; San Antonio area district used Google Classroom/Meet for COVID-era distance learning April 2020; technology reservation calendar for Chromebooks/iPads on district site; no pre-pandemic 1:1 evidence","https://www.ecisd.net/Page/4651","https://sanantonioreport.org/google-classroom-and-chromebooks-san-antonio-school-districts-ready-distance-learning-plans/","869","774","1","0","4817850"
"Shenendehowa Central School District","NY","Clifton Park","2019 (by)","","Yes","1-12","Chromebook","Upper bound; all grades 1-12 issued Chromebooks; grades 4-12 may take home; district describes 'extensive one-to-one learning environment for several years'; Smart Schools Bond Act network upgrades cited; no firm launch year found","https://sites.google.com/shenschools.org/instructionaltechnology/student-family/6-12/students-rights-and-responsibilities","https://p1232.nysed.gov/mgtserv/smart_schools/SHENENDEHOWA-CSD-Submission1-Amend2.pdf","870","774","1","0","3626670"
"Clifton Public Schools","NJ","Clifton","2020 (by)","","Yes (likely)","Not specified","Chromebook","Upper bound; district has 1:1 Chromebook program for students; high school media center Chromebook info page exists; COVID-era implementation likely; no pre-2020 launch date documented","https://www.clifton.k12.nj.us/Page/2910","https://www.clifton.k12.nj.us/","871","774","1","0","3403300"
"Christian County","KY","Hopkinsville","2020 (by)","","Yes (likely)","K-12","Chromebook","Upper bound; CCPS approved first Chromebook purchase (Lenovo) for new consolidated high school in 2026; technology AUP references student devices; COVID-era 1:1 likely but no clear launch date documented","https://www.christian.kyschools.us/christiancountystudentaup","https://www.kentuckynewera.com/news/local/article_f0033c9c-2016-5fcf-8174-6ee25ad44754.html","872","774","1","0","2101150"
"Hazleton Area SD","PA","Hazleton","2021 (by)","","Yes","K-12","Chromebook","Upper bound; district self-describes as one-to-one with each student receiving a Chromebook for school and home use; classrooms upgraded with Clear Touch Boards; Emergency Connectivity Fund purchase of 500 Chromebooks in July 2022; no earlier launch date found","https://businessviewmagazine.com/hazleton-area-school-district-hazle-township-pennsylvania/","https://www.govtech.com/education/k-12/hazleton-schools-to-provide-internet-for-1-000-students","873","773","1","0","4211700"
"Pawtucket","RI","Pawtucket","2016","","Yes (phased)","4-10 (2016-17)","Chromebook","By 2016-17 all grades 4-10 had own Chromebook; 4th grade added for 2016-17 expansion; program was ongoing before that year; professional development for blended learning accompanied rollout","http://www.valleybreeze.com/2016-08-23/pawtucket/new-supports-place-start-school-year","http://pawtucket1.schooldesk.net/Departments/Technology","874","772","1","0","4400840"
"Pickerington Local","OH","Pickerington","2017","Fall","Yes","5-12 Chromebook; K-4 iPad carts","Mixed (Chromebook/iPad)","Fall 2017 district-wide; $1.2M annual investment; largest district in Ohio to go 1:1 at the time; grades 5-12 each get Chromebook (take-home daily); K-4 have shared iPad carts in classrooms","https://www.pickerington.k12.oh.us/site/default.aspx?PageType=3&DomainID=25&ModuleInstanceID=215&ViewID=6446EE88-D30C-497E-9316-3F8874B3E108&RenderLoc=0&FlexDataID=64&PageID=150","https://www.cityscenecolumbus.com/communities/pickerington/chromebooks-ipads-and-virtual-reality-headsets-enhance-educa/","875","771","1","0","3904689"
"ACADIA PARISH","LA","Crowley","2020","","Yes","K-12","Mixed (Chromebook + tablet)","COVID-era 2020 distribution; district received ~4,000 devices (Chromebooks for older students + touchpads for younger) plus ~500 additional Chromebooks; funded via CARES Act; ~9,500 students; ~700 Dell laptops also distributed to teachers; prior to 2020 no 1:1 evidence found","https://www.theadvocate.com/acadiana/news/education/article_da8f2a32-cf5a-11ea-86d0-f7efa059fcab.html","https://www.acadia.k12.la.us/","876","771","1","0","2200030"
"MONONGALIA COUNTY SCHOOLS","WV","Morgantown","2016","November","Yes","Gr 3-12 (Chromebooks); lower grades phased","Chromebook","District purchased ~9,000 Chromebooks for all students gr 3+; distributed November 2016 (most schools after holiday break); ~$1.8M expenditure at <$200/device; Clay-Battelle HS had used Chromebooks ~3 years prior to district-wide rollout; funded by excess levy dollars","https://www.wvpublic.org/education/2016-08-19/with-broadband-still-lacking-monongalia-county-schools-to-issue-chromebooks-to-students","https://www.dominionpost.com/2021/06/24/chromebook-camp-popular-with-mon-teachers/","877","769","1","0","5400930"
"LEE COUNTY SCHOOLS","NC","Sanford","2020 (by)","","Yes","Not specified","Chromebook","Upper bound; district Chromebook page exists with support info; NC statewide federal pandemic funding drove 1:1 expansion; no pre-2020 firm rollout year found for Lee County specifically; likely COVID-era full 1:1 deployment","https://www.leeschools.net/parent_portal/chromebook","","878","769","1","0","3702560"
"FLOYD COUNTY","GA","Rome","2018","","Yes (phased)","Gr 3-12 take-home; PreK-2 classroom sets","Chromebook","District began buying Chromebooks May 2012; by Apr 2015 had ~95 devices; by Nov 2015 ~2,000 Chromebooks; completed 1:1 ratio ~2018-19 via Governor's Office of Student Achievement grants ($466,650 in Jan 2018 + $520,175 in prior rounds); 1:1 completed for all gr3-12 with grant completion; PreK-2 remain classroom sets","http://www.northwestgeorgianews.com/rome/news/education/floyd-county-school-officials-hope-to-have-chromebooks-for-every/article_c3f434dc-d9c6-11e4-bb16-9f2be05bdcd9.html","https://weisradio.com/2015/11/01/floyd-county-schools-looking-to-acquire-chromebooks-for-students/","879","769","1","0","1302190"
"LAS VIRGENES UNIFIED","CA","Calabasas","2020 (by)","","Yes","Gr 3-11","Mixed (Chromebook + iPad)","Upper bound; Forward Learning 1:1 Technology Program covers all students gr 3-11 with personal laptop for school and home; program page confirmed on district site but no firm launch year found in web sources; 2020 upper bound based on current confirmed 1:1 program evidence","https://www.lvusd.org/about-us/forward-learning","https://sites.google.com/lvusd.org/forward-learning","880","769","1","0","0621000"
"UTICA CITY SCHOOL DISTRICT","NY","Utica","2020 (by)","","Yes (likely)","Not specified","Chromebook","Upper bound; district provides loaner Chromebooks and mobile MiFi to students lacking personal computer; UTICA TEAM (Technology Experiences And Media) program for library/ed tech; 2020 COVID-era loaner Chromebook program confirmed; district's 2018-19 IT plan indicated 2020 as target for take-home devices; no firm pre-2020 1:1 launch date found","https://www.nysed.gov/edtech/learning-technology-grant-program-overview-utica-city-school-district","https://www.uticak12.org/Page/3006","881","767","1","0","3629370"
"BRADLEY COUNTY","TN","Cleveland","2020","","Yes","K-12 (iPad K-1; Chromebook gr2-12)","Mixed (iPad + Chromebook)","Future Ready 1:1 initiative; over 6,000 new devices purchased in 2020-21 school year doubling district device total; program provides iPad for K-1 and Chromebook gr2-12; 4-year recycle program; COVID-era launch confirmed; goal of 1:1 always existed; pandemic accelerated full deployment","https://www.wdef.com/bradley-county-schools-announces-future-ready-11-program/","https://sites.google.com/bradleyschools.org/future-ready/","882","766","1","0","4700330"
"RUTHERFORD COUNTY SCHOOLS","NC","Forest City","2011","","Yes","K-12 (iPad K-8; MacBook 9-12)","Mixed (iPad + MacBook)","Going G.L.O.B.A.L. (Growing Learning Opportunities Beyond All Limits) initiative launched 2010-11; 1:1 access: iPad for K-8 students; MacBook Air for gr9-12; district recognized as Apple Distinguished Program starting 2012 and again 2013 and 2015-16; one of early NC districts for full K-12 1:1","https://www.rcsnc.org/district_information/going_g__l__o__b__a__l_","https://sites.google.com/a/rcsnc.org/rutherford-county-schools-going-global/elementary-common-core-curriculum-and-nc-essential-standards-resource-site","883","766","1","0","3704080"
"DOTHAN CITY","AL","Dothan","2014","August","Yes","K-12","Mixed (iPad then Chromebook from 2017)","1:1 initiative launched 2014-15 SY under Supt Tim Wilder; 7,000+ devices distributed; started with iPads; board voted to switch to Chromebooks for 2017-18 SY for cost savings (~half the price) and Google Apps compatibility; strong pre-existing Google Drive usage by teachers drove switch","https://dothaneagle.com/news/dothan-city-schools-chromebook-changeover-a-major-shift-in-technology/article_a4573ea8-2a9c-11e6-9103-7faa25382501.html","https://dothaneagle.com/news/education/dothan-city-schools-see-greater-application-with-chromebooks-versus-ipads/article_69128faa-fb71-11e5-b758-8fc3c043442e.html","884","766","1","0","0101230"
"PENN-HARRIS-MADISON SCH CORP","IN","Mishawaka","2014","August","Yes (phased)","2014-15: Penn HS; 2015-16: all 3 MS; ES classroom use","Chromebook","HP Chromebook 11 issued to all Penn HS students starting 2014-15 SY; all 3 middle schools followed in 2015-16; elementary students use Chromebooks in classrooms during school day; ~$80/yr student fee; K-5 iPads added; currently gr 6-12 (~6,000 students) get take-home Chromebook","https://www.phmschools.org/digital-initiative-penn-high-school","https://www.phmschools.org/parents/technology/parents-guide-to-technology/","885","761","1","0","1808760"
"WEST COVINA UNIFIED","CA","West Covina","2020","August","Yes","TK-12 (iPad TK-1; Chromebook gr2-12)","Mixed (iPad + Chromebook)","Every student TK-12 equipped by 2020-21 SY launch (Aug 17 2020); district confirmed 'every one of our students has a device' for distance learning start; iPad for TK-1; Chromebook gr2-12; COVID-era universal deployment; prior to 2020 no evidence of district-wide 1:1","https://www.wcusd.org/get-connected/news-archive/news-details/~board/district-news/post/west-covina-unified-launches-2020-21-year-with-distance-learning-robust-academic-programs","https://www.wcusd.org/departments/educational-services/educational-technology","886","761","1","0","0642000"
"SUNNYVALE","CA","Sunnyvale","2013","","Yes","All students (TK-8)","Tablet","One-to-One Technology initiative launched 2013; district provides each student with own tablet for ready access to curriculum and instructional tools; Sunnyvale SD is a K-8 district (TK-5 elementary + 6-8 middle); 2013 is confirmed launch year per district's own 1:1 technology page","https://www.sesd.org/academics/initiatives-practices/one-to-one-technology","","887","761","1","0","0638460"
"LOMPOC UNIFIED","CA","Lompoc","2016 (by)","","Partial","District-wide ratio 1.8:1; Fillmore ES and Maple HS at 1:1; Lompoc HS near 2:1","Mixed (Chromebook + tablet + laptop)","Upper bound; June 2016 article describes district 'technology revolution' with 665 Lenovo ThinkPad tablets + 600 Toshiba Chromebooks + 700 Dell laptops for teachers; two campuses at 1:1 but district-wide ratio only 1.8:1 as of 2016; not yet full district-wide 1:1; classified Partial","https://lompocrecord.com/news/local/lusd-in-the-midst-of-a-technology-revolution/article_8308aa3f-3715-5fba-9a73-e92b8500c907.html","https://www.lusd.org/information-technology","888","760","1","0","0622410"
"BEDFORD CO PBLC SCHS","VA","Bedford","2019","August","Yes (phased)","Gr 6-12 initial; expanded to gr4-12","Chromebook","May 2019 board approved accelerating 1:1 initiative; all gr6-12 students issued Chromebook for 2019-20 SY; by 2025-26 expanded to gr4-12; students submit signed forms and insurance payment before school; dedicated 1:1 Learning Initiative website maintained by district","https://wset.com/news/local/bedford-co-school-board-approves-middle-school-expansion-salary-increase-chromebooks","http://bedfordlearnon.weebly.com/","889","759","1","0","5100360"
"NOBLESVILLE SCHOOLS","IN","Noblesville","2020 (by)","","Yes","K-12","iPad","Upper bound; MillerShift Initiative provides iPad to all K-12 students; district confirmed 'an iPad for every student' K-12; 5th Grade 1:1 Initiative page suggests phased rollout starting with 5th grade; firm launch year not confirmed via web search; upper bound 2020 based on confirmed full K-12 program","https://www.noblesvilleschools.org/departments/technology/student-ipad-information","https://www.noblesvilleschools.org/domain/1735","890","759","1","0","1807650"
"LUCIA MAR UNIFIED","CA","Arroyo Grande","2020","March","Yes","Secondary 1:1; elementary partial","Chromebook","March 2020 COVID closure drove distribution of ~5,000 Chromebooks (roughly half district enrollment); secondary level has established 1:1 Chromebook agreement; devices issued to all enrolled students upon enrollment; Google Workspace used district-wide; pre-2020 secondary Chromebook 1:1 program existed but full take-home expanded with COVID","https://keyt.com/news/education/2020/03/23/new-online-education-begins-for-all-lucia-mar-unified-school-district-students/","https://www.luciamarschools.org/google-workspace-chromebooks","891","759","1","0","0623080"
"DRY CREEK JOINT ELEMENTARY","CA","Roseville","2020 (by)","","Yes","Not specified","Mixed (Chromebook + tablet)","Upper bound; district provides Chromebooks laptops and tablets to students for educational and distance learning purposes; Voluntary Chromebook Protection Plan in place; COVID-era expansion of take-home devices; no firm pre-2020 1:1 launch year found; elementary-only district (K-8)","https://www.drycreek.k12.ca.us/departments/technology","https://www.drycreek.k12.ca.us/schoolsandprograms/parentguardian-agreements","892","759","1","0","0611490"
"EAU CLAIRE AREA SCHOOL DISTRICT","WI","Eau Claire","2020","July","Yes","K-5 iPad; gr6-12 Dell laptop","Mixed (iPad + Dell laptop)","Board approved ~$1.9M lease for iPads and Dell laptops for every student in July 2020 for COVID virtual learning; iPads for K-5; Dell laptops for gr6-12; supply chain issues delayed some devices (older Chromebooks/HP laptops used temporarily); September 2021 formal 1:1 program expansion approved","https://www.wqow.com/news/local/proposal-would-give-all-eau-claire-school-district-students-ipads-or-laptops/article_e7c0f34b-9f93-5c16-a832-6e114519eaf8.html","https://www.ecasd.us/departments/technology/student-technology-resources","893","758","1","0","5504050"
"SCHENECTADY CITY SCHOOL DISTRICT","NY","Schenectady","2020","September","Yes (phased)","Initial: school-hosted 3-year plan; take-home expansion followed","Chromebook","District's 2018-19 IT plan set Sept 2020 as target launch for Chromebook program; school-hosted first (3-year plan) then take-home; Dec 2020 major order of ~5,000 Chromebooks for middle-grade students arrived; COVID-era rollout confirmed; loaner program also included MiFi hotspots","https://cdnsm5-ss12.sharpschool.com/UserFiles/Servers/Server_412252/Image/Technology/2018-2019%20Instruction%20Technology%20Plan.pdf","https://dailygazette.com/2020/12/02/schenectady-school-district-opens-tech-helpline-for-students-families/","894","758","1","0","3626010"
"EVANSTON CCSD 65","IL","Evanston","2014","","Yes (phased)","Initial: MS (gr3-5 Chromebook; Chute/King Arts iPad); expanded","Mixed (Chromebook + iPad)","June 2014 board decision: middle schools to receive Chromebooks (except Chute+King Arts which got Digital Promise iPads); Chromebooks for gr3-5 students confirmed; K-2 and some MS use iPads; MacBooks for specialized curriculum; 2014-15 SY rollout for MS grades; ongoing expansion to reach all grades","https://evanstonroundtable.com/2014/11/19/district-65-leaning-toward-chromebooks-but-ipads-and-special-curriculum-macbooks-maintain-a-presence/","https://evanstonnow.com/d202-and-d65-theres-still-no-place-like-chrome/","895","758","1","0","1714460"
"MILPITAS UNIFIED","CA","Milpitas","2013","","Partial","Classroom-based blended learning; partial 1:1 at HS","Chromebook","2012 Measure E bond ($95M) passed June 2012 to fund technology; by Fall 2013: 3,500 Chromebooks across district; two-thirds of ES classrooms in blended learning; loaner/rotational model—not per-student take-home 1:1; ratio ~1:2 for most students with partial 1:1 at HS; COVID 2020 added hotspots+Chromebooks for vulnerable students; classified Partial due to rotational model","https://www.vizor.cloud/blog/chromebooks-vs-ipads-intertwining-roads/","https://www.musd.org/district-news/musd-provides-hotspots-chromebooks-to-improve-connectivity-for-most-vulnerable-students","896","758","1","0","0624500"
"KINGS CANYON JOINT UNIFIED","CA","Reedley","2020 (by)","","Yes (likely)","Not specified","Chromebook","Upper bound; district has Technology Support Department assisting students with KCUSD-issued technology devices; California COVID-era program distributed devices statewide; no pre-2020 1:1 program found in web sources; 10,000 students across 22 campuses; likely COVID-era federal funding drove 1:1","https://www.kcusd.com/departments/technology","","897","758","1","0","0619700"
"LIBERTY COUNTY","GA","Hinesville","2020 (by)","","Yes (likely)","HS confirmed; district-wide likely","Chromebook","Upper bound; Liberty High School has documented Chromebook distribution process (annual distribution and collection); Liberty Middle School has 1:1 Chromebook program page; district-wide scope assumed but firm year not confirmed via web search; COVID-era federal funding likely drove district-wide expansion","https://libertyms.sharpschool.net/academics/1_1_chromebook_program","https://www.libertyhighpatriots.com/apps/pages/index.jsp?uREC_ID=490904&type=d","898","757","1","0","1303300"
"CONS SD 158","IL","Algonquin","2012","","Yes (phased)","K-12 fully by 2016; started 2012 gr3-5","Chromebook","Always Initiative (1:1 Device Program); phased rollout: 2012 gr3-5 tablets at Martin ES; 2013 all ES K-5 tablets; 2014 MS gr6-7 Chromebooks; 2016 all HS + remaining students — fully K-12 by Fall 2016; largest K-12 1:1 district in Illinois at completion; Google Workspace since 2013; device upgrades at grades 1/3/6/9","https://www.dailyherald.com/article/20160731/news/160739874","https://edu.google.com/resources/customer-stories/huntley-community-school-district/","899","756","1","0","1719830"
"VERNON PARISH","LA","Leesville","2020 (by)","","Partial","MS gr6+ (Chromebook stays at school end of day)","Chromebook","Upper bound; 1:1 Chromebook program for MS students; $75 one-time fee at 6th grade entry covers all years; Chromebooks returned to classroom cart at end of each school day (not take-home); school-day-only use = Partial per methodology; firm launch year not confirmed via web search","https://www.vpsb.us/","https://www.vpsb.gabbarthost.com/179042_2","900","755","1","0","2201830"
"Mehlville R-IX","MO","St. Louis","2018 (by)","","Yes (phased)","K-12 (6-12 first, then expanded to K-5)","Chromebook","Oct 2018 evidence: district 1:1 in grades 6-12 and expanding to K-12 later that year; Oakville Elem delivery completed K-12 milestone; COVID spring 2020 drive-thru distribution shows existing program","https://www.mehlvilleschooldistrict.com/departments/technology/chromebooks","https://callnewspapers.com/drive-thru-chromebooks-handed-out-as-spring-break-ends/","901","754","1","0","2920670"
"Iron District","UT","Cedar City","2017","","Yes","K-12 (take-home for all students 2017-18)","Mixed (iPads to Chromebook)","Connected Nation article: director started in 2014 with no 1:1; district achieved 1:1 take-home device benchmark during 2017-18 school year","https://connectednation.org/blog/technology-inventory-drives-improvement-in-the-iron-county-school-district","https://www.uen.org/schooltech/matters/2023/iron.shtml","902","753","1","0","4900390"
"Lowndes County","GA","Valdosta","2019 (by)","","Yes","K-12","Chromebook","Dyknow case study published Aug 2019 references established 1:1 Chromebook program; student newspaper article Nov 2018 confirms 1:1 Chromebook use; launch year not precisely documented","https://www.dyknow.com/blog/technology-spotlight-how-this-georgia-district-supports-teachers-with-technology/","https://countychronicle.org/1389/editorial/chromebooks-11-devices-an-asset-to-education/","903","753","1","0","1303390"
"Jenks","OK","Jenks","2014","August","Yes (phased)","9-12 first (2014-15), then expanded to gr 3+","Chromebook","Tulsa World article Aug 20 2014: district bought 850 Chromebooks for all freshmen in pilot; following year ~2500 more for remaining HS grades; bond issue $12.8M incl $4.3M tech; later expanded to gr 3-12","https://tulsaworld.com/news/local/education/jenks-high-school-students-receive-chromebooks-as-part-of-technology-effort/article_f533f772-c430-59bf-a757-3f1e23dc32e4.html","https://edu.google.com/resources/customer-stories/jenks-public-schools/","904","752","1","0","4015720"
"Middle Country Central School District","NY","Centereach","","","Yes (likely)","Not specified","Chromebook","District has Chromebook G Suite program confirmed; no dated launch source found; Chromebook handbook and agreement forms exist but year of initiation undocumented","https://www.mccsd.net/departments/technology-and-information-systems/google-chromebooks-g-suite","","905","752","1","0","3619200"
"Woodland CCSD 50","IL","Gurnee","2016","September","Yes (phased)","Gr 6-8 first (2016-17); gr 4-5 added later","Chromebook","Daily Herald 9/28/2015: board approved ~2180 Chromebook lease for Woodland Middle School for 2016-17 school year; part of 'Woodland Inspires' initiative; gr 4-8 eventually 1:1","https://www.dailyherald.com/article/20150928/news/150928760","https://townsquarepublications.com/woodland-school-district-50/","906","752","1","0","1743110"
"Warrick County School Corp","IN","Boonville","2020 (by)","","Yes","Gr 6-12 (Chromebook); K-5 (in-class)","Chromebook","Chromebook agreement documented for 2020-21 school year at Tecumseh HS; students grades 6-12 issued Lenovo Chromebooks; K-2 login also referenced; no earlier firm-year source found","https://www.readkong.com/page/tecumseh-high-school-2020-2021-warrick-county-school-6268033","https://warrick.k12.in.us/337222_2","907","751","1","0","1812390"
"Alameda Unified","CA","Alameda","2020 (by)","","Yes","Gr 1-12","Chromebook","District confirmed 1:1 Chromebooks gr 1-12; 2014 Measure I bond ($175.9M) included technology upgrades; no specific year for Chromebook rollout found; COVID-era shift confirmed as major expansion point","https://www.alamedaunified.org/family-resources/families/technology-resources","https://ballotpedia.org/Alameda_Unified_School_District_Bond_Issue,_Measure_I_(November_2014)","908","751","1","0","0601770"
"Bulloch County","GA","Statesboro","2020 (by)","August","Yes","K-12","Chromebook","District provided Chromebooks for 2020-21 SY with both face-to-face and virtual options; COVID-era rollout; Chromebook device agreement in student handbook; no pre-2020 launch evidence found","https://www.bulloch.k12.ga.us/pf4/cms2/news_themed_display?id=1594373317032","https://www.bulloch.k12.ga.us/family-services/bulloch-county-schools-student-handbook/technology-services-use-agreements/chromebook-device-agreement","909","749","1","0","1300630"
"City of Monroe School District","LA","Monroe","2020 (by)","","Yes","K-12","Chromebook","Every Monroe City School student has assigned Chromebook; district lauded for tech-based distance learning during COVID; no pre-2020 firm launch date found","https://www.mcschools.net/","","910","748","1","0","2201080"
"El Rancho Unified","CA","Pico Rivera","2020 (by)","","Yes (likely)","Not specified","Chromebook","Chromebook distribution drive-thru events documented 2020-21; EdSurge profile notes district 'not yet at 1:1 ratio' but schools 'very close'; COVID-era distribution via Senator Archuleta event Aug 2021","https://www.pico-rivera.org/notes-from-the-el-rancho-unified-school-district/","https://www.edsurge.com/schools/el-rancho-unified-school-district","911","748","1","0","0612180"
"Fairfield City","OH","Fairfield","2020","","Yes (phased)","HS 2020-21; MS 2021-22; gr 3-5 2022-23; K-2 2023-24","Laptop","WCPO article: 2020-21 started with 2530 laptops for grades 9-12; phased rollout district-wide by 2024; every student personal laptop","https://www.wcpo.com/news/local-news/hamilton-county/fairfield/fairfield-students-will-all-have-personal-laptops-by-2024","https://www.fairfieldcityschools.com/","912","747","1","0","3904610"
"St. Cloud Public School District","MN","St. Cloud","2015","September","Yes (phased)","Gr 5-12 first (2015-16); K-4 later","Chromebook","LanSchool/district case study: began 2013 testing; launched 1:1 personal Chromebooks for all gr 5-12 students in 2015-16 school year; had 1:1 program before COVID; later K-4 added","https://lanschool.com/resource-center/st-clouds-unique-needs-become-urgent-with-covid-19-closures","https://mn02210070.schoolwires.net/domain/45","913","746","1","0","2733510"
"Los Fresnos CISD","TX","Los Fresnos","","","Yes (likely)","Not specified","Chromebook","District has technology department and Chromebook programs referenced; Governor Abbott/AT&T delivered 150 laptops to seniors (2026); no 1:1 district-wide program year found","https://www.lfcisd.net/apps/pages/index.jsp?uREC_ID=1777333&type=d&pREC_ID=1955191","","914","745","1","0","4828290"
"Middletown Township Public Schools","NJ","Middletown","2020 (by)","","Yes (likely)","Not specified","Chromebook","Chromebook agreement form documented for 2022-23; district has tech department and confirmed Chromebook program; no firm pre-2020 launch source found; upper bound from existence of 2022-23 agreement","https://www.middletownk12.org/departments/technology-and-support","https://docs.google.com/forms/d/e/1FAIpQLSdqHkiCFTwzU8Aq8HXC-CPkbPixJgJtqZAwen0cRf8-jR43Xg/viewform?c=0&w=1","915","745","1","0","3410110"
"Grand Blanc Community Schools","MI","Grand Blanc","2016 (by)","","Yes (phased)","Gr 3-12 (K-2 added 2020-21)","Chromebook","2015 technology-only bond passed for 1:1 Chromebooks for ~8100 students in gr 3-12; implementation began after bond; $7.98M issued 2016; devices kept ~5 years; K-2 expanded 2020-21","https://www.gbcs.org/our-district/departments/technology-services/11-device-information","https://sites.google.com/grandblancschools.org/2017-2018/points-of-pride-2018-19","916","745","1","0","2616350"
"Georgetown 01","SC","Georgetown","","","Yes (likely)","Not specified","Chromebook","Georgetown County School District confirmed Chromebook use via IT department; 212 degree initiative references gr 2-12 achievement program; no 1:1 device launch year found","https://www.gcsd.k12.sc.us/page/information-technology-department/","https://www.gcsd.k12.sc.us/o/gcsd/article/2444227","917","744","1","0","4502280"
"Santa Rosa Elementary","CA","Santa Rosa","2020 (by)","March","Yes","K-8","Chromebook","Santa Rosa City Schools (same location, Ridgway Ave) shifted to 1:1 Chromebooks during COVID; Superintendent purchased 3000 Chromebooks Mar 2020 for distance learning; COVID-era expansion confirmed","https://www.srcschools.org/departments/business-services/overview/tech-support-overview/tech-support-student/11-chromebook-program","https://www.pressdemocrat.com/2020/03/23/sonoma-county-schools-start-at-home-learning-drive-thru-meals-amid-pandemic/","918","744","1","0","0635810"
"Pocono Mountain SD","PA","Tobyhanna","2020 (by)","","Yes (likely)","Not specified","Chromebook","District uses Chromebooks for students (login instructions documented); COVID-era expansion referenced; no pre-2020 firm date found; Chromebook distribution confirmed but no launch year","https://www.pmsd.org/for-parents/technology","https://resources.finalsite.net/images/v1748367672/pmsdorg/hnyakmc75ydc6vc7e3kr/PMSDHomeLearningChromebookLogin.pdf","919","743","1","0","4219500"
"Avondale Elementary District","AZ","Avondale","","","Yes (likely)","K-8","Mixed (iPad and Chromebook)","District confirms 1:1 technology with both iPads and Google Chromebooks for every student; no specific launch year documented in available sources; ESSER funding used post-2020","https://www.chooseaesd.org/about","","920","743","1","0","0400960"
"Conway School District","AR","Conway","","","Yes (likely)","Not specified","Chromebook","Conway Public Schools has Chromebook use agreement and student technology program; @conwayschools.info gmail for Chromebooks; protection plan started 2022-23 for gr 8-12; no district-wide 1:1 launch year found","https://www.conwayschools.org/page/student-technology","https://www.conwayschools.org/Page/936","921","742","1","0","0504590"
"Spartanburg 02","SC","Boiling Springs","2020 (by)","","Yes","PK-5 iPad; 6-12 Chromebook","Mixed (iPad and Chromebook)","District issues iPads (PK-5) and HP Chromebooks (6-12) with cases; $35 annual tech fee for gr 6-12; 1:1 Learning FAQ page on district site; no firm launch year documented","https://www.spart2.org/departments/technology/1-to-1_learning","https://www.spart2.org/parents/family_technology_information","922","741","1","0","4503510"
"Duplin County Schools","NC","Kenansville","","","Yes (likely)","Not specified","Mixed (Chromebook and iPad)","District purchases both HP Chromebooks and Apple iPads for students; technology sustainability plan replacing devices 6+ years old; no 1:1 launch year documented; student/parent device handbook agreement in place","https://www.duplinschools.net/departments/digital-learning-media/2020-2024-digital-learning-technology-plan","https://www.duplinschools.net/fs/resource-manager/view/1372b1a4-c8b7-42b5-9952-87b835b8e21d","923","741","1","0","3701200"
"Gloucester Township Public Schools","NJ","Blackwood","2020","March","Yes","K-8","Chromebook","NJ Patch article: district sent home 5000 Chromebooks for COVID remote learning; allowed families to keep them over summer 2020; pandemic-driven 1:1 for all K-8 students","https://patch.com/new-jersey/gloucestertownship/gloucester-schools-allow-families-keep-chromebooks-over-summer","https://www.gloucestertownshipschools.org/page/digital-initiative","924","740","1","0","3406030"
"Coolidge Unified District","AZ","Coolidge","2016","","Yes","K-12","iPad","PinalCentral Dec 18 2016: district provided all K-12 students with iPads via 3-year Apple lease; ~2500 devices; gr 7-12 take-home with $50 annual fee; elementary stay at school","https://www.pinalcentral.com/casa_grande_dispatch/area_news/coolidge-parents-worry-about-student-ipad-use/article_48437c16-9613-11e6-8528-63def02e8c6d.html","https://www.coolidgeschools.org/","925","740","1","0","0402320"
"Grand Island Public Schools","NE","Grand Island","2020 (by)","August","Yes","Grades 2-12","Chromebook","upper bound; Aug 2020 news confirms take-home Chromebook policy for 2020-21 SY; all students gr2-12 assigned Chromebook; Fortinet case study references long-running program but no pre-2020 dated source found","https://www.gips.org/gates/news-and-events/news/2020/08/03/chromebooks/","https://www.fortinet.com/customers/grand-island-public-schools","926","739","1","0","3100016"
"Taylor School District","MI","Taylor","","","Yes (likely)","K-12","Chromebook","District provides Chromebook to each student with optional annual protection plan; no launch year found in web search; district website confirms current 1:1 program but no historical rollout date","https://taylorschools.net/188844_3","","927","739","1","0","2633540"
"Worthington City","OH","Worthington","2014","August","Yes (phased)","All grades (BYOD-integrated); full 1:1 target 2017","Chromebook","Aug 2014: 2,800 Chromebooks purchased; BYOD plan presented to board Aug 25 2014; plan called for all students 1:1 by 2017 via combination of BYOD and district-supplied devices; Kajeet hotspot pilot preceded rollout","https://www.thisweeknews.com/content/stories/worthington/news/2014/09/02/bring-your-own-device-plan-calls-for-all-students-on-devices-within-three-years.html","https://wcsdistrict.wordpress.com/2014/08/","928","738","1","0","3904513"
"Autauga County","AL","Prattville","2020","Summer","Yes","K-12","Laptop","Summer 2020: 4,200 laptops initially ordered; board approved additional 5,000 Chromebooks; Superintendent said 'every student will be issued a Chromebook'; COVID-era full 1:1 for both traditional and virtual students","https://mynbc15.com/news/local/students-in-autauga-county-alabama-to-get-laptops-as-school-year-looms","https://www.wvua23.com/news/alabama/many-students-across-alabama-getting-laptops-as-school-year-looms/article_e002d7ec-139e-5dd5-8e1e-ee6d9621a52f.html","929","738","1","0","0100240"
"Northwest Local","OH","Cincinnati","","","Yes (likely)","K-12","Chromebook","District uses Google/Chromebook infrastructure; technology integration confirmed; no specific 1:1 launch date found in web search","https://www.nwlsd.org/Technology.aspx","","930","736","1","0","3904736"
"Huntington Beach City Elementary","CA","Huntington Beach","","","Yes (likely)","K-8","Chromebook","District has technology services and parent technology resources pages; Canvas LMS; no specific 1:1 launch year found in web search; TK-8 district (no high school)","https://www.hbcsd.k12.ca.us/11629_3","","931","736","1","0","0618030"
"Cullman County","AL","Cullman","","","Yes","PreK-12","Chromebook","CCPS 1:1 initiative: every PreK-12 student issued Dell Chromebook with power adapter; three-year refresh cycle at $335K; no specific launch year found in web search","https://sites.google.com/ccpsweb.org/ccpsconnect/home","","932","736","1","0","0101020"
"Lenoir County Public Schools","NC","Kinston","2014","","Yes","K-12","iPad","iLCPS (Individualized Learning Creates Personal Success) initiative began 2014; all 8,300+ K-12 students provided iPads as primary tool; blended learning environment; 12 schools recognized as Apple Distinguished Schools 2023-2026","https://www.lcpsnc.org/academics/ilcps","https://www.witn.com/2023/11/16/twelve-lenoir-county-schools-recognized-apple-distinguished-schools/","933","735","1","0","3702610"
"Elko County School District","NV","Elko","2023 (by)","","Yes (phased)","Secondary (take-home); Elementary (in-class)","Chromebook","Nevada 21 Grant funded Chromebooks for 2 middle schools (coaches + devices); prior grant covered teacher Chromebooks; secondary students take home; elementary use in-class; grant date Mar 30 (year appears ~2023 based on search context); earlier secondary 1:1 may predate this","https://elkodaily.com/news/local/grant-funds-bring-chromebooks-to-classrooms/article_c2500dac-b7b4-5e6e-b844-1c9e57e91d36.html","https://www.ecsdnv.net/page/digital-citizenship","934","735","1","0","3200120"
"Warwick","RI","Warwick","2014","April","Yes (phased)","Pilot: HS (Apr 2014); expanded to gr6-12 by 2017","Chromebook","April 2014: full pilot at Warwick Veterans Memorial HS; junior high grades 7-8 followed; Aug 2017 Chromebook Carnival: 1,540 Chromebooks to gr6-12; all WPS gr6-12 required to bring laptop; Superintendent Thornton initiative","https://warwickonline.com/stories/chromebook-carnival-a-success-1540-laptops-handed-out,127230","https://warwickonline.com/stories/chromebooks-lay-groundwork-for-online-testing-in-all-schools,91611","935","734","1","0","4401110"
"Madison Elementary District","AZ","Phoenix","","","Partial","K-8","Mixed (BYOD + district device)","District offers BYOD program plus district-supplied devices in classrooms; Capital Override approved Nov 2016 used partly for technology; no evidence of full district-issued 1:1; described as BYOD with district supplement","https://www.madisonaz.org/about-us/why-choose-madison","","936","734","1","0","0404500"
"Montgomery Co Pblc Schs","VA","Christiansburg","","","Yes (likely)","K-12","Chromebook","MCPS has Chromebook program (replacing older Chromebooks with Lenovo 500e Gen 3 as of 2025); no specific 1:1 launch year found; technology plan addendum 2015-2017 indicates planning; Facebook page confirms Chromebook use","https://www.mcps.org/departments/technology","https://www.thesentinel.com/communities/mcps-introduces-new-chromebooks-for-students/article_3c1f224f-4955-49ea-a681-e82fe51a2802.html","937","733","1","0","5102520"
"Ankeny Comm School District","IA","Ankeny","2017","Fall","Yes (phased)","Pilot 2016 (300+ families); full launch 2017-18 gr5-9; expanded to gr10-12","Chromebook","Successful 2016 pilot (300+ families); full 1:1 Chromebook initiative launched fall 2017-18 for grades 5-9; district-wide multi-year rollout (Ankeny 1:1 Initiative); summer keep program in place; technology leadership team selected Google Chromebook","https://www.ankenyschools.org/departments/technology/chromebooks-ankeny-11-initiative/","https://www.ankenyschools.org/SummerChromebooks","938","733","1","0","1903690"
"Lake Central School Corp","IN","St. John","","","Partial","Not specified","Chromebook","District uses Chromebooks for Canvas/Clever/Gmail; encourages BYOD; no confirmed full 1:1 rollout year found; appears to be BYOD-supplemented with school Chromebooks rather than full district-issued 1:1","https://lcsc.us/departments/technology/","","939","733","1","0","1805450"
"Morongo Unified","CA","Twentynine Palms","2020","August","Yes","Secondary (junior high and high school)","Laptop","Aug 26 2020: 1,000 laptops distributed to secondary students at 7 sites; original order of 5,000 devices placed; technicians refurbished and distributed; COVID-era initiative; 2025 follow-up giveaway of 1,117 additional refurbished laptops to secondary students","https://z1077fm.com/morongo-unified-school-board-talks-internet-connectivity-1000-laptops-expected-today/","https://z1077fm.com/over-1000-laptops-distributed-to-morongo-unified-school-district-students/","940","733","1","0","0625860"
"Saginaw School District of the City of","MI","Saginaw","2020 (by)","","Yes (likely)","K-12","Chromebook","COVID relief funds ($27M) used for technology including Chromebooks; 2022-23 reports mention 2:1 Chromebook ratio (not yet full 1:1); no pre-COVID 1:1 evidence found; upper bound 2020","https://www.thecentersquare.com/michigan/how-saginaw-public-schools-spent-27m-of-covid-relief-money/article_694dae6e-2955-11ed-9e9d-03c1c76544b7.html","https://www.spsd.net/","941","732","1","0","2630390"
"Vermilion Parish","LA","Abbeville","","","Yes (likely)","K-12","Chromebook","District has Chromebook infrastructure confirmed; Louisiana 2020 statewide plan shows 52% of devices are Chromebooks; no specific Vermilion Parish 1:1 launch date found in web search","https://www.vpsb.net/","","942","732","1","0","2201800"
"Los Banos Unified","CA","Los Banos","","","Yes (phased)","HS (1:1 take-home); elementary/middle unclear","Chromebook","LBHS 1:1 Chromebook Initiative: each HS student keeps Chromebook throughout high school; freshmen get new Lenovo 500e Gen 1 annually (~$180K/yr cost); older models for upper grades; no district-wide launch year confirmed","https://www.losbanosusd.org/o/lbhs/page/chromebooks","","943","732","1","0","0622740"
"Port Arthur ISD","TX","Port Arthur","2021","May","Yes (phased)","K-2 (2021); broader Chromebook program","Chromebook","May 2021: board approved $700K in computer upgrades for K-2 students; district has broader Chromebook program (replacement/repair policies in place); technology initiative for STAAR online testing readiness","https://www.panews.com/2021/05/13/paisd-trustees-sworn-in-purchase-chromebooks/","https://www.paisd.org/departments/technology/lost-or-damaged-chromebook","944","731","1","0","4835400"
"Indian River School District","DE","Selbyville","","","Yes","K-12","Chromebook","Each student issued own Chromebook; students have IRSD Google accounts; devices taken home; no specific launch year found in web search","https://www.irsd.net/students-families/technology-support-resources","https://www.irsd.net/departments/technology-support-services/student-devices/student-device-agreement","945","730","1","0","1000680"
"Champaign CUSD 4","IL","Champaign","2020 (by)","March","Yes (phased)","MS and HS pre-COVID; ES expanded via COVID","Chromebook","By March 2020 district had 'pretty good one-to-one at middle and high schools'; ES families without devices got Chromebooks via COVID distribution March-April 2020; pre-COVID 1:1 at MS/HS but no firm launch year found","https://will.illinois.edu/news/story/champaign-unit-4-schools-to-distribute-chromebooks-to-families-in-need","https://ipmnewsroom.org/champaign-unit-4-schools-distribute-1000-chromebooks-to-students/","946","729","1","0","1709420"
"Morgan Hill Unified","CA","Morgan Hill","","","Yes (likely)","HS confirmed; district-wide unclear","Chromebook","Technology Integration Plan includes Chromebook issuance to all Sobrato HS students (take-home); district technology page mentions ongoing program; no specific launch year confirmed in web search","https://sobrato.mhusd.org/about/chromebook-info","https://www.mhusd.org/faculty-staff/business-services/technology","947","729","1","0","0625830"
"South Kitsap School District","WA","Port Orchard","2017","","Yes (phased)","K-5 (in-school); 6-12 (take-home)","Chromebook","Since 2017 Chromebooks commonplace through 1:1 device initiative; K-5 use devices in school; 6-12 take home; 2026 replacement cost ~$2.8M for ~9,483 Chromebooks; district-wide program well-established","https://www.kitsapdailynews.com/news/sksd-needs-2-8-million-in-2026-to-replace-chromebooks/","https://www.skschools.org/departments/information-technology-services","948","725","1","0","5308160"
"Wheeling CCSD 21","IL","Wheeling","2013","October","Yes (phased)","MS: Oct 2013 (gr8 first, then gr7); ES: gr6 from 2014-15; K-5 later","Chromebook","Oct 16 2013: gr8 at Holmes MS received Acer C7 Chromebooks; Oct 28 London MS; Nov 4 Cooper MS; gr7 from Nov 30; 2014-15 incoming gr6 got Lenovo 11e; moved to full K-8 1:1 over subsequent years; device-testing team included 65 student experts","https://ccsd21.org/information-services/chromebook-information/chromebook-2013-2014-roll-out/","https://www.k12blueprint.com/success-stories/district-wide-collaboration-moves-everyone-forward-wheeling-illinois","949","725","1","0","1742210"
"St. Mary Parish","LA","Centerville","","","Yes (likely)","K-12","Chromebook","District has student Chromebook resources page (computerlab.st-mary.net); Virtual Learning Program gr6-12; no specific 1:1 launch year found in web search","https://computerlab.st-mary.net/home/student-chromebook-resources","https://www.stmaryk12.net/","950","724","1","0","2201620"
"Lorain City","OH","Lorain","","","","","","no dated 1:1 rollout found; district tech page references school-issued devices but no formal 1:1 launch date identified","https://www.lorainschools.org/departments/technology","","951","723","1","0","3904426"
"Fayetteville School District","AR","Fayetteville","2017 (by)","","Yes (phased)","MS (Holt & McNair pilots 2017); district-wide K-12 Chromebooks current","Chromebook","upper bound; May 2017 NW Arkansas Democrat-Gazette article: Holt and McNair middle schools adopting Chromebooks; district now issues Chromebooks grades 2-12 (K-1 shared); no single district-wide launch date found","https://www.nwaonline.com/news/2017/may/01/holt-mcnair-teachers-students-adopt-ins/","https://district.fayar.net/o/fhs/article/300434","952","723","1","0","0506120"
"Dickinson ISD","TX","Dickinson","2020 (by)","","Yes (likely)","K-12","Chromebook","upper bound; 2020-21 plan references student chromebooks for remote/in-person learning; no pre-2020 1:1 evidence found; district chromebook page exists","https://www.click2houston.com/news/local/2020/07/21/dickinson-isd-what-you-need-to-know-about-the-districts-2020-21-school-plans/","https://www.dickinsonisd.org/page/tech.Chromebooks","953","722","1","0","4817070"
"Jackson Co School Dist","MS","Pascagoula","2020","","Yes","K-12","Chromebook","Mississippi Connects state program 2020; every MS district submitted plan in Sept 2020 to provide all students devices; JCSD has student Chromebook agreement page confirming program","https://www.mdek12.org/news/2020/9/2/School-Districts-Submit-Plans-to-Provide-Computer-Devices-to-All-Students_20200902","https://www.jcsd.ms/domain/19","954","722","1","0","2802160"
"Pontiac City School District","MI","Pontiac","2020 (by)","","Partial","HS Gr12; ITA Gr6-12","Chromebook","upper bound; 2021 reference confirms 1:1 for PHS Gr12 and ITA Gr6-12 only; $147M bond 2020 supported tech; not district-wide 1:1; all students have devices for classroom/home per district","https://www.pontiac.k12.mi.us/departments/technology/tech-assist","","955","722","1","0","2628740"
"Sharyland ISD","TX","Mission","2020","May","Yes","K-12","Chromebook","May 26 2020 board approved purchase of 4330 Chromebooks ($1.1M) for 1:1; Asst Supt: 'device in every kid's hand whether at home or in classroom'; COVID-driven but permanent 1:1 initiative","https://www.progresstimes.net/2020/05/29/sisd-approves-1-1m-chromebooks-purchase-restructures-school-board/","https://www.sharylandisd.org/departments/technology/chromebook_device_policy_and_care","956","721","1","0","4839930"
"Etowah County","AL","Gadsden","2020","Fall","Yes (likely)","K-12","Chromebook","COVID-driven 2020 rollout; June 2020 order for Chromebooks (Lenovo) through Trinity3 Technology for 2020-21 SY; customs seizure delayed delivery; replacement order placed; district already had ~5000 older devices","https://www.wbrc.com/2020/08/03/chromebooks-meant-etowah-county-schools-held-up-customs-new-order-way/","https://www.cbs42.com/news/local/officials-laptops-for-alabama-schools-seized-by-us-agency/","957","721","1","0","0101380"
"Western Placer Unified","CA","Lincoln","2020","","Yes","K-12","Chromebook","upper bound 2020; district states 'during the 2020-2021 school year WPUSD was able to provide 1:1 student technology'; Chromebook service plan ($40/yr) in place; COVID-era 1:1 launch","https://www.wpusd.org/departments/administrative-services/it/chromebook-service-plan","https://www.wpusd.org/departments/administrative-services/it","958","718","1","0","0642140"
"Burnsville Public School District","MN","Burnsville","2015","August","Yes (phased)","Gr6-8 first (2015-16); expanded to K-12","Chromebook","2015 Vision One91 referendum funded 2100 Chromebooks; middle school students (Gr6-8) received Chromebooks Aug 2015 at school orientation; initiative started 2013 with wireless upgrades and sampling; full K-12 Chromebook program now in place","https://www.isd191.org/discover/departments/technology/student-devices","http://www.isd191.org/isd191/news/tag/chromebooks","959","717","1","0","2707290"
"Huron Valley Schools","MI","Highland","2020 (by)","","Yes","Gr6-12","Chromebook","upper bound; 1:1 Chromebook page on district website (hvs.org) describes program for Gr6-12; no pre-2020 dated source found; program appears established but launch year undocumented in available sources","https://www.hvs.org/page/1-1-chromebook-information","","960","717","1","0","2618990"
"Eastern Carver County Public School","MN","Chaska","2014","Fall","Yes (phased)","Gr1-12 (phased 2014-17); K added 2020","Chromebook","2013 capital projects referendum funded Chromebooks for Gr3-11; district began sending Chromebooks home in 2014-15 school year; 3-year rollout to Gr1-12; K added 2020","https://www.district112.org/district/departments/information-technology/connexion","https://www.securly.com/case-studies/eastern-carver-county","961","716","1","0","2708190"
"Marietta City","GA","Marietta","2017","November","Yes","Gr3-12 (K-2 in-school only)","Chromebook","Nov 2017 board approved $520180 for 1180 Dell Chromebooks; district had existing 3rd-grade-and-above 1:1 prior; 2019 board approved 2000 more laptops to extend to K-2; current program Gr3-12 take-home Chromebook","https://www.mdjonline.com/news/marietta-boe-presents-budget-approves-laptops-for-elementary-schools-and/article_c002e3c8-769d-11e9-ac28-4bf20ce7e4bf.html","https://www.marietta-city.org/departments1/technology-information-systems/mcs-11-chromebook-program","962","714","1","0","1303510"
"Yucaipa-Calimesa Joint Unified","CA","Yucaipa","2020","","Yes","K-12","Chromebook","COVID-era rollout 2020-21 SY; YCJUSD reopening Q&A confirmed all students could receive Chromebook; district-provided Chromebooks with $27/yr insurance option; distance learning drove 1:1 deployment","https://sites.google.com/ycjusd.us/ycjusd-school-reopening-info/home","https://www.yucaipaschools.com/page/student-resources","963","714","1","0","0643560"
"Decatur SD 61","IL","Decatur","2021","September","Yes","K-12","Chromebook","fall 2021 1:1 Learning Device Plan; DHS 1:1 Chromebook plan launched late Sept/early Oct 2021-22 SY; Decatur High and Beacon Hill Middle issued Chromebooks for school and home; hundreds of new devices ordered","https://3ten.org/news/2021/09/07/dhs-prepares-for-implementation-of-11-learning-device-plan/","https://www.csdecatur.net/page/3524","964","711","1","0","1711850"
"Camden County","GA","Kingsland","2020 (by)","","Yes","All students (CCHS at minimum)","Chromebook","upper bound; CCHS 1:1 Chromebook Initiative page confirms all CCHS students issued Chromebook for school and home; no explicit launch year found in web sources; program appears well-established","https://wildcat.camden.k12.ga.us/o/cchs/page/chromebook-information","http://camden.ss16.sharpschool.com/parents/high_school_parents/cchs_1_1_chromebook_initiative_information","965","711","1","0","1300780"
"Putnam County Schools","WV","Winfield","2020 (by)","","Yes (likely)","K-12","Chromebook","upper bound; district technology page and Chromebook help page confirm student Chromebook program; no explicit launch year documented in available web sources; likely COVID-era expansion given WV context","https://www.putnamschools.com/page/technology-resources","","966","709","1","0","5401200"
"Sheboygan Area School District","WI","Sheboygan","2015","Fall","Yes (phased)","MS+HS (2015-16); Gr2-12 expanded","Chromebook","since 2015-16 school year all middle and high school students supplied with Chromebook; program expanded to Gr2-5 Chromebook (1:2 at some elem grades) and K-1 iPad 1:1; confirmed firm year 2015","https://www.sheboygan.k12.wi.us/urban/chromebooks","https://www.sheboygan.k12.wi.us/schools/horacemann/librarytech/chromebook-use-expectation.cfm","967","708","1","0","5513650"
"Scranton SD","PA","Scranton","2020 (by)","","Yes (likely)","K-12","Chromebook","upper bound; Scranton SD Chromebook portal page and Cyber Academy confirm student Chromebook distribution; 2020-21 daily attendance tracked via Google Classroom on devices; no pre-2020 dated 1:1 evidence found","https://sites.google.com/ssdedu.org/ssderportal/technical-support/studentparent-support/chromebook","https://www.scrsd.org/schools1/cyber-academy","968","707","1","0","4221090"
"Mounds View Public School District","MN","Shoreview","2020 (by)","","Yes (likely)","K-12","Chromebook","upper bound; MVPS family technology support site confirms student devices; no specific 1:1 launch date found in available sources; Minnesota districts broadly went 1:1 during COVID era","https://sites.google.com/moundsviewschools.org/mvpsfamilytech/home","https://www.mvpschools.org/services/technology","969","707","1","0","2722950"
"West Windsor-Plainsboro Regional School District","NJ","Princeton Junction","2014","Fall","Yes (phased)","Gr5-6 pilot 2014; Gr5-12 by 2015+","Chromebook","Fall 2014 every 5th and 6th grader received Chromebook as part of 1:1 initiative; pilot in some 5th grade classrooms at Millstone River and Village schools in 2014-15 SY; expanded to Gr5-12; current program Gr K-12","https://www.ww-p.org/common/pages/DisplayFile.aspx?itemId=21596448","https://www.communitynews.org/towns/west-windsor-plainsboro-news/district-should-ditch-the-chromebooks/article_0fb2908b-2625-5dbb-9c9d-7c19f45cf325.html","970","706","1","0","3417700"
"Perth Amboy Public Schools","NJ","Perth Amboy","2020 (by)","","Yes (phased)","HS Gr10-12; Dual Language Gr4-6","Chromebook","upper bound; PAHS 1-to-1 page: all Gr10-12 students at Perth Amboy HS receive Chromebook; Dual Language School 1:1 Gr4-6; no explicit launch year confirmed; announced at Aug 23 BOE meeting (year not confirmed in search)","https://www.paps.net/domain/3887","","971","705","1","0","3412930"
"Calhoun County","AL","Anniston","2015","","Yes (phased)","BYOD 2015 (district-wide); 1:1 Chromebook/laptop later","Mixed (Chromebook K-8; laptop 9-12)","2015 Power Up BYOD Learning Initiative (district-wide wireless + BYOD under teacher direction); current program is full 1:1 K-12 with Dell Chromebooks K-8 and laptops 9-12; exact transition to issued-device 1:1 not dated","https://thejournal.com/articles/2015/04/20/calhoun-county-schools-outsources-wifi.aspx","https://www.ccpsonline.net/officeoftechnology","972","705","1","0","0100540"
"West Clermont Local","OH","Cincinnati","2020","Fall","Yes","Gr1-12 (2020); pilot MS 2017","Chromebook","1:Wolf program: pilot for middle schools 2017; full K-12 rollout fall 2020 funded by federal CARES Act; grades 1-12 take-home Chromebooks; FAQ doc confirms 2020 expansion","https://www.westcler.org/our-student-experience/academics/1-wolf","https://campussuite-storage.s3.amazonaws.com/prod/1559083/37fac30a-1be2-11ec-9e80-0ee1f8c68f8f/2635977/8a1b6d0a-2d84-11ee-b00a-0e6883f767cf/file/1ToWolf_FAQ_2023-2024.pdf","973","702","1","0","3904635"
"Chatham County Schools","NC","Pittsboro","2009","August","Yes (phased)","HS first (2009-10); phased to full K-12","Laptop (later Chromebook)","one of first NC districts to go 1:1; Nov 2008 Golden LEAF $800K grant for Jordan-Matthews laptops (2009-10 SY); Aug 2009 Chatham Central HS started; iBooks redistributed to all HS; 2018-19 switched from MacBook Air to Dell Chromebook; K-12 full coverage by COVID","http://www.chathamjournal.com/weekly/news/chathamschools/laptop-computers-issued-to-chatham-high-school-students-90828.shtml","https://www.chatham.k12.nc.us/Page/20917","974","702","1","0","3700750"
"Walker County","GA","LaFayette","2020 (by)","","Yes (likely)","K-12","Chromebook","upper bound; Walker County BOE Chromebook Help page confirms student Chromebook program; no explicit launch year found; likely COVID-era rollout; Georgia districts broadly went 1:1 2020-21","https://www.walkercountyschools.com/services/technology/chromebook-help","","975","702","1","0","1305370"
"LAVEEN ELEMENTARY DISTRICT","AZ","Laveen","2020 (by)","July","Yes","K-8","Chromebook","Upper bound; July 2020 chromebook pickup events at back-to-school; district currently maintains 1:1 ratio with 8,000+ Chromebooks across 10 schools; earlier pre-COVID 1:1 stated (2,900 CBs + 480 iPads noted in earlier snapshots)","https://laveen.laveenschools.org/2020/07/laveen-school-announces-meet-the-teacher-chromebook-pickup-events/","https://laveenschools.org/departments/technology/student-technology/","976","702","1","0","0404290"
"LEXINGTON 02","SC","West Columbia","","","Yes (likely)","K-12","Chromebook","All students issued a Chromebook free of charge per district policy; no dated launch article found; district confirmed not BYOD; year undocumented in web sources","https://nms.lex2.org/apps/pages/index.jsp?uREC_ID=1030434&type=d&pREC_ID=1334080","https://www.lex2.org/","977","700","1","0","4502730"
"FRANKLIN COUNTY SCHOOLS","NC","Louisburg","2018","Spring","Yes (phased)","6-12 initially","Chromebook","April 2018 Golden LEAF Foundation grant of $615K for middle and high school 1:1 'going one-for-one' Chromebook program; subsequent grant moved earlier Chromebooks down to elementary schools; Nov 2023 switched to One-to-One Plus Device Management Software","https://www.cbs17.com/news/local-news/franklin-county-schools-students-to-receive-chromebooks-thanks-to-grant/1111552786/","https://content.myconnectsuite.com/api/documents/6bd0315f219c4460b37b3cdf758ec035","978","700","1","0","3701530"
"COLQUITT COUNTY","GA","Moultrie","2017 (by)","","Yes","PK-12","Chromebook","Jan 4 2017 ToggleMAG case study on academic coach Emily Nichols describes 1:1 Chromebook initiative in progress; PK-2 use iOS/Apple tablets; Gr 3+ use Chromebooks; district confirmed 1:1 student-to-Chromebook ratio","https://www.togglemag.com/case-studies/emily-nichols-colquitt-county-school-district/","https://www.colquitt.k12.ga.us/departments/instructional-technology","979","700","1","0","1301380"
"TEMPLE ISD","TX","Temple","2013","Fall","Yes (phased)","HS 9-12 first; elem/MS by 2022","Chromebook","April 2016 article confirms class of 2016 was 'first class' to keep Chromebooks at graduation -- implying freshmen received them in fall 2013; 2022-23 was first year middle school students took Chromebooks home daily; elem Gr 2-5 also 1:1","http://www.tdtnews.com/news/article_4b24fbd0-f933-11e5-9d63-b73ad167ae77.html","https://www.tisd.org/apps/news/article/1641063","980","699","1","0","4842330"
"GREATER ALBANY PUBLIC SD 8J","OR","Albany","2020","September","Yes","K-12","Chromebook","July 2020 district announcement for 2020-21 SY; Lenovo MediaTek Chromebooks for Gr 2-12 and ChromeTabs for K-1; COVID-driven rollout; first day Sept 14 2020; early login issues resolved","https://albany.k12.or.us/2020/07/09/gaps-2020-21-technology-information-informacion-de-tecnologia-de-gaps-2020-21","https://www.albany.k12.or.us/","981","699","1","0","4101120"
"EDEN PRAIRIE PUBLIC SCHOOL DISTRICT","MN","Eden Prairie","2013","August","Yes (phased)","HS (9-12) Aug 2013; MS (7-8) 2012 iPads; full K-12 by 2015-16","Mixed (MacBook Air / iPad)","Aug 2013: all 2,900 EPHS students received MacBook Air as part of i-Learn@EP; prior year middle school students got iPads; by 2015-16 all grades had devices; largest MN district at time to issue MacBook Airs individually","http://www.startribune.com/first-of-3-000-macbook-air-computers-distributed-to-eden-prairie-students/222224551/","https://patch.com/minnesota/edenprairie/laptop-rollout-for-eden-prairie-high-school-students","982","698","1","0","2714220"
"CLOVIS MUNICIPAL SCHOOLS","NM","Clovis","2019","Spring","Yes (phased)","HS Freshman Academy first; MS May 2019; elem classroom sets 2019-20 SY","Chromebook","April 2019 KAMR/ABC7 report: Freshman Academy kicked off 1:1 Chromebook initiative; MS students received devices May 1 2019; elem to get classroom sets next SY; 8,000+ Chromebooks total; district had been in Google Ecosystem for years","https://www.myhighplains.com/news/new-mexico/clovis-municipal-schools-announce-1-1-chromebook-initiative/1869257187","https://abc7amarillo.com/news/local/11-chromebook-initiative-takes-over-clovis-schools","983","697","1","0","3500570"
"CITY OF VINELAND BOARD OF EDUCATION","NJ","Vineland","2021","Fall","Yes (phased)","MS (6-8) first via Verizon Innovative Learning","Chromebook","May 4 2021 announcement: Vineland joined Verizon Innovative Learning (VILS) 10th cohort; three middle schools (Dominick Pilla MS, Thomas Wallace MS, Veterans Memorial MS) received Chromebooks with built-in Verizon data plans for every student and teacher; 4-year data plan included","https://www.trentondaily.com/three-new-jersey-public-school-districts-join-verizon-innovative-learning/","https://www.vineland.org/article/2128942","984","697","1","0","3416800"
"OSHKOSH AREA SCHOOL DISTRICT","WI","Oshkosh","2016 (by)","","Yes","3-12 (phased); K-2 added later","Chromebook","'Learning Without Limits' 1:1 initiative; Canvas LMS training began summer 2015 for teachers; district case study notes Chromebooks rolled out to teachers then HS then grades 3-12; community-funded; Google case study PDF published 2020 referencing program; earliest student device year inferred ~2016","https://www.instructure.com/resources/case-studies/oshkosh-area-school-district-learning-without-limits","https://services.google.com/fh/files/misc/oshkosh_area_school_district_2020.pdf","985","696","1","0","5511190"
"MERCER COUNTY SCHOOLS","WV","Princeton","2020 (by)","","Yes (likely)","K-12","Mixed (iPad/tablet/laptop)","Aug 2020: virtual students provided with devices (iPad, tablet, laptop) for 2020-21 SY; no evidence of pre-COVID 1:1 program; COVID-era distribution confirmed; device type varied; 1:1 firm year not documented pre-2020","https://woay.com/mercer-county-schools-release-plans-for-2020-2021-school-year/","https://boe.merc.k12.wv.us/","986","696","1","0","5400840"
"SNOHOMISH SCHOOL DISTRICT","WA","Snohomish","2023","","Yes (phased)","5-12 take-home; K-4 classroom devices","Chromebook","1:1 device shift started 2023-24 SY; levy-funded (2022 Technology, Safety and Facility Improvements Replacement Levy); Gr 5-12 dedicated devices for home/school; K-4 dedicated classroom devices; cloud-based devices at elem/MS by 2024-25","https://www.sno.wednet.edu/departments/technology/technology-plan-2023-2026/11-student-laptops","https://www.sno.wednet.edu/departments/technology/technology-plan-2023-2026","987","696","1","0","5308020"
"NEW BRUNSWICK PUBLIC SCHOOLS","NJ","New Brunswick","2021","Fall","Yes (phased)","MS (6-8) via Verizon Innovative Learning","Chromebook","May 4 2021 announcement: New Brunswick joined Verizon Innovative Learning; three schools: Lincoln Annex, McKinley Community School, New Brunswick Middle School; every student and teacher received Chromebook with up to 4-year Verizon data plan; Digital Promise partnership","https://www.trentondaily.com/three-new-jersey-public-school-districts-join-verizon-innovative-learning/","https://digitalpromise.org/2024/03/07/how-verizon-innovative-learning-schools-transformed-my-district/","988","696","1","0","3411220"
"NORTH ST PAUL-MAPLEWOOD OAKDALE DIS","MN","North Saint Paul","2020 (by)","","Yes (phased)","6-12 take-home; 9-12 full 1:1 by 2025-26","Chromebook","Gr 6-12 take-home Chromebook program documented; students in 6-12 carry devices home for homework over breaks except summer; 2025-26 announced as year district purchased enough devices for every 9-12 student to have own; COVID era likely initiated broader take-home access; exact start year not pinned","https://www.isd622.org/services/technology","https://www.isd622.org/","989","696","1","0","2723850"
"DEKALB COUNTY","AL","Fort Payne","2020","Fall","Yes","K-12","Chromebook","June 2020 announcement by Director Patrick Cripps: all ~3,000 K-12 students provided Chromebook for 2020-21 SY for classroom and take-home use; district of ~3,000 students across 13 schools; WJLE Radio report confirmed","https://www.wjle.com/news/dekalb-school-district-to-provide-chromebooks-to-k-12-students/","https://www.dekalbk12.org/resources/policies-handbooks/1-to-1-chromebook-information","990","696","1","0","0101140"
"BASTROP ISD","TX","Bastrop","2020 (by)","","Yes (likely)","Not specified","Chromebook","Upper bound; district runs BootUp 1:1 Digital Learning initiative confirmed on district website; no dated launch article found; COVID-era deployment likely","https://www.bisdtx.org/departments/digital-learning/bootup-technology-initiative","","991","695","1","0","4809570"
"BELLEVUE PUBLIC SCHOOLS","NE","Bellevue","","","Partial","Mixed grades","Mixed (Chromebook/laptop/iPad)","District explicitly does not follow a 1:1 single-device strategy; supports ~2,219 Chromebooks and laptops + 130 iPads; intentionally exposes students to multiple technology types; shared and assigned devices; no documented take-home 1:1 program","https://www.bellevuepublicschools.org/departments/technology/technology-information-for-students-and-parents","https://www.bellevuepublicschools.org/departments/technology","992","695","1","0","3103810"
"COMM CONS SD 59","IL","Elk Grove Village","2014 (by)","","Yes","K-8","Mixed (tablet/Chromebook)","Student Device Responsible Use Contract dated 2014 found on district website (upload date Aug 2014); K-2 receive Nexus 7 tablets; Gr 3-8 receive Chromebook Spin 11; district has 'nationally recognized comprehensive technological plan'; take-home with protection plan offered","https://www.ccsd59.org/wp-content/uploads/2014/08/Student-Device-Responsible-Use-Contract1.pdf","https://www.ccsd59.org/innovative-learning-and-communications/information-systems-services/","993","695","1","0","1713770"
"WHITTIER CITY ELEMENTARY","CA","Whittier","2015 (by)","","Yes","K-8","iPad","All students in all grade levels have access to iPads; 'past nine years' phrasing in recent district source implies ~2015-2016 start; no precise dated press release found; district-wide iPad program for TK-8","https://www.whittiercity.net/apps/pages/index.jsp?uREC_ID=687886&type=d&pREC_ID=1127488","https://www.whittiercity.net/","994","695","1","0","0642450"
"LEE COUNTY","AL","Opelika","2020 (by)","","Yes (likely)","K-12","Chromebook","Aug 2020: virtual learning students required to use OCS Chromebook for 2020-21 SY; Beulah Elementary confirmed 1:1 student-to-Chromebook ratio with each student issued device; full district 1:1 rollout year not firmly documented; COVID-era upper bound","https://opelikaobserver.com/lee-county-schools-planning-to-return-this-year/","https://www.lee.k12.al.us/departments1/technology","995","694","1","0","0102070"
"JEFFERSON CITY","MO","Jefferson City","2020","March","Yes","2-12 (COVID distribution); full K-12 subsequently","Chromebook","March 2020: every student in Gr 2-12 received Chromebook before school closed for COVID-19; ABC17News confirmed chromebooks were already in district and sent home; students in Gr 2-12 took devices; K-1 not confirmed; district main device is Chromebook","https://abc17news.com/news/jefferson-city/2020/03/16/jc-schools-addresses-internet-food-concerns-ahead-of-covid-19-closure/","https://www.jcschools.us/Page/17593","996","692","1","0","2916190"
"ST. CHARLES PARISH","LA","Luling","2019","Fall","Yes (phased)","HS (9-12) 2019-20; district phasing in","Chromebook","2019-2020 SY: district provided individual Chromebook to each student enrolled in a district high school; phased 1:1 rollout beginning with HS; middle and elementary expansion timeline not documented in web sources","https://www.stcharlessd.org/Page/1111","https://www.stcharles.k12.la.us/scpps","997","692","1","0","2201440"
"GREENWICH SCHOOL DISTRICT","CT","Greenwich","2015","September","Yes (phased)","Pilot: 2 elem schools April 2013; teachers Apr 2015; all students by Sept 2015","Mixed (iPad K-2; Chromebook 3-12)","April 2013 DLE initiative launched with 800 iPad Airs at Hamilton Ave and Riverside Elem; teachers received devices Apr 2015; all students 3-12 received devices Sept 2015 (first full year 2015-16); K-2 iPad; MS Chromebook; HS Lenovo Yoga Chromebook","https://patch.com/connecticut/greenwich/amp/22417691/digital-learning-becomes-reality-at-2-greenwich-schools","https://www.greenwichschools.org/new-lebanon-school/learning-commons/dle/11-devices","998","692","1","0","0901710"
"SANTEE","CA","Santee","2014","Fall","Yes (phased)","Gr 3-5 fall 2014; Gr 6-8 fall 2015; K-2 Jan 2016","iPad","Gr 3-5 students first received iPads during 2014-15 SY; program expanded to Gr 6-8 fall 2015; K-2 received iPads Jan 2016; full K-8 1:1 by early 2016; Apple iPad 10th gen currently in use with AppleCare+","https://www.santeesd.net/district/communications/district_news___announcements/one_to_one_learning_program","https://www.santeesd.net/district/department/educational_services/instructional_technology/11_digital_learning_program","999","692","1","0","0635880"
"BELTON ISD","TX","Belton","2020","February","Yes (phased)","HS Feb 2020; MS + Gr 3-5 June 2020","Chromebook","Feb 2020 Board approved 3,079 Chromebooks for Belton and Lake Belton HS (3-year plan); June 2020 Board accelerated: added 5,300 devices for MS and Gr 3-5; first shipment July 2020 for Aug reopening; $3.375M investment; COVID accelerated timeline but HS approval predates pandemic closure","https://www.bisd.net/site/default.aspx?PageType=3&DomainID=4&ModuleInstanceID=27&ViewID=6446EE88-D30C-497E-9316-3F8874B3E108&RenderLoc=0&FlexDataID=3715&PageID=1","https://www.kxxv.com/news/local-news/belton-isd-invests-in-digital-learning-to-boost-classroom-engagement","1000","691","1","0","4809860"
